Encoding Date,Form Number,Name,Barangay,Zoning_Code,Lot_Area_sqm,Application Type,Purpose,Assessment Fee
2021-01-04,U-822901,Southern Luzon Enterprises,Bulihan,,,Zoning Certificate,Business Permit Requirement,336.02
2021-01-04,U-798202,Angel Mendoza,Itlugan,,,Zoning Certificate,Residential Construction,396.01
2021-01-04,U-138307,David Ramos,Alupay,AgIndZ-PTR,7404.27,Zoning Certificate,Subdivision Phase 1,425.31
2021-01-05,U-446213,Sofia Perez,Putingkahoy,,,Zoning Certificate,Land Title Verification,354.88
2021-01-05,U-591652,Victoria Ramos,Nasi,,,Zoning Certificate,Farm Development Permit,477.06
2021-01-05,U-800771,Agri-Ventures Logistics Inc.,Putingkahoy,,,Zoning Certificate,Farm Development Permit,366.47
2021-01-05,U-433224,Agri-Ventures Enterprises,Santa Cruz,,,Zoning Certificate,Subdivision Phase 1,431.34
2021-01-05,U-787646,Agri-Ventures Logistics Inc.,Namunga,BR2-SZ,84.76,Zoning Certificate,Bank Financing Requirement,483.38
2021-01-05,U-300282,Maria Perez,Bayawang,AgIndZ-PGR,7077.53,Zoning Certificate,Bank Financing Requirement,426.43
2021-01-06,U-581968,Daniel Santos,Namuco,AgIndZ,2813.31,Locational Clearance,Environmental Compliance,11092.86
2021-01-06,U-111480,Grace Cruz,Santa Cruz,,,Zoning Certificate,Residential Construction,275.11
2021-01-06,U-878315,Rosario Logistics Inc.,San Isidro,,,Zoning Certificate,Residential Construction,337.22
2021-01-06,U-223850,Southern Luzon Realty & Development,Mavalor,R2-Z,166.18,Zoning Certificate,Residential Construction,462.86
2021-01-06,U-835931,Batangas Gold Commercial Center,Baybayin,R2-Z,248.89,Zoning Certificate,Bank Financing Requirement,262.27
2021-01-06,U-845753,Prime Realty & Development,Namunga,T-Z,5456.51,Zoning Certificate,Facility/Structure Construction,323.35
2021-01-06,U-534387,Daniel Ramos,Marilag,AgIndZ,6215.05,Zoning Certificate,Industrial Park Expansion,308.3
2021-01-07,U-933107,Jose Alday,Namuco,PDA-SZ,6719.39,Locational Clearance,Agribusiness Construction,12008.97
2021-01-07,U-362882,Agri-Ventures Trading Corp.,Masaya,R2-Z,131.3,Locational Clearance,Subdivision Phase 1,15591.04
2021-01-07,U-450750,Angel Ramos,Leviste,R2-Z,112.84,Zoning Certificate,Bank Financing Requirement,476.61
2021-01-07,U-889630,Rosario Holdings Inc.,Namuco,AgIndZ-PGR,2167.17,Zoning Certificate,Subdivision Phase 1,307.13
2021-01-07,U-467993,Emmanuel Bautista,Bagong Pook,BR2-SZ,130.4,Zoning Certificate,Bank Financing Requirement,275.89
2021-01-08,U-544907,Antonio Comia,Namuco,CMRF,902.5,Locational Clearance,General Property Clearance,8110.15
2021-01-08,U-307552,Rosario Enterprises,Macalamcam A,R1-Z,139.37,Locational Clearance,Residential Construction,6344.22
2021-01-08,U-693893,Emmanuel Perez,Putingkahoy,,,Zoning Certificate,Commercial Complex Development,383.92
2021-01-08,U-892026,Batangas Gold Trading Corp.,Matamis,R1-Z,133.54,Zoning Certificate,Subdivision Phase 1,264.33
2021-01-11,U-541291,Luzon Integrated Logistics Inc.,Itlugan,R1-Z,149.1,Development Permit,Residential Construction,47858.95
2021-01-11,U-562766,Luzon Integrated Realty & Development,Namuco,I1-Z,3519.75,Locational Clearance,Environmental Compliance,13611.97
2021-01-11,U-311810,Daniel Garcia,Quilib,R1-Z,148.26,Locational Clearance,Bank Financing Requirement,3571.17
2021-01-11,U-633023,Victoria Perez,Balibago,,,Zoning Certificate,Subdivision Phase 1,425.58
2021-01-11,U-765636,Luz Mercado,Poblacion B,,,Zoning Certificate,Business Permit Requirement,282.96
2021-01-11,U-313546,Victoria Lopez,San Isidro,R1-Z,244.88,Zoning Certificate,Residential Construction,449.36
2021-01-11,U-592052,Juan Santos,San Roque,R1-Z,192.44,Zoning Certificate,Bank Financing Requirement,479.33
2021-01-11,U-819311,Chloe Cruz,San Isidro,PDA-SZ,3942.42,Zoning Certificate,Land Title Verification,365.15
2021-01-11,U-646168,Sofia Fernandez,San Roque,R1-Z,297.23,Zoning Certificate,Subdivision Phase 1,469.63
2021-01-12,U-248971,Emmanuel Mendoza,Mabunga,R1-Z,249.8,Locational Clearance,Subdivision Phase 1,7757.96
2021-01-12,U-243971,Southern Luzon Trading Corp.,Santa Cruz,R2-Z,205.28,Locational Clearance,Residential Construction,21897.25
2021-01-12,U-493708,Prime Farms Corp.,Poblacion A,C2-Z,784.49,Zoning Certificate,Business Permit Requirement,496.46
2021-01-12,U-488557,Benjamin Cruz,San Isidro,R1-Z,275.81,Zoning Certificate,Residential Construction,386.77
2021-01-12,U-679335,Jose Macalalad,Leviste,R2-Z,166.6,Zoning Certificate,Residential Construction,447.63
2021-01-12,U-087850,Agri-Ventures Logistics Inc.,Tulos,PDA-SZ,13496.39,Zoning Certificate,Land Title Verification,449.8
2021-01-12,U-760720,Batangas Realty & Development,Calantas,FZ,11277.21,Zoning Certificate,Facility/Structure Construction,484.7
2021-01-12,U-505567,Teresa Fernandez,Quilib,R2-Z,206.98,Zoning Certificate,Residential Construction,466.61
2021-01-13,U-126682,Corazon Macalalad,Santa Cruz,R1-Z,283.36,Zoning Certificate,Subdivision Phase 1,288.22
2021-01-13,U-063950,Teresa Reyes,Baybayin,R1-Z,217.98,Zoning Certificate,Bank Financing Requirement,382.28
2021-01-13,U-049398,Grace Torres,Quilib,R2-Z,176.39,Zoning Certificate,Bank Financing Requirement,397.81
2021-01-13,U-813681,Mark Gonzales,Masaya,R1-Z,312.95,Zoning Certificate,Residential Construction,364.72
2021-01-13,U-221531,Rosario Farms Corp.,Santa Cruz,BR2-SZ,170.33,Zoning Certificate,Subdivision Phase 1,361.74
2021-01-14,U-812806,Sofia Garcia,Poblacion B,C1-Z,152.26,Locational Clearance,Business Permit Requirement,20193.91
2021-01-14,U-351759,Rosario Farms Corp.,Nasi,R2-Z,162.59,Zoning Certificate,Bank Financing Requirement,359.71
2021-01-14,U-015209,Angel Garcia,Namuco,I1-Z,4143.59,Zoning Certificate,Warehouse/Factory Construction,418.28
2021-01-14,U-827899,Maria Torres,Baybayin,R1-Z,274.49,Zoning Certificate,Residential Construction,283.25
2021-01-15,U-593403,Batangas Gold Commercial Center,Mabunga,R2-Z,130.71,Development Permit,Subdivision Phase 1,70942.51
2021-01-15,U-826416,Corazon Ramos,Balibago,R1-Z,213.43,Locational Clearance,Residential Construction,13028.79
2021-01-15,U-396754,Southern Luzon Farms Corp.,Pinagsibaan,,,Zoning Certificate,General Property Clearance,415.42
2021-01-15,U-677761,Maria Mendoza,Poblacion A,R1-Z,341.55,Zoning Certificate,Subdivision Phase 1,279.03
2021-01-15,U-862113,Batangas Realty & Development,Bagong Pook,BR2-SZ,126.4,Zoning Certificate,Subdivision Phase 1,304.69
2021-01-15,U-390773,Benjamin Torres,Balibago,R1-Z,190.16,Zoning Certificate,Residential Construction,326.52
2021-01-18,U-335835,Christian Alday,Bagong Pook,R2-Z,155.22,Locational Clearance,Subdivision Phase 1,11205.15
2021-01-18,U-929368,Prime Holdings Inc.,Namuco,I1-Z,2269.39,Locational Clearance,Industrial Park Expansion,15788.27
2021-01-18,U-732366,Mark Santos,Cahigam,C1-Z,165.49,Zoning Certificate,Business Permit Requirement,363.41
2021-01-18,U-061972,Batangas Gold Holdings Inc.,Bagong Pook,C1-Z,487.74,Zoning Certificate,Commercial Complex Development,428.37
2021-01-19,U-379065,Grace Sanchez,Quilib,,,Zoning Certificate,Residential Construction,380.02
2021-01-19,U-576542,David Fernandez,Namuco,,,Zoning Certificate,Warehouse/Factory Construction,321.64
2021-01-19,U-819726,Prime Enterprises,Tulos,THSP-SZ,7952.34,Zoning Certificate,Facility/Structure Construction,354.21
2021-01-19,U-790681,Maria Dimaculangan,Namuco,I2-Z,3871.58,Zoning Certificate,Environmental Compliance,453.11
2021-01-20,U-974803,Angel Santos,Alupay,I1-Z,4245.25,Locational Clearance,Industrial Park Expansion,15228.02
2021-01-20,U-606358,Benjamin Dimaculangan,Alupay,I1-Z,3246.63,Locational Clearance,Industrial Park Expansion,19272.05
2021-01-20,U-256921,Emmanuel Lopez,Calantas,,,Zoning Certificate,General Property Clearance,352.86
2021-01-20,U-044018,Danilo Bautista,Alupay,,,Zoning Certificate,General Property Clearance,308.36
2021-01-20,U-001195,Teresa Mendoza,Balibago,PTA-SZ-RA,16233.43,Zoning Certificate,Residential Construction,387.36
2021-01-20,U-128467,Luz Lopez,San Isidro,R2-Z,181.86,Zoning Certificate,Residential Construction,448.88
2021-01-22,U-382226,Daniel Mercado,Tulos,PTA-SZ-RA,6825.68,Locational Clearance,Residential Construction,19337.42
2021-01-22,U-000313,Jose Comia,Balibago,R2-Z,190.47,Locational Clearance,Residential Construction,17473.25
2021-01-22,U-463418,Luz Mercado,Tulos,,,Zoning Certificate,Land Title Verification,352.8
2021-01-22,U-823668,Maria Comia,Bagong Pook,R2-Z,242.79,Zoning Certificate,Residential Construction,259.81
2021-01-22,U-687455,Benjamin Sanchez,San Roque,BR2-SZ,169.69,Zoning Certificate,Residential Construction,282.53
2021-01-22,U-843176,Mark Gonzales,Balibago,R1-Z,156.64,Zoning Certificate,Residential Construction,315.87
2021-01-25,U-470525,David Sanchez,Namuco,UTS-Z,967.22,Locational Clearance,Site Development Permit,4226.31
2021-01-25,U-102334,Victoria Ramos,Namuco,I1-Z,1576.27,Locational Clearance,Environmental Compliance,7579.44
2021-01-25,U-314115,Corazon Garcia,Mavalor,,,Zoning Certificate,Bank Financing Requirement,351.6
2021-01-25,U-074408,Angel Perez,Pinagsibaan,,,Zoning Certificate,Bank Financing Requirement,386.46
2021-01-25,U-914325,Benjamin Macalalad,Macalamcam A,,,Zoning Certificate,Residential Construction,273.61
2021-01-25,U-284800,Southern Luzon Farms Corp.,Bulihan,R2-Z,207.5,Zoning Certificate,Bank Financing Requirement,416.83
2021-01-26,U-278223,Danilo Torres,Pinagsibaan,CMRF,784.48,Locational Clearance,Site Development Permit,10042.81
2021-01-26,U-470190,David Lopez,Pinagsibaan,PDA-SZ,5039.46,Locational Clearance,Land Title Verification,14042.96
2021-01-26,U-116234,Agri-Ventures Farms Corp.,Bayawang,,,Zoning Certificate,Environmental Compliance,478.31
2021-01-26,U-767172,Victoria Macalalad,Santa Cruz,,,Zoning Certificate,Residential Construction,307.49
2021-01-26,U-109949,Batangas Gold Holdings Inc.,Itlugan,R1-Z,224.44,Zoning Certificate,Subdivision Phase 1,382.91
2021-01-26,U-611858,David Santos,Cahigam,R2-Z,85.14,Zoning Certificate,Bank Financing Requirement,446.12
2021-01-27,U-592318,Chloe Rodriguez,San Carlos,UTS-Z,1778.11,Locational Clearance,Site Development Permit,15838.56
2021-01-27,U-831144,Angel Rodriguez,Poblacion E,,,Zoning Certificate,Residential Construction,285.82
2021-01-27,U-372595,Antonio Lopez,Alupay,,,Zoning Certificate,Environmental Compliance,324.2
2021-01-27,U-479228,Benjamin Cruz,Calantas,FZ,29486.15,Zoning Certificate,General Property Clearance,351.44
2021-01-27,U-910879,Daniel Alday,Namuco,I1-Z,1522.09,Zoning Certificate,Warehouse/Factory Construction,372.63
2021-01-27,U-043085,Sofia Mendoza,Mabato,PDA-SZ,6699.9,Zoning Certificate,Farm Development Permit,428.81
2021-01-27,U-337036,Daniel Dimaculangan,Bayawang,I1-Z,4846.28,Zoning Certificate,Industrial Park Expansion,306.48
2021-01-28,U-363193,Teresa Torres,Quilib,,,Zoning Certificate,Bank Financing Requirement,316.31
2021-01-28,U-917577,Teresa Reyes,Palakpak,PTA-SZ-RA,9979.48,Zoning Certificate,Residential Construction,289.74
2021-01-28,U-463747,Luzon Integrated Holdings Inc.,Bagong Pook,R1-Z,341.62,Zoning Certificate,Subdivision Phase 1,385.08
2021-01-29,U-998224,Jose Fernandez,Pinagsibaan,AgIndZ-PGR,6470.75,Locational Clearance,Bank Financing Requirement,6379.99
2021-01-29,U-743800,Agri-Ventures Trading Corp.,Namuco,,,Zoning Certificate,Site Development Permit,267.5
2021-01-29,U-381001,Luzon Integrated Enterprises,Balibago,R1-Z,264.1,Zoning Certificate,Residential Construction,339.27
2021-02-01,U-168256,Jose Mendoza,Matamis,R1-Z,229.58,Locational Clearance,Bank Financing Requirement,6774.66
2021-02-01,U-310884,Antonio Macalalad,Santa Cruz,,,Zoning Certificate,General Property Clearance,426.37
2021-02-01,U-811357,Corazon Garcia,Quilib,,,Zoning Certificate,Residential Construction,390.11
2021-02-01,U-222660,Luzon Integrated Realty & Development,Palakpak,R1-Z,281.07,Zoning Certificate,Subdivision Phase 1,318.18
2021-02-01,U-358085,Danilo Garcia,San Roque,R2-Z,200.91,Zoning Certificate,Residential Construction,332.48
2021-02-01,U-503343,Benjamin Santos,Colongan,C1-Z,354.76,Zoning Certificate,Business Permit Requirement,312.22
2021-02-01,U-414115,Batangas Gold Trading Corp.,Namunga,GI-Z,3128.03,Zoning Certificate,Industrial Park Expansion,383.44
2021-02-01,U-030382,Corazon Macalalad,Quilib,BR2-SZ,151.56,Zoning Certificate,Bank Financing Requirement,397.71
2021-02-02,U-335556,Luzon Integrated Logistics Inc.,San Carlos,I1-Z,3830.54,Development Permit,Industrial Park Expansion,36915.24
2021-02-02,U-549626,Daniel Dimaculangan,Natu,R2-Z,198.93,Locational Clearance,Residential Construction,14713.66
2021-02-02,U-129104,Luz Dimaculangan,San Roque,C1-Z,381.01,Locational Clearance,Commercial Building Construction,21569.53
2021-02-02,U-149374,Juan Rodriguez,Marilag,PDA-SZ,6006.1,Locational Clearance,Land Title Verification,11954.52
2021-02-02,U-354682,Jose Sanchez,Tulos,ECT-Z,5679.38,Zoning Certificate,Commercial Building Construction,496.72
2021-02-03,U-342699,Grace Alday,Bayawang,,,Zoning Certificate,Residential Construction,400.05
2021-02-03,U-055484,Antonio Garcia,Macalamcam A,R1-Z,130.39,Zoning Certificate,Bank Financing Requirement,275.12
2021-02-04,U-716721,Batangas Gold Commercial Center,Tulos,PDA-SZ,12834.59,Locational Clearance,Farm Development Permit,20165.56
2021-02-04,U-160516,Agri-Ventures Holdings Inc.,Palakpak,,,Zoning Certificate,Bank Financing Requirement,470.8
2021-02-04,U-106435,Antonio Bautista,Masaya,R1-Z,188.24,Zoning Certificate,Residential Construction,476.13
2021-02-04,U-369473,Chloe Bautista,Santa Cruz,BR2-SZ,138.0,Zoning Certificate,Residential Construction,423.37
2021-02-05,U-580693,Christian Gonzales,Quilib,R1-Z,318.06,Locational Clearance,Residential Construction,3011.46
2021-02-05,U-058612,Juan Fernandez,Bulihan,,,Zoning Certificate,Subdivision Phase 1,448.89
2021-02-05,U-542152,Teresa Lopez,Masaya,,,Zoning Certificate,Residential Construction,448.87
2021-02-05,U-899231,Chloe Comia,Namuco,I1-Z,1943.56,Zoning Certificate,Industrial Park Expansion,350.6
2021-02-08,U-691670,Agri-Ventures Commercial Center,Macalamcam B,PTA-SZ-RA,6348.28,Development Permit,Bank Financing Requirement,48183.35
2021-02-08,U-696891,Agri-Ventures Logistics Inc.,Bagong Pook,BR2-SZ,129.26,Locational Clearance,Bank Financing Requirement,9856.37
2021-02-08,U-955044,Batangas Enterprises,Bagong Pook,R1-Z,113.03,Locational Clearance,Residential Construction,19929.71
2021-02-08,U-339520,Juan Rodriguez,Balibago,R2-Z,177.36,Locational Clearance,Bank Financing Requirement,5860.53
2021-02-08,U-279000,Christian Alday,Pinagsibaan,,,Zoning Certificate,Industrial Park Expansion,374.08
2021-02-08,U-373656,Ramon Ramos,Pinagsibaan,AgIndZ-PTR,4668.09,Zoning Certificate,Residential Construction,292.35
2021-02-09,U-352308,Luzon Integrated Trading Corp.,Masaya,R1-Z,134.34,Zoning Certificate,Subdivision Phase 1,486.4
2021-02-09,U-211811,Agri-Ventures Trading Corp.,Baybayin,R1-Z,241.74,Zoning Certificate,Bank Financing Requirement,406.7
2021-02-10,U-656000,Jose Cruz,Poblacion E,R2-Z,109.88,Locational Clearance,Residential Construction,8727.06
2021-02-10,U-977404,David Comia,Poblacion C,,,Zoning Certificate,Business Permit Requirement,396.57
2021-02-10,U-114217,Agri-Ventures Commercial Center,Quilib,,,Zoning Certificate,Residential Construction,337.33
2021-02-10,U-191776,Juan Garcia,Itlugan,GI-Z,615.47,Zoning Certificate,Industrial Park Expansion,370.24
2021-02-11,U-052665,Agri-Ventures Enterprises,Balibago,R1-Z,218.38,Development Permit,Subdivision Phase 1,55546.4
2021-02-11,U-547789,Batangas Gold Holdings Inc.,Santa Cruz,R1-Z,118.65,Development Permit,Bank Financing Requirement,100356.67
2021-02-11,U-105353,Emmanuel Perez,Putingkahoy,,,Locational Clearance,Commercial Building Construction,14250.19
2021-02-11,U-749399,Sofia Perez,Putingkahoy,,,Locational Clearance,Land Title Verification,2269.68
2021-02-11,U-395409,David Fernandez,Namuco,,,Locational Clearance,Warehouse/Factory Construction,9172.41
2021-02-11,U-412705,Agri-Ventures Commercial Center,Poblacion A,MR2-SZ,154.41,Locational Clearance,Bank Financing Requirement,10315.16
2021-02-11,U-911113,Jose Sanchez,Masaya,R1-Z,144.53,Locational Clearance,Bank Financing Requirement,13859.13
2021-02-11,U-532299,Batangas Gold Realty & Development,Balibago,C1-Z,392.79,Locational Clearance,Business Permit Requirement,12743.98
2021-02-11,U-851482,Chloe Ramos,Poblacion A,,,Zoning Certificate,Residential Construction,481.17
2021-02-11,U-635961,Chloe Santos,Poblacion C,,,Zoning Certificate,Bank Financing Requirement,455.7
2021-02-15,U-022562,Teresa Torres,Leviste,PTA-SZ-RA,14815.59,Zoning Certificate,Bank Financing Requirement,486.52
2021-02-15,U-090505,Prime Logistics Inc.,Santa Cruz,R1-Z,249.3,Zoning Certificate,Residential Construction,345.53
2021-02-15,U-707684,David Comia,San Carlos,I1-Z,2170.41,Zoning Certificate,Warehouse/Factory Construction,471.79
2021-02-15,U-568770,Christian Garcia,Poblacion A,C2-Z,558.78,Zoning Certificate,Business Permit Requirement,374.64
2021-02-15,U-214524,Mark Mercado,San Isidro,R1-Z,190.38,Zoning Certificate,Bank Financing Requirement,371.59
2021-02-16,U-536404,Maria Mendoza,Macalamcam A,R2-Z,190.77,Locational Clearance,Subdivision Phase 1,18070.11
2021-02-16,U-410929,Danilo Sanchez,Leviste,PTA-SZ-RA,16340.1,Locational Clearance,Residential Construction,6352.74
2021-02-16,U-133321,Agri-Ventures Farms Corp.,Bulihan,AgIndZ,5077.39,Locational Clearance,Industrial Park Expansion,7199.07
2021-02-16,U-869067,Prime Logistics Inc.,Masaya,,,Zoning Certificate,Residential Construction,418.19
2021-02-16,U-968538,Luz Mendoza,Balibago,,,Zoning Certificate,Bank Financing Requirement,328.34
2021-02-16,U-214847,Ramon Comia,San Carlos,,,Zoning Certificate,Bank Financing Requirement,427.67
2021-02-16,U-281673,Danilo Cruz,Bagong Pook,R1-Z,232.61,Zoning Certificate,Bank Financing Requirement,273.7
2021-02-16,U-746758,Batangas Logistics Inc.,Santa Cruz,R1-Z,213.34,Zoning Certificate,Residential Construction,305.26
2021-02-16,U-176313,Corazon Rodriguez,Bagong Pook,GI-Z,3913.6,Zoning Certificate,Environmental Compliance,402.71
2021-02-17,U-790512,Southern Luzon Farms Corp.,Poblacion D,R2-Z,102.29,Locational Clearance,Bank Financing Requirement,3583.44
2021-02-17,U-354909,Danilo Bautista,San Roque,R1-Z,335.32,Locational Clearance,Bank Financing Requirement,14385.93
2021-02-17,U-092197,Grace Gonzales,Calantas,FR-SZ,18858.01,Zoning Certificate,Subdivision Phase 1,468.0
2021-02-17,U-922929,Sofia Macalalad,Alupay,AgIndZ,2657.17,Zoning Certificate,Industrial Park Expansion,464.99
2021-02-17,U-621879,Batangas Trading Corp.,Pinagsibaan,AgIndZ-PGR,8274.9,Zoning Certificate,Bank Financing Requirement,476.54
2021-02-18,U-444157,Prime Farms Corp.,Mavalor,,,Zoning Certificate,Bank Financing Requirement,387.97
2021-02-19,U-871200,Maria Torres,Quilib,T-Z,2819.46,Zoning Certificate,Site Development Permit,313.73
2021-02-19,U-742282,Corazon Garcia,Maligaya,R1-Z,252.5,Zoning Certificate,Bank Financing Requirement,392.98
2021-02-19,U-535712,Jose Perez,Calantas,PDA-SZ,12630.95,Zoning Certificate,Farm Development Permit,259.56
2021-02-19,U-804427,Southern Luzon Enterprises,Antipolo,R1-Z,147.25,Zoning Certificate,Bank Financing Requirement,390.9
2021-02-22,U-152805,Luzon Integrated Holdings Inc.,Namuco,I2-Z,4444.57,Locational Clearance,Environmental Compliance,8612.47
2021-02-22,U-209599,Mark Reyes,San Isidro,R1-Z,187.58,Locational Clearance,Subdivision Phase 1,13432.17
2021-02-22,U-962020,Angel Castillo,San Isidro,,,Zoning Certificate,Commercial Complex Development,396.84
2021-02-22,U-927120,Rosario Commercial Center,Nasi,R2-Z,191.89,Zoning Certificate,Subdivision Phase 1,491.96
2021-02-22,U-150519,Danilo Macalalad,Santa Cruz,C1-Z,440.18,Zoning Certificate,Commercial Complex Development,405.89
2021-02-22,U-975683,Victoria Comia,Alupay,AgIndZ-PGR,6848.59,Zoning Certificate,Bank Financing Requirement,259.94
2021-02-23,U-040508,Mark Lopez,Masaya,R1-Z,231.05,Locational Clearance,Residential Construction,10884.95
2021-02-23,U-410994,Jose Dimaculangan,Bagong Pook,,,Zoning Certificate,Residential Construction,472.5
2021-02-23,U-853692,Prime Enterprises,Quilib,R1-Z,280.33,Zoning Certificate,Subdivision Phase 1,379.15
2021-02-23,U-002392,Mark Reyes,Poblacion A,C2-Z,665.85,Zoning Certificate,Commercial Building Construction,421.2
2021-02-24,U-786939,Agri-Ventures Trading Corp.,Namuco,,,Locational Clearance,Facility/Structure Construction,6717.44
2021-02-24,U-450537,Luz Torres,Poblacion A,,,Zoning Certificate,Bank Financing Requirement,259.98
2021-02-26,U-665340,Luz Mercado,Tulos,,,Locational Clearance,Land Title Verification,10838.45
2021-02-26,U-137982,Angel Perez,Pinagsibaan,,,Locational Clearance,Subdivision Phase 1,7585.99
2021-02-26,U-832522,Maria Mercado,Alupay,I3-Z,6496.14,Locational Clearance,Industrial Park Expansion,2198.05
2021-02-26,U-876992,Benjamin Dimaculangan,Pinagsibaan,I2-Z,2333.49,Locational Clearance,Warehouse/Factory Construction,18415.94
2021-02-26,U-319981,Corazon Torres,Masaya,,,Zoning Certificate,Bank Financing Requirement,499.14
2021-02-26,U-221965,Antonio Lopez,Pinagsibaan,,,Zoning Certificate,Environmental Compliance,460.0
2021-02-26,U-476438,Daniel Cruz,Santa Cruz,R1-Z,154.93,Zoning Certificate,Bank Financing Requirement,450.25
2021-02-26,U-376523,Luzon Integrated Logistics Inc.,Alupay,CMRF,1076.56,Zoning Certificate,Facility/Structure Construction,412.5
2021-03-01,U-330186,Emmanuel Alday,Masaya,PDA-SZ,17647.97,Locational Clearance,Farm Development Permit,1684.41
2021-03-01,U-011919,Daniel Bautista,San Carlos,I3-Z,11468.45,Locational Clearance,Warehouse/Factory Construction,19029.36
2021-03-01,U-122446,Jose Fernandez,Putingkahoy,PTA-SZ-RA,13615.52,Locational Clearance,Residential Construction,13995.07
2021-03-01,U-325716,Grace Bautista,Namunga,BR2-SZ,141.53,Locational Clearance,Subdivision Phase 1,11598.98
2021-03-01,U-726138,Daniel Garcia,Alupay,AgIndZ,5691.12,Locational Clearance,Warehouse/Factory Construction,5423.92
2021-03-01,U-051840,Luz Mendoza,Cahigam,,,Zoning Certificate,Bank Financing Requirement,313.19
2021-03-01,U-935446,Chloe Comia,Calantas,FR-SZ,16569.01,Zoning Certificate,Residential Construction,400.3
2021-03-02,U-183866,Agri-Ventures Farms Corp.,Bayawang,,,Locational Clearance,Warehouse/Factory Construction,9999.66
2021-03-02,U-330097,Antonio Reyes,Pinagsibaan,AgIndZ,3983.14,Locational Clearance,Warehouse/Factory Construction,21778.45
2021-03-02,U-550136,Teresa Sanchez,Bagong Pook,R1-Z,340.74,Locational Clearance,Bank Financing Requirement,4454.68
2021-03-02,U-831350,Mark Mendoza,Santa Cruz,BR2-SZ,83.35,Zoning Certificate,Residential Construction,469.11
2021-03-03,U-620484,Prime Commercial Center,Santa Cruz,R2-Z,146.25,Development Permit,Subdivision Phase 1,63463.53
2021-03-03,U-207982,Victoria Reyes,Quilib,R2-Z,222.63,Locational Clearance,Residential Construction,2400.19
2021-03-03,U-277079,Juan Gonzales,Tulos,FZ,5298.88,Locational Clearance,General Property Clearance,10243.29
2021-03-03,U-332464,Angel Comia,Calantas,PTA-SZ-RA,5643.36,Locational Clearance,Bank Financing Requirement,1785.19
2021-03-03,U-761796,Daniel Cruz,Baybayin,R1-Z,138.7,Locational Clearance,Residential Construction,11858.1
2021-03-04,U-062696,Teresa Sanchez,Pinagsibaan,I1-Z,2708.4,Locational Clearance,Warehouse/Factory Construction,8072.72
2021-03-04,U-738828,Teresa Garcia,Calantas,ECT-Z,3024.28,Locational Clearance,Commercial Building Construction,11990.92
2021-03-04,U-716056,Emmanuel Lopez,Santa Cruz,C1-Z,282.46,Locational Clearance,Commercial Building Construction,14399.93
2021-03-04,U-234941,Emmanuel Gonzales,Bagong Pook,R1-Z,105.83,Locational Clearance,Subdivision Phase 1,6187.83
2021-03-04,U-859097,Southern Luzon Farms Corp.,Matamis,R1-Z,338.95,Locational Clearance,Subdivision Phase 1,5314.12
2021-03-05,U-088985,Teresa Lopez,Masaya,,,Locational Clearance,Residential Construction,12209.28
2021-03-05,U-773714,Victoria Perez,Pinagsibaan,I2-Z,5342.94,Locational Clearance,Environmental Compliance,16332.85
2021-03-05,U-792326,Batangas Gold Enterprises,Alupay,CMRF,702.63,Locational Clearance,Site Development Permit,12670.95
2021-03-05,U-776886,Batangas Gold Enterprises,Bulihan,R2-Z,188.59,Locational Clearance,Residential Construction,19652.87
2021-03-05,U-135049,Emmanuel Mendoza,Alupay,UTS-Z,2987.71,Locational Clearance,General Property Clearance,21203.84
2021-03-05,U-347599,Jose Mendoza,Masaya,R2-Z,104.03,Locational Clearance,Subdivision Phase 1,21638.78
2021-03-05,U-182499,Jose Torres,Quilib,R1-Z,230.84,Locational Clearance,Bank Financing Requirement,7108.87
2021-03-05,U-400572,Sofia Dimaculangan,Balibago,R1-Z,298.56,Zoning Certificate,Subdivision Phase 1,379.88
2021-03-08,U-771234,Chloe Mendoza,Pinagsibaan,I1-Z,2384.83,Development Permit,Environmental Compliance,102446.92
2021-03-08,U-346574,Sofia Fernandez,Alupay,CMRF,1970.67,Development Permit,Facility/Structure Construction,32515.06
2021-03-08,U-175207,Angel Rodriguez,Poblacion E,,,Locational Clearance,Bank Financing Requirement,7163.52
2021-03-08,U-022525,Mark Rodriguez,Masaya,R2-Z,88.21,Locational Clearance,Subdivision Phase 1,1879.21
2021-03-08,U-612569,Prime Logistics Inc.,Poblacion A,C1-Z,383.02,Locational Clearance,Commercial Building Construction,5982.82
2021-03-08,U-403666,Ramon Gonzales,Namunga,C1-Z,438.56,Zoning Certificate,Commercial Building Construction,440.77
2021-03-09,U-821436,Rosario Realty & Development,Poblacion E,R2-Z,145.41,Locational Clearance,Bank Financing Requirement,14458.63
2021-03-09,U-656187,Christian Santos,Poblacion C,R1-Z,182.17,Locational Clearance,Residential Construction,2758.07
2021-03-09,U-119754,Batangas Gold Realty & Development,San Roque,,,Zoning Certificate,Residential Construction,413.59
2021-03-09,U-412107,Prime Realty & Development,San Jose,,,Zoning Certificate,Bank Financing Requirement,411.65
2021-03-09,U-386802,Sofia Perez,Namuco,UTS-Z,507.52,Zoning Certificate,General Property Clearance,304.55
2021-03-10,U-913277,Grace Cruz,Santa Cruz,,,Locational Clearance,Bank Financing Requirement,6168.07
2021-03-10,U-585909,Chloe Santos,Poblacion C,,,Locational Clearance,Bank Financing Requirement,4743.26
2021-03-10,U-851306,Agri-Ventures Farms Corp.,Calantas,PTA-SZ-RA,17839.03,Locational Clearance,Residential Construction,5195.47
2021-03-10,U-206177,Luzon Integrated Trading Corp.,Calantas,PDA-SZ,9822.82,Locational Clearance,Farm Development Permit,21288.4
2021-03-10,U-721309,Daniel Reyes,Tulos,FR-SZ,20327.25,Locational Clearance,Bank Financing Requirement,1612.11
2021-03-10,U-371082,Corazon Dimaculangan,Mabato,,,Zoning Certificate,Farm Development Permit,374.12
2021-03-10,U-228513,Emmanuel Ramos,Balibago,,,Zoning Certificate,Residential Construction,324.49
2021-03-10,U-670838,Antonio Dimaculangan,Bagong Pook,,,Zoning Certificate,Business Permit Requirement,387.13
2021-03-10,U-859541,Danilo Cruz,Santa Cruz,BR2-SZ,98.71,Zoning Certificate,Residential Construction,406.53
2021-03-11,U-306475,Maria Reyes,Santa Cruz,BR2-SZ,74.55,Locational Clearance,Residential Construction,16097.41
2021-03-11,U-018146,Angel Lopez,San Roque,C1-Z,220.5,Locational Clearance,Commercial Building Construction,9766.49
2021-03-11,U-095900,Chloe Macalalad,Poblacion D,R2-Z,204.81,Locational Clearance,Subdivision Phase 1,16816.87
2021-03-11,U-021188,Agri-Ventures Commercial Center,Bagong Pook,,,Zoning Certificate,Bank Financing Requirement,413.45
2021-03-11,U-631107,Luz Alday,Pinagsibaan,I2-Z,6953.23,Zoning Certificate,Environmental Compliance,409.87
2021-03-12,U-148121,Southern Luzon Enterprises,San Ignacio,AgIndZ,2608.95,Development Permit,Environmental Compliance,90400.48
2021-03-12,U-427939,Chloe Ramos,Poblacion A,,,Locational Clearance,Subdivision Phase 1,11055.06
2021-03-12,U-422679,Angel Mendoza,Itlugan,,,Locational Clearance,Subdivision Phase 1,14202.25
2021-03-12,U-630137,David Garcia,Poblacion E,R1-Z,103.25,Locational Clearance,Bank Financing Requirement,15533.97
2021-03-12,U-983099,Southern Luzon Enterprises,San Roque,BR2-SZ,115.88,Zoning Certificate,Subdivision Phase 1,300.74
2021-03-15,U-264739,Rosario Commercial Center,Poblacion D,C2-Z,315.04,Development Permit,Commercial Building Construction,47277.23
2021-03-15,U-690610,Agri-Ventures Commercial Center,Quilib,,,Locational Clearance,Residential Construction,12271.69
2021-03-15,U-998780,Juan Dimaculangan,Mayuro,R1-Z,323.27,Locational Clearance,Subdivision Phase 1,21199.67
2021-03-15,U-855915,Maria Perez,Salao,R2-Z,191.77,Locational Clearance,Residential Construction,2664.07
2021-03-15,U-143052,Batangas Gold Enterprises,Mabunga,PDA-SZ,12580.65,Locational Clearance,Farm Development Permit,8120.51
2021-03-15,U-802103,Angel Macalalad,Bayawang,,,Zoning Certificate,Industrial Park Expansion,275.93
2021-03-15,U-803873,Benjamin Torres,Calantas,ECT-Z,4155.99,Zoning Certificate,Commercial Complex Development,491.67
2021-03-16,U-649259,Batangas Gold Holdings Inc.,Pinagsibaan,CMRF,561.07,Development Permit,General Property Clearance,123286.3
2021-03-16,U-547013,Emmanuel Dimaculangan,San Carlos,AgIndZ-PGR,6700.36,Locational Clearance,Residential Construction,2633.36
2021-03-16,U-159798,Teresa Cruz,Poblacion A,R2-Z,146.71,Locational Clearance,Subdivision Phase 1,21747.22
2021-03-16,U-948387,Angel Lopez,Nasi,R1-Z,165.32,Locational Clearance,Subdivision Phase 1,15772.02
2021-03-16,U-193318,Juan Torres,Palakpak,PTA-SZ-RA,3501.75,Locational Clearance,Subdivision Phase 1,5199.93
2021-03-16,U-230963,Danilo Rodriguez,Pinagsibaan,AgIndZ,3995.32,Locational Clearance,Environmental Compliance,4420.36
2021-03-16,U-578932,Grace Fernandez,Marilag,AgIndZ,6241.18,Locational Clearance,Warehouse/Factory Construction,16341.97
2021-03-16,U-073765,Batangas Realty & Development,Masaya,R2-Z,204.55,Locational Clearance,Subdivision Phase 1,9706.8
2021-03-16,U-106585,Chloe Ramos,Santa Cruz,,,Zoning Certificate,Bank Financing Requirement,370.47
2021-03-17,U-212217,Southern Luzon Holdings Inc.,Antipolo,AgIndZ,5006.44,Development Permit,Warehouse/Factory Construction,68596.73
2021-03-17,U-331494,Victoria Rodriguez,Balibago,R1-Z,306.54,Locational Clearance,Subdivision Phase 1,5655.88
2021-03-17,U-187151,Grace Santos,Poblacion D,R2-Z,220.28,Zoning Certificate,Subdivision Phase 1,313.27
2021-03-18,U-779523,Grace Reyes,Bagong Pook,R2-Z,123.12,Locational Clearance,Residential Construction,15439.43
2021-03-18,U-565075,Danilo Rodriguez,Poblacion E,R1-Z,205.12,Locational Clearance,Subdivision Phase 1,11294.23
2021-03-18,U-753573,Sofia Santos,Masaya,R1-Z,283.11,Locational Clearance,Residential Construction,16675.59
2021-03-18,U-033963,Antonio Perez,Poblacion E,R2-Z,245.53,Locational Clearance,Subdivision Phase 1,9227.7
2021-03-18,U-504766,David Cruz,Quilib,,,Zoning Certificate,Bank Financing Requirement,254.23
2021-03-19,U-721718,Luz Mendoza,Balibago,,,Locational Clearance,Subdivision Phase 1,14529.86
2021-03-19,U-486174,Sofia Santos,Balibago,C/MP-Z,2169.94,Locational Clearance,Commercial Complex Development,5554.38
2021-03-19,U-288234,Christian Macalalad,Baybayin,R1-Z,149.52,Locational Clearance,Residential Construction,12531.71
2021-03-19,U-081549,David Sanchez,Namuco,AgIndZ,4549.88,Locational Clearance,Warehouse/Factory Construction,2389.15
2021-03-19,U-646648,Corazon Rodriguez,Tulos,5491-APDA-SZ,3002.0,Locational Clearance,Land Title Verification,18665.96
2021-03-19,U-179744,Luzon Integrated Realty & Development,Itlugan,R1-Z,246.7,Locational Clearance,Bank Financing Requirement,16178.02
2021-03-19,U-144492,Daniel Lopez,Namunga,T-Z,1429.11,Locational Clearance,Site Development Permit,1802.25
2021-03-19,U-860092,Prime Trading Corp.,Mabato,PDA-SZ,7277.52,Locational Clearance,Agribusiness Construction,15323.27
2021-03-19,U-476199,Southern Luzon Commercial Center,Alupay,UTS-Z,1273.78,Locational Clearance,Facility/Structure Construction,5021.52
2021-03-19,U-414584,Southern Luzon Holdings Inc.,Macalamcam B,AgIndZ,4853.6,Zoning Certificate,Warehouse/Factory Construction,406.91
2021-03-22,U-635228,Agri-Ventures Realty & Development,Macalamcam B,R1-Z,165.21,Locational Clearance,Residential Construction,2394.78
2021-03-22,U-717782,Danilo Comia,Palakpak,GI-Z,2664.05,Locational Clearance,Warehouse/Factory Construction,10736.38
2021-03-22,U-998046,Rosario Realty & Development,Itlugan,R1-Z,122.86,Locational Clearance,Residential Construction,19645.69
2021-03-22,U-155191,Southern Luzon Enterprises,San Roque,C1-Z,380.04,Locational Clearance,Commercial Building Construction,16874.8
2021-03-22,U-920613,Daniel Santos,Pinagsibaan,AgIndZ,3126.87,Locational Clearance,Industrial Park Expansion,17466.55
2021-03-22,U-499090,Juan Cruz,Itlugan,R1-Z,174.9,Locational Clearance,Residential Construction,15098.48
2021-03-23,U-287466,Daniel Garcia,Bagong Pook,R1-Z,193.12,Locational Clearance,Bank Financing Requirement,2574.45
2021-03-23,U-415755,Daniel Gonzales,Quilib,R1-Z,149.78,Locational Clearance,Subdivision Phase 1,19201.82
2021-03-23,U-383937,Juan Comia,Alupay,I2-Z,5904.13,Locational Clearance,Industrial Park Expansion,17797.54
2021-03-23,U-348979,Prime Logistics Inc.,Macalamcam B,C1-Z,446.94,Locational Clearance,Commercial Complex Development,13593.5
2021-03-23,U-375201,Danilo Bautista,Alupay,AgIndZ-PTR,7443.42,Locational Clearance,Bank Financing Requirement,9306.01
2021-03-23,U-646526,Christian Lopez,Pinagsibaan,UTS-Z,1361.17,Locational Clearance,Site Development Permit,14476.39
2021-03-23,U-133451,Angel Santos,Poblacion E,C1-Z,298.83,Zoning Certificate,Commercial Complex Development,457.38
2021-03-24,U-952438,Juan Fernandez,Bulihan,,,Locational Clearance,Bank Financing Requirement,8514.63
2021-03-24,U-599213,Corazon Garcia,Quilib,,,Locational Clearance,Subdivision Phase 1,5007.57
2021-03-24,U-312904,Prime Trading Corp.,Santa Cruz,R1-Z,230.15,Locational Clearance,Bank Financing Requirement,16068.32
2021-03-24,U-904992,David Mercado,Leviste,R1-Z,174.07,Locational Clearance,Subdivision Phase 1,3463.78
2021-03-24,U-229548,Sofia Sanchez,Pinagsibaan,AgIndZ,6105.42,Locational Clearance,Warehouse/Factory Construction,6845.65
2021-03-24,U-244658,Jose Cruz,Maligaya,R2-Z,176.48,Locational Clearance,Bank Financing Requirement,12283.91
2021-03-24,U-217315,Luz Rodriguez,Santa Cruz,R1-Z,322.31,Locational Clearance,Subdivision Phase 1,12076.49
2021-03-24,U-908115,Ramon Reyes,Tulos,FR-SZ,22011.57,Locational Clearance,Subdivision Phase 1,19124.14
2021-03-25,U-946885,Grace Sanchez,Quilib,,,Locational Clearance,Subdivision Phase 1,9573.92
2021-03-25,U-269831,Mark Cruz,Santa Cruz,T-Z,3698.77,Locational Clearance,General Property Clearance,3349.0
2021-03-25,U-463907,Jose Comia,Santa Cruz,R1-Z,156.42,Locational Clearance,Subdivision Phase 1,12371.72
2021-03-25,U-125461,Danilo Bautista,Quilib,R2-Z,199.73,Locational Clearance,Residential Construction,4365.34
2021-03-25,U-962073,Benjamin Gonzales,Alupay,AgIndZ-PGR,2139.82,Locational Clearance,Residential Construction,13192.85
2021-03-25,U-189690,Emmanuel Sanchez,Tulos,ECT-Z,7824.61,Locational Clearance,Commercial Building Construction,11321.81
2021-03-25,U-293720,Jose Macalalad,San Carlos,PDA-SZ,14389.23,Locational Clearance,Land Title Verification,14871.14
2021-03-25,U-368046,Danilo Mendoza,Pinagsibaan,AgIndZ-PTR,5915.95,Locational Clearance,Residential Construction,10691.8
2021-03-25,U-452102,Daniel Alday,Pinagsibaan,I1-Z,3783.31,Zoning Certificate,Warehouse/Factory Construction,489.78
2021-03-26,U-801840,Angel Castillo,San Isidro,,,Locational Clearance,Business Permit Requirement,7173.41
2021-03-26,U-867954,Antonio Lopez,Pinagsibaan,,,Locational Clearance,Industrial Park Expansion,13022.27
2021-03-26,U-302998,Grace Mercado,Poblacion B,C2-Z,519.22,Locational Clearance,Business Permit Requirement,18338.96
2021-03-26,U-455293,Victoria Alday,San Carlos,UTS-Z,895.47,Locational Clearance,Facility/Structure Construction,8998.41
2021-03-26,U-225531,Sofia Gonzales,San Roque,R1-Z,282.41,Locational Clearance,Residential Construction,12713.3
2021-03-26,U-612326,Sofia Ramos,Bagong Pook,C1-Z,494.85,Locational Clearance,Commercial Complex Development,14276.77
2021-03-29,U-606930,Grace Alday,Bayawang,,,Locational Clearance,Subdivision Phase 1,12821.6
2021-03-29,U-792672,David Comia,Poblacion C,,,Locational Clearance,Business Permit Requirement,7952.71
2021-03-29,U-602795,Rosario Farms Corp.,Bayawang,AgIndZ-PGR,8706.51,Locational Clearance,Subdivision Phase 1,7826.47
2021-03-29,U-091975,Ramon Mendoza,San Roque,R1-Z,224.01,Locational Clearance,Residential Construction,20610.93
2021-03-30,U-958166,Emmanuel Cruz,Calantas,FZ,17352.7,Locational Clearance,Site Development Permit,18010.14
2021-03-30,U-953448,Luzon Integrated Commercial Center,San Roque,R1-Z,120.09,Locational Clearance,Subdivision Phase 1,13413.16
2021-03-30,U-959485,Antonio Gonzales,Putingkahoy,ECT-Z,5831.76,Locational Clearance,Business Permit Requirement,14211.61
2021-03-30,U-193674,David Macalalad,Macalamcam A,R2-Z,92.13,Locational Clearance,Bank Financing Requirement,10416.04
2021-03-30,U-905092,Chloe Bautista,Mabato,PDA-SZ,16295.41,Locational Clearance,Agribusiness Construction,13084.18
2021-03-30,U-060693,Juan Mendoza,Alupay,AgIndZ-PTR,3302.5,Locational Clearance,Residential Construction,10232.27
2021-03-30,U-521463,Christian Sanchez,Namunga,R1-Z,341.59,Locational Clearance,Bank Financing Requirement,12023.76
2021-03-31,U-265318,Luz Mercado,Poblacion B,,,Locational Clearance,Business Permit Requirement,7214.16
2021-03-31,U-953917,Juan Perez,Calantas,ECT-Z,7138.32,Locational Clearance,Business Permit Requirement,19281.92
2021-03-31,U-164204,Victoria Cruz,Bagong Pook,R1-Z,274.75,Locational Clearance,Bank Financing Requirement,5910.21
2021-03-31,U-975547,Rosario Realty & Development,Alupay,AgIndZ,5059.64,Locational Clearance,Environmental Compliance,14406.63
2021-03-31,U-697823,Angel Fernandez,Poblacion B,C1-Z,342.76,Locational Clearance,Commercial Building Construction,9762.65
2021-03-31,U-285833,Grace Comia,Bagong Pook,T-Z,1525.55,Locational Clearance,Site Development Permit,6737.41
2021-03-31,U-746985,Maria Castillo,Santa Cruz,BR2-SZ,161.31,Locational Clearance,Subdivision Phase 1,5684.45
2021-03-31,U-351709,Grace Torres,Poblacion A,,,Zoning Certificate,Bank Financing Requirement,475.26
2021-03-31,U-603842,Angel Alday,Pinagsibaan,AgIndZ-PTR,9922.68,Zoning Certificate,Bank Financing Requirement,417.72
2021-04-05,U-839884,Antonio Sanchez,Leviste,R1-Z,339.49,Locational Clearance,Subdivision Phase 1,6483.28
2021-04-05,U-897075,Prime Holdings Inc.,Alupay,I1-Z,1517.08,Locational Clearance,Industrial Park Expansion,13881.69
2021-04-05,U-435020,Mark Castillo,Mabunga,R1-Z,157.54,Locational Clearance,Subdivision Phase 1,3727.34
2021-04-05,U-175973,Luzon Integrated Enterprises,Bagong Pook,R1-Z,327.9,Locational Clearance,Residential Construction,10653.78
2021-04-05,U-412393,Luzon Integrated Holdings Inc.,Mabunga,C1-Z,220.06,Locational Clearance,Commercial Building Construction,14891.79
2021-04-06,U-403417,Agri-Ventures Holdings Inc.,Palakpak,,,Locational Clearance,Residential Construction,14234.17
2021-04-06,U-619765,Agri-Ventures Holdings Inc.,Bagong Pook,BR2-SZ,125.05,Locational Clearance,Bank Financing Requirement,16714.25
2021-04-06,U-794079,Emmanuel Gonzales,Balibago,R1-Z,285.04,Locational Clearance,Residential Construction,1508.94
2021-04-06,U-554137,Emmanuel Ramos,Quilib,R1-Z,275.95,Locational Clearance,Bank Financing Requirement,16478.33
2021-04-06,U-012153,Juan Garcia,Santa Cruz,C1-Z,213.41,Locational Clearance,Business Permit Requirement,1546.02
2021-04-06,U-724947,David Comia,Bagong Pook,R2-Z,137.07,Locational Clearance,Residential Construction,7783.05
2021-04-06,U-146181,Batangas Holdings Inc.,Baybayin,PTA-SZ-RA,7446.12,Zoning Certificate,Subdivision Phase 1,368.08
2021-04-06,U-622125,Antonio Rodriguez,Bayawang,AgIndZ-PTR,6855.97,Zoning Certificate,Bank Financing Requirement,328.58
2021-04-06,U-773039,Chloe Bautista,San Isidro,R1-Z,224.88,Zoning Certificate,Subdivision Phase 1,483.03
2021-04-06,U-631173,Luz Bautista,San Isidro,C1-Z,155.51,Zoning Certificate,Business Permit Requirement,407.7
2021-04-07,U-183888,Rosario Realty & Development,Pinagsibaan,I2-Z,6801.63,Locational Clearance,Industrial Park Expansion,15875.66
2021-04-07,U-232104,Christian Garcia,Alupay,AgIndZ-PTR,5331.56,Locational Clearance,Subdivision Phase 1,11377.61
2021-04-07,U-048794,Maria Macalalad,Bagong Pook,T-Z,2847.8,Locational Clearance,Facility/Structure Construction,6545.52
2021-04-07,U-744620,Grace Rodriguez,Balibago,R2-Z,223.77,Locational Clearance,Residential Construction,15584.79
2021-04-07,U-246870,Agri-Ventures Trading Corp.,Santa Cruz,BR2-SZ,111.25,Locational Clearance,Bank Financing Requirement,15583.09
2021-04-07,U-649764,Emmanuel Cruz,Namunga,R2-Z,194.15,Locational Clearance,Bank Financing Requirement,5167.89
2021-04-08,U-154742,Southern Luzon Commercial Center,Calantas,THSP-SZ,6339.76,Locational Clearance,Facility/Structure Construction,8758.14
2021-04-08,U-451945,Emmanuel Lopez,Mabunga,R2-Z,122.21,Locational Clearance,Bank Financing Requirement,9778.29
2021-04-08,U-071532,David Fernandez,Alupay,AgIndZ,7612.27,Locational Clearance,Industrial Park Expansion,12752.26
2021-04-08,U-771295,Chloe Dimaculangan,Quilib,R2-Z,83.78,Locational Clearance,Subdivision Phase 1,10767.16
2021-04-08,U-759002,Ramon Garcia,Pinagsibaan,I3-Z,3714.29,Locational Clearance,Warehouse/Factory Construction,13048.27
2021-04-08,U-746139,Luzon Integrated Farms Corp.,Leviste,R2-Z,116.69,Locational Clearance,Subdivision Phase 1,10882.24
2021-04-08,U-807444,Jose Macalalad,San Isidro,R1-Z,195.56,Locational Clearance,Bank Financing Requirement,8135.37
2021-04-08,U-152157,Grace Reyes,Alupay,I2-Z,2601.86,Locational Clearance,Industrial Park Expansion,5335.45
2021-04-08,U-544350,Prime Holdings Inc.,Calantas,PDA-SZ,6146.94,Locational Clearance,Agribusiness Construction,20991.5
2021-04-12,U-206002,Batangas Realty & Development,Santa Cruz,R1-Z,106.43,Development Permit,Bank Financing Requirement,87210.21
2021-04-12,U-488806,Southern Luzon Farms Corp.,Pinagsibaan,,,Locational Clearance,Site Development Permit,14551.13
2021-04-12,U-053407,Rosario Trading Corp.,Alupay,CMRF,1757.85,Locational Clearance,General Property Clearance,9384.8
2021-04-12,U-477060,Corazon Fernandez,Santa Cruz,BR2-SZ,86.07,Locational Clearance,Subdivision Phase 1,11170.74
2021-04-12,U-236484,Victoria Castillo,San Carlos,UTS-Z,1098.67,Locational Clearance,Site Development Permit,11687.94
2021-04-12,U-319410,Prime Enterprises,Pinagsibaan,AgIndZ-PGR,2153.74,Locational Clearance,Subdivision Phase 1,21724.37
2021-04-12,U-748492,Danilo Alday,San Roque,AgIndZ,4314.91,Locational Clearance,Industrial Park Expansion,15106.51
2021-04-12,U-119437,Corazon Castillo,Calantas,,,Zoning Certificate,Agribusiness Construction,276.17
2021-04-13,U-383862,Batangas Trading Corp.,Salao,R1-Z,178.68,Development Permit,Residential Construction,95161.25
2021-04-13,U-076422,Teresa Torres,Quilib,,,Locational Clearance,Residential Construction,14324.03
2021-04-13,U-290752,Victoria Ramos,Nasi,,,Locational Clearance,Agribusiness Construction,7309.51
2021-04-13,U-621899,Emmanuel Ramos,Poblacion C,PR-Z,1195.37,Locational Clearance,Residential Construction,9098.69
2021-04-13,U-554329,Jose Castillo,Macalamcam B,R1-Z,193.15,Locational Clearance,Residential Construction,5216.27
2021-04-13,U-956485,Prime Commercial Center,Bulihan,R1-Z,319.01,Locational Clearance,Bank Financing Requirement,19952.5
2021-04-13,U-350424,Grace Santos,Mavalor,C/MP-Z,2242.79,Locational Clearance,Business Permit Requirement,12428.84
2021-04-13,U-560356,Grace Alday,Bagong Pook,BR2-SZ,113.03,Locational Clearance,Bank Financing Requirement,15011.12
2021-04-13,U-310987,Victoria Rodriguez,Marilag,GI-Z,3256.43,Locational Clearance,Industrial Park Expansion,11779.4
2021-04-13,U-690462,Prime Logistics Inc.,Bagong Pook,C1-Z,340.76,Zoning Certificate,Commercial Complex Development,479.15
2021-04-13,U-043032,Agri-Ventures Holdings Inc.,Salao,PDA-SZ,12453.47,Zoning Certificate,Land Title Verification,398.96
2021-04-14,U-515430,Southern Luzon Commercial Center,San Roque,R2-Z,154.04,Development Permit,Bank Financing Requirement,73906.45
2021-04-14,U-436943,Antonio Macalalad,Santa Cruz,,,Locational Clearance,Facility/Structure Construction,8001.96
2021-04-14,U-471514,Emmanuel Lopez,Calantas,,,Locational Clearance,General Property Clearance,8394.22
2021-04-14,U-290147,David Garcia,Poblacion E,MR2-SZ,141.51,Locational Clearance,Subdivision Phase 1,18814.91
2021-04-14,U-093675,Chloe Rodriguez,Quilib,C1-Z,303.15,Locational Clearance,Commercial Complex Development,4957.55
2021-04-14,U-239126,Juan Rodriguez,Palakpak,PTA-SZ-RA,5398.32,Locational Clearance,Bank Financing Requirement,6015.12
2021-04-14,U-011093,Christian Bautista,Namuco,I2-Z,7462.81,Locational Clearance,Environmental Compliance,20505.14
2021-04-14,U-289950,Daniel Rodriguez,Baybayin,PDA-SZ,6693.34,Locational Clearance,Land Title Verification,21312.24
2021-04-14,U-361608,Corazon Alday,Poblacion E,C2-Z,436.41,Locational Clearance,Commercial Building Construction,3809.03
2021-04-14,U-706850,Jose Macalalad,San Roque,R1-Z,234.34,Locational Clearance,Subdivision Phase 1,7050.55
2021-04-14,U-081157,Luzon Integrated Farms Corp.,San Carlos,I1-Z,3843.29,Locational Clearance,Industrial Park Expansion,21549.51
2021-04-14,U-614905,Chloe Sanchez,Bulihan,R2-Z,203.96,Locational Clearance,Residential Construction,4167.59
2021-04-14,U-356301,Chloe Cruz,Bayawang,,,Zoning Certificate,Industrial Park Expansion,287.62
2021-04-14,U-159518,Prime Logistics Inc.,Timbugan,AgIndZ,5720.42,Zoning Certificate,Warehouse/Factory Construction,256.87
2021-04-15,U-314646,Luzon Integrated Logistics Inc.,Namuco,I2-Z,7138.39,Development Permit,Industrial Park Expansion,55180.02
2021-04-15,U-909817,Danilo Bautista,Alupay,,,Locational Clearance,Site Development Permit,8530.38
2021-04-15,U-367294,Batangas Gold Realty & Development,Masaya,R1-Z,315.23,Locational Clearance,Residential Construction,21635.31
2021-04-15,U-513849,David Castillo,Masaya,R1-Z,204.06,Locational Clearance,Subdivision Phase 1,20032.14
2021-04-15,U-151918,Chloe Perez,Masaya,C/MP-Z,2773.9,Locational Clearance,Commercial Building Construction,14015.88
2021-04-15,U-609575,Batangas Gold Logistics Inc.,Bagong Pook,BR2-SZ,69.51,Locational Clearance,Bank Financing Requirement,2784.71
2021-04-16,U-525143,David Sanchez,Putingkahoy,PTA-SZ-RA,3357.76,Development Permit,Subdivision Phase 1,25542.72
2021-04-16,U-177360,Luzon Integrated Commercial Center,Namuco,I1-Z,2335.26,Development Permit,Industrial Park Expansion,51238.91
2021-04-16,U-889861,Agri-Ventures Holdings Inc.,Poblacion D,R2-Z,167.28,Locational Clearance,Bank Financing Requirement,18438.29
2021-04-16,U-810680,Prime Logistics Inc.,Poblacion A,C2-Z,367.65,Locational Clearance,Commercial Building Construction,20802.9
2021-04-16,U-553373,Antonio Torres,Salao,PTA-SZ-RA,8693.78,Locational Clearance,Residential Construction,18108.32
2021-04-16,U-899704,Mark Gonzales,Poblacion B,R1-Z,102.79,Locational Clearance,Bank Financing Requirement,8922.76
2021-04-16,U-319304,Batangas Commercial Center,Masaya,R1-Z,342.59,Locational Clearance,Residential Construction,18121.17
2021-04-16,U-364308,Victoria Rodriguez,Pinagsibaan,UTS-Z,2183.86,Locational Clearance,Facility/Structure Construction,16116.56
2021-04-16,U-059026,Angel Mendoza,Pinagsibaan,I1-Z,4063.74,Locational Clearance,Environmental Compliance,17659.62
2021-04-16,U-782077,Chloe Gonzales,San Isidro,R2-Z,235.88,Locational Clearance,Subdivision Phase 1,13853.05
2021-04-16,U-981275,Batangas Gold Farms Corp.,Palakpak,R2-Z,237.35,Locational Clearance,Residential Construction,19867.45
2021-04-16,U-091905,Sofia Macalalad,Antipolo,R1-Z,217.91,Zoning Certificate,Subdivision Phase 1,329.27
2021-04-19,U-954381,Jose Alday,Quilib,BR2-SZ,98.37,Development Permit,Bank Financing Requirement,37022.44
2021-04-19,U-215881,Agri-Ventures Enterprises,Santa Cruz,,,Locational Clearance,Bank Financing Requirement,14663.83
2021-04-19,U-035278,Agri-Ventures Commercial Center,San Roque,BR2-SZ,129.85,Locational Clearance,Subdivision Phase 1,17161.72
2021-04-19,U-199266,Luzon Integrated Logistics Inc.,Bayawang,AgIndZ-PGR,2090.62,Locational Clearance,Bank Financing Requirement,5005.85
2021-04-19,U-898690,David Bautista,Bayawang,AgIndZ,5135.37,Locational Clearance,Environmental Compliance,9828.42
2021-04-19,U-952160,Rosario Realty & Development,Poblacion C,C2-Z,506.96,Locational Clearance,Commercial Building Construction,19223.09
2021-04-19,U-759203,Batangas Commercial Center,Putingkahoy,ECT-Z,2055.97,Locational Clearance,Commercial Building Construction,4805.76
2021-04-19,U-317768,Ramon Cruz,Mabato,ECT-Z,1878.09,Locational Clearance,Commercial Building Construction,18287.24
2021-04-19,U-753039,Mark Comia,Poblacion D,R1-Z,116.44,Locational Clearance,Subdivision Phase 1,3050.99
2021-04-19,U-175147,Agri-Ventures Enterprises,Leviste,PDA-SZ,13005.0,Locational Clearance,Farm Development Permit,17006.86
2021-04-19,U-318900,Benjamin Mercado,Santa Cruz,R2-Z,187.59,Zoning Certificate,Subdivision Phase 1,253.17
2021-04-20,U-081690,Agri-Ventures Logistics Inc.,Putingkahoy,,,Locational Clearance,Agribusiness Construction,10905.9
2021-04-20,U-265157,Ramon Mercado,Bagong Pook,BR2-SZ,143.9,Locational Clearance,Bank Financing Requirement,8409.56
2021-04-20,U-446594,Luz Comia,Tiquiwan,R2-Z,98.4,Locational Clearance,Residential Construction,5897.66
2021-04-20,U-462070,Luz Ramos,Namunga,BR2-SZ,125.3,Locational Clearance,Residential Construction,3554.34
2021-04-21,U-994037,Prime Enterprises,Bagong Pook,R1-Z,254.73,Development Permit,Residential Construction,119402.02
2021-04-21,U-306876,Sofia Torres,Balibago,PTA-SZ-RA,7260.47,Locational Clearance,Residential Construction,9224.82
2021-04-21,U-274876,Batangas Gold Farms Corp.,Baybayin,PDA-SZ,5329.0,Locational Clearance,Land Title Verification,11526.82
2021-04-21,U-140608,Danilo Santos,Santa Cruz,R1-Z,348.02,Locational Clearance,Subdivision Phase 1,5992.11
2021-04-21,U-733074,Luz Garcia,San Isidro,R1-Z,273.98,Locational Clearance,Bank Financing Requirement,3088.75
2021-04-21,U-906257,Chloe Sanchez,Poblacion A,GI-Z,2966.16,Locational Clearance,Industrial Park Expansion,5013.62
2021-04-21,U-247405,Maria Bautista,Nasi,R1-Z,232.75,Locational Clearance,Bank Financing Requirement,18379.62
2021-04-21,U-606446,Southern Luzon Farms Corp.,Poblacion A,R1-Z,342.43,Locational Clearance,Residential Construction,5942.17
2021-04-21,U-476849,Batangas Gold Farms Corp.,Masaya,PTA-SZ-RA,15240.96,Zoning Certificate,Residential Construction,452.35
2021-04-22,U-349459,Southern Luzon Enterprises,Bulihan,,,Locational Clearance,Commercial Complex Development,11995.83
2021-04-22,U-886354,Batangas Gold Enterprises,San Isidro,R1-Z,167.72,Locational Clearance,Residential Construction,9462.02
2021-04-22,U-242764,Benjamin Mendoza,Bulihan,R1-Z,255.69,Locational Clearance,Residential Construction,12940.76
2021-04-22,U-650671,Luz Bautista,San Roque,R2-Z,140.34,Locational Clearance,Residential Construction,4949.99
2021-04-22,U-233616,Maria Alday,Poblacion B,R2-Z,238.58,Locational Clearance,Residential Construction,18046.93
2021-04-22,U-863358,Daniel Reyes,Maalas-As,R1-Z,286.41,Zoning Certificate,Bank Financing Requirement,286.35
2021-04-23,U-404708,Southern Luzon Logistics Inc.,Pinagsibaan,AgIndZ-PGR,6075.35,Development Permit,Bank Financing Requirement,30040.35
2021-04-23,U-654509,Batangas Commercial Center,Bayawang,AgIndZ,4255.51,Locational Clearance,Environmental Compliance,13862.98
2021-04-23,U-699839,Ramon Dimaculangan,Palakpak,R1-Z,226.3,Locational Clearance,Subdivision Phase 1,1834.59
2021-04-23,U-145371,David Bautista,Baybayin,GI-Z,1775.67,Locational Clearance,Warehouse/Factory Construction,5561.51
2021-04-23,U-025255,Christian Mendoza,Poblacion B,R2-Z,244.27,Locational Clearance,Residential Construction,8532.3
2021-04-26,U-358280,Sofia Rodriguez,Masaya,R2-Z,173.69,Locational Clearance,Subdivision Phase 1,13131.45
2021-04-26,U-988762,Daniel Gonzales,Tulos,FZ,14672.42,Locational Clearance,General Property Clearance,9341.35
2021-04-26,U-227109,Chloe Mendoza,Namunga,R1-Z,293.25,Locational Clearance,Subdivision Phase 1,19296.2
2021-04-26,U-649072,Rosario Enterprises,Santa Cruz,R2-Z,119.92,Locational Clearance,Bank Financing Requirement,2028.22
2021-04-26,U-001516,Benjamin Bautista,Namuco,PDA-SZ,17218.15,Locational Clearance,Farm Development Permit,3770.83
2021-04-27,U-711552,Agri-Ventures Logistics Inc.,Poblacion E,MR2-SZ,90.99,Development Permit,Bank Financing Requirement,56589.42
2021-04-27,U-497632,Rosario Logistics Inc.,San Isidro,,,Locational Clearance,Bank Financing Requirement,8998.0
2021-04-27,U-254729,Jose Macalalad,Natu,AgIndZ,7481.61,Locational Clearance,Environmental Compliance,16922.47
2021-04-27,U-070301,Angel Garcia,Matamis,R1-Z,261.45,Zoning Certificate,Subdivision Phase 1,250.89
2021-04-28,U-186486,Luzon Integrated Logistics Inc.,Santa Cruz,C1-Z,253.08,Development Permit,Commercial Building Construction,105890.74
2021-04-28,U-027277,Luzon Integrated Logistics Inc.,Santa Cruz,T-Z,4108.58,Development Permit,Facility/Structure Construction,103075.56
2021-04-28,U-934344,Batangas Logistics Inc.,Santa Cruz,C1-Z,260.61,Development Permit,Commercial Building Construction,83172.33
2021-04-28,U-017197,Mark Ramos,Santa Cruz,C1-Z,239.49,Locational Clearance,Commercial Complex Development,17655.5
2021-04-28,U-031944,Prime Logistics Inc.,San Carlos,UTS-Z,2040.88,Locational Clearance,Site Development Permit,11470.63
2021-04-28,U-457508,Antonio Castillo,Santa Cruz,R1-Z,275.94,Locational Clearance,Subdivision Phase 1,17366.98
2021-04-28,U-764561,David Bautista,Santa Cruz,BR2-SZ,168.3,Locational Clearance,Subdivision Phase 1,6772.34
2021-04-28,U-782972,Luzon Integrated Realty & Development,Bayawang,AgIndZ-PTR,7097.81,Locational Clearance,Subdivision Phase 1,16958.35
2021-04-29,U-028249,Victoria Perez,Balibago,,,Locational Clearance,Bank Financing Requirement,13584.91
2021-04-29,U-206908,Benjamin Macalalad,Macalamcam A,,,Locational Clearance,Bank Financing Requirement,14040.79
2021-04-29,U-793171,Antonio Lopez,Alupay,,,Locational Clearance,Warehouse/Factory Construction,10052.14
2021-04-29,U-288777,Luz Santos,Tulos,FR-SZ,10083.36,Locational Clearance,Subdivision Phase 1,6877.87
2021-04-29,U-311760,Luz Reyes,Santa Cruz,T-Z,3547.1,Locational Clearance,Site Development Permit,9909.78
2021-04-29,U-509781,Ramon Gonzales,Matamis,R1-Z,111.34,Locational Clearance,Subdivision Phase 1,20893.41
2021-04-29,U-297204,Christian Sanchez,Santa Cruz,R2-Z,238.57,Locational Clearance,Bank Financing Requirement,8384.93
2021-04-29,U-467473,Ramon Dimaculangan,Santa Cruz,R1-Z,213.79,Locational Clearance,Bank Financing Requirement,14511.82
2021-04-29,U-261236,Agri-Ventures Trading Corp.,Bagong Pook,BR2-SZ,65.48,Zoning Certificate,Bank Financing Requirement,460.82
2021-04-30,U-035146,Southern Luzon Enterprises,Santa Cruz,BR2-SZ,116.52,Development Permit,Bank Financing Requirement,60040.77
2021-04-30,U-539027,Prime Realty & Development,San Jose,,,Locational Clearance,Residential Construction,8485.75
2021-04-30,U-064143,David Castillo,Masaya,R1-Z,106.16,Locational Clearance,Bank Financing Requirement,4777.03
2021-04-30,U-078986,Chloe Alday,Quilib,R1-Z,234.04,Locational Clearance,Subdivision Phase 1,8700.05
2021-04-30,U-055430,Teresa Rodriguez,Tulos,PTA-SZ-RA,15768.97,Locational Clearance,Residential Construction,17846.91
2021-04-30,U-905199,Prime Trading Corp.,Itlugan,R1-Z,323.39,Locational Clearance,Residential Construction,8463.37
2021-04-30,U-896128,Christian Bautista,Bagong Pook,R1-Z,267.53,Locational Clearance,Residential Construction,21254.47
2021-05-03,U-917169,Juan Santos,Baybayin,R1-Z,314.01,Locational Clearance,Bank Financing Requirement,16767.22
2021-05-03,U-206803,Batangas Gold Commercial Center,Poblacion B,R1-Z,122.81,Locational Clearance,Bank Financing Requirement,9334.25
2021-05-03,U-935859,Antonio Perez,Palakpak,C1-Z,325.48,Locational Clearance,Commercial Building Construction,14402.93
2021-05-03,U-351391,Rosario Trading Corp.,Tiquiwan,PDA-SZ,16745.02,Locational Clearance,Land Title Verification,15841.03
2021-05-03,U-718482,Jose Alday,San Carlos,UTS-Z,1617.24,Locational Clearance,Facility/Structure Construction,16746.04
2021-05-04,U-346907,Angel Santos,San Carlos,CMRF,1562.89,Development Permit,General Property Clearance,104684.82
2021-05-04,U-956206,Southern Luzon Logistics Inc.,Tulos,FZ,13193.9,Locational Clearance,Facility/Structure Construction,19927.93
2021-05-04,U-027676,Luz Cruz,San Carlos,PDA-SZ,16968.94,Locational Clearance,Farm Development Permit,6682.32
2021-05-04,U-353768,Prime Enterprises,Alupay,I1-Z,2943.01,Locational Clearance,Warehouse/Factory Construction,21770.84
2021-05-04,U-783139,Sofia Alday,San Roque,R1-Z,199.65,Locational Clearance,Residential Construction,13586.06
2021-05-04,U-911989,Danilo Mendoza,San Carlos,I2-Z,6755.56,Zoning Certificate,Warehouse/Factory Construction,292.09
2021-05-05,U-868322,Batangas Gold Farms Corp.,Pinagsibaan,I2-Z,5718.43,Development Permit,Industrial Park Expansion,48262.24
2021-05-05,U-625909,Benjamin Mendoza,Mabunga,R2-Z,154.2,Locational Clearance,Residential Construction,21839.35
2021-05-05,U-227287,Agri-Ventures Farms Corp.,Alupay,I1-Z,4962.86,Locational Clearance,Environmental Compliance,9320.82
2021-05-05,U-501578,Corazon Rodriguez,Namuco,I1-Z,4291.91,Locational Clearance,Environmental Compliance,16123.83
2021-05-05,U-033011,Christian Macalalad,Matamis,R1-Z,347.93,Locational Clearance,Bank Financing Requirement,20193.58
2021-05-05,U-719440,Christian Rodriguez,San Carlos,UTS-Z,2508.44,Zoning Certificate,General Property Clearance,283.08
2021-05-05,U-385327,Ramon Cruz,Palakpak,PTA-SZ-RA,9015.82,Zoning Certificate,Residential Construction,435.17
2021-05-06,U-534422,Victoria Macalalad,Santa Cruz,,,Locational Clearance,Subdivision Phase 1,7776.54
2021-05-06,U-206893,David Cruz,Quilib,,,Locational Clearance,Subdivision Phase 1,9008.5
2021-05-06,U-370294,Juan Rodriguez,Santa Cruz,BR2-SZ,132.2,Locational Clearance,Residential Construction,4965.97
2021-05-07,U-744964,Daniel Castillo,Bagong Pook,R1-Z,325.92,Locational Clearance,Residential Construction,15889.88
2021-05-07,U-607846,Benjamin Garcia,Balibago,PTA-SZ-RA,6503.21,Locational Clearance,Residential Construction,16693.65
2021-05-07,U-821666,Christian Dimaculangan,Bagong Pook,R2-Z,136.11,Locational Clearance,Bank Financing Requirement,3083.11
2021-05-07,U-467310,Danilo Bautista,Timbugan,PTA-SZ-RA,15257.39,Locational Clearance,Subdivision Phase 1,14944.77
2021-05-10,U-199612,Christian Mercado,Masaya,AgIndZ,7334.07,Locational Clearance,Industrial Park Expansion,18700.02
2021-05-10,U-107599,Prime Logistics Inc.,Antipolo,PDA-SZ,7697.36,Locational Clearance,Agribusiness Construction,11715.73
2021-05-10,U-244165,Southern Luzon Trading Corp.,Matamis,R1-Z,283.79,Locational Clearance,Subdivision Phase 1,8243.21
2021-05-10,U-222228,Rosario Realty & Development,Baybayin,R1-Z,242.9,Locational Clearance,Subdivision Phase 1,14854.31
2021-05-10,U-650217,David Perez,Santa Cruz,C1-Z,461.7,Locational Clearance,Commercial Building Construction,11537.91
2021-05-10,U-458094,Rosario Logistics Inc.,Poblacion A,C2-Z,476.18,Zoning Certificate,Commercial Building Construction,442.87
2021-05-11,U-684636,Batangas Gold Realty & Development,San Roque,,,Locational Clearance,Bank Financing Requirement,9313.53
2021-05-11,U-415073,Luz Mendoza,Cahigam,,,Locational Clearance,Residential Construction,11743.03
2021-05-11,U-682862,Mark Rodriguez,Calantas,5491-APDA-SZ,1673.83,Locational Clearance,Agribusiness Construction,19848.54
2021-05-11,U-513342,Christian Mercado,Palakpak,R1-Z,227.71,Locational Clearance,Residential Construction,5538.18
2021-05-11,U-916406,Daniel Fernandez,San Carlos,I3-Z,4612.51,Locational Clearance,Environmental Compliance,18026.75
2021-05-11,U-567057,Daniel Alday,Antipolo,R2-Z,162.69,Locational Clearance,Subdivision Phase 1,6313.73
2021-05-11,U-350408,Ramon Fernandez,Poblacion B,R1-Z,112.17,Locational Clearance,Subdivision Phase 1,10314.33
2021-05-11,U-506836,Christian Comia,Palakpak,R1-Z,211.36,Locational Clearance,Subdivision Phase 1,9413.36
2021-05-11,U-553227,Emmanuel Dimaculangan,Mabato,,,Zoning Certificate,Business Permit Requirement,491.57
2021-05-12,U-270510,Prime Commercial Center,Pinagsibaan,CMRF,1711.63,Locational Clearance,Facility/Structure Construction,19792.21
2021-05-12,U-998932,Benjamin Macalalad,Pinagsibaan,UTS-Z,1854.6,Locational Clearance,Site Development Permit,6494.39
2021-05-12,U-691602,Juan Torres,Tulos,PTA-SZ-RA,10898.23,Locational Clearance,Subdivision Phase 1,12088.04
2021-05-12,U-797926,Benjamin Torres,Tulos,ECT-Z,3390.49,Locational Clearance,Commercial Complex Development,5137.96
2021-05-14,U-301904,Christian Alday,Pinagsibaan,,,Locational Clearance,Environmental Compliance,10758.31
2021-05-14,U-399422,Antonio Dimaculangan,Bagong Pook,,,Locational Clearance,Commercial Complex Development,9208.55
2021-05-14,U-733910,Juan Castillo,San Carlos,I3-Z,11408.4,Locational Clearance,Warehouse/Factory Construction,15741.09
2021-05-14,U-466681,Batangas Gold Farms Corp.,Matamis,R1-Z,144.4,Locational Clearance,Residential Construction,3006.45
2021-05-14,U-432989,Corazon Mendoza,Namuco,I1-Z,3629.39,Locational Clearance,Environmental Compliance,16179.88
2021-05-14,U-281811,Teresa Cruz,San Roque,BR2-SZ,127.27,Locational Clearance,Bank Financing Requirement,16946.72
2021-05-14,U-403808,Jose Reyes,Namunga,R1-Z,277.69,Locational Clearance,Subdivision Phase 1,6848.94
2021-05-14,U-102924,Luzon Integrated Commercial Center,Alupay,,,Zoning Certificate,Facility/Structure Construction,350.74
2021-05-14,U-124085,Luzon Integrated Trading Corp.,San Carlos,AgIndZ-PGR,5441.97,Zoning Certificate,Bank Financing Requirement,372.75
2021-05-17,U-289382,Corazon Garcia,Mavalor,,,Locational Clearance,Bank Financing Requirement,8892.89
2021-05-17,U-885607,Maria Castillo,Pinagsibaan,AgIndZ,5951.27,Locational Clearance,Environmental Compliance,13978.62
2021-05-17,U-117471,Rosario Farms Corp.,Pinagsibaan,AgIndZ-PTR,3689.3,Locational Clearance,Subdivision Phase 1,6932.2
2021-05-17,U-890585,Teresa Dimaculangan,San Isidro,R1-Z,210.83,Locational Clearance,Bank Financing Requirement,19733.01
2021-05-17,U-079931,Danilo Ramos,Bagong Pook,R2-Z,95.03,Locational Clearance,Bank Financing Requirement,2331.97
2021-05-17,U-503570,Agri-Ventures Trading Corp.,Pinagsibaan,AgIndZ-PGR,8617.92,Locational Clearance,Residential Construction,9244.97
2021-05-17,U-498866,Juan Torres,Poblacion A,R2-Z,228.28,Locational Clearance,Residential Construction,14712.43
2021-05-17,U-246751,Luz Ramos,Bagong Pook,R2-Z,206.07,Locational Clearance,Bank Financing Requirement,7271.62
2021-05-18,U-221254,Corazon Torres,Masaya,,,Locational Clearance,Residential Construction,11969.9
2021-05-18,U-481165,Corazon Castillo,Calantas,,,Locational Clearance,Farm Development Permit,4102.2
2021-05-18,U-724589,Corazon Rodriguez,Namuco,I2-Z,3683.67,Locational Clearance,Environmental Compliance,4558.66
2021-05-18,U-917265,Ramon Garcia,Mabunga,R1-Z,203.66,Locational Clearance,Residential Construction,16687.27
2021-05-18,U-743700,Luzon Integrated Enterprises,San Isidro,R1-Z,143.57,Locational Clearance,Residential Construction,11295.63
2021-05-18,U-871249,David Ramos,San Roque,R1-Z,121.37,Locational Clearance,Residential Construction,17564.95
2021-05-18,U-955049,Agri-Ventures Farms Corp.,San Isidro,R2-Z,204.76,Locational Clearance,Bank Financing Requirement,14342.89
2021-05-18,U-980663,Christian Gonzales,Palakpak,GI-Z,3308.6,Locational Clearance,Environmental Compliance,7912.5
2021-05-18,U-359687,Daniel Fernandez,Santa Cruz,,,Zoning Certificate,Residential Construction,363.05
2021-05-19,U-884997,Rosario Enterprises,Santa Cruz,C1-Z,339.2,Development Permit,Commercial Building Construction,26480.81
2021-05-19,U-139444,Southern Luzon Trading Corp.,Alupay,I2-Z,7835.19,Development Permit,Industrial Park Expansion,31015.53
2021-05-19,U-314580,Maria Lopez,Bagong Pook,C1-Z,438.18,Locational Clearance,Business Permit Requirement,5483.88
2021-05-19,U-120942,Luzon Integrated Enterprises,San Carlos,I2-Z,2460.58,Locational Clearance,Warehouse/Factory Construction,18315.28
2021-05-19,U-332447,Prime Realty & Development,Mabato,FZ,15821.01,Locational Clearance,Site Development Permit,18356.37
2021-05-19,U-199426,Rosario Holdings Inc.,Alupay,AgIndZ-PTR,7459.65,Locational Clearance,Bank Financing Requirement,2458.65
2021-05-19,U-505971,Emmanuel Dimaculangan,Poblacion B,R1-Z,245.53,Locational Clearance,Subdivision Phase 1,18643.13
2021-05-19,U-100888,Maria Perez,Santa Cruz,BR2-SZ,64.25,Locational Clearance,Residential Construction,15743.01
2021-05-19,U-635419,Mark Torres,Poblacion B,C1-Z,466.08,Locational Clearance,Commercial Complex Development,10051.69
2021-05-20,U-612802,Antonio Mendoza,Colongan,R2-Z,185.92,Development Permit,Residential Construction,105766.23
2021-05-20,U-038629,Grace Torres,Palakpak,R2-Z,153.64,Locational Clearance,Bank Financing Requirement,1815.29
2021-05-20,U-775689,Mark Alday,Baybayin,C1-Z,372.93,Locational Clearance,Commercial Building Construction,6918.39
2021-05-20,U-585131,Angel Ramos,Santa Cruz,R2-Z,153.77,Locational Clearance,Residential Construction,5262.55
2021-05-20,U-160514,Victoria Castillo,Nasi,C1-Z,425.04,Locational Clearance,Commercial Building Construction,14448.97
2021-05-20,U-427228,Rosario Logistics Inc.,Baybayin,PDA-SZ,9293.41,Locational Clearance,Agribusiness Construction,4251.45
2021-05-21,U-649876,Luz Torres,Poblacion A,,,Locational Clearance,Bank Financing Requirement,3189.87
2021-05-21,U-861275,Batangas Farms Corp.,Matamis,R2-Z,113.22,Locational Clearance,Residential Construction,16517.87
2021-05-21,U-592075,Emmanuel Lopez,Leviste,R2-Z,240.91,Locational Clearance,Bank Financing Requirement,16275.92
2021-05-21,U-688530,Victoria Garcia,Mabunga,C/MP-Z,1539.5,Locational Clearance,Commercial Complex Development,9358.68
2021-05-21,U-112030,Emmanuel Ramos,Quilib,R2-Z,184.85,Locational Clearance,Bank Financing Requirement,15604.53
2021-05-21,U-597581,Mark Perez,Salao,R1-Z,267.2,Locational Clearance,Subdivision Phase 1,12648.04
2021-05-21,U-965892,Maria Cruz,San Isidro,R2-Z,243.53,Locational Clearance,Residential Construction,2465.54
2021-05-24,U-352182,Batangas Gold Trading Corp.,Poblacion D,C1-Z,452.75,Development Permit,Commercial Complex Development,60617.03
2021-05-24,U-113215,Batangas Gold Trading Corp.,Mabato,PTA-SZ-RA,4010.93,Development Permit,Bank Financing Requirement,121855.41
2021-05-24,U-209961,Benjamin Cruz,San Carlos,AgIndZ,4926.89,Locational Clearance,Warehouse/Factory Construction,15199.97
2021-05-24,U-960747,Agri-Ventures Enterprises,Pinagsibaan,AgIndZ-PGR,2204.73,Locational Clearance,Residential Construction,4961.16
2021-05-24,U-949450,Christian Alday,Masaya,R1-Z,213.8,Locational Clearance,Residential Construction,16319.6
2021-05-25,U-723298,Jose Dimaculangan,Bagong Pook,,,Locational Clearance,Subdivision Phase 1,2164.54
2021-05-25,U-452004,Prime Logistics Inc.,Masaya,,,Locational Clearance,Bank Financing Requirement,8637.74
2021-05-25,U-686400,Corazon Lopez,San Carlos,PDA-SZ,4218.24,Locational Clearance,Land Title Verification,16714.87
2021-05-25,U-548576,Juan Mendoza,Bagong Pook,R1-Z,291.65,Locational Clearance,Residential Construction,16404.71
2021-05-25,U-933874,Grace Sanchez,Antipolo,R1-Z,239.44,Zoning Certificate,Bank Financing Requirement,262.73
2021-05-26,U-883115,Benjamin Comia,Namuco,AgIndZ,2768.5,Development Permit,Industrial Park Expansion,26153.93
2021-05-26,U-593563,Sofia Reyes,Alupay,AgIndZ,7711.27,Locational Clearance,Warehouse/Factory Construction,18403.91
2021-05-26,U-986383,Angel Dimaculangan,Nasi,R2-Z,123.15,Locational Clearance,Subdivision Phase 1,13112.63
2021-05-26,U-663809,Batangas Gold Farms Corp.,Bagong Pook,T-Z,5293.84,Locational Clearance,Site Development Permit,4585.17
2021-05-26,U-532202,Maria Comia,Alupay,CMRF,1242.86,Zoning Certificate,General Property Clearance,369.54
2021-05-27,U-217950,Chloe Cruz,Bayawang,,,Locational Clearance,Warehouse/Factory Construction,7723.88
2021-05-27,U-165541,Agri-Ventures Commercial Center,Bagong Pook,,,Locational Clearance,Subdivision Phase 1,6008.84
2021-05-27,U-137184,Prime Farms Corp.,Mavalor,,,Locational Clearance,Residential Construction,14754.32
2021-05-27,U-630715,Mark Bautista,Poblacion A,MR2-SZ,102.33,Locational Clearance,Residential Construction,6782.72
2021-05-27,U-604473,Juan Castillo,Quilib,R1-Z,128.52,Locational Clearance,Subdivision Phase 1,7924.03
2021-05-27,U-814559,Benjamin Reyes,Bulihan,R2-Z,230.99,Locational Clearance,Residential Construction,20393.33
2021-05-27,U-462023,Angel Perez,Quilib,R2-Z,172.25,Locational Clearance,Subdivision Phase 1,2031.91
2021-05-27,U-482384,Daniel Bautista,Poblacion E,C1-Z,484.06,Locational Clearance,Commercial Building Construction,17885.31
2021-05-27,U-482957,Benjamin Alday,Macalamcam B,R1-Z,179.86,Locational Clearance,Residential Construction,21936.74
2021-05-27,U-792089,Daniel Reyes,Namunga,R1-Z,137.23,Zoning Certificate,Residential Construction,494.74
2021-05-28,U-327785,Prime Trading Corp.,Mavalor,PDA-SZ,7872.57,Development Permit,Land Title Verification,61881.38
2021-05-28,U-789354,Corazon Dimaculangan,Mabato,,,Locational Clearance,Land Title Verification,12098.81
2021-05-28,U-029139,Emmanuel Rodriguez,Tiquiwan,GI-Z,3926.11,Locational Clearance,Warehouse/Factory Construction,20977.95
2021-05-28,U-647614,Daniel Rodriguez,Poblacion A,C2-Z,434.2,Locational Clearance,Business Permit Requirement,17276.24
2021-05-28,U-772053,Jose Mercado,San Carlos,I2-Z,3127.25,Locational Clearance,Warehouse/Factory Construction,10426.53
2021-05-28,U-381435,Victoria Torres,Bagong Pook,BR2-SZ,94.8,Locational Clearance,Subdivision Phase 1,13262.72
2021-05-28,U-582402,Sofia Perez,Poblacion C,R2-Z,128.35,Locational Clearance,Subdivision Phase 1,18615.09
2021-05-28,U-030767,Juan Gonzales,Calantas,5491-APDA-SZ,4700.81,Zoning Certificate,Agribusiness Construction,399.17
2021-05-31,U-416947,Emmanuel Ramos,Balibago,,,Locational Clearance,Bank Financing Requirement,4857.11
2021-05-31,U-873410,Luzon Integrated Logistics Inc.,Quilib,R1-Z,283.84,Locational Clearance,Bank Financing Requirement,5126.89
2021-05-31,U-675567,David Reyes,Quilib,C1-Z,376.38,Locational Clearance,Business Permit Requirement,3718.52
2021-05-31,U-450196,Angel Castillo,Bayawang,AgIndZ-PGR,4844.33,Locational Clearance,Subdivision Phase 1,11089.57
2021-05-31,U-378375,Danilo Reyes,Itlugan,R2-Z,174.46,Locational Clearance,Bank Financing Requirement,20047.15
2021-05-31,U-335749,Ramon Garcia,Santa Cruz,R2-Z,171.41,Locational Clearance,Residential Construction,5907.9
2021-05-31,U-158900,Prime Logistics Inc.,Balibago,PDA-SZ,14852.14,Zoning Certificate,Farm Development Permit,375.79
2021-05-31,U-054940,Luz Alday,Mayuro,R2-Z,88.05,Zoning Certificate,Bank Financing Requirement,333.16
2021-06-01,U-973366,Ramon Comia,San Carlos,,,Locational Clearance,Bank Financing Requirement,11128.28
2021-06-01,U-782831,Luz Rodriguez,San Roque,R2-Z,240.78,Locational Clearance,Subdivision Phase 1,15933.39
2021-06-01,U-486676,Agri-Ventures Commercial Center,Poblacion B,R2-Z,239.21,Locational Clearance,Subdivision Phase 1,7683.82
2021-06-01,U-484740,Sofia Santos,San Carlos,I2-Z,4846.66,Locational Clearance,Environmental Compliance,6503.31
2021-06-01,U-808967,David Perez,Quilib,R2-Z,99.23,Locational Clearance,Residential Construction,12264.83
2021-06-01,U-965047,Ramon Lopez,Quilib,C1-Z,416.09,Zoning Certificate,Commercial Building Construction,259.8
2021-06-01,U-194367,Batangas Gold Holdings Inc.,San Isidro,R1-Z,270.7,Zoning Certificate,Residential Construction,336.53
2021-06-01,U-539653,Batangas Gold Realty & Development,Masaya,R2-Z,229.68,Zoning Certificate,Residential Construction,406.2
2021-06-02,U-872442,Victoria Rodriguez,Alupay,UTS-Z,2657.91,Locational Clearance,Site Development Permit,20997.53
2021-06-03,U-443736,Antonio Lopez,Bulihan,R1-Z,194.59,Locational Clearance,Subdivision Phase 1,15323.7
2021-06-04,U-287170,Ramon Cruz,Poblacion A,C2-Z,761.02,Locational Clearance,Commercial Complex Development,14317.87
2021-06-04,U-294934,Benjamin Comia,Calantas,PTA-SZ-RA,6146.04,Zoning Certificate,Bank Financing Requirement,462.98
2021-06-07,U-435221,Southern Luzon Trading Corp.,Masaya,R2-Z,88.96,Development Permit,Bank Financing Requirement,56376.72
2021-06-07,U-680624,Prime Farms Corp.,Maligaya,R1-Z,152.85,Locational Clearance,Bank Financing Requirement,15512.02
2021-06-08,U-573887,Luz Dimaculangan,Quilib,R1-Z,257.9,Locational Clearance,Bank Financing Requirement,10514.01
2021-06-08,U-640105,Teresa Reyes,San Carlos,UTS-Z,1376.72,Locational Clearance,Site Development Permit,16316.18
2021-06-08,U-492757,Victoria Reyes,Poblacion C,R1-Z,249.35,Locational Clearance,Bank Financing Requirement,2708.83
2021-06-08,U-379285,Emmanuel Gonzales,Bulihan,R1-Z,208.05,Locational Clearance,Subdivision Phase 1,14246.27
2021-06-10,U-765512,Ramon Cruz,Nasi,R1-Z,345.99,Locational Clearance,Bank Financing Requirement,9115.04
2021-06-10,U-794433,Sofia Fernandez,San Ignacio,R2-Z,219.93,Locational Clearance,Subdivision Phase 1,13443.54
2021-06-10,U-748174,Christian Fernandez,Leviste,PDA-SZ,17699.08,Locational Clearance,Agribusiness Construction,20193.12
2021-06-11,U-466401,Rosario Commercial Center,Poblacion B,R2-Z,92.07,Development Permit,Bank Financing Requirement,36644.62
2021-06-11,U-122042,Ramon Bautista,Santa Cruz,T-Z,1057.28,Locational Clearance,General Property Clearance,21959.62
2021-06-11,U-682647,Maria Cruz,Mabunga,PTA-SZ-RA,16661.91,Locational Clearance,Bank Financing Requirement,7152.83
2021-06-15,U-842442,Luzon Integrated Realty & Development,Namunga,,,Zoning Certificate,Environmental Compliance,276.57
2021-06-15,U-904564,Angel Lopez,Colongan,,,Zoning Certificate,Land Title Verification,393.32
2021-06-16,U-840953,Agri-Ventures Farms Corp.,Quilib,R1-Z,222.55,Development Permit,Subdivision Phase 1,98188.63
2021-06-18,U-972286,Angel Macalalad,Bayawang,,,Locational Clearance,Warehouse/Factory Construction,12552.11
2021-06-18,U-530473,Maria Torres,Mabunga,R1-Z,200.16,Locational Clearance,Residential Construction,10978.52
2021-06-18,U-213655,Jose Fernandez,San Isidro,R1-Z,247.19,Locational Clearance,Residential Construction,19450.63
2021-06-18,U-252642,Emmanuel Perez,Nasi,R1-Z,339.07,Locational Clearance,Residential Construction,19604.78
2021-06-21,U-349377,Rosario Holdings Inc.,Timbugan,R1-Z,170.13,Locational Clearance,Subdivision Phase 1,10125.76
2021-06-21,U-664864,Emmanuel Lopez,Alupay,I2-Z,6692.49,Zoning Certificate,Industrial Park Expansion,466.28
2021-06-22,U-601235,Mark Lopez,San Carlos,I3-Z,6121.43,Locational Clearance,Warehouse/Factory Construction,12304.52
2021-06-22,U-074319,Batangas Gold Realty & Development,San Roque,R2-Z,215.79,Locational Clearance,Bank Financing Requirement,3111.71
2021-06-23,U-101834,Batangas Gold Holdings Inc.,Santa Cruz,R2-Z,142.2,Locational Clearance,Residential Construction,8522.22
2021-06-24,U-471809,Ramon Garcia,Antipolo,PDA-SZ,2697.29,Locational Clearance,Farm Development Permit,5625.39
2021-06-24,U-821879,Sofia Bautista,Namunga,R1-Z,245.4,Locational Clearance,Residential Construction,20353.68
2021-06-25,U-430339,Luzon Integrated Enterprises,San Roque,R1-Z,161.49,Locational Clearance,Bank Financing Requirement,2499.16
2021-06-28,U-673217,Prime Enterprises,San Isidro,C1-Z,171.69,Locational Clearance,Commercial Complex Development,11635.75
2021-06-28,U-191219,Juan Dimaculangan,Santa Cruz,R2-Z,111.15,Zoning Certificate,Subdivision Phase 1,381.96
2021-06-28,U-169539,Teresa Perez,San Carlos,CMRF,1981.17,Zoning Certificate,General Property Clearance,472.37
2021-06-29,U-793521,Juan Mercado,Baybayin,PDA-SZ,17526.34,Locational Clearance,Agribusiness Construction,10000.91
2021-06-29,U-192482,Chloe Lopez,Marilag,R1-Z,225.06,Locational Clearance,Residential Construction,14159.36
2021-06-29,U-471336,Batangas Gold Farms Corp.,Leviste,R2-Z,182.61,Locational Clearance,Bank Financing Requirement,18151.48
2021-06-29,U-352474,Prime Holdings Inc.,Namunga,BR2-SZ,62.45,Locational Clearance,Bank Financing Requirement,20459.75
2021-06-30,U-393696,Chloe Ramos,Santa Cruz,,,Locational Clearance,Bank Financing Requirement,11301.07
2021-06-30,U-833841,Jose Garcia,Calantas,ECT-Z,7529.17,Locational Clearance,Business Permit Requirement,13051.19
2021-06-30,U-205528,Victoria Cruz,San Carlos,,,Zoning Certificate,Environmental Compliance,372.11
2021-07-01,U-096585,Teresa Mendoza,Mabunga,R2-Z,193.79,Zoning Certificate,Bank Financing Requirement,352.79
2021-07-02,U-338499,Mark Lopez,San Isidro,AgIndZ,7716.54,Locational Clearance,Warehouse/Factory Construction,4522.11
2021-07-02,U-728124,Sofia Comia,Matamis,PDA-SZ,5795.48,Zoning Certificate,Farm Development Permit,371.5
2021-07-05,U-954881,Antonio Lopez,Masaya,C1-Z,351.02,Locational Clearance,Commercial Complex Development,15070.04
2021-07-05,U-510295,Christian Cruz,Bagong Pook,R2-Z,169.99,Locational Clearance,Residential Construction,11933.96
2021-07-05,U-621122,Mark Garcia,San Isidro,R1-Z,299.0,Zoning Certificate,Bank Financing Requirement,345.26
2021-07-06,U-850896,Christian Santos,Calantas,FR-SZ,10742.99,Locational Clearance,Bank Financing Requirement,17326.2
2021-07-06,U-075445,Benjamin Rodriguez,Namunga,BR2-SZ,75.83,Zoning Certificate,Residential Construction,303.43
2021-07-07,U-481785,Teresa Lopez,Alupay,I1-Z,4553.99,Locational Clearance,Industrial Park Expansion,9430.85
2021-07-08,U-616636,Benjamin Santos,Poblacion B,R1-Z,132.1,Zoning Certificate,Bank Financing Requirement,450.66
2021-07-09,U-508704,Juan Torres,Poblacion A,C2-Z,538.56,Locational Clearance,Commercial Complex Development,10205.92
2021-07-09,U-320227,Juan Rodriguez,Balibago,R1-Z,239.07,Locational Clearance,Bank Financing Requirement,19208.42
2021-07-13,U-645847,Daniel Fernandez,Baybayin,R1-Z,180.14,Development Permit,Bank Financing Requirement,52335.85
2021-07-13,U-063904,Victoria Garcia,Calantas,FR-SZ,22622.57,Zoning Certificate,Residential Construction,451.81
2021-07-14,U-638514,Grace Torres,Poblacion A,,,Locational Clearance,Residential Construction,3891.24
2021-07-15,U-703410,Emmanuel Rodriguez,Bagong Pook,T-Z,5475.83,Locational Clearance,Site Development Permit,16200.44
2021-07-19,U-800599,Ramon Gonzales,Tulos,5491-APDA-SZ,2454.67,Locational Clearance,Agribusiness Construction,8741.17
2021-07-19,U-871800,Antonio Ramos,San Carlos,,,Zoning Certificate,Site Development Permit,466.38
2021-07-21,U-321822,Luzon Integrated Realty & Development,Namunga,,,Locational Clearance,Warehouse/Factory Construction,4051.1
2021-07-21,U-566990,David Gonzales,Alupay,AgIndZ-PGR,6352.17,Locational Clearance,Residential Construction,15813.6
2021-07-21,U-758619,Ramon Gonzales,Nasi,R2-Z,184.24,Locational Clearance,Bank Financing Requirement,11600.57
2021-07-26,U-233465,Southern Luzon Trading Corp.,Poblacion B,MR2-SZ,116.44,Locational Clearance,Subdivision Phase 1,15319.15
2021-07-27,U-387084,Chloe Castillo,Pinagsibaan,,,Zoning Certificate,Environmental Compliance,299.74
2021-07-28,U-081134,Luzon Integrated Farms Corp.,Poblacion E,R2-Z,120.92,Locational Clearance,Subdivision Phase 1,1640.53
2021-07-28,U-256526,Batangas Gold Enterprises,San Isidro,,,Zoning Certificate,Subdivision Phase 1,465.46
2021-07-29,U-687659,Agri-Ventures Enterprises,Masaya,R1-Z,275.27,Locational Clearance,Bank Financing Requirement,10445.39
2021-07-30,U-384614,Jose Bautista,Bagong Pook,BR2-SZ,138.19,Locational Clearance,Bank Financing Requirement,1681.87
2021-07-30,U-045066,Prime Trading Corp.,Tiquiwan,PDA-SZ,9784.11,Locational Clearance,Agribusiness Construction,20515.15
2021-07-30,U-482725,Victoria Rodriguez,Poblacion A,R1-Z,336.89,Zoning Certificate,Residential Construction,415.39
2021-08-02,U-107063,Luzon Integrated Commercial Center,Alupay,,,Locational Clearance,Facility/Structure Construction,12555.25
2021-08-03,U-906589,Prime Realty & Development,Balibago,PDA-SZ,14508.5,Locational Clearance,Land Title Verification,16095.84
2021-08-05,U-652069,Sofia Dimaculangan,Mabunga,R1-Z,345.01,Locational Clearance,Subdivision Phase 1,4674.64
2021-08-05,U-756398,Victoria Santos,Santa Cruz,R1-Z,261.05,Locational Clearance,Bank Financing Requirement,11014.38
2021-08-06,U-967378,Grace Mendoza,Alupay,AgIndZ,7823.87,Locational Clearance,Industrial Park Expansion,17649.02
2021-08-06,U-176178,Sofia Castillo,Namunga,R1-Z,174.85,Zoning Certificate,Residential Construction,279.54
2021-08-09,U-591258,Daniel Fernandez,Santa Cruz,,,Locational Clearance,Residential Construction,4112.31
2021-08-11,U-089313,Antonio Ramos,San Carlos,,,Locational Clearance,Facility/Structure Construction,14670.89
2021-08-11,U-719304,Benjamin Perez,Namunga,C1-Z,419.98,Zoning Certificate,Commercial Complex Development,276.04
2021-08-12,U-060192,Luz Ramos,Tulos,PTA-SZ-RA,17654.93,Zoning Certificate,Residential Construction,465.8
2021-08-13,U-527065,Antonio Castillo,Namuco,AgIndZ-PTR,6638.78,Locational Clearance,Subdivision Phase 1,5751.51
2021-08-13,U-695418,Ramon Bautista,Palakpak,R1-Z,247.47,Locational Clearance,Residential Construction,15148.25
2021-08-13,U-776631,Luz Lopez,Quilib,BR2-SZ,152.19,Locational Clearance,Bank Financing Requirement,7264.78
2021-08-13,U-260712,Luzon Integrated Farms Corp.,Natu,R1-Z,249.67,Zoning Certificate,Bank Financing Requirement,343.6
2021-08-13,U-488333,Emmanuel Sanchez,Antipolo,C1-Z,477.57,Zoning Certificate,Commercial Building Construction,331.16
2021-08-17,U-851912,Emmanuel Dimaculangan,Mabato,,,Locational Clearance,Commercial Building Construction,9253.25
2021-08-17,U-696856,Christian Mercado,Tulos,5491-APDA-SZ,4260.05,Locational Clearance,Agribusiness Construction,4136.54
2021-08-19,U-769361,Southern Luzon Trading Corp.,Namunga,R2-Z,225.32,Development Permit,Subdivision Phase 1,60124.81
2021-08-19,U-649504,Rosario Trading Corp.,Baybayin,C1-Z,448.06,Zoning Certificate,Commercial Complex Development,424.99
2021-08-19,U-310917,Danilo Comia,Calantas,PTA-SZ-RA,12914.24,Zoning Certificate,Bank Financing Requirement,285.7
2021-08-20,U-015645,Juan Perez,Bagong Pook,C1-Z,214.26,Locational Clearance,Commercial Building Construction,21016.46
2021-08-20,U-686380,Angel Comia,Pinagsibaan,AgIndZ,4588.1,Zoning Certificate,Warehouse/Factory Construction,439.87
2021-08-23,U-064534,Teresa Bautista,Mabunga,R1-Z,183.6,Zoning Certificate,Residential Construction,423.15
2021-08-23,U-363048,Southern Luzon Realty & Development,Alupay,I1-Z,3554.94,Zoning Certificate,Environmental Compliance,366.43
2021-08-24,U-468743,Luzon Integrated Logistics Inc.,Tulos,PDA-SZ,12248.83,Zoning Certificate,Land Title Verification,437.19
2021-08-25,U-716729,Antonio Dimaculangan,Namuco,UTS-Z,2082.66,Locational Clearance,Facility/Structure Construction,20639.81
2021-08-31,U-987141,Mark Cruz,San Carlos,I1-Z,3525.82,Locational Clearance,Environmental Compliance,17725.64
2021-08-31,U-647205,Rosario Realty & Development,Pinagsibaan,I1-Z,3915.67,Locational Clearance,Warehouse/Factory Construction,11078.01
2021-09-01,U-998001,Mark Garcia,Bagong Pook,R1-Z,111.73,Locational Clearance,Bank Financing Requirement,5223.46
2021-09-03,U-868643,Batangas Trading Corp.,Poblacion A,R1-Z,125.88,Zoning Certificate,Residential Construction,283.89
2021-09-06,U-284581,Luzon Integrated Holdings Inc.,Balibago,R2-Z,132.01,Locational Clearance,Subdivision Phase 1,10554.9
2021-09-06,U-310059,Daniel Lopez,Namunga,R1-Z,114.17,Locational Clearance,Subdivision Phase 1,2429.47
2021-09-07,U-342684,Victoria Macalalad,Poblacion E,R2-Z,232.07,Locational Clearance,Bank Financing Requirement,19344.03
2021-09-08,U-052617,Agri-Ventures Enterprises,Mavalor,R1-Z,277.89,Locational Clearance,Residential Construction,4278.47
2021-09-08,U-286303,Victoria Fernandez,Cahigam,R2-Z,174.22,Locational Clearance,Subdivision Phase 1,12579.18
2021-09-09,U-179570,Benjamin Fernandez,Bagong Pook,R2-Z,240.54,Locational Clearance,Residential Construction,4596.26
2021-09-09,U-734723,Benjamin Santos,Poblacion A,R2-Z,150.66,Locational Clearance,Bank Financing Requirement,21090.3
2021-09-13,U-701848,Jose Garcia,Santa Cruz,R1-Z,180.27,Zoning Certificate,Subdivision Phase 1,383.92
2021-09-14,U-143420,Rosario Holdings Inc.,Balibago,R2-Z,185.95,Zoning Certificate,Subdivision Phase 1,319.43
2021-09-15,U-202467,Christian Fernandez,Nasi,R2-Z,121.5,Locational Clearance,Bank Financing Requirement,12603.23
2021-09-20,U-731796,Rosario Holdings Inc.,Alupay,I1-Z,2337.26,Locational Clearance,Environmental Compliance,4085.56
2021-09-21,U-182373,Angel Lopez,Colongan,,,Locational Clearance,Land Title Verification,8946.94
2021-09-23,U-088096,Sofia Mendoza,San Roque,R1-Z,329.95,Locational Clearance,Residential Construction,8196.37
2021-09-24,U-458528,Luzon Integrated Commercial Center,Nasi,R2-Z,204.89,Locational Clearance,Bank Financing Requirement,7523.38
2021-09-24,U-189723,Danilo Ramos,Poblacion A,R1-Z,177.6,Locational Clearance,Subdivision Phase 1,9293.06
2021-09-24,U-235554,Southern Luzon Commercial Center,Colongan,GI-Z,2405.81,Locational Clearance,Industrial Park Expansion,20955.68
2021-09-27,U-082987,Batangas Gold Enterprises,San Isidro,,,Locational Clearance,Bank Financing Requirement,11533.32
2021-09-27,U-436846,Benjamin Bautista,Alupay,AgIndZ,5361.59,Locational Clearance,Industrial Park Expansion,11145.94
2021-09-27,U-901281,Christian Dimaculangan,Santa Cruz,R2-Z,110.77,Locational Clearance,Bank Financing Requirement,2896.63
2021-09-27,U-812863,Batangas Gold Trading Corp.,Alupay,I1-Z,4198.49,Locational Clearance,Industrial Park Expansion,12177.31
2021-09-28,U-509895,Corazon Mendoza,Quilib,GI-Z,2910.95,Locational Clearance,Warehouse/Factory Construction,3427.26
2021-09-29,U-142385,Daniel Garcia,San Roque,R2-Z,206.8,Locational Clearance,Subdivision Phase 1,17692.76
2021-09-29,U-015350,Agri-Ventures Commercial Center,Quilib,R1-Z,188.13,Locational Clearance,Subdivision Phase 1,17323.26
2021-09-29,U-530304,David Gonzales,San Carlos,AgIndZ-PTR,2493.66,Locational Clearance,Residential Construction,12695.23
2021-09-29,U-596924,Luzon Integrated Commercial Center,Tulos,,,Zoning Certificate,Subdivision Phase 1,482.91
2021-10-01,U-737698,Luz Comia,Namuco,CMRF,682.82,Locational Clearance,Facility/Structure Construction,18301.27
2021-10-01,U-324673,Mark Fernandez,Santa Cruz,R1-Z,107.14,Locational Clearance,Residential Construction,20336.56
2021-10-01,U-536432,Prime Farms Corp.,Pinagsibaan,UTS-Z,2067.57,Zoning Certificate,General Property Clearance,299.21
2021-10-05,U-889887,Luz Torres,Tiquiwan,AgIndZ,5828.03,Locational Clearance,Environmental Compliance,2246.01
2021-10-06,U-177673,Victoria Cruz,San Carlos,,,Locational Clearance,Industrial Park Expansion,6224.95
2021-10-06,U-015593,Danilo Dimaculangan,Poblacion C,C2-Z,753.08,Locational Clearance,Commercial Building Construction,13941.95
2021-10-07,U-896200,Agri-Ventures Trading Corp.,Salao,R2-Z,80.84,Locational Clearance,Bank Financing Requirement,4435.57
2021-10-07,U-235384,Grace Dimaculangan,San Roque,BR2-SZ,89.09,Locational Clearance,Subdivision Phase 1,13105.7
2021-10-07,U-550789,Daniel Ramos,Calantas,,,Zoning Certificate,Bank Financing Requirement,363.03
2021-10-08,U-446781,Chloe Castillo,Pinagsibaan,,,Locational Clearance,Environmental Compliance,3753.0
2021-10-08,U-480381,Chloe Mercado,Santa Cruz,R1-Z,214.61,Locational Clearance,Subdivision Phase 1,21994.42
2021-10-08,U-611697,Danilo Comia,Quilib,BR2-SZ,123.14,Locational Clearance,Subdivision Phase 1,18177.25
2021-10-08,U-545709,Mark Perez,Mabato,THSP-SZ,4256.0,Locational Clearance,General Property Clearance,11934.35
2021-10-11,U-398006,Teresa Cruz,Baybayin,GI-Z,3311.04,Locational Clearance,Environmental Compliance,10113.46
2021-10-11,U-140843,Jose Bautista,Poblacion A,R1-Z,152.87,Locational Clearance,Residential Construction,14524.32
2021-10-11,U-567842,David Reyes,Poblacion C,R1-Z,315.62,Zoning Certificate,Bank Financing Requirement,409.63
2021-10-12,U-212196,Benjamin Mendoza,Macalamcam A,AgIndZ,6967.55,Locational Clearance,Warehouse/Factory Construction,17084.07
2021-10-12,U-625177,Grace Fernandez,San Roque,BR2-SZ,128.13,Zoning Certificate,Subdivision Phase 1,399.51
2021-10-12,U-142666,Corazon Ramos,Alupay,I2-Z,3448.59,Zoning Certificate,Environmental Compliance,337.22
2021-10-13,U-322056,Antonio Rodriguez,Namuco,,,Zoning Certificate,Industrial Park Expansion,418.24
2021-10-13,U-350414,Ramon Santos,Palakpak,PDA-SZ,17283.39,Zoning Certificate,Agribusiness Construction,348.3
2021-10-14,U-666216,Prime Commercial Center,Pinagsibaan,UTS-Z,2304.0,Locational Clearance,Site Development Permit,3714.54
2021-10-14,U-541117,Rosario Realty & Development,Marilag,R2-Z,165.47,Zoning Certificate,Subdivision Phase 1,432.27
2021-10-15,U-176537,Agri-Ventures Holdings Inc.,Poblacion E,R1-Z,277.01,Development Permit,Bank Financing Requirement,25601.64
2021-10-18,U-726480,Emmanuel Perez,Tulos,PDA-SZ,17611.38,Locational Clearance,Land Title Verification,6463.55
2021-10-18,U-985076,Angel Macalalad,San Roque,BR2-SZ,89.34,Locational Clearance,Bank Financing Requirement,8857.92
2021-10-18,U-938018,Sofia Dimaculangan,San Isidro,R1-Z,261.75,Locational Clearance,Residential Construction,21903.39
2021-10-19,U-231793,Rosario Trading Corp.,Poblacion B,MR2-SZ,165.57,Development Permit,Residential Construction,44873.83
2021-10-19,U-960754,Victoria Cruz,Namunga,R1-Z,216.24,Locational Clearance,Residential Construction,7714.8
2021-10-19,U-340139,Southern Luzon Commercial Center,Poblacion E,C1-Z,309.47,Locational Clearance,Commercial Complex Development,14645.76
2021-10-19,U-417895,Chloe Castillo,Tulos,FR-SZ,8394.08,Zoning Certificate,Residential Construction,462.28
2021-10-20,U-566436,Jose Sanchez,Bulihan,R2-Z,246.56,Locational Clearance,Subdivision Phase 1,5085.5
2021-10-21,U-083939,Prime Commercial Center,Pinagsibaan,UTS-Z,2678.3,Development Permit,Site Development Permit,73645.33
2021-10-21,U-888311,Ramon Torres,San Jose,C1-Z,406.04,Locational Clearance,Commercial Building Construction,10083.86
2021-10-21,U-236092,Teresa Torres,Alupay,UTS-Z,2919.56,Locational Clearance,Facility/Structure Construction,10521.5
2021-10-22,U-154571,Benjamin Fernandez,San Carlos,AgIndZ,3091.64,Locational Clearance,Environmental Compliance,7545.35
2021-10-25,U-235987,Mark Dimaculangan,Calantas,PDA-SZ,18097.33,Locational Clearance,Farm Development Permit,14974.88
2021-10-25,U-104127,Daniel Garcia,Baybayin,PTA-SZ-RA,12359.49,Locational Clearance,Bank Financing Requirement,13760.1
2021-10-25,U-969430,Prime Realty & Development,Leviste,R1-Z,236.57,Locational Clearance,Subdivision Phase 1,3807.97
2021-10-26,U-204378,Antonio Alday,Macalamcam A,C1-Z,163.08,Development Permit,Business Permit Requirement,83244.89
2021-10-26,U-524400,Angel Gonzales,San Carlos,AgIndZ-PTR,6980.57,Locational Clearance,Subdivision Phase 1,11605.15
2021-10-27,U-158890,Mark Garcia,Alupay,AgIndZ,5608.55,Locational Clearance,Industrial Park Expansion,11319.08
2021-10-27,U-237458,Rosario Logistics Inc.,Macalamcam B,R1-Z,148.0,Zoning Certificate,Subdivision Phase 1,498.19
2021-10-27,U-493786,Corazon Castillo,San Carlos,AgIndZ-PGR,3617.18,Zoning Certificate,Subdivision Phase 1,492.07
2021-10-28,U-473142,Emmanuel Lopez,Namuco,I1-Z,3160.11,Locational Clearance,Environmental Compliance,17939.44
2021-10-28,U-810525,Batangas Commercial Center,Namunga,R1-Z,348.67,Zoning Certificate,Bank Financing Requirement,270.18
2021-10-29,U-168629,Luzon Integrated Commercial Center,Tulos,,,Locational Clearance,Bank Financing Requirement,12401.85
2021-10-29,U-332242,Emmanuel Alday,Mabunga,PDA-SZ,13916.12,Locational Clearance,Land Title Verification,18681.63
2021-11-02,U-685227,Maria Santos,San Isidro,R2-Z,249.79,Zoning Certificate,Subdivision Phase 1,359.96
2021-11-03,U-662183,Daniel Bautista,Quilib,C1-Z,372.66,Locational Clearance,Commercial Complex Development,12326.82
2021-11-03,U-647849,Emmanuel Perez,Namuco,I2-Z,2457.33,Locational Clearance,Environmental Compliance,12183.9
2021-11-03,U-114208,Christian Torres,Bagong Pook,R1-Z,208.06,Zoning Certificate,Residential Construction,301.04
2021-11-04,U-083862,Mark Lopez,Tulos,PDA-SZ,16671.34,Locational Clearance,Agribusiness Construction,6074.49
2021-11-04,U-534482,Maria Lopez,Quilib,,,Zoning Certificate,Subdivision Phase 1,287.34
2021-11-05,U-240388,Ramon Garcia,Tulos,5491-APDA-SZ,1257.83,Locational Clearance,Farm Development Permit,5907.05
2021-11-05,U-287181,Southern Luzon Logistics Inc.,Calantas,5491-APDA-SZ,3303.97,Locational Clearance,Land Title Verification,12633.51
2021-11-08,U-919659,Mark Macalalad,Balibago,,,Zoning Certificate,Bank Financing Requirement,485.71
2021-11-09,U-437537,Prime Farms Corp.,Poblacion E,MR2-SZ,105.64,Development Permit,Residential Construction,26584.91
2021-11-09,U-669214,Jose Reyes,Bagong Pook,R2-Z,214.79,Locational Clearance,Bank Financing Requirement,19587.82
2021-11-09,U-320684,Benjamin Cruz,Santa Cruz,R2-Z,101.76,Locational Clearance,Subdivision Phase 1,4720.08
2021-11-09,U-008533,Ramon Cruz,Itlugan,R2-Z,144.41,Locational Clearance,Bank Financing Requirement,8646.95
2021-11-09,U-551026,Victoria Dimaculangan,Alupay,AgIndZ-PTR,2670.3,Locational Clearance,Residential Construction,9686.02
2021-11-09,U-208148,Batangas Commercial Center,Poblacion A,R1-Z,187.01,Zoning Certificate,Residential Construction,293.61
2021-11-10,U-145110,Rosario Commercial Center,Putingkahoy,ECT-Z,7796.76,Development Permit,Business Permit Requirement,122545.04
2021-11-10,U-846424,Prime Farms Corp.,Bayawang,AgIndZ,2473.35,Development Permit,Warehouse/Factory Construction,78967.84
2021-11-10,U-264801,Luzon Integrated Realty & Development,Poblacion E,R1-Z,248.01,Locational Clearance,Subdivision Phase 1,7370.11
2021-11-10,U-817253,Teresa Garcia,Palakpak,R1-Z,134.61,Locational Clearance,Residential Construction,17888.11
2021-11-11,U-953460,Grace Castillo,Balibago,R1-Z,235.99,Locational Clearance,Subdivision Phase 1,17902.26
2021-11-12,U-638564,Grace Fernandez,Putingkahoy,PTA-SZ-RA,10387.2,Locational Clearance,Subdivision Phase 1,5824.7
2021-11-12,U-532876,Benjamin Rodriguez,San Roque,R2-Z,233.05,Locational Clearance,Residential Construction,11171.68
2021-11-12,U-570372,Rosario Logistics Inc.,Masaya,AgIndZ,2457.72,Zoning Certificate,Industrial Park Expansion,342.43
2021-11-12,U-136772,Chloe Reyes,Baybayin,PDA-SZ,3719.01,Zoning Certificate,Land Title Verification,418.04
2021-11-15,U-719200,Rosario Holdings Inc.,Leviste,R2-Z,107.59,Locational Clearance,Subdivision Phase 1,6094.97
2021-11-15,U-649839,Antonio Mercado,Quilib,R2-Z,230.98,Locational Clearance,Subdivision Phase 1,14950.53
2021-11-15,U-286297,Angel Castillo,Mabunga,PTA-SZ-RA,14588.51,Locational Clearance,Subdivision Phase 1,11998.94
2021-11-16,U-411466,Danilo Torres,San Carlos,UTS-Z,1923.23,Zoning Certificate,General Property Clearance,345.26
2021-11-16,U-644967,Ramon Mercado,Santa Cruz,R2-Z,130.41,Zoning Certificate,Bank Financing Requirement,270.5
2021-11-17,U-094915,Corazon Alday,Quilib,R2-Z,87.5,Locational Clearance,Bank Financing Requirement,13967.03
2021-11-18,U-410592,Emmanuel Cruz,Maalas-As,C1-Z,224.12,Locational Clearance,Commercial Building Construction,11404.58
2021-11-18,U-720501,Rosario Holdings Inc.,San Isidro,PTA-SZ-RA,17590.42,Zoning Certificate,Subdivision Phase 1,254.76
2021-11-19,U-956373,Antonio Rodriguez,Namuco,,,Locational Clearance,Industrial Park Expansion,14691.33
2021-11-19,U-917428,Southern Luzon Logistics Inc.,Masaya,R1-Z,269.42,Locational Clearance,Subdivision Phase 1,13482.85
2021-11-19,U-848072,Teresa Reyes,Nasi,R1-Z,225.66,Locational Clearance,Bank Financing Requirement,7759.41
2021-11-19,U-166381,Angel Gonzales,San Ignacio,R1-Z,287.91,Locational Clearance,Subdivision Phase 1,17241.11
2021-11-22,U-369587,Southern Luzon Farms Corp.,Masaya,R2-Z,98.35,Locational Clearance,Bank Financing Requirement,20494.49
2021-11-22,U-477155,Chloe Gonzales,Poblacion B,R1-Z,136.58,Locational Clearance,Subdivision Phase 1,21107.46
2021-11-22,U-077678,Juan Lopez,Balibago,,,Zoning Certificate,Residential Construction,396.69
2021-11-23,U-753870,Juan Mendoza,Alupay,AgIndZ,6949.3,Locational Clearance,Warehouse/Factory Construction,20778.58
2021-11-23,U-461374,Mark Dimaculangan,San Roque,C1-Z,250.56,Locational Clearance,Commercial Building Construction,15960.05
2021-11-24,U-657338,Emmanuel Rodriguez,Baybayin,R2-Z,239.16,Locational Clearance,Residential Construction,8823.46
2021-11-24,U-100466,Christian Macalalad,Mayuro,R1-Z,170.29,Zoning Certificate,Residential Construction,275.19
2021-11-25,U-279525,Chloe Santos,Maligaya,PDA-SZ,6859.69,Locational Clearance,Land Title Verification,11345.07
2021-11-25,U-253846,Angel Sanchez,Itlugan,GI-Z,974.11,Locational Clearance,Warehouse/Factory Construction,4157.46
2021-11-25,U-687223,Batangas Gold Realty & Development,Bagong Pook,,,Zoning Certificate,Residential Construction,399.02
2021-11-26,U-844014,Luzon Integrated Commercial Center,Poblacion A,C1-Z,253.85,Development Permit,Commercial Building Construction,69684.36
2021-11-26,U-792879,Ramon Santos,Matamis,R2-Z,207.23,Locational Clearance,Residential Construction,3791.26
2021-11-29,U-787008,Mark Castillo,Matamis,PDA-SZ,6243.25,Locational Clearance,Agribusiness Construction,17708.24
2021-11-29,U-559164,Batangas Gold Enterprises,Masaya,C1-Z,352.34,Locational Clearance,Commercial Building Construction,15192.81
2021-11-29,U-411340,Ramon Macalalad,Mavalor,R1-Z,109.76,Locational Clearance,Bank Financing Requirement,13241.5
2021-12-01,U-541430,Teresa Sanchez,Matamis,R2-Z,142.28,Locational Clearance,Residential Construction,3231.81
2021-12-02,U-630454,Batangas Gold Enterprises,Natu,R1-Z,344.26,Locational Clearance,Bank Financing Requirement,4835.03
2021-12-02,U-707770,Corazon Lopez,Santa Cruz,R2-Z,223.86,Locational Clearance,Subdivision Phase 1,12972.73
2021-12-02,U-521454,Teresa Rodriguez,Cahigam,C1-Z,410.2,Locational Clearance,Commercial Complex Development,14082.0
2021-12-06,U-382250,Maria Lopez,Quilib,,,Locational Clearance,Subdivision Phase 1,14694.57
2021-12-06,U-889690,Juan Garcia,San Carlos,I1-Z,3963.62,Locational Clearance,Warehouse/Factory Construction,11241.1
2021-12-07,U-118350,Luz Alday,Baybayin,R1-Z,185.77,Locational Clearance,Bank Financing Requirement,3362.02
2021-12-07,U-633575,Southern Luzon Enterprises,Alupay,UTS-Z,936.43,Locational Clearance,Facility/Structure Construction,5384.14
2021-12-07,U-328799,Christian Macalalad,Pinagsibaan,,,Zoning Certificate,Environmental Compliance,268.64
2021-12-07,U-009193,Mark Fernandez,Namunga,R2-Z,107.33,Zoning Certificate,Residential Construction,341.58
2021-12-09,U-603132,Emmanuel Comia,Tulos,ECT-Z,6813.74,Locational Clearance,Business Permit Requirement,6203.3
2021-12-09,U-057780,Prime Enterprises,Namunga,R2-Z,152.15,Locational Clearance,Subdivision Phase 1,14318.85
2021-12-09,U-150044,Jose Fernandez,San Roque,R1-Z,266.25,Zoning Certificate,Subdivision Phase 1,305.42
2021-12-10,U-193130,David Sanchez,Marilag,R1-Z,167.84,Locational Clearance,Bank Financing Requirement,21058.69
2021-12-13,U-377247,Emmanuel Garcia,Mayuro,,,Zoning Certificate,Bank Financing Requirement,277.29
2021-12-14,U-878101,Teresa Mercado,Maligaya,R2-Z,142.57,Locational Clearance,Subdivision Phase 1,14621.46
2021-12-14,U-723119,Luz Cruz,Calantas,PDA-SZ,5171.49,Locational Clearance,Farm Development Permit,7600.87
2021-12-14,U-510780,Jose Santos,Baybayin,R1-Z,311.23,Zoning Certificate,Bank Financing Requirement,379.46
2021-12-15,U-744361,Corazon Reyes,Poblacion A,MR2-SZ,151.15,Locational Clearance,Subdivision Phase 1,10487.77
2021-12-15,U-265797,Grace Mercado,Alupay,I3-Z,8782.98,Locational Clearance,Environmental Compliance,5967.07
2021-12-16,U-179228,Juan Reyes,Santa Cruz,C1-Z,410.52,Locational Clearance,Commercial Complex Development,20127.77
2021-12-20,U-299748,Teresa Santos,Poblacion E,C1-Z,448.56,Locational Clearance,Commercial Building Construction,17807.41
2021-12-20,U-619272,Daniel Santos,Poblacion B,MR2-SZ,186.38,Locational Clearance,Subdivision Phase 1,9020.65
2021-12-21,U-176475,Corazon Bautista,Tulos,FZ,17122.95,Locational Clearance,Facility/Structure Construction,6484.61
2021-12-22,U-790941,Sofia Torres,Alupay,AgIndZ-PGR,4412.28,Locational Clearance,Subdivision Phase 1,9748.85
2021-12-23,U-853325,Mark Macalalad,Balibago,,,Locational Clearance,Residential Construction,7576.36
2021-12-24,U-597122,Angel Sanchez,Santa Cruz,BR2-SZ,110.05,Locational Clearance,Residential Construction,16788.53
2021-12-24,U-202116,Mark Mercado,San Carlos,,,Zoning Certificate,Warehouse/Factory Construction,404.07
2021-12-27,U-001777,Danilo Torres,Alupay,I2-Z,4091.02,Locational Clearance,Warehouse/Factory Construction,2587.1
2021-12-27,U-256263,David Sanchez,Antipolo,,,Zoning Certificate,Land Title Verification,371.94
2021-12-28,U-717156,Rosario Realty & Development,Namunga,T-Z,3854.03,Locational Clearance,General Property Clearance,20468.53
2021-12-29,U-863687,David Mercado,Balibago,R2-Z,165.55,Locational Clearance,Residential Construction,2545.05
2021-12-29,U-533419,Southern Luzon Holdings Inc.,Poblacion E,R1-Z,308.11,Locational Clearance,Subdivision Phase 1,14192.34
2021-12-29,U-645992,Victoria Perez,Poblacion A,C2-Z,367.95,Zoning Certificate,Commercial Building Construction,348.05
2021-12-31,U-097918,Grace Rodriguez,San Isidro,R1-Z,154.42,Locational Clearance,Subdivision Phase 1,5672.22
2021-12-31,U-335913,David Alday,Alupay,I3-Z,4502.57,Locational Clearance,Environmental Compliance,13754.56
2022-01-03,U-908833,Emmanuel Gonzales,Poblacion E,C2-Z,244.8,Locational Clearance,Business Permit Requirement,16132.51
2022-01-03,U-087991,Batangas Gold Enterprises,San Ignacio,,,Zoning Certificate,Facility/Structure Construction,458.7
2022-01-03,U-943404,Batangas Logistics Inc.,Bagong Pook,,,Zoning Certificate,Subdivision Phase 1,437.29
2022-01-03,U-232383,Christian Bautista,San Roque,R2-Z,150.93,Zoning Certificate,Residential Construction,495.26
2022-01-03,U-025463,Danilo Rodriguez,Alupay,UTS-Z,738.21,Zoning Certificate,General Property Clearance,354.48
2022-01-03,U-256541,Maria Comia,Calantas,PTA-SZ-RA,3246.27,Zoning Certificate,Subdivision Phase 1,387.07
2022-01-03,U-256170,Luz Santos,Pinagsibaan,AgIndZ-PGR,2448.82,Zoning Certificate,Bank Financing Requirement,251.05
2022-01-04,U-818097,Daniel Mercado,Poblacion A,C1-Z,190.62,Locational Clearance,Business Permit Requirement,16985.82
2022-01-04,U-226579,Chloe Mercado,Bagong Pook,R1-Z,339.99,Locational Clearance,Subdivision Phase 1,5219.16
2022-01-04,U-331756,Angel Alday,Baybayin,R1-Z,176.81,Locational Clearance,Subdivision Phase 1,13651.35
2022-01-04,U-970009,Sofia Lopez,Mabunga,,,Zoning Certificate,Residential Construction,361.7
2022-01-04,U-242566,Luzon Integrated Trading Corp.,Quilib,,,Zoning Certificate,Residential Construction,334.27
2022-01-04,U-309821,Prime Trading Corp.,Poblacion C,R1-Z,329.04,Zoning Certificate,Residential Construction,359.75
2022-01-05,U-779311,Angel Bautista,Pinagsibaan,I1-Z,2446.31,Locational Clearance,Industrial Park Expansion,21191.7
2022-01-05,U-602799,Corazon Bautista,Alupay,AgIndZ,7912.75,Locational Clearance,Warehouse/Factory Construction,18295.68
2022-01-05,U-349757,Luzon Integrated Trading Corp.,Santa Cruz,,,Zoning Certificate,Subdivision Phase 1,398.92
2022-01-05,U-916293,David Santos,Santa Cruz,,,Zoning Certificate,Bank Financing Requirement,479.36
2022-01-05,U-972989,Teresa Santos,Cahigam,PDA-SZ,19750.93,Zoning Certificate,Agribusiness Construction,305.14
2022-01-05,U-092209,Ramon Comia,Quilib,BR2-SZ,123.82,Zoning Certificate,Residential Construction,359.83
2022-01-05,U-506830,Benjamin Mercado,Leviste,R1-Z,302.9,Zoning Certificate,Bank Financing Requirement,435.26
2022-01-05,U-545680,Southern Luzon Commercial Center,Baybayin,R1-Z,323.7,Zoning Certificate,Subdivision Phase 1,309.7
2022-01-06,U-393475,Teresa Macalalad,Mabato,THSP-SZ,7452.26,Locational Clearance,General Property Clearance,9091.36
2022-01-06,U-062943,Ramon Sanchez,Masaya,R2-Z,206.27,Locational Clearance,Residential Construction,15119.18
2022-01-06,U-961681,Corazon Mendoza,Natu,,,Zoning Certificate,Subdivision Phase 1,499.81
2022-01-06,U-241474,Christian Castillo,Salao,PTA-SZ-RA,16978.46,Zoning Certificate,Residential Construction,425.85
2022-01-06,U-814870,Benjamin Comia,Bayawang,I3-Z,7272.81,Zoning Certificate,Environmental Compliance,319.46
2022-01-06,U-169932,Prime Farms Corp.,Santa Cruz,R2-Z,145.64,Zoning Certificate,Subdivision Phase 1,332.29
2022-01-07,U-001166,Batangas Gold Realty & Development,Bagong Pook,,,Locational Clearance,Residential Construction,6216.16
2022-01-07,U-506155,Danilo Garcia,Bagong Pook,R1-Z,303.67,Locational Clearance,Subdivision Phase 1,21389.23
2022-01-07,U-005562,Maria Perez,Palakpak,R1-Z,221.09,Locational Clearance,Residential Construction,15661.94
2022-01-07,U-690764,Ramon Perez,Namuco,,,Zoning Certificate,Environmental Compliance,486.73
2022-01-07,U-445016,Emmanuel Comia,Alupay,,,Zoning Certificate,Farm Development Permit,405.37
2022-01-07,U-573838,Angel Bautista,Pinagsibaan,PDA-SZ,5027.6,Zoning Certificate,Agribusiness Construction,451.99
2022-01-07,U-156035,Juan Gonzales,Alupay,AgIndZ-PTR,3169.89,Zoning Certificate,Residential Construction,323.89
2022-01-07,U-897144,Jose Torres,Baybayin,C1-Z,418.39,Zoning Certificate,Commercial Building Construction,440.52
2022-01-07,U-495345,Benjamin Macalalad,Calantas,PDA-SZ,14563.85,Zoning Certificate,Agribusiness Construction,383.71
2022-01-10,U-548305,Prime Trading Corp.,Bagong Pook,R1-Z,309.71,Development Permit,Residential Construction,39415.89
2022-01-10,U-920002,Agri-Ventures Logistics Inc.,Poblacion C,R1-Z,219.23,Development Permit,Bank Financing Requirement,111335.86
2022-01-10,U-351352,Angel Alday,Bayawang,CMRF,1767.77,Locational Clearance,Facility/Structure Construction,21517.42
2022-01-10,U-990052,Danilo Fernandez,San Carlos,,,Zoning Certificate,Warehouse/Factory Construction,291.89
2022-01-10,U-111548,Batangas Trading Corp.,Balibago,,,Zoning Certificate,Subdivision Phase 1,268.8
2022-01-10,U-354406,Christian Garcia,Pinagsibaan,I2-Z,4635.98,Zoning Certificate,Warehouse/Factory Construction,412.12
2022-01-10,U-120047,Antonio Rodriguez,Leviste,PTA-SZ-RA,19760.98,Zoning Certificate,Residential Construction,496.45
2022-01-11,U-588580,Juan Ramos,Quilib,,,Zoning Certificate,Bank Financing Requirement,442.51
2022-01-11,U-609582,Corazon Santos,Alupay,I2-Z,6542.31,Zoning Certificate,Warehouse/Factory Construction,370.32
2022-01-11,U-820093,Chloe Garcia,Mabato,5491-APDA-SZ,3753.26,Zoning Certificate,Land Title Verification,348.07
2022-01-11,U-633084,Teresa Perez,Matamis,PTA-SZ-RA,3362.0,Zoning Certificate,Bank Financing Requirement,344.6
2022-01-11,U-026800,Victoria Torres,Calantas,5491-APDA-SZ,4515.83,Zoning Certificate,Farm Development Permit,252.8
2022-01-11,U-650309,Southern Luzon Trading Corp.,Palakpak,R2-Z,148.3,Zoning Certificate,Subdivision Phase 1,403.82
2022-01-12,U-600110,Luzon Integrated Trading Corp.,Quilib,R1-Z,221.63,Locational Clearance,Subdivision Phase 1,15332.93
2022-01-12,U-858527,Luz Castillo,Bagong Pook,T-Z,4263.13,Locational Clearance,Facility/Structure Construction,6286.47
2022-01-12,U-410220,Rosario Commercial Center,Poblacion A,MR2-SZ,141.44,Locational Clearance,Bank Financing Requirement,15984.07
2022-01-12,U-713360,Jose Cruz,Poblacion E,R1-Z,286.81,Locational Clearance,Subdivision Phase 1,14483.79
2022-01-12,U-002568,Danilo Mercado,Bagong Pook,,,Zoning Certificate,Commercial Complex Development,375.63
2022-01-12,U-477638,Ramon Reyes,Tulos,,,Zoning Certificate,Commercial Complex Development,477.04
2022-01-12,U-786895,Corazon Dimaculangan,Santa Cruz,R1-Z,197.05,Zoning Certificate,Residential Construction,479.86
2022-01-12,U-966861,Mark Mendoza,Poblacion D,C2-Z,401.38,Zoning Certificate,Commercial Building Construction,432.96
2022-01-12,U-520028,Ramon Garcia,Pinagsibaan,AgIndZ,5495.88,Zoning Certificate,Environmental Compliance,285.75
2022-01-13,U-198148,Southern Luzon Holdings Inc.,Bagong Pook,BR2-SZ,152.89,Development Permit,Bank Financing Requirement,70857.98
2022-01-13,U-503628,Daniel Ramos,Calantas,,,Locational Clearance,Subdivision Phase 1,8845.11
2022-01-13,U-499896,Batangas Commercial Center,Mavalor,R2-Z,193.95,Locational Clearance,Subdivision Phase 1,16366.74
2022-01-13,U-623338,Emmanuel Mendoza,Balibago,,,Zoning Certificate,Land Title Verification,270.7
2022-01-13,U-284962,Luzon Integrated Holdings Inc.,Colongan,,,Zoning Certificate,Bank Financing Requirement,430.03
2022-01-13,U-810360,Jose Gonzales,Macalamcam A,,,Zoning Certificate,Subdivision Phase 1,435.45
2022-01-13,U-155202,Jose Mendoza,Pinagsibaan,I3-Z,4307.68,Zoning Certificate,Environmental Compliance,483.37
2022-01-13,U-086343,Victoria Perez,Santa Cruz,R1-Z,327.25,Zoning Certificate,Subdivision Phase 1,255.0
2022-01-13,U-645882,Luzon Integrated Enterprises,Putingkahoy,PTA-SZ-RA,12573.06,Zoning Certificate,Bank Financing Requirement,276.45
2022-01-14,U-317646,Daniel Torres,Santa Cruz,R2-Z,96.96,Locational Clearance,Subdivision Phase 1,12563.79
2022-01-14,U-252017,Luz Mercado,Santa Cruz,,,Zoning Certificate,Residential Construction,420.99
2022-01-14,U-000276,Batangas Gold Holdings Inc.,Tulos,PTA-SZ-RA,11226.13,Zoning Certificate,Residential Construction,329.08
2022-01-14,U-185880,Victoria Macalalad,Poblacion C,R1-Z,188.6,Zoning Certificate,Subdivision Phase 1,343.5
2022-01-14,U-937516,Christian Sanchez,San Roque,AgIndZ,3555.62,Zoning Certificate,Environmental Compliance,419.9
2022-01-14,U-272051,Sofia Ramos,Alupay,I3-Z,4800.25,Zoning Certificate,Environmental Compliance,316.55
2022-01-17,U-592949,Rosario Realty & Development,Antipolo,R2-Z,86.78,Locational Clearance,Residential Construction,19492.16
2022-01-17,U-998734,Luzon Integrated Realty & Development,Itlugan,,,Zoning Certificate,Subdivision Phase 1,413.42
2022-01-17,U-476292,Christian Alday,Namuco,,,Zoning Certificate,Facility/Structure Construction,421.43
2022-01-17,U-855022,David Alday,Mabunga,R1-Z,335.81,Zoning Certificate,Bank Financing Requirement,391.12
2022-01-17,U-153620,Christian Mercado,Alupay,I2-Z,2843.44,Zoning Certificate,Environmental Compliance,458.04
2022-01-18,U-993807,Angel Rodriguez,Alupay,,,Zoning Certificate,Environmental Compliance,415.08
2022-01-18,U-508360,Grace Bautista,Calantas,,,Zoning Certificate,Subdivision Phase 1,382.8
2022-01-18,U-027788,David Mendoza,Putingkahoy,,,Zoning Certificate,Bank Financing Requirement,414.16
2022-01-18,U-042221,Jose Mercado,Pinagsibaan,,,Zoning Certificate,Environmental Compliance,346.78
2022-01-18,U-289971,Grace Ramos,Poblacion A,R2-Z,248.25,Zoning Certificate,Bank Financing Requirement,493.66
2022-01-18,U-991584,Danilo Rodriguez,Santa Cruz,R2-Z,193.34,Zoning Certificate,Subdivision Phase 1,352.19
2022-01-18,U-074953,Angel Garcia,Alupay,AgIndZ,3834.93,Zoning Certificate,Warehouse/Factory Construction,296.07
2022-01-19,U-845096,Rosario Farms Corp.,Marilag,C1-Z,423.57,Development Permit,Commercial Complex Development,94772.7
2022-01-19,U-614602,Christian Macalalad,Pinagsibaan,,,Locational Clearance,Industrial Park Expansion,7388.9
2022-01-19,U-907755,Benjamin Alday,Bagong Pook,,,Zoning Certificate,Residential Construction,277.91
2022-01-20,U-034730,Luzon Integrated Farms Corp.,Quilib,R2-Z,127.52,Locational Clearance,Subdivision Phase 1,4387.89
2022-01-20,U-908220,Luz Mendoza,Pinagsibaan,I2-Z,4327.8,Zoning Certificate,Warehouse/Factory Construction,295.91
2022-01-20,U-785718,Ramon Ramos,Namuco,AgIndZ,4381.19,Zoning Certificate,Industrial Park Expansion,251.72
2022-01-20,U-549149,Rosario Trading Corp.,Macalamcam A,R1-Z,262.41,Zoning Certificate,Subdivision Phase 1,424.43
2022-01-20,U-698437,Ramon Santos,Alupay,CMRF,1671.15,Zoning Certificate,Site Development Permit,497.93
2022-01-20,U-412123,Luzon Integrated Farms Corp.,San Isidro,R2-Z,241.83,Zoning Certificate,Subdivision Phase 1,399.4
2022-01-20,U-473981,Batangas Gold Realty & Development,Santa Cruz,C1-Z,390.56,Zoning Certificate,Business Permit Requirement,468.61
2022-01-20,U-762156,Ramon Dimaculangan,Baybayin,R1-Z,189.64,Zoning Certificate,Residential Construction,303.81
2022-01-20,U-317176,Danilo Bautista,San Isidro,R1-Z,175.14,Zoning Certificate,Residential Construction,452.5
2022-01-21,U-143107,Batangas Gold Enterprises,Cahigam,PDA-SZ,8303.32,Development Permit,Farm Development Permit,113903.08
2022-01-21,U-424636,Teresa Garcia,Mabato,,,Zoning Certificate,Agribusiness Construction,487.64
2022-01-21,U-006985,David Alday,San Roque,R1-Z,195.92,Zoning Certificate,Bank Financing Requirement,417.55
2022-01-21,U-058306,Luzon Integrated Commercial Center,Santa Cruz,R1-Z,330.13,Zoning Certificate,Subdivision Phase 1,393.11
2022-01-21,U-363046,Danilo Macalalad,Bulihan,AgIndZ,7184.05,Zoning Certificate,Industrial Park Expansion,411.15
2022-01-21,U-262933,Maria Alday,Leviste,R1-Z,255.36,Zoning Certificate,Subdivision Phase 1,345.32
2022-01-21,U-515565,Christian Cruz,Tulos,FZ,19112.14,Zoning Certificate,General Property Clearance,497.47
2022-01-21,U-571715,Rosario Enterprises,Mabunga,R1-Z,262.72,Zoning Certificate,Subdivision Phase 1,306.38
2022-01-21,U-432317,Jose Mercado,Mabato,5491-APDA-SZ,2884.03,Zoning Certificate,Land Title Verification,272.14
2022-01-24,U-258445,Emmanuel Garcia,Mayuro,,,Locational Clearance,Bank Financing Requirement,12931.03
2022-01-24,U-115521,Maria Ramos,Alupay,I1-Z,3929.48,Locational Clearance,Warehouse/Factory Construction,17971.41
2022-01-24,U-548626,Luz Cruz,Poblacion D,,,Zoning Certificate,Residential Construction,436.12
2022-01-24,U-072761,Grace Reyes,Tulos,PTA-SZ-RA,18077.65,Zoning Certificate,Bank Financing Requirement,346.66
2022-01-24,U-808275,Benjamin Perez,Santa Cruz,R2-Z,220.82,Zoning Certificate,Bank Financing Requirement,303.36
2022-01-24,U-380008,Angel Fernandez,Bagong Pook,R2-Z,182.51,Zoning Certificate,Residential Construction,321.07
2022-01-25,U-755374,Juan Garcia,Bagong Pook,R1-Z,184.99,Locational Clearance,Residential Construction,1948.68
2022-01-25,U-610500,Daniel Macalalad,Bagong Pook,BR2-SZ,65.05,Locational Clearance,Subdivision Phase 1,16595.31
2022-01-25,U-529587,Victoria Alday,Macalamcam B,,,Zoning Certificate,Bank Financing Requirement,444.15
2022-01-25,U-410442,Benjamin Cruz,San Carlos,,,Zoning Certificate,Industrial Park Expansion,387.81
2022-01-25,U-861060,Maria Bautista,Quilib,R1-Z,247.04,Zoning Certificate,Residential Construction,264.98
2022-01-25,U-262351,Daniel Macalalad,San Carlos,AgIndZ,2782.42,Zoning Certificate,Environmental Compliance,304.93
2022-01-25,U-835329,Mark Reyes,Mabunga,R1-Z,285.08,Zoning Certificate,Bank Financing Requirement,441.57
2022-01-25,U-684670,Mark Perez,Palakpak,PDA-SZ,12028.73,Zoning Certificate,Land Title Verification,497.16
2022-01-26,U-695939,Victoria Gonzales,Namuco,I1-Z,2585.07,Locational Clearance,Industrial Park Expansion,3685.38
2022-01-26,U-381746,Jose Dimaculangan,Baybayin,,,Zoning Certificate,Business Permit Requirement,390.57
2022-01-26,U-059150,Benjamin Mendoza,Pinagsibaan,,,Zoning Certificate,Facility/Structure Construction,484.25
2022-01-26,U-144452,Chloe Sanchez,Poblacion E,MR2-SZ,196.66,Zoning Certificate,Residential Construction,484.04
2022-01-26,U-569496,Prime Farms Corp.,Mavalor,C/MP-Z,2896.77,Zoning Certificate,Commercial Building Construction,283.53
2022-01-26,U-782951,Juan Torres,Namuco,I2-Z,7216.47,Zoning Certificate,Warehouse/Factory Construction,272.59
2022-01-26,U-149167,Agri-Ventures Enterprises,San Isidro,R2-Z,199.51,Zoning Certificate,Subdivision Phase 1,368.05
2022-01-26,U-720166,Agri-Ventures Logistics Inc.,Poblacion A,C1-Z,433.07,Zoning Certificate,Business Permit Requirement,280.02
2022-01-26,U-846811,Agri-Ventures Enterprises,Alupay,AgIndZ,7804.26,Zoning Certificate,Environmental Compliance,299.03
2022-01-27,U-146079,Daniel Alday,Bagong Pook,BR2-SZ,112.01,Locational Clearance,Subdivision Phase 1,10627.41
2022-01-27,U-821990,Christian Ramos,Maalas-As,,,Zoning Certificate,Bank Financing Requirement,444.84
2022-01-27,U-433431,Agri-Ventures Commercial Center,Santa Cruz,R2-Z,151.79,Zoning Certificate,Subdivision Phase 1,275.94
2022-01-27,U-721421,Teresa Castillo,Matamis,R2-Z,174.72,Zoning Certificate,Subdivision Phase 1,446.01
2022-01-27,U-191442,Emmanuel Cruz,Bagong Pook,GI-Z,821.3,Zoning Certificate,Environmental Compliance,347.09
2022-01-27,U-843718,Luz Castillo,Baybayin,R1-Z,114.37,Zoning Certificate,Residential Construction,459.23
2022-01-28,U-246810,Agri-Ventures Realty & Development,Poblacion A,R1-Z,240.61,Development Permit,Residential Construction,44473.27
2022-01-28,U-000391,Agri-Ventures Trading Corp.,Tulos,5491-APDA-SZ,1519.99,Locational Clearance,Land Title Verification,17529.91
2022-01-28,U-775947,Juan Reyes,San Roque,R2-Z,155.59,Locational Clearance,Bank Financing Requirement,13302.5
2022-01-28,U-470915,Emmanuel Comia,Alupay,,,Zoning Certificate,Warehouse/Factory Construction,296.76
2022-01-28,U-292712,Ramon Perez,San Carlos,,,Zoning Certificate,Site Development Permit,292.57
2022-01-28,U-314769,Ramon Castillo,Balibago,,,Zoning Certificate,Warehouse/Factory Construction,263.36
2022-01-28,U-354590,Jose Comia,Namunga,R1-Z,327.46,Zoning Certificate,Residential Construction,438.74
2022-01-28,U-092217,Southern Luzon Farms Corp.,Alupay,I1-Z,2780.9,Zoning Certificate,Warehouse/Factory Construction,458.34
2022-01-31,U-713772,Agri-Ventures Enterprises,Balibago,R1-Z,329.49,Development Permit,Residential Construction,102374.27
2022-01-31,U-465931,Southern Luzon Holdings Inc.,Santa Cruz,R2-Z,194.55,Locational Clearance,Subdivision Phase 1,5663.48
2022-01-31,U-368371,Teresa Perez,Salao,R1-Z,272.04,Locational Clearance,Residential Construction,20382.98
2022-01-31,U-478118,Ramon Macalalad,Pinagsibaan,,,Zoning Certificate,Subdivision Phase 1,353.53
2022-01-31,U-167143,Grace Ramos,Tulos,,,Zoning Certificate,Agribusiness Construction,273.51
2022-01-31,U-387953,Antonio Castillo,Tulos,,,Zoning Certificate,Farm Development Permit,373.32
2022-01-31,U-826153,Grace Gonzales,Baybayin,R2-Z,238.5,Zoning Certificate,Bank Financing Requirement,409.28
2022-01-31,U-891449,Victoria Reyes,Namuco,UTS-Z,2697.3,Zoning Certificate,Facility/Structure Construction,295.26
2022-01-31,U-036396,Daniel Rodriguez,Pinagsibaan,I1-Z,2222.11,Zoning Certificate,Warehouse/Factory Construction,336.79
2022-01-31,U-765755,Daniel Lopez,Santa Cruz,R1-Z,330.64,Zoning Certificate,Bank Financing Requirement,274.3
2022-02-02,U-815080,Juan Lopez,Balibago,,,Locational Clearance,Bank Financing Requirement,3871.11
2022-02-02,U-079328,Danilo Bautista,Santa Cruz,R2-Z,103.16,Locational Clearance,Subdivision Phase 1,7179.22
2022-02-02,U-865745,Jose Bautista,Alupay,,,Zoning Certificate,Warehouse/Factory Construction,298.64
2022-02-02,U-661262,Antonio Dimaculangan,Putingkahoy,ECT-Z,2729.32,Zoning Certificate,Commercial Building Construction,470.82
2022-02-02,U-208855,Victoria Garcia,Alupay,I1-Z,4175.81,Zoning Certificate,Environmental Compliance,394.59
2022-02-02,U-464080,Daniel Ramos,Alupay,I1-Z,3972.16,Zoning Certificate,Warehouse/Factory Construction,397.33
2022-02-02,U-066476,David Mendoza,San Roque,BR2-SZ,68.03,Zoning Certificate,Bank Financing Requirement,420.17
2022-02-02,U-041829,Rosario Farms Corp.,Pinagsibaan,I2-Z,4395.94,Zoning Certificate,Industrial Park Expansion,303.43
2022-02-02,U-212526,Grace Alday,Itlugan,C1-Z,460.12,Zoning Certificate,Commercial Building Construction,257.38
2022-02-03,U-096878,Batangas Gold Enterprises,Balibago,PDA-SZ,14628.53,Development Permit,Land Title Verification,109114.79
2022-02-03,U-606518,Emmanuel Bautista,Timbugan,GI-Z,3648.32,Locational Clearance,Industrial Park Expansion,21955.14
2022-02-03,U-760128,Luz Lopez,Bulihan,R1-Z,309.55,Locational Clearance,Bank Financing Requirement,18643.28
2022-02-03,U-757729,David Reyes,Nasi,,,Zoning Certificate,Residential Construction,493.33
2022-02-03,U-339869,Daniel Reyes,Matamis,R2-Z,98.03,Zoning Certificate,Residential Construction,363.07
2022-02-03,U-903744,Juan Macalalad,Bagong Pook,R1-Z,335.88,Zoning Certificate,Residential Construction,363.76
2022-02-04,U-393369,Rosario Farms Corp.,San Isidro,PDA-SZ,17787.78,Locational Clearance,Agribusiness Construction,21949.72
2022-02-04,U-485900,Teresa Mercado,Maalas-As,,,Zoning Certificate,Business Permit Requirement,360.03
2022-02-04,U-110615,Daniel Garcia,Namunga,,,Zoning Certificate,Bank Financing Requirement,465.5
2022-02-04,U-785594,Juan Comia,Alupay,,,Zoning Certificate,Environmental Compliance,411.24
2022-02-07,U-934653,Luzon Integrated Realty & Development,Santa Cruz,C1-Z,493.54,Locational Clearance,Commercial Building Construction,15910.01
2022-02-07,U-904205,Victoria Castillo,Bagong Pook,,,Zoning Certificate,Bank Financing Requirement,423.97
2022-02-07,U-122884,Victoria Fernandez,Poblacion D,MR2-SZ,112.32,Zoning Certificate,Subdivision Phase 1,430.95
2022-02-07,U-663456,Mark Mercado,Poblacion B,R2-Z,187.23,Zoning Certificate,Residential Construction,487.38
2022-02-07,U-771026,Ramon Torres,Putingkahoy,PDA-SZ,3070.51,Zoning Certificate,Land Title Verification,278.55
2022-02-07,U-139521,Juan Castillo,Bagong Pook,BR2-SZ,137.49,Zoning Certificate,Subdivision Phase 1,442.08
2022-02-08,U-816210,Emmanuel Comia,Alupay,,,Locational Clearance,Land Title Verification,5746.97
2022-02-08,U-819587,Mark Comia,Namunga,BR2-SZ,173.17,Locational Clearance,Residential Construction,8029.37
2022-02-08,U-067493,Emmanuel Garcia,Pinagsibaan,,,Zoning Certificate,Facility/Structure Construction,470.11
2022-02-08,U-403848,Danilo Ramos,Poblacion A,,,Zoning Certificate,Residential Construction,304.73
2022-02-08,U-662237,Danilo Garcia,Pinagsibaan,I1-Z,2216.62,Zoning Certificate,Warehouse/Factory Construction,308.65
2022-02-08,U-521767,Daniel Reyes,Itlugan,R2-Z,163.23,Zoning Certificate,Residential Construction,462.96
2022-02-09,U-406146,Grace Gonzales,Balibago,R2-Z,141.8,Locational Clearance,Bank Financing Requirement,20837.63
2022-02-09,U-846053,Southern Luzon Enterprises,Baybayin,R1-Z,261.41,Zoning Certificate,Bank Financing Requirement,417.37
2022-02-09,U-963705,Daniel Fernandez,Alupay,UTS-Z,853.01,Zoning Certificate,General Property Clearance,297.14
2022-02-09,U-049444,Chloe Rodriguez,Pinagsibaan,AgIndZ,6011.68,Zoning Certificate,Environmental Compliance,380.88
2022-02-10,U-377235,Luz Mercado,Santa Cruz,,,Locational Clearance,Bank Financing Requirement,5780.95
2022-02-10,U-292337,Antonio Gonzales,Tiquiwan,R1-Z,165.61,Locational Clearance,Residential Construction,7028.89
2022-02-10,U-546336,Luz Torres,San Carlos,I2-Z,6947.51,Locational Clearance,Warehouse/Factory Construction,14741.39
2022-02-10,U-773706,Antonio Dimaculangan,Mayuro,,,Zoning Certificate,Farm Development Permit,290.01
2022-02-10,U-232311,Mark Torres,Tulos,,,Zoning Certificate,Commercial Complex Development,439.74
2022-02-10,U-838563,Luzon Integrated Enterprises,San Isidro,GI-Z,2341.32,Zoning Certificate,Environmental Compliance,432.2
2022-02-10,U-256190,Luzon Integrated Trading Corp.,Putingkahoy,5491-APDA-SZ,3642.25,Zoning Certificate,Land Title Verification,398.21
2022-02-10,U-275614,Grace Santos,Colongan,R2-Z,192.89,Zoning Certificate,Bank Financing Requirement,394.33
2022-02-11,U-043003,Batangas Gold Trading Corp.,Poblacion B,R1-Z,314.1,Development Permit,Residential Construction,115913.62
2022-02-11,U-698211,Rosario Commercial Center,Bagong Pook,,,Zoning Certificate,Commercial Complex Development,416.97
2022-02-11,U-639300,Chloe Macalalad,Antipolo,AgIndZ,3438.6,Zoning Certificate,Warehouse/Factory Construction,435.28
2022-02-11,U-481915,Teresa Cruz,Putingkahoy,5491-APDA-SZ,3466.23,Zoning Certificate,Agribusiness Construction,303.37
2022-02-11,U-578034,Victoria Rodriguez,San Isidro,R2-Z,114.63,Zoning Certificate,Bank Financing Requirement,298.92
2022-02-14,U-991522,Southern Luzon Logistics Inc.,San Carlos,AgIndZ,3985.5,Development Permit,Warehouse/Factory Construction,80625.96
2022-02-14,U-592267,Luzon Integrated Trading Corp.,Quilib,,,Locational Clearance,Bank Financing Requirement,14024.01
2022-02-14,U-015528,Jose Mercado,Pinagsibaan,,,Locational Clearance,Industrial Park Expansion,11481.43
2022-02-14,U-414928,Juan Gonzales,Baybayin,R2-Z,106.56,Locational Clearance,Subdivision Phase 1,11245.17
2022-02-14,U-568445,Daniel Lopez,Baybayin,,,Zoning Certificate,Residential Construction,340.19
2022-02-15,U-799251,Angel Rodriguez,Alupay,,,Locational Clearance,Warehouse/Factory Construction,2076.47
2022-02-15,U-627042,Batangas Gold Farms Corp.,Masaya,,,Zoning Certificate,Bank Financing Requirement,499.75
2022-02-15,U-068132,David Perez,Antipolo,R1-Z,258.43,Zoning Certificate,Residential Construction,261.88
2022-02-15,U-914508,Chloe Bautista,Poblacion A,R2-Z,188.17,Zoning Certificate,Subdivision Phase 1,255.9
2022-02-16,U-430890,Grace Ramos,Marilag,R1-Z,206.15,Locational Clearance,Bank Financing Requirement,9220.06
2022-02-16,U-131876,Prime Holdings Inc.,Antipolo,C1-Z,233.12,Locational Clearance,Business Permit Requirement,6425.88
2022-02-16,U-656906,Grace Garcia,Calantas,FZ,27020.86,Locational Clearance,Site Development Permit,9871.04
2022-02-16,U-999343,David Cruz,Alupay,CMRF,1309.12,Locational Clearance,Facility/Structure Construction,19594.76
2022-02-16,U-868506,Ramon Sanchez,Matamis,,,Zoning Certificate,Commercial Complex Development,439.35
2022-02-16,U-623054,Jose Rodriguez,Balibago,,,Zoning Certificate,Land Title Verification,491.66
2022-02-16,U-885122,Benjamin Santos,Bagong Pook,T-Z,3937.88,Zoning Certificate,Facility/Structure Construction,292.32
2022-02-16,U-622206,Grace Mercado,San Carlos,I2-Z,7928.12,Zoning Certificate,Industrial Park Expansion,281.88
2022-02-16,U-800941,Benjamin Torres,Poblacion E,C1-Z,374.37,Zoning Certificate,Commercial Complex Development,305.69
2022-02-16,U-819635,Angel Perez,Pinagsibaan,PDA-SZ,18300.95,Zoning Certificate,Farm Development Permit,324.91
2022-02-17,U-698427,Batangas Farms Corp.,Poblacion B,R1-Z,338.33,Development Permit,Bank Financing Requirement,98599.51
2022-02-17,U-311377,Benjamin Castillo,San Carlos,AgIndZ,4970.74,Locational Clearance,Industrial Park Expansion,10206.87
2022-02-17,U-475287,Batangas Gold Commercial Center,San Roque,C1-Z,259.57,Locational Clearance,Business Permit Requirement,18469.96
2022-02-17,U-990399,Jose Rodriguez,San Carlos,,,Zoning Certificate,Environmental Compliance,374.75
2022-02-17,U-544411,Chloe Alday,Quilib,R2-Z,140.35,Zoning Certificate,Bank Financing Requirement,344.61
2022-02-17,U-829664,Jose Alday,Nasi,R1-Z,311.3,Zoning Certificate,Bank Financing Requirement,492.52
2022-02-17,U-027286,Teresa Dimaculangan,Alupay,I2-Z,4601.14,Zoning Certificate,Industrial Park Expansion,293.49
2022-02-17,U-127721,Southern Luzon Commercial Center,Mavalor,R2-Z,236.68,Zoning Certificate,Subdivision Phase 1,263.47
2022-02-18,U-392023,David Cruz,Poblacion A,C1-Z,464.26,Development Permit,Commercial Complex Development,117818.08
2022-02-18,U-894958,Grace Bautista,Calantas,,,Locational Clearance,Residential Construction,7237.69
2022-02-18,U-492703,Benjamin Mendoza,Pinagsibaan,,,Locational Clearance,Facility/Structure Construction,10583.34
2022-02-18,U-419612,Batangas Holdings Inc.,Poblacion A,R1-Z,172.04,Locational Clearance,Residential Construction,5332.42
2022-02-18,U-325498,Maria Macalalad,Masaya,R1-Z,139.74,Locational Clearance,Subdivision Phase 1,8494.59
2022-02-18,U-611778,Ramon Castillo,Bagong Pook,R2-Z,238.0,Locational Clearance,Bank Financing Requirement,20820.61
2022-02-18,U-297909,David Perez,Bagong Pook,R1-Z,159.55,Zoning Certificate,Subdivision Phase 1,280.24
2022-02-18,U-485137,Southern Luzon Enterprises,San Roque,BR2-SZ,67.56,Zoning Certificate,Subdivision Phase 1,264.33
2022-02-21,U-566580,Christian Alday,Namuco,,,Locational Clearance,Facility/Structure Construction,2735.98
2022-02-21,U-199549,Juan Mercado,Namuco,I3-Z,6898.97,Zoning Certificate,Warehouse/Factory Construction,332.52
2022-02-21,U-400201,Jose Fernandez,Baybayin,R1-Z,347.49,Zoning Certificate,Subdivision Phase 1,338.36
2022-02-21,U-183450,Sofia Rodriguez,Alupay,CMRF,733.88,Zoning Certificate,Site Development Permit,475.06
2022-02-21,U-011511,Jose Gonzales,Antipolo,R2-Z,157.33,Zoning Certificate,Bank Financing Requirement,279.66
2022-02-22,U-925801,Benjamin Mercado,Quilib,BR2-SZ,157.53,Locational Clearance,Subdivision Phase 1,4347.13
2022-02-22,U-823607,Antonio Perez,Palakpak,WZ,3809.94,Zoning Certificate,Facility/Structure Construction,417.4
2022-02-22,U-492908,Corazon Cruz,Nasi,C1-Z,427.42,Zoning Certificate,Business Permit Requirement,461.29
2022-02-22,U-602350,Victoria Dimaculangan,Santa Cruz,R1-Z,149.59,Zoning Certificate,Bank Financing Requirement,362.95
2022-02-22,U-140012,Prime Farms Corp.,Quilib,C1-Z,255.44,Zoning Certificate,Commercial Building Construction,412.17
2022-02-22,U-083495,Sofia Gonzales,Pinagsibaan,I1-Z,4513.76,Zoning Certificate,Warehouse/Factory Construction,366.11
2022-02-22,U-288407,Victoria Reyes,Pinagsibaan,I2-Z,6839.11,Zoning Certificate,Warehouse/Factory Construction,464.48
2022-02-22,U-683918,Mark Torres,Cahigam,R1-Z,217.6,Zoning Certificate,Subdivision Phase 1,348.01
2022-02-23,U-159118,Benjamin Alday,Bagong Pook,,,Locational Clearance,Residential Construction,9845.67
2022-02-23,U-872262,Benjamin Ramos,Alupay,,,Zoning Certificate,Industrial Park Expansion,419.73
2022-02-23,U-952317,Corazon Ramos,Putingkahoy,,,Zoning Certificate,Land Title Verification,395.32
2022-02-24,U-234603,Emmanuel Alday,Santa Cruz,R2-Z,102.65,Locational Clearance,Subdivision Phase 1,3006.12
2022-02-24,U-577963,Southern Luzon Commercial Center,Tulos,ECT-Z,7080.64,Locational Clearance,Commercial Complex Development,12411.05
2022-02-24,U-807657,Batangas Gold Farms Corp.,Tulos,5491-APDA-SZ,3767.56,Locational Clearance,Agribusiness Construction,7670.73
2022-02-24,U-564941,Grace Garcia,Mabato,,,Zoning Certificate,Bank Financing Requirement,344.83
2022-02-24,U-679193,Christian Gonzales,San Isidro,C1-Z,314.08,Zoning Certificate,Business Permit Requirement,386.67
2022-02-24,U-896274,Victoria Ramos,Quilib,GI-Z,2443.31,Zoning Certificate,Environmental Compliance,379.46
2022-02-24,U-881871,Jose Gonzales,Palakpak,R1-Z,315.04,Zoning Certificate,Residential Construction,473.85
2022-02-24,U-720570,Luz Castillo,Tulos,FZ,9142.95,Zoning Certificate,Site Development Permit,368.77
2022-02-28,U-299093,Danilo Fernandez,San Carlos,,,Locational Clearance,Environmental Compliance,7703.05
2022-02-28,U-009659,Ramon Reyes,Tulos,,,Locational Clearance,Commercial Complex Development,10596.17
2022-02-28,U-028983,David Sanchez,Antipolo,,,Locational Clearance,Land Title Verification,13374.72
2022-02-28,U-572374,Antonio Rodriguez,San Isidro,C1-Z,181.06,Zoning Certificate,Business Permit Requirement,325.05
2022-02-28,U-548252,Luzon Integrated Commercial Center,Alupay,AgIndZ-PTR,4149.27,Zoning Certificate,Bank Financing Requirement,378.4
2022-02-28,U-333900,Agri-Ventures Realty & Development,Bulihan,C1-Z,432.65,Zoning Certificate,Business Permit Requirement,386.58
2022-03-01,U-406850,Christian Alday,Santa Cruz,R1-Z,223.47,Locational Clearance,Subdivision Phase 1,13510.2
2022-03-01,U-538338,Daniel Comia,Cahigam,R2-Z,114.25,Locational Clearance,Residential Construction,9410.36
2022-03-01,U-385863,Agri-Ventures Trading Corp.,Santa Cruz,R2-Z,169.97,Locational Clearance,Residential Construction,19757.8
2022-03-01,U-133570,Danilo Fernandez,Poblacion B,R1-Z,282.38,Locational Clearance,Subdivision Phase 1,10061.25
2022-03-01,U-763087,Danilo Cruz,Namuco,UTS-Z,2987.29,Locational Clearance,General Property Clearance,12290.93
2022-03-01,U-129846,Maria Castillo,Mayuro,R1-Z,256.91,Locational Clearance,Subdivision Phase 1,13041.59
2022-03-01,U-986725,Jose Bautista,Balibago,R1-Z,273.33,Locational Clearance,Bank Financing Requirement,1906.09
2022-03-01,U-699590,Antonio Reyes,San Carlos,AgIndZ-PTR,7311.45,Zoning Certificate,Bank Financing Requirement,498.21
2022-03-02,U-560079,Danilo Lopez,Namuco,AgIndZ,2104.86,Locational Clearance,Environmental Compliance,3043.26
2022-03-02,U-953775,Sofia Alday,San Isidro,PDA-SZ,9835.88,Locational Clearance,Land Title Verification,13013.22
2022-03-02,U-377999,Christian Comia,San Isidro,R1-Z,167.41,Locational Clearance,Subdivision Phase 1,5861.5
2022-03-02,U-666494,Rosario Logistics Inc.,Santa Cruz,R1-Z,279.73,Locational Clearance,Bank Financing Requirement,8258.04
2022-03-02,U-725930,Antonio Perez,Palakpak,R1-Z,276.08,Locational Clearance,Subdivision Phase 1,7395.81
2022-03-02,U-310372,Danilo Fernandez,Putingkahoy,5491-APDA-SZ,2074.92,Locational Clearance,Farm Development Permit,3622.53
2022-03-02,U-671071,Christian Mendoza,Colongan,R1-Z,261.63,Locational Clearance,Residential Construction,3745.9
2022-03-02,U-848710,Teresa Alday,Masaya,R1-Z,199.27,Zoning Certificate,Subdivision Phase 1,306.32
2022-03-02,U-915272,Daniel Castillo,Marilag,R1-Z,203.62,Zoning Certificate,Residential Construction,460.54
2022-03-03,U-027489,Ramon Macalalad,Pinagsibaan,,,Locational Clearance,Residential Construction,4134.91
2022-03-03,U-163917,Juan Dimaculangan,Alupay,AgIndZ-PGR,2106.12,Locational Clearance,Bank Financing Requirement,16439.64
2022-03-03,U-590746,Emmanuel Reyes,Alupay,I1-Z,2403.91,Locational Clearance,Environmental Compliance,8741.26
2022-03-03,U-524665,Batangas Gold Trading Corp.,Mabunga,PDA-SZ,16901.36,Zoning Certificate,Agribusiness Construction,410.07
2022-03-03,U-521185,Prime Holdings Inc.,San Carlos,I2-Z,3947.77,Zoning Certificate,Warehouse/Factory Construction,405.79
2022-03-03,U-472404,Maria Sanchez,Quilib,R2-Z,209.95,Zoning Certificate,Bank Financing Requirement,382.61
2022-03-04,U-768863,Jose Gonzales,Macalamcam A,,,Locational Clearance,Bank Financing Requirement,12381.19
2022-03-04,U-254668,Grace Torres,Alupay,AgIndZ,6980.3,Locational Clearance,Warehouse/Factory Construction,18887.56
2022-03-04,U-244911,Sofia Rodriguez,Poblacion E,R2-Z,185.04,Locational Clearance,Bank Financing Requirement,2192.1
2022-03-04,U-291760,Southern Luzon Enterprises,Bayawang,I3-Z,7372.47,Locational Clearance,Warehouse/Factory Construction,15475.52
2022-03-04,U-501646,Sofia Perez,Namunga,R1-Z,276.32,Locational Clearance,Subdivision Phase 1,9266.38
2022-03-04,U-632391,Teresa Perez,San Roque,C1-Z,219.31,Locational Clearance,Commercial Complex Development,17060.17
2022-03-04,U-595106,Emmanuel Castillo,Santa Cruz,AgIndZ,5207.85,Locational Clearance,Warehouse/Factory Construction,12007.36
2022-03-07,U-189208,Ramon Fernandez,Tiquiwan,C1-Z,362.1,Locational Clearance,Commercial Building Construction,20986.3
2022-03-07,U-741715,Chloe Gonzales,Baybayin,R2-Z,161.73,Locational Clearance,Residential Construction,2558.45
2022-03-07,U-658791,Teresa Cruz,Bagong Pook,R2-Z,166.01,Locational Clearance,Residential Construction,1725.97
2022-03-07,U-413601,Daniel Sanchez,Pinagsibaan,AgIndZ,2612.15,Locational Clearance,Warehouse/Factory Construction,6873.56
2022-03-07,U-961779,Grace Rodriguez,Palakpak,,,Zoning Certificate,Bank Financing Requirement,484.11
2022-03-08,U-614338,Emmanuel Gonzales,Pinagsibaan,AgIndZ,6958.28,Locational Clearance,Environmental Compliance,14241.69
2022-03-08,U-402093,Emmanuel Garcia,Baybayin,R1-Z,349.87,Locational Clearance,Subdivision Phase 1,4638.62
2022-03-08,U-679545,Grace Mercado,Namunga,R1-Z,282.38,Locational Clearance,Subdivision Phase 1,2041.21
2022-03-08,U-661155,Mark Cruz,San Carlos,I1-Z,3527.61,Locational Clearance,Environmental Compliance,7244.2
2022-03-08,U-639522,Batangas Commercial Center,Pinagsibaan,AgIndZ,7206.47,Locational Clearance,Industrial Park Expansion,2665.47
2022-03-08,U-048861,Daniel Mendoza,Lumbangan,R2-Z,212.48,Locational Clearance,Bank Financing Requirement,19933.27
2022-03-09,U-701499,Agri-Ventures Trading Corp.,Poblacion B,C1-Z,379.54,Locational Clearance,Commercial Complex Development,11568.79
2022-03-09,U-464025,Rosario Trading Corp.,Namunga,C1-Z,189.72,Locational Clearance,Business Permit Requirement,21678.63
2022-03-09,U-044050,Grace Castillo,Alupay,I2-Z,7000.94,Locational Clearance,Warehouse/Factory Construction,13369.62
2022-03-09,U-371381,Ramon Castillo,Poblacion A,C1-Z,297.22,Locational Clearance,Commercial Building Construction,7312.85
2022-03-09,U-805517,Sofia Santos,San Jose,R2-Z,212.66,Locational Clearance,Bank Financing Requirement,7096.21
2022-03-09,U-638274,Angel Torres,San Ignacio,PDA-SZ,6675.4,Locational Clearance,Farm Development Permit,13429.93
2022-03-09,U-264519,Teresa Lopez,San Jose,PDA-SZ,19706.56,Locational Clearance,Farm Development Permit,6181.32
2022-03-09,U-420439,Corazon Santos,Santa Cruz,R2-Z,129.21,Locational Clearance,Bank Financing Requirement,2608.42
2022-03-09,U-884859,Rosario Trading Corp.,Tiquiwan,,,Zoning Certificate,Residential Construction,330.01
2022-03-09,U-198582,Batangas Gold Realty & Development,Cahigam,R1-Z,241.35,Zoning Certificate,Bank Financing Requirement,441.82
2022-03-10,U-299860,Southern Luzon Commercial Center,Baybayin,R1-Z,125.1,Development Permit,Bank Financing Requirement,120362.27
2022-03-10,U-702283,Grace Ramos,Tulos,,,Locational Clearance,Land Title Verification,9424.23
2022-03-10,U-352836,Juan Garcia,Alupay,I1-Z,2446.0,Locational Clearance,Industrial Park Expansion,5836.36
2022-03-10,U-156970,Emmanuel Garcia,Alupay,UTS-Z,2737.01,Locational Clearance,Facility/Structure Construction,17468.66
2022-03-10,U-776272,Luzon Integrated Logistics Inc.,San Roque,R1-Z,300.84,Locational Clearance,Residential Construction,9717.3
2022-03-10,U-777731,Danilo Torres,Alupay,I2-Z,2566.47,Locational Clearance,Environmental Compliance,6760.67
2022-03-10,U-972119,Benjamin Castillo,San Isidro,,,Zoning Certificate,Bank Financing Requirement,333.72
2022-03-10,U-018800,Grace Sanchez,Maligaya,R1-Z,223.46,Zoning Certificate,Residential Construction,360.65
2022-03-10,U-872488,Prime Farms Corp.,San Isidro,R2-Z,176.04,Zoning Certificate,Residential Construction,361.86
2022-03-11,U-263593,Victoria Alday,Macalamcam B,,,Locational Clearance,Subdivision Phase 1,7788.76
2022-03-11,U-771867,Danilo Mercado,Bagong Pook,,,Locational Clearance,Business Permit Requirement,14308.35
2022-03-11,U-790152,Corazon Mendoza,Natu,,,Locational Clearance,Subdivision Phase 1,7541.15
2022-03-11,U-170412,Victoria Castillo,Bagong Pook,,,Locational Clearance,Residential Construction,5906.86
2022-03-11,U-153334,Chloe Bautista,San Isidro,R1-Z,310.84,Locational Clearance,Residential Construction,4385.63
2022-03-11,U-420472,Teresa Fernandez,Natu,R2-Z,174.67,Locational Clearance,Residential Construction,21931.16
2022-03-11,U-442043,Chloe Mercado,Santa Cruz,BR2-SZ,170.05,Locational Clearance,Subdivision Phase 1,10941.58
2022-03-11,U-402257,Batangas Holdings Inc.,Balibago,C1-Z,209.64,Locational Clearance,Commercial Building Construction,4400.33
2022-03-11,U-711338,Corazon Mercado,Mavalor,R1-Z,218.53,Locational Clearance,Residential Construction,13550.17
2022-03-11,U-119985,Chloe Sanchez,San Isidro,R2-Z,137.05,Locational Clearance,Subdivision Phase 1,5100.08
2022-03-11,U-026276,Chloe Dimaculangan,Tulos,ECT-Z,5809.96,Zoning Certificate,Business Permit Requirement,261.32
2022-03-11,U-393372,Prime Enterprises,Putingkahoy,FZ,5711.58,Zoning Certificate,General Property Clearance,479.08
2022-03-11,U-348310,David Gonzales,Bayawang,I2-Z,7921.4,Zoning Certificate,Warehouse/Factory Construction,351.38
2022-03-14,U-514485,Jose Bautista,Alupay,,,Locational Clearance,Warehouse/Factory Construction,8213.51
2022-03-14,U-189758,Juan Comia,Alupay,,,Locational Clearance,Warehouse/Factory Construction,11170.45
2022-03-14,U-301168,Batangas Gold Trading Corp.,Palakpak,R1-Z,263.45,Locational Clearance,Residential Construction,13440.24
2022-03-14,U-526643,Daniel Mendoza,Mayuro,R1-Z,154.62,Locational Clearance,Residential Construction,11103.32
2022-03-14,U-214454,Benjamin Reyes,San Roque,R2-Z,126.55,Locational Clearance,Bank Financing Requirement,10235.31
2022-03-15,U-938061,Benjamin Cruz,San Carlos,,,Locational Clearance,Environmental Compliance,3768.58
2022-03-15,U-241219,Jose Rodriguez,San Carlos,,,Locational Clearance,Warehouse/Factory Construction,4384.23
2022-03-15,U-726638,Antonio Castillo,Tulos,,,Locational Clearance,Agribusiness Construction,14414.65
2022-03-15,U-766917,Angel Comia,Alupay,I1-Z,3567.45,Locational Clearance,Industrial Park Expansion,11940.73
2022-03-15,U-727691,Danilo Fernandez,Poblacion A,C2-Z,600.2,Locational Clearance,Commercial Building Construction,21823.44
2022-03-15,U-041619,Rosario Enterprises,Cahigam,R1-Z,129.12,Locational Clearance,Subdivision Phase 1,4756.42
2022-03-15,U-903084,Rosario Logistics Inc.,Baybayin,R2-Z,149.27,Locational Clearance,Residential Construction,17029.14
2022-03-15,U-729676,Batangas Gold Farms Corp.,Poblacion E,R1-Z,174.34,Locational Clearance,Subdivision Phase 1,10658.98
2022-03-15,U-160031,Christian Macalalad,Balibago,R1-Z,145.47,Zoning Certificate,Subdivision Phase 1,494.29
2022-03-16,U-631037,Benjamin Reyes,Pinagsibaan,AgIndZ-PGR,8511.67,Locational Clearance,Bank Financing Requirement,6406.68
2022-03-16,U-785080,Corazon Sanchez,Tulos,PTA-SZ-RA,12006.05,Locational Clearance,Bank Financing Requirement,2009.58
2022-03-16,U-179697,Juan Perez,Nasi,R1-Z,241.75,Locational Clearance,Residential Construction,19003.12
2022-03-16,U-772825,Danilo Perez,San Roque,R2-Z,117.1,Locational Clearance,Residential Construction,9870.65
2022-03-16,U-334581,Rosario Farms Corp.,San Carlos,CMRF,1692.21,Locational Clearance,General Property Clearance,10981.5
2022-03-16,U-074741,David Cruz,Namuco,CMRF,1783.53,Locational Clearance,Site Development Permit,7667.57
2022-03-16,U-577961,Victoria Castillo,Namuco,I1-Z,1802.61,Locational Clearance,Industrial Park Expansion,12135.53
2022-03-16,U-623716,Angel Dimaculangan,Poblacion A,C1-Z,294.86,Locational Clearance,Business Permit Requirement,6689.92
2022-03-17,U-195659,Ramon Castillo,Balibago,,,Locational Clearance,Warehouse/Factory Construction,8338.87
2022-03-17,U-876947,Mark Torres,Tulos,,,Locational Clearance,Business Permit Requirement,2399.41
2022-03-17,U-210237,Danilo Cruz,Santa Cruz,R1-Z,293.36,Locational Clearance,Bank Financing Requirement,5369.99
2022-03-17,U-655151,Luz Alday,Poblacion C,C1-Z,294.54,Locational Clearance,Commercial Complex Development,2626.18
2022-03-17,U-908019,Daniel Ramos,Cahigam,R2-Z,177.56,Locational Clearance,Bank Financing Requirement,12991.11
2022-03-18,U-456386,Jose Dimaculangan,Baybayin,,,Locational Clearance,Commercial Complex Development,6001.53
2022-03-18,U-552788,Daniel Garcia,Namunga,,,Locational Clearance,Bank Financing Requirement,9102.02
2022-03-18,U-983673,Rosario Enterprises,Santa Cruz,R1-Z,331.82,Locational Clearance,Bank Financing Requirement,17428.05
2022-03-18,U-577245,Jose Gonzales,Tulos,FZ,23276.68,Locational Clearance,General Property Clearance,20713.86
2022-03-18,U-583269,Prime Trading Corp.,Pinagsibaan,UTS-Z,2102.25,Locational Clearance,Facility/Structure Construction,12636.73
2022-03-18,U-788765,Rosario Realty & Development,Bulihan,PTA-SZ-RA,17535.16,Locational Clearance,Subdivision Phase 1,10157.67
2022-03-18,U-336056,Luzon Integrated Realty & Development,Baybayin,C1-Z,198.03,Locational Clearance,Commercial Building Construction,2259.4
2022-03-18,U-556387,Prime Commercial Center,Bagong Pook,R1-Z,298.26,Locational Clearance,Bank Financing Requirement,11266.3
2022-03-18,U-385490,Southern Luzon Enterprises,Poblacion A,R1-Z,319.1,Locational Clearance,Residential Construction,20697.65
2022-03-18,U-281044,Christian Sanchez,Balibago,R1-Z,244.51,Locational Clearance,Bank Financing Requirement,3238.37
2022-03-18,U-818792,Danilo Macalalad,Bagong Pook,BR2-SZ,167.18,Locational Clearance,Residential Construction,7670.53
2022-03-18,U-317422,Christian Bautista,Mavalor,R2-Z,88.13,Locational Clearance,Subdivision Phase 1,2666.19
2022-03-18,U-685338,Batangas Gold Logistics Inc.,Antipolo,,,Zoning Certificate,Industrial Park Expansion,310.79
2022-03-18,U-482092,Juan Torres,Palakpak,AgIndZ,5092.35,Zoning Certificate,Warehouse/Factory Construction,309.84
2022-03-18,U-492116,Victoria Rodriguez,Quilib,R2-Z,209.81,Zoning Certificate,Bank Financing Requirement,370.09
2022-03-21,U-611489,Daniel Lopez,Baybayin,,,Locational Clearance,Residential Construction,13680.31
2022-03-21,U-089038,Grace Bautista,Santa Cruz,R2-Z,218.61,Locational Clearance,Residential Construction,8428.77
2022-03-21,U-721872,Sofia Garcia,Bagong Pook,T-Z,3131.53,Locational Clearance,General Property Clearance,2262.09
2022-03-21,U-325567,Emmanuel Sanchez,Bagong Pook,BR2-SZ,109.57,Locational Clearance,Bank Financing Requirement,19893.96
2022-03-21,U-584017,Batangas Gold Logistics Inc.,Pinagsibaan,AgIndZ,3381.45,Locational Clearance,Warehouse/Factory Construction,18079.31
2022-03-21,U-246798,Antonio Torres,Palakpak,,,Zoning Certificate,Business Permit Requirement,348.79
2022-03-21,U-891866,Ramon Gonzales,Santa Cruz,R1-Z,304.72,Zoning Certificate,Bank Financing Requirement,327.09
2022-03-21,U-102945,Antonio Macalalad,San Carlos,I3-Z,8761.44,Zoning Certificate,Environmental Compliance,282.42
2022-03-22,U-283215,Sofia Lopez,Mabunga,,,Locational Clearance,Residential Construction,8935.3
2022-03-22,U-204243,Sofia Santos,Balibago,R1-Z,117.63,Locational Clearance,Subdivision Phase 1,11283.47
2022-03-22,U-742153,Juan Bautista,Baybayin,R2-Z,170.34,Locational Clearance,Subdivision Phase 1,18362.05
2022-03-22,U-355502,Christian Macalalad,Poblacion A,,,Zoning Certificate,Residential Construction,411.15
2022-03-22,U-826071,Southern Luzon Commercial Center,Palakpak,,,Zoning Certificate,Subdivision Phase 1,294.62
2022-03-22,U-543526,Luzon Integrated Commercial Center,San Carlos,UTS-Z,2309.32,Zoning Certificate,General Property Clearance,258.66
2022-03-22,U-834407,Daniel Rodriguez,Santa Cruz,C1-Z,288.33,Zoning Certificate,Commercial Complex Development,495.73
2022-03-22,U-612894,Angel Comia,Quilib,BR2-SZ,146.94,Zoning Certificate,Residential Construction,464.29
2022-03-23,U-377017,Victoria Gonzales,Maalas-As,R1-Z,330.79,Development Permit,Residential Construction,111082.03
2022-03-23,U-441970,Emmanuel Garcia,Pinagsibaan,,,Locational Clearance,Site Development Permit,14653.9
2022-03-23,U-185964,Southern Luzon Realty & Development,Quilib,R1-Z,161.83,Locational Clearance,Subdivision Phase 1,1727.4
2022-03-23,U-702806,Ramon Castillo,Maligaya,C1-Z,412.31,Locational Clearance,Business Permit Requirement,1749.63
2022-03-23,U-701047,Rosario Logistics Inc.,Mavalor,PDA-SZ,4561.85,Locational Clearance,Land Title Verification,12484.84
2022-03-23,U-521699,Mark Reyes,Masaya,R1-Z,254.54,Locational Clearance,Bank Financing Requirement,16388.58
2022-03-24,U-282640,Luzon Integrated Enterprises,Poblacion E,C1-Z,236.0,Locational Clearance,Business Permit Requirement,1603.22
2022-03-24,U-989335,Ramon Comia,San Jose,R2-Z,220.64,Locational Clearance,Bank Financing Requirement,21089.92
2022-03-24,U-880792,Angel Mendoza,Pinagsibaan,,,Zoning Certificate,Bank Financing Requirement,300.28
2022-03-24,U-171154,Angel Ramos,Balibago,R2-Z,110.71,Zoning Certificate,Subdivision Phase 1,414.78
2022-03-25,U-670647,Batangas Farms Corp.,Poblacion A,C2-Z,647.03,Development Permit,Commercial Complex Development,27388.39
2022-03-25,U-023114,Mark Mercado,San Carlos,,,Locational Clearance,Warehouse/Factory Construction,12922.68
2022-03-25,U-613899,Benjamin Fernandez,Tiquiwan,AgIndZ,4729.9,Locational Clearance,Warehouse/Factory Construction,21762.06
2022-03-25,U-940436,Angel Rodriguez,Palakpak,PTA-SZ-RA,5130.65,Locational Clearance,Subdivision Phase 1,4363.49
2022-03-25,U-411916,Maria Lopez,Tiquiwan,R2-Z,217.02,Locational Clearance,Residential Construction,3685.55
2022-03-25,U-295294,Victoria Cruz,Maligaya,C/MP-Z,2300.66,Locational Clearance,Business Permit Requirement,15271.16
2022-03-25,U-973064,Ramon Sanchez,Antipolo,R1-Z,300.59,Locational Clearance,Bank Financing Requirement,12991.69
2022-03-25,U-240065,Mark Torres,Colongan,,,Zoning Certificate,Bank Financing Requirement,329.53
2022-03-25,U-141534,Angel Perez,Pinagsibaan,,,Zoning Certificate,Facility/Structure Construction,301.02
2022-03-25,U-554897,Batangas Holdings Inc.,Baybayin,,,Zoning Certificate,Subdivision Phase 1,488.04
2022-03-25,U-716799,Emmanuel Perez,Poblacion B,R2-Z,174.06,Zoning Certificate,Residential Construction,362.92
2022-03-25,U-175449,Emmanuel Garcia,Santa Cruz,BR2-SZ,72.65,Zoning Certificate,Residential Construction,456.85
2022-03-28,U-947819,Luzon Integrated Realty & Development,Itlugan,,,Locational Clearance,Bank Financing Requirement,12727.34
2022-03-28,U-860581,Christian Lopez,Poblacion A,C1-Z,381.15,Locational Clearance,Business Permit Requirement,14875.17
2022-03-28,U-376304,Emmanuel Lopez,Natu,C/MP-Z,2854.88,Locational Clearance,Commercial Building Construction,19805.9
2022-03-28,U-399148,Corazon Alday,San Isidro,C1-Z,366.45,Locational Clearance,Business Permit Requirement,3731.25
2022-03-28,U-345394,Rosario Farms Corp.,Calantas,PDA-SZ,11127.56,Locational Clearance,Land Title Verification,6558.37
2022-03-28,U-855503,Batangas Holdings Inc.,Poblacion E,C2-Z,591.21,Zoning Certificate,Commercial Building Construction,343.43
2022-03-28,U-382449,Grace Comia,San Carlos,AgIndZ,2542.65,Zoning Certificate,Environmental Compliance,472.02
2022-03-28,U-266173,Angel Sanchez,Bayawang,UTS-Z,2220.06,Zoning Certificate,General Property Clearance,424.64
2022-03-29,U-250807,Victoria Mercado,San Roque,C1-Z,396.45,Locational Clearance,Commercial Complex Development,16336.98
2022-03-29,U-651040,Southern Luzon Logistics Inc.,Bagong Pook,R2-Z,81.87,Locational Clearance,Residential Construction,3573.4
2022-03-29,U-413709,Daniel Mercado,Mabunga,R1-Z,207.43,Locational Clearance,Subdivision Phase 1,11291.93
2022-03-29,U-949620,Danilo Dimaculangan,Bagong Pook,R1-Z,308.81,Locational Clearance,Subdivision Phase 1,11968.68
2022-03-30,U-001281,Benjamin Reyes,Itlugan,R1-Z,330.79,Locational Clearance,Subdivision Phase 1,16115.18
2022-03-30,U-381503,Agri-Ventures Holdings Inc.,Calantas,5491-APDA-SZ,1730.41,Locational Clearance,Farm Development Permit,9985.16
2022-03-30,U-192445,Danilo Garcia,Mavalor,R1-Z,338.75,Locational Clearance,Subdivision Phase 1,21361.01
2022-03-30,U-977321,Batangas Realty & Development,Namuco,CMRF,774.95,Locational Clearance,General Property Clearance,21786.77
2022-03-30,U-231950,Maria Mendoza,Tulos,FZ,23490.43,Locational Clearance,Facility/Structure Construction,17235.15
2022-03-30,U-635044,Sofia Fernandez,Marilag,R2-Z,248.87,Locational Clearance,Bank Financing Requirement,17581.23
2022-03-31,U-057333,Corazon Ramos,Putingkahoy,,,Locational Clearance,Farm Development Permit,11428.66
2022-03-31,U-972051,Prime Holdings Inc.,Pinagsibaan,I3-Z,11942.84,Locational Clearance,Environmental Compliance,3692.18
2022-03-31,U-421896,Antonio Cruz,Baybayin,R1-Z,159.67,Zoning Certificate,Subdivision Phase 1,350.12
2022-04-01,U-715104,Prime Realty & Development,Putingkahoy,FZ,11015.59,Development Permit,Facility/Structure Construction,87799.91
2022-04-01,U-995057,Prime Holdings Inc.,Poblacion A,C1-Z,325.96,Locational Clearance,Commercial Building Construction,14750.69
2022-04-01,U-159352,Ramon Comia,Santa Cruz,BR2-SZ,175.31,Locational Clearance,Bank Financing Requirement,18089.65
2022-04-01,U-121288,Rosario Logistics Inc.,San Carlos,I1-Z,3392.78,Locational Clearance,Environmental Compliance,5622.48
2022-04-01,U-344758,Prime Trading Corp.,Santa Cruz,R1-Z,201.67,Locational Clearance,Residential Construction,7164.51
2022-04-01,U-311464,Grace Lopez,San Roque,BR2-SZ,139.53,Locational Clearance,Bank Financing Requirement,12982.34
2022-04-01,U-890374,Christian Gonzales,Nasi,R2-Z,165.18,Locational Clearance,Subdivision Phase 1,11814.98
2022-04-01,U-895881,Antonio Cruz,Macalamcam A,C1-Z,328.52,Locational Clearance,Business Permit Requirement,6298.53
2022-04-01,U-351073,David Mendoza,Poblacion B,R2-Z,115.66,Locational Clearance,Bank Financing Requirement,16444.65
2022-04-01,U-608996,Sofia Garcia,Pinagsibaan,UTS-Z,2880.5,Locational Clearance,Facility/Structure Construction,19282.27
2022-04-01,U-163131,Mark Rodriguez,Poblacion A,C2-Z,269.52,Locational Clearance,Business Permit Requirement,6419.61
2022-04-01,U-366575,Angel Comia,Alupay,I3-Z,11922.33,Locational Clearance,Environmental Compliance,16762.06
2022-04-01,U-828257,Christian Torres,Mayuro,R1-Z,329.21,Zoning Certificate,Bank Financing Requirement,443.07
2022-04-04,U-413851,Rosario Realty & Development,Tiquiwan,R1-Z,113.74,Development Permit,Residential Construction,114675.85
2022-04-04,U-698785,Maria Mendoza,Pinagsibaan,CMRF,1881.29,Locational Clearance,Site Development Permit,6992.57
2022-04-04,U-044834,Luzon Integrated Realty & Development,Quilib,C1-Z,163.22,Locational Clearance,Commercial Complex Development,6066.97
2022-04-04,U-294447,Maria Lopez,Poblacion B,R1-Z,313.71,Locational Clearance,Bank Financing Requirement,14991.31
2022-04-04,U-128505,Emmanuel Castillo,Alupay,I1-Z,2272.53,Locational Clearance,Industrial Park Expansion,9093.29
2022-04-04,U-565070,Agri-Ventures Logistics Inc.,Poblacion E,R1-Z,345.99,Locational Clearance,Residential Construction,10925.26
2022-04-04,U-346818,Antonio Rodriguez,Namuco,I1-Z,4427.96,Locational Clearance,Industrial Park Expansion,2816.78
2022-04-04,U-404209,Teresa Sanchez,Pinagsibaan,UTS-Z,1929.23,Zoning Certificate,Site Development Permit,424.01
2022-04-05,U-817720,Rosario Trading Corp.,Tiquiwan,,,Locational Clearance,Residential Construction,13332.55
2022-04-05,U-508226,Luzon Integrated Holdings Inc.,Colongan,,,Locational Clearance,Bank Financing Requirement,7922.29
2022-04-05,U-320516,Southern Luzon Holdings Inc.,San Isidro,R1-Z,238.39,Locational Clearance,Bank Financing Requirement,12532.36
2022-04-05,U-957035,Jose Alday,Macalamcam B,GI-Z,3154.97,Locational Clearance,Warehouse/Factory Construction,14298.98
2022-04-05,U-768844,David Reyes,Bagong Pook,R1-Z,299.31,Locational Clearance,Residential Construction,14397.18
2022-04-05,U-851281,Mark Sanchez,Tulos,PDA-SZ,2605.62,Locational Clearance,Agribusiness Construction,6508.5
2022-04-05,U-645986,Southern Luzon Holdings Inc.,Matamis,C1-Z,153.39,Locational Clearance,Commercial Building Construction,20101.31
2022-04-05,U-156037,Prime Farms Corp.,Maligaya,R1-Z,127.67,Locational Clearance,Residential Construction,14706.54
2022-04-05,U-012536,Prime Commercial Center,Pinagsibaan,I3-Z,5500.56,Locational Clearance,Environmental Compliance,16397.99
2022-04-05,U-680241,Southern Luzon Realty & Development,San Carlos,I1-Z,3675.26,Locational Clearance,Warehouse/Factory Construction,21283.66
2022-04-05,U-912627,Rosario Holdings Inc.,Pinagsibaan,UTS-Z,1566.23,Locational Clearance,Facility/Structure Construction,11220.46
2022-04-05,U-065496,Luzon Integrated Commercial Center,San Carlos,I2-Z,4481.18,Locational Clearance,Industrial Park Expansion,8323.65
2022-04-05,U-324544,Prime Commercial Center,Maalas-As,R1-Z,343.42,Locational Clearance,Bank Financing Requirement,2426.99
2022-04-05,U-492241,Teresa Santos,Masaya,R1-Z,299.14,Locational Clearance,Residential Construction,6943.18
2022-04-06,U-621205,Emmanuel Mendoza,Balibago,,,Locational Clearance,Farm Development Permit,5038.61
2022-04-06,U-695159,Angel Cruz,Palakpak,R1-Z,318.23,Locational Clearance,Residential Construction,19034.36
2022-04-06,U-792728,Grace Gonzales,Pinagsibaan,I3-Z,11221.7,Locational Clearance,Environmental Compliance,15693.07
2022-04-06,U-864822,Teresa Sanchez,Quilib,R2-Z,223.49,Locational Clearance,Residential Construction,3993.11
2022-04-06,U-799978,Southern Luzon Enterprises,Namuco,PDA-SZ,2613.03,Locational Clearance,Land Title Verification,20845.77
2022-04-06,U-647227,Benjamin Gonzales,Salao,PTA-SZ-RA,16354.82,Locational Clearance,Residential Construction,7950.24
2022-04-06,U-705948,Agri-Ventures Trading Corp.,Alupay,I1-Z,3229.7,Locational Clearance,Warehouse/Factory Construction,14050.23
2022-04-06,U-948697,Juan Torres,Poblacion E,GI-Z,1994.27,Locational Clearance,Industrial Park Expansion,21113.67
2022-04-06,U-170558,Danilo Fernandez,San Ignacio,C1-Z,456.15,Locational Clearance,Commercial Building Construction,3687.72
2022-04-07,U-878831,Grace Garcia,Mabato,,,Locational Clearance,Bank Financing Requirement,6224.6
2022-04-07,U-155703,Ramon Perez,Namuco,,,Locational Clearance,Industrial Park Expansion,6403.65
2022-04-07,U-351889,Angel Macalalad,Balibago,PDA-SZ,13788.28,Locational Clearance,Land Title Verification,16335.22
2022-04-07,U-446732,Daniel Rodriguez,Poblacion A,R1-Z,259.23,Locational Clearance,Subdivision Phase 1,3795.71
2022-04-07,U-428741,Christian Mendoza,Namuco,I2-Z,5235.78,Locational Clearance,Warehouse/Factory Construction,20788.38
2022-04-07,U-830875,Victoria Alday,Namunga,R1-Z,257.84,Locational Clearance,Residential Construction,14910.11
2022-04-07,U-597215,Corazon Garcia,Masaya,PTA-SZ-RA,9332.15,Locational Clearance,Subdivision Phase 1,3391.26
2022-04-07,U-905462,Luzon Integrated Logistics Inc.,Santa Cruz,R2-Z,109.98,Locational Clearance,Bank Financing Requirement,19859.11
2022-04-07,U-148176,Angel Gonzales,Poblacion E,MR2-SZ,109.35,Locational Clearance,Bank Financing Requirement,18069.98
2022-04-07,U-462398,Sofia Bautista,Calantas,ECT-Z,6823.81,Zoning Certificate,Commercial Complex Development,253.35
2022-04-08,U-779508,Teresa Perez,Cahigam,PDA-SZ,3955.0,Locational Clearance,Agribusiness Construction,18512.41
2022-04-08,U-707495,Grace Lopez,Lumbangan,PDA-SZ,18900.75,Locational Clearance,Farm Development Permit,21621.74
2022-04-08,U-847668,Batangas Realty & Development,Balibago,C/MP-Z,1092.87,Locational Clearance,Commercial Building Construction,2932.45
2022-04-08,U-134041,Rosario Logistics Inc.,Macalamcam A,PDA-SZ,10337.99,Locational Clearance,Farm Development Permit,17496.9
2022-04-08,U-536286,Chloe Lopez,Calantas,PTA-SZ-RA,13849.4,Locational Clearance,Subdivision Phase 1,3000.65
2022-04-08,U-529131,Luzon Integrated Realty & Development,Alupay,AgIndZ-PGR,5853.14,Locational Clearance,Bank Financing Requirement,8756.77
2022-04-08,U-739458,Jose Bautista,Quilib,R1-Z,165.82,Locational Clearance,Bank Financing Requirement,1576.52
2022-04-08,U-337478,Jose Bautista,Palakpak,PDA-SZ,19929.19,Locational Clearance,Land Title Verification,18150.45
2022-04-11,U-420148,Ramon Cruz,Bagong Pook,R1-Z,251.08,Locational Clearance,Residential Construction,13913.14
2022-04-11,U-177952,Antonio Alday,Poblacion A,MR2-SZ,191.08,Locational Clearance,Bank Financing Requirement,10881.88
2022-04-11,U-779569,Southern Luzon Logistics Inc.,Santa Cruz,R1-Z,117.23,Locational Clearance,Subdivision Phase 1,4115.72
2022-04-11,U-111939,Southern Luzon Farms Corp.,Baybayin,C1-Z,393.79,Locational Clearance,Business Permit Requirement,3048.15
2022-04-11,U-800326,Corazon Macalalad,Poblacion A,R1-Z,130.07,Locational Clearance,Subdivision Phase 1,8230.73
2022-04-11,U-404075,Benjamin Cruz,Masaya,AgIndZ,6098.06,Locational Clearance,Warehouse/Factory Construction,3208.22
2022-04-11,U-091456,Emmanuel Castillo,Calantas,THSP-SZ,3964.76,Zoning Certificate,General Property Clearance,331.52
2022-04-12,U-150455,Southern Luzon Realty & Development,Namuco,CMRF,739.46,Development Permit,Facility/Structure Construction,96734.96
2022-04-12,U-562442,Juan Ramos,Quilib,,,Locational Clearance,Subdivision Phase 1,13727.93
2022-04-12,U-025448,Danilo Perez,Mayuro,PDA-SZ,10121.84,Locational Clearance,Land Title Verification,7828.28
2022-04-12,U-624977,Grace Lopez,Cahigam,C/MP-Z,688.37,Locational Clearance,Business Permit Requirement,19515.15
2022-04-12,U-149144,Jose Ramos,Poblacion E,C1-Z,402.46,Locational Clearance,Commercial Complex Development,19826.04
2022-04-12,U-748737,Maria Garcia,Baybayin,AgIndZ,4014.68,Locational Clearance,Environmental Compliance,20372.18
2022-04-12,U-884462,Southern Luzon Farms Corp.,Leviste,R1-Z,209.07,Locational Clearance,Residential Construction,6127.48
2022-04-12,U-476476,Danilo Reyes,Mabato,FZ,22878.31,Locational Clearance,Facility/Structure Construction,3925.89
2022-04-12,U-804359,Grace Mercado,Poblacion E,C1-Z,310.06,Locational Clearance,Business Permit Requirement,8630.32
2022-04-12,U-357325,Maria Mercado,Bayawang,AgIndZ-PGR,8184.0,Locational Clearance,Subdivision Phase 1,3625.5
2022-04-12,U-027068,Prime Trading Corp.,Namuco,PDA-SZ,9392.49,Locational Clearance,Farm Development Permit,8310.4
2022-04-12,U-209804,Ramon Rodriguez,Calantas,PDA-SZ,11947.18,Locational Clearance,Farm Development Permit,13647.5
2022-04-12,U-589443,Grace Torres,Tulos,PTA-SZ-RA,11250.05,Locational Clearance,Residential Construction,2995.19
2022-04-12,U-945702,Southern Luzon Commercial Center,Nasi,C/MP-Z,1672.52,Locational Clearance,Commercial Complex Development,18573.39
2022-04-12,U-721935,Daniel Alday,Macalamcam B,R1-Z,324.12,Zoning Certificate,Residential Construction,379.95
2022-04-13,U-992123,Batangas Gold Enterprises,San Ignacio,,,Locational Clearance,Site Development Permit,12882.28
2022-04-13,U-067508,Batangas Logistics Inc.,Bagong Pook,,,Locational Clearance,Subdivision Phase 1,10657.13
2022-04-13,U-213412,Luzon Integrated Holdings Inc.,Balibago,PTA-SZ-RA,19006.85,Locational Clearance,Bank Financing Requirement,18038.82
2022-04-13,U-099262,Mark Bautista,Nasi,PTA-SZ-RA,10859.99,Locational Clearance,Residential Construction,4073.57
2022-04-13,U-037000,Agri-Ventures Farms Corp.,Poblacion E,MR2-SZ,185.95,Locational Clearance,Bank Financing Requirement,1934.31
2022-04-13,U-593433,Daniel Reyes,Calantas,PTA-SZ-RA,7279.43,Locational Clearance,Residential Construction,13065.42
2022-04-13,U-834134,Juan Lopez,Cahigam,R2-Z,175.8,Locational Clearance,Residential Construction,3978.76
2022-04-13,U-611724,Angel Sanchez,Maalas-As,R1-Z,288.72,Locational Clearance,Subdivision Phase 1,14870.57
2022-04-13,U-567631,Batangas Gold Farms Corp.,Mayuro,R1-Z,288.84,Locational Clearance,Subdivision Phase 1,15276.95
2022-04-18,U-430436,David Reyes,Leviste,PDA-SZ,10062.28,Development Permit,Farm Development Permit,119833.22
2022-04-18,U-621100,David Reyes,Nasi,,,Locational Clearance,Bank Financing Requirement,4147.0
2022-04-18,U-046386,Ramon Perez,San Carlos,,,Locational Clearance,General Property Clearance,2119.78
2022-04-18,U-771150,Corazon Alday,San Roque,BR2-SZ,125.85,Locational Clearance,Residential Construction,8145.53
2022-04-18,U-137630,Benjamin Cruz,Cahigam,R1-Z,308.32,Locational Clearance,Residential Construction,2685.34
2022-04-18,U-686319,Victoria Rodriguez,Pinagsibaan,UTS-Z,2229.9,Locational Clearance,Facility/Structure Construction,5617.79
2022-04-18,U-129983,Danilo Alday,Maligaya,R1-Z,188.93,Locational Clearance,Subdivision Phase 1,11188.98
2022-04-18,U-311289,Danilo Torres,Pinagsibaan,AgIndZ,4987.38,Zoning Certificate,Environmental Compliance,288.84
2022-04-19,U-132156,Batangas Trading Corp.,Balibago,,,Locational Clearance,Residential Construction,8130.9
2022-04-19,U-752952,Victoria Cruz,Namuco,AgIndZ,4716.61,Locational Clearance,Warehouse/Factory Construction,5214.04
2022-04-19,U-562113,Chloe Sanchez,Balibago,PDA-SZ,8505.43,Locational Clearance,Agribusiness Construction,15401.23
2022-04-19,U-386861,Grace Ramos,Cahigam,PDA-SZ,19726.86,Locational Clearance,Farm Development Permit,19168.17
2022-04-19,U-553306,Batangas Holdings Inc.,Pinagsibaan,I1-Z,2575.9,Locational Clearance,Industrial Park Expansion,11731.1
2022-04-19,U-530322,Batangas Trading Corp.,Pinagsibaan,I1-Z,2746.28,Locational Clearance,Environmental Compliance,15971.32
2022-04-19,U-368330,Victoria Alday,Santa Cruz,R2-Z,205.73,Locational Clearance,Subdivision Phase 1,3180.36
2022-04-19,U-982697,Jose Alday,San Carlos,PDA-SZ,15669.23,Locational Clearance,Farm Development Permit,6783.65
2022-04-19,U-376628,Benjamin Torres,Leviste,,,Zoning Certificate,Industrial Park Expansion,468.87
2022-04-19,U-562996,Batangas Logistics Inc.,Bagong Pook,R1-Z,314.46,Zoning Certificate,Subdivision Phase 1,430.69
2022-04-20,U-606527,Batangas Gold Commercial Center,Tiquiwan,PDA-SZ,6493.29,Development Permit,Farm Development Permit,98815.42
2022-04-20,U-515697,David Santos,Santa Cruz,,,Locational Clearance,Residential Construction,12505.49
2022-04-20,U-474579,Southern Luzon Realty & Development,Balibago,R2-Z,120.77,Locational Clearance,Residential Construction,8240.86
2022-04-20,U-471861,Sofia Sanchez,Macalamcam B,R1-Z,177.64,Locational Clearance,Subdivision Phase 1,9350.45
2022-04-20,U-196699,Maria Bautista,Timbugan,PDA-SZ,15157.17,Locational Clearance,Farm Development Permit,4915.84
2022-04-20,U-880166,Jose Sanchez,Poblacion E,R1-Z,147.91,Locational Clearance,Subdivision Phase 1,2157.05
2022-04-20,U-691733,Angel Comia,Itlugan,PDA-SZ,10113.18,Locational Clearance,Farm Development Permit,12982.73
2022-04-20,U-702664,Teresa Mendoza,Bayawang,AgIndZ,3877.93,Locational Clearance,Warehouse/Factory Construction,14514.6
2022-04-20,U-193244,Maria Reyes,Colongan,R1-Z,203.88,Locational Clearance,Bank Financing Requirement,19987.01
2022-04-20,U-461928,Luz Gonzales,Poblacion E,R2-Z,212.39,Locational Clearance,Subdivision Phase 1,5003.15
2022-04-20,U-417861,Juan Perez,Masaya,PDA-SZ,15774.07,Locational Clearance,Land Title Verification,16670.85
2022-04-20,U-086714,Christian Fernandez,Santa Cruz,R2-Z,198.59,Zoning Certificate,Bank Financing Requirement,358.75
2022-04-21,U-320828,Ramon Comia,Namuco,I1-Z,2564.93,Locational Clearance,Warehouse/Factory Construction,12207.19
2022-04-21,U-830764,Victoria Garcia,Itlugan,R2-Z,176.27,Locational Clearance,Bank Financing Requirement,20334.72
2022-04-21,U-859078,Luz Lopez,Alupay,I2-Z,5734.68,Locational Clearance,Environmental Compliance,2887.31
2022-04-21,U-171020,Benjamin Rodriguez,Tulos,PTA-SZ-RA,5195.69,Locational Clearance,Bank Financing Requirement,2345.23
2022-04-21,U-736191,Mark Lopez,Poblacion C,C2-Z,357.59,Locational Clearance,Business Permit Requirement,9084.65
2022-04-22,U-385280,Luzon Integrated Trading Corp.,Santa Cruz,,,Locational Clearance,Bank Financing Requirement,8712.36
2022-04-22,U-493900,Angel Mendoza,Pinagsibaan,,,Locational Clearance,Residential Construction,14909.63
2022-04-22,U-128877,Ramon Sanchez,Matamis,,,Locational Clearance,Commercial Building Construction,4031.56
2022-04-22,U-633311,Luz Cruz,Poblacion D,,,Locational Clearance,Subdivision Phase 1,3843.51
2022-04-22,U-173512,Teresa Gonzales,Namunga,R2-Z,224.26,Locational Clearance,Bank Financing Requirement,3475.58
2022-04-22,U-122348,Danilo Ramos,San Carlos,PDA-SZ,17587.87,Locational Clearance,Farm Development Permit,3491.64
2022-04-22,U-840376,Ramon Garcia,Bulihan,R1-Z,198.99,Zoning Certificate,Residential Construction,293.32
2022-04-25,U-337967,Southern Luzon Realty & Development,Pinagsibaan,AgIndZ,3676.76,Locational Clearance,Warehouse/Factory Construction,17212.85
2022-04-25,U-883981,Daniel Torres,Poblacion D,R2-Z,140.67,Locational Clearance,Subdivision Phase 1,21192.58
2022-04-25,U-803718,Luz Perez,Alupay,I1-Z,4089.06,Locational Clearance,Environmental Compliance,12775.46
2022-04-25,U-585177,Corazon Gonzales,Bagong Pook,R1-Z,263.1,Locational Clearance,Bank Financing Requirement,5481.19
2022-04-25,U-514346,Juan Ramos,San Isidro,R2-Z,113.43,Locational Clearance,Subdivision Phase 1,16556.86
2022-04-25,U-798478,Chloe Alday,Santa Cruz,R1-Z,324.55,Locational Clearance,Residential Construction,7124.86
2022-04-25,U-276484,Benjamin Comia,San Roque,R1-Z,227.38,Locational Clearance,Subdivision Phase 1,8452.8
2022-04-25,U-192710,Chloe Perez,Alupay,,,Zoning Certificate,Environmental Compliance,415.05
2022-04-26,U-232015,Batangas Trading Corp.,Baybayin,R2-Z,221.49,Development Permit,Bank Financing Requirement,94259.17
2022-04-26,U-688888,Emmanuel Bautista,Alupay,AgIndZ,6705.32,Locational Clearance,Environmental Compliance,20358.92
2022-04-26,U-000591,Mark Alday,San Carlos,AgIndZ-PTR,8431.84,Locational Clearance,Subdivision Phase 1,5416.34
2022-04-26,U-134920,Benjamin Lopez,Alupay,I1-Z,1811.34,Locational Clearance,Industrial Park Expansion,19246.74
2022-04-26,U-737383,Christian Mendoza,Calantas,5491-APDA-SZ,2018.82,Locational Clearance,Farm Development Permit,7152.55
2022-04-26,U-571501,Batangas Gold Trading Corp.,Cahigam,R2-Z,151.18,Zoning Certificate,Bank Financing Requirement,442.46
2022-04-27,U-080120,Batangas Gold Trading Corp.,Bayawang,AgIndZ,5639.7,Development Permit,Industrial Park Expansion,73827.69
2022-04-27,U-874710,Danilo Alday,San Roque,GI-Z,694.28,Development Permit,Environmental Compliance,120637.57
2022-04-27,U-554790,Benjamin Ramos,Alupay,,,Locational Clearance,Warehouse/Factory Construction,2982.9
2022-04-27,U-106187,Batangas Gold Enterprises,Quilib,R2-Z,219.64,Locational Clearance,Subdivision Phase 1,20475.27
2022-04-27,U-192888,Maria Macalalad,Leviste,C1-Z,184.03,Locational Clearance,Commercial Building Construction,12653.13
2022-04-27,U-007473,Chloe Fernandez,Namuco,PDA-SZ,4753.28,Locational Clearance,Land Title Verification,13503.88
2022-04-27,U-431063,Mark Ramos,Marilag,R1-Z,211.29,Locational Clearance,Residential Construction,7681.25
2022-04-27,U-174692,Daniel Reyes,San Carlos,UTS-Z,2076.18,Zoning Certificate,General Property Clearance,388.23
2022-04-28,U-250260,Ramon Gonzales,Quilib,C1-Z,487.13,Development Permit,Business Permit Requirement,68142.11
2022-04-28,U-636057,Antonio Torres,Palakpak,,,Locational Clearance,Commercial Building Construction,7582.02
2022-04-28,U-213018,Benjamin Alday,Pinagsibaan,AgIndZ-PGR,6140.24,Locational Clearance,Residential Construction,21255.34
2022-04-28,U-953494,Maria Garcia,Balibago,R2-Z,190.18,Locational Clearance,Bank Financing Requirement,18905.7
2022-04-28,U-066911,Agri-Ventures Enterprises,Alupay,I3-Z,5441.25,Locational Clearance,Environmental Compliance,6910.78
2022-04-28,U-781538,Juan Fernandez,Pinagsibaan,I1-Z,3601.58,Locational Clearance,Environmental Compliance,5022.44
2022-04-28,U-398419,Sofia Reyes,Masaya,R2-Z,174.56,Locational Clearance,Subdivision Phase 1,19215.43
2022-04-28,U-764274,Luz Reyes,Baybayin,R2-Z,218.05,Locational Clearance,Subdivision Phase 1,2939.36
2022-04-28,U-010498,Grace Castillo,Namunga,R1-Z,178.63,Zoning Certificate,Residential Construction,261.44
2022-04-29,U-276834,David Mendoza,Putingkahoy,,,Locational Clearance,Bank Financing Requirement,10656.97
2022-04-29,U-938611,Jose Gonzales,Quilib,R1-Z,178.93,Locational Clearance,Bank Financing Requirement,8529.81
2022-04-29,U-628329,Angel Macalalad,San Roque,C1-Z,337.64,Locational Clearance,Commercial Complex Development,8531.23
2022-04-29,U-723850,Sofia Perez,Poblacion D,C2-Z,410.08,Locational Clearance,Commercial Building Construction,16898.41
2022-04-29,U-001481,Benjamin Bautista,Poblacion B,C2-Z,597.74,Locational Clearance,Business Permit Requirement,11060.8
2022-05-02,U-193722,Antonio Garcia,Santa Cruz,R2-Z,162.03,Locational Clearance,Bank Financing Requirement,14764.09
2022-05-02,U-565602,Prime Logistics Inc.,Leviste,R1-Z,309.72,Locational Clearance,Bank Financing Requirement,11614.56
2022-05-02,U-489113,Mark Garcia,Bagong Pook,R2-Z,198.98,Locational Clearance,Subdivision Phase 1,10955.54
2022-05-02,U-477904,Angel Gonzales,Bulihan,R1-Z,229.9,Locational Clearance,Residential Construction,19079.08
2022-05-02,U-664364,Angel Perez,Nasi,R2-Z,144.5,Locational Clearance,Residential Construction,4435.08
2022-05-02,U-019084,Luzon Integrated Enterprises,San Isidro,R1-Z,159.32,Locational Clearance,Subdivision Phase 1,9204.44
2022-05-02,U-683243,Maria Reyes,Natu,R2-Z,153.6,Locational Clearance,Bank Financing Requirement,11324.86
2022-05-02,U-864833,Ramon Garcia,Tulos,PTA-SZ-RA,19727.13,Locational Clearance,Subdivision Phase 1,9760.45
2022-05-02,U-220039,Teresa Torres,San Carlos,I2-Z,2129.44,Zoning Certificate,Industrial Park Expansion,426.37
2022-05-04,U-701441,Agri-Ventures Realty & Development,Poblacion A,C2-Z,318.09,Development Permit,Commercial Building Construction,50428.81
2022-05-04,U-383671,Rosario Commercial Center,Bagong Pook,,,Locational Clearance,Business Permit Requirement,4606.65
2022-05-04,U-167641,Maria Dimaculangan,Macalamcam A,R1-Z,230.92,Locational Clearance,Residential Construction,11969.23
2022-05-04,U-615286,Chloe Reyes,San Roque,C1-Z,306.29,Locational Clearance,Business Permit Requirement,15170.77
2022-05-04,U-466352,Luz Sanchez,Calantas,PDA-SZ,9660.14,Locational Clearance,Agribusiness Construction,11141.58
2022-05-04,U-401170,Emmanuel Garcia,Tulos,ECT-Z,1799.93,Locational Clearance,Business Permit Requirement,7613.43
2022-05-04,U-867067,Jose Dimaculangan,Antipolo,R2-Z,221.89,Locational Clearance,Bank Financing Requirement,3593.96
2022-05-04,U-445442,Sofia Perez,Namunga,C1-Z,277.92,Locational Clearance,Business Permit Requirement,11883.16
2022-05-04,U-376288,Benjamin Torres,Palakpak,R2-Z,177.48,Locational Clearance,Residential Construction,7233.21
2022-05-04,U-296866,David Macalalad,Poblacion A,C2-Z,226.06,Locational Clearance,Commercial Building Construction,20390.94
2022-05-04,U-841824,Southern Luzon Enterprises,Quilib,GI-Z,1955.67,Locational Clearance,Warehouse/Factory Construction,11068.59
2022-05-04,U-992430,Jose Ramos,Alupay,AgIndZ-PGR,5866.37,Zoning Certificate,Residential Construction,477.69
2022-05-04,U-948285,Luz Mendoza,Mabunga,R1-Z,256.21,Zoning Certificate,Bank Financing Requirement,319.93
2022-05-04,U-585924,Corazon Torres,Marilag,C/MP-Z,2350.7,Zoning Certificate,Commercial Complex Development,335.31
2022-05-05,U-335133,Christian Ramos,Maalas-As,,,Locational Clearance,Residential Construction,4833.3
2022-05-05,U-196016,Corazon Mendoza,Masaya,R1-Z,121.95,Locational Clearance,Residential Construction,3297.91
2022-05-05,U-971330,Angel Mendoza,Quilib,R2-Z,246.27,Locational Clearance,Residential Construction,4875.28
2022-05-05,U-964015,Victoria Mendoza,Poblacion E,C1-Z,232.82,Locational Clearance,Commercial Complex Development,10498.63
2022-05-05,U-245124,Rosario Logistics Inc.,San Jose,R1-Z,332.04,Locational Clearance,Subdivision Phase 1,4694.51
2022-05-05,U-353111,Luz Macalalad,San Roque,R2-Z,248.6,Locational Clearance,Subdivision Phase 1,5517.59
2022-05-06,U-343256,Antonio Dimaculangan,Mayuro,,,Locational Clearance,Agribusiness Construction,5934.32
2022-05-06,U-673467,Christian Lopez,San Isidro,R2-Z,110.15,Locational Clearance,Residential Construction,9068.0
2022-05-06,U-402661,Grace Alday,Matamis,C1-Z,228.7,Locational Clearance,Commercial Building Construction,11391.67
2022-05-06,U-366090,Grace Mendoza,Santa Cruz,R1-Z,255.35,Locational Clearance,Residential Construction,21706.32
2022-05-06,U-255700,Juan Torres,Antipolo,,,Zoning Certificate,Bank Financing Requirement,253.36
2022-05-10,U-342573,Jose Rodriguez,Balibago,,,Locational Clearance,Land Title Verification,14672.79
2022-05-10,U-534858,Daniel Santos,Antipolo,PDA-SZ,16235.98,Locational Clearance,Land Title Verification,12298.69
2022-05-10,U-877451,Maria Santos,Tulos,,,Zoning Certificate,General Property Clearance,419.04
2022-05-10,U-131219,David Ramos,Calantas,FR-SZ,11296.85,Zoning Certificate,Residential Construction,455.96
2022-05-11,U-198717,Agri-Ventures Trading Corp.,Poblacion E,C2-Z,312.0,Development Permit,Business Permit Requirement,29454.95
2022-05-11,U-941282,Prime Logistics Inc.,Balibago,R2-Z,207.65,Development Permit,Subdivision Phase 1,103256.72
2022-05-11,U-891700,Mark Torres,Colongan,,,Locational Clearance,Subdivision Phase 1,2096.02
2022-05-11,U-193156,Southern Luzon Logistics Inc.,Quilib,BR2-SZ,145.75,Locational Clearance,Subdivision Phase 1,13923.99
2022-05-11,U-449784,Ramon Rodriguez,Maalas-As,R2-Z,87.54,Locational Clearance,Bank Financing Requirement,6629.59
2022-05-11,U-810347,Batangas Commercial Center,Bagong Pook,R1-Z,291.97,Locational Clearance,Residential Construction,3805.7
2022-05-11,U-977610,Maria Sanchez,San Isidro,R1-Z,194.36,Locational Clearance,Bank Financing Requirement,7998.48
2022-05-11,U-222567,Agri-Ventures Commercial Center,Cahigam,R1-Z,111.01,Locational Clearance,Bank Financing Requirement,7363.89
2022-05-11,U-698484,Batangas Gold Holdings Inc.,Baybayin,R2-Z,188.1,Locational Clearance,Subdivision Phase 1,6910.26
2022-05-11,U-680727,Sofia Lopez,Mabunga,R2-Z,230.41,Locational Clearance,Subdivision Phase 1,13984.73
2022-05-11,U-250002,Batangas Logistics Inc.,Poblacion E,R1-Z,346.36,Locational Clearance,Subdivision Phase 1,7753.93
2022-05-11,U-121953,Juan Mercado,Pinagsibaan,,,Zoning Certificate,Warehouse/Factory Construction,385.07
2022-05-11,U-368326,Christian Torres,Leviste,R2-Z,207.3,Zoning Certificate,Bank Financing Requirement,364.08
2022-05-11,U-319015,Maria Alday,Santa Cruz,R2-Z,144.66,Zoning Certificate,Subdivision Phase 1,425.88
2022-05-12,U-938957,Batangas Trading Corp.,Alupay,I3-Z,6651.6,Locational Clearance,Environmental Compliance,11718.18
2022-05-12,U-371835,Sofia Garcia,Poblacion A,C2-Z,392.74,Locational Clearance,Business Permit Requirement,11903.51
2022-05-12,U-055433,Batangas Farms Corp.,Nasi,R1-Z,178.16,Locational Clearance,Residential Construction,9743.5
2022-05-12,U-709420,Luzon Integrated Holdings Inc.,Poblacion C,R1-Z,267.19,Locational Clearance,Bank Financing Requirement,1792.24
2022-05-12,U-183129,Juan Mendoza,Poblacion B,C1-Z,269.48,Zoning Certificate,Business Permit Requirement,464.66
2022-05-13,U-428877,Batangas Gold Trading Corp.,Santa Cruz,R1-Z,267.18,Development Permit,Residential Construction,32905.36
2022-05-13,U-583458,Teresa Garcia,Mabato,,,Locational Clearance,Farm Development Permit,14724.57
2022-05-13,U-724816,Emmanuel Comia,Alupay,,,Locational Clearance,Industrial Park Expansion,12332.69
2022-05-13,U-938534,Daniel Ramos,Pinagsibaan,UTS-Z,1603.05,Locational Clearance,Site Development Permit,12232.76
2022-05-13,U-133411,Mark Macalalad,Balibago,R2-Z,228.92,Locational Clearance,Subdivision Phase 1,15388.28
2022-05-13,U-663283,Victoria Torres,Bagong Pook,R2-Z,203.66,Locational Clearance,Subdivision Phase 1,15538.6
2022-05-13,U-612491,Daniel Alday,Namuco,I2-Z,5371.91,Locational Clearance,Industrial Park Expansion,6548.16
2022-05-13,U-659226,Corazon Santos,Bagong Pook,R2-Z,248.89,Locational Clearance,Subdivision Phase 1,17514.54
2022-05-13,U-273005,Corazon Bautista,Namuco,I1-Z,4155.67,Locational Clearance,Environmental Compliance,20480.4
2022-05-13,U-681963,Prime Holdings Inc.,Masaya,R2-Z,96.18,Zoning Certificate,Subdivision Phase 1,273.67
2022-05-13,U-550139,Batangas Enterprises,Santa Cruz,C1-Z,319.39,Zoning Certificate,Business Permit Requirement,454.17
2022-05-13,U-354268,Antonio Santos,San Roque,BR2-SZ,109.72,Zoning Certificate,Bank Financing Requirement,352.95
2022-05-16,U-165061,Luzon Integrated Holdings Inc.,Baybayin,R2-Z,215.75,Development Permit,Bank Financing Requirement,100570.85
2022-05-16,U-262848,Batangas Realty & Development,Bagong Pook,BR2-SZ,124.46,Locational Clearance,Bank Financing Requirement,5142.11
2022-05-16,U-093781,Mark Cruz,Tulos,PTA-SZ-RA,19177.46,Locational Clearance,Residential Construction,20091.29
2022-05-16,U-097552,Danilo Comia,Poblacion C,MR2-SZ,193.11,Locational Clearance,Bank Financing Requirement,20801.79
2022-05-16,U-529348,Benjamin Gonzales,Bagong Pook,R2-Z,95.44,Locational Clearance,Subdivision Phase 1,12132.33
2022-05-16,U-534276,Luz Castillo,Santa Cruz,R1-Z,123.38,Locational Clearance,Bank Financing Requirement,7781.12
2022-05-16,U-228353,Batangas Gold Commercial Center,Quilib,BR2-SZ,111.0,Locational Clearance,Subdivision Phase 1,15022.38
2022-05-16,U-809396,Batangas Holdings Inc.,Tulos,PTA-SZ-RA,4297.58,Locational Clearance,Subdivision Phase 1,3766.59
2022-05-17,U-542201,Batangas Gold Farms Corp.,Masaya,,,Locational Clearance,Residential Construction,11892.24
2022-05-17,U-057380,Antonio Rodriguez,Bayawang,AgIndZ-PTR,3029.79,Locational Clearance,Subdivision Phase 1,16895.39
2022-05-17,U-416026,Corazon Reyes,Itlugan,R1-Z,112.94,Locational Clearance,Bank Financing Requirement,3777.7
2022-05-17,U-492517,Corazon Sanchez,Masaya,R2-Z,218.62,Locational Clearance,Subdivision Phase 1,11534.73
2022-05-17,U-974352,Juan Bautista,Nasi,PTA-SZ-RA,18492.0,Locational Clearance,Residential Construction,14321.77
2022-05-17,U-531128,Southern Luzon Enterprises,Timbugan,C1-Z,494.79,Locational Clearance,Commercial Building Construction,3222.01
2022-05-17,U-815292,Angel Castillo,San Roque,R2-Z,152.02,Locational Clearance,Bank Financing Requirement,9091.71
2022-05-17,U-873542,Rosario Realty & Development,Calantas,PDA-SZ,12245.25,Locational Clearance,Land Title Verification,17162.85
2022-05-17,U-542817,Batangas Gold Commercial Center,Pinagsibaan,CMRF,823.82,Locational Clearance,Facility/Structure Construction,8868.39
2022-05-18,U-543701,Jose Rodriguez,San Roque,R2-Z,82.0,Locational Clearance,Subdivision Phase 1,16502.64
2022-05-18,U-550644,Rosario Farms Corp.,Cahigam,R2-Z,139.45,Locational Clearance,Residential Construction,7868.17
2022-05-19,U-560103,Angel Perez,Pinagsibaan,,,Locational Clearance,Facility/Structure Construction,7008.79
2022-05-19,U-604602,Rosario Commercial Center,Masaya,R2-Z,144.32,Locational Clearance,Bank Financing Requirement,8072.92
2022-05-19,U-671682,Corazon Gonzales,Poblacion A,R1-Z,183.33,Locational Clearance,Subdivision Phase 1,7215.56
2022-05-19,U-387116,Ramon Mercado,Poblacion E,MR2-SZ,135.41,Locational Clearance,Bank Financing Requirement,4168.19
2022-05-19,U-922804,Juan Sanchez,Bagong Pook,R2-Z,235.59,Locational Clearance,Subdivision Phase 1,19935.45
2022-05-19,U-797416,Maria Bautista,Alupay,I1-Z,3278.01,Locational Clearance,Environmental Compliance,6357.19
2022-05-19,U-158650,Christian Reyes,San Isidro,,,Zoning Certificate,Subdivision Phase 1,374.99
2022-05-19,U-398260,Maria Dimaculangan,Quilib,,,Zoning Certificate,Bank Financing Requirement,414.78
2022-05-20,U-896718,Batangas Logistics Inc.,Palakpak,R1-Z,344.47,Development Permit,Subdivision Phase 1,124494.65
2022-05-20,U-844865,Teresa Mercado,Maalas-As,,,Locational Clearance,Business Permit Requirement,2320.77
2022-05-20,U-917080,Prime Realty & Development,Bulihan,R1-Z,150.92,Locational Clearance,Subdivision Phase 1,18826.15
2022-05-20,U-567038,Danilo Castillo,Natu,C1-Z,245.99,Locational Clearance,Commercial Building Construction,14145.74
2022-05-20,U-674692,Batangas Farms Corp.,Namunga,BR2-SZ,178.06,Locational Clearance,Subdivision Phase 1,18484.25
2022-05-20,U-000031,Luz Santos,Santa Cruz,C1-Z,449.61,Locational Clearance,Commercial Complex Development,6635.84
2022-05-20,U-758163,Luzon Integrated Enterprises,Poblacion B,C1-Z,364.4,Locational Clearance,Commercial Building Construction,20051.1
2022-05-20,U-598306,Corazon Torres,Leviste,,,Zoning Certificate,Residential Construction,387.9
2022-05-23,U-899005,Chloe Torres,Baybayin,GI-Z,2244.36,Locational Clearance,Environmental Compliance,3484.12
2022-05-23,U-212145,Christian Lopez,Namunga,R1-Z,164.24,Locational Clearance,Bank Financing Requirement,18107.95
2022-05-23,U-440136,Angel Gonzales,Mabato,ECT-Z,6573.05,Locational Clearance,Commercial Building Construction,2636.27
2022-05-23,U-067304,David Perez,Mabato,FZ,28302.21,Locational Clearance,General Property Clearance,5929.85
2022-05-23,U-281843,Teresa Dimaculangan,Matamis,PDA-SZ,9278.54,Zoning Certificate,Agribusiness Construction,449.71
2022-05-24,U-532021,Rosario Enterprises,Poblacion A,C2-Z,555.46,Development Permit,Commercial Complex Development,109127.18
2022-05-24,U-142328,Daniel Gonzales,San Roque,C1-Z,401.82,Locational Clearance,Commercial Complex Development,2557.17
2022-05-24,U-749771,Mark Sanchez,Cahigam,R1-Z,206.36,Locational Clearance,Residential Construction,3104.18
2022-05-24,U-233724,Maria Santos,Balibago,R1-Z,104.86,Locational Clearance,Subdivision Phase 1,9517.61
2022-05-24,U-408205,Ramon Castillo,Namunga,R1-Z,122.27,Locational Clearance,Residential Construction,3596.33
2022-05-24,U-108610,Mark Fernandez,Putingkahoy,FR-SZ,9279.98,Locational Clearance,Bank Financing Requirement,11429.38
2022-05-24,U-879207,David Cruz,Quilib,R2-Z,244.16,Locational Clearance,Subdivision Phase 1,20320.22
2022-05-24,U-978314,Jose Dimaculangan,Santa Cruz,BR2-SZ,148.71,Locational Clearance,Residential Construction,12849.33
2022-05-24,U-069856,Victoria Gonzales,Leviste,R1-Z,337.98,Locational Clearance,Bank Financing Requirement,13908.73
2022-05-24,U-374963,Chloe Alday,Santa Cruz,R2-Z,166.56,Locational Clearance,Subdivision Phase 1,16486.17
2022-05-24,U-404833,Maria Gonzales,Mayuro,R1-Z,176.46,Locational Clearance,Subdivision Phase 1,11341.95
2022-05-24,U-114679,Chloe Alday,Leviste,R2-Z,117.67,Zoning Certificate,Residential Construction,356.6
2022-05-25,U-617063,Danilo Ramos,Poblacion A,,,Locational Clearance,Bank Financing Requirement,9003.65
2022-05-25,U-864237,Christian Sanchez,Cahigam,R1-Z,249.8,Locational Clearance,Bank Financing Requirement,18401.05
2022-05-25,U-776915,Ramon Dimaculangan,Antipolo,PDA-SZ,12702.1,Locational Clearance,Farm Development Permit,19764.67
2022-05-26,U-372348,Danilo Comia,Nasi,R2-Z,173.58,Locational Clearance,Bank Financing Requirement,6357.8
2022-05-26,U-599578,Teresa Castillo,Itlugan,R1-Z,337.73,Locational Clearance,Bank Financing Requirement,19933.89
2022-05-26,U-481719,David Mendoza,Balibago,R1-Z,100.44,Locational Clearance,Bank Financing Requirement,16960.45
2022-05-26,U-884842,Luz Sanchez,Poblacion A,MR2-SZ,181.23,Locational Clearance,Bank Financing Requirement,7263.79
2022-05-26,U-174951,Daniel Garcia,Poblacion B,C1-Z,322.96,Locational Clearance,Business Permit Requirement,13562.31
2022-05-26,U-137902,David Santos,Palakpak,R2-Z,127.41,Locational Clearance,Subdivision Phase 1,9917.4
2022-05-26,U-039541,Emmanuel Mendoza,Baybayin,R1-Z,240.16,Locational Clearance,Bank Financing Requirement,11088.89
2022-05-26,U-766289,Victoria Comia,San Carlos,I1-Z,1889.46,Locational Clearance,Industrial Park Expansion,2019.99
2022-05-27,U-172293,Rosario Logistics Inc.,San Isidro,AgIndZ,2507.77,Development Permit,Industrial Park Expansion,116576.24
2022-05-27,U-806628,Daniel Fernandez,Poblacion A,C1-Z,269.91,Locational Clearance,Commercial Building Construction,19902.29
2022-05-27,U-614248,Juan Sanchez,Santa Cruz,R2-Z,115.77,Locational Clearance,Bank Financing Requirement,8455.46
2022-05-27,U-745818,Mark Reyes,Poblacion A,MR2-SZ,60.75,Locational Clearance,Bank Financing Requirement,11693.07
2022-05-27,U-727434,Rosario Commercial Center,San Isidro,R1-Z,330.02,Locational Clearance,Subdivision Phase 1,13003.76
2022-05-27,U-186555,David Gonzales,Bagong Pook,R1-Z,106.42,Locational Clearance,Bank Financing Requirement,5903.54
2022-05-27,U-496477,Daniel Macalalad,Balibago,PTA-SZ-RA,10696.95,Zoning Certificate,Residential Construction,375.95
2022-05-30,U-851953,Christian Cruz,Namunga,R2-Z,106.97,Locational Clearance,Subdivision Phase 1,3115.08
2022-05-30,U-656856,Agri-Ventures Commercial Center,Cahigam,R1-Z,335.03,Locational Clearance,Bank Financing Requirement,12835.29
2022-05-30,U-348704,Christian Macalalad,Poblacion A,R1-Z,232.98,Zoning Certificate,Residential Construction,445.06
2022-05-30,U-327088,Luz Alday,Calantas,PDA-SZ,16920.95,Zoning Certificate,Land Title Verification,492.23
2022-05-31,U-009609,Batangas Gold Realty & Development,Salao,C1-Z,194.95,Development Permit,Commercial Building Construction,43865.02
2022-05-31,U-266026,Batangas Gold Logistics Inc.,Antipolo,,,Locational Clearance,Warehouse/Factory Construction,9762.21
2022-05-31,U-347171,Southern Luzon Commercial Center,Palakpak,,,Locational Clearance,Subdivision Phase 1,4171.17
2022-05-31,U-128339,Victoria Reyes,Balibago,R1-Z,245.83,Locational Clearance,Subdivision Phase 1,6558.73
2022-05-31,U-730098,Juan Perez,Marilag,GI-Z,1396.56,Locational Clearance,Industrial Park Expansion,2988.43
2022-05-31,U-617873,Victoria Mercado,Bagong Pook,BR2-SZ,65.23,Locational Clearance,Bank Financing Requirement,8091.44
2022-06-01,U-520197,Batangas Enterprises,Nasi,R1-Z,280.43,Locational Clearance,Subdivision Phase 1,20214.43
2022-06-02,U-659377,Grace Rodriguez,Palakpak,,,Locational Clearance,Residential Construction,5466.33
2022-06-02,U-618609,Agri-Ventures Enterprises,San Carlos,AgIndZ-PTR,7204.02,Locational Clearance,Bank Financing Requirement,19864.87
2022-06-02,U-919983,Jose Bautista,Alupay,AgIndZ,4022.22,Zoning Certificate,Industrial Park Expansion,497.42
2022-06-03,U-798297,Corazon Dimaculangan,Maalas-As,R1-Z,272.86,Locational Clearance,Bank Financing Requirement,17238.74
2022-06-03,U-148643,David Santos,Baybayin,R2-Z,131.3,Zoning Certificate,Bank Financing Requirement,463.46
2022-06-06,U-347252,Maria Castillo,Mabato,THSP-SZ,6973.37,Development Permit,Facility/Structure Construction,63830.57
2022-06-06,U-485258,Danilo Alday,Putingkahoy,PDA-SZ,4093.27,Locational Clearance,Agribusiness Construction,4660.72
2022-06-06,U-462792,Benjamin Mercado,San Carlos,CMRF,1563.4,Locational Clearance,General Property Clearance,6267.64
2022-06-07,U-281597,Agri-Ventures Trading Corp.,Poblacion B,R1-Z,207.31,Locational Clearance,Bank Financing Requirement,16805.07
2022-06-07,U-119169,Victoria Torres,Colongan,R1-Z,327.01,Locational Clearance,Subdivision Phase 1,11645.29
2022-06-08,U-434988,Benjamin Mendoza,Santa Cruz,C1-Z,355.14,Locational Clearance,Commercial Building Construction,19867.93
2022-06-08,U-198270,Victoria Castillo,Alupay,AgIndZ,2666.59,Locational Clearance,Environmental Compliance,14800.16
2022-06-08,U-939944,Maria Fernandez,Poblacion C,R1-Z,139.35,Locational Clearance,Bank Financing Requirement,11929.26
2022-06-08,U-971549,Jose Ramos,Pinagsibaan,AgIndZ,7597.31,Locational Clearance,Environmental Compliance,5311.69
2022-06-08,U-206196,Benjamin Gonzales,Namunga,C1-Z,400.55,Locational Clearance,Commercial Complex Development,17685.81
2022-06-10,U-106897,Ramon Cruz,Alupay,I3-Z,3801.4,Zoning Certificate,Warehouse/Factory Construction,302.13
2022-06-13,U-052862,Grace Comia,Santa Cruz,R2-Z,159.06,Locational Clearance,Residential Construction,15448.6
2022-06-13,U-668832,Chloe Bautista,San Carlos,AgIndZ-PGR,4028.34,Locational Clearance,Residential Construction,2403.08
2022-06-13,U-685588,Daniel Dimaculangan,Namuco,AgIndZ-PTR,8980.7,Locational Clearance,Subdivision Phase 1,11857.97
2022-06-14,U-658524,Emmanuel Cruz,Maalas-As,R2-Z,183.77,Locational Clearance,Subdivision Phase 1,21311.78
2022-06-14,U-497791,Southern Luzon Enterprises,San Isidro,R1-Z,254.09,Locational Clearance,Residential Construction,15137.6
2022-06-14,U-209729,Jose Rodriguez,Namunga,R2-Z,113.95,Locational Clearance,Residential Construction,9679.53
2022-06-14,U-692045,Agri-Ventures Trading Corp.,San Roque,BR2-SZ,132.75,Locational Clearance,Residential Construction,9444.0
2022-06-15,U-861295,Chloe Fernandez,Santa Cruz,C1-Z,459.84,Locational Clearance,Commercial Building Construction,5344.56
2022-06-20,U-955269,Prime Realty & Development,Alupay,I1-Z,3449.11,Locational Clearance,Environmental Compliance,6917.59
2022-06-20,U-178717,Rosario Farms Corp.,Antipolo,PDA-SZ,4126.22,Zoning Certificate,Agribusiness Construction,482.59
2022-06-20,U-124629,Victoria Ramos,Poblacion B,R1-Z,320.38,Zoning Certificate,Bank Financing Requirement,349.46
2022-06-21,U-272192,David Rodriguez,Namuco,AgIndZ-PTR,3270.33,Locational Clearance,Bank Financing Requirement,14200.66
2022-06-21,U-738707,Benjamin Castillo,San Isidro,PDA-SZ,15075.67,Locational Clearance,Farm Development Permit,19320.19
2022-06-21,U-476831,Southern Luzon Trading Corp.,Natu,,,Zoning Certificate,Farm Development Permit,340.69
2022-06-21,U-510738,Jose Santos,Namunga,BR2-SZ,151.07,Zoning Certificate,Subdivision Phase 1,482.14
2022-06-22,U-949287,Benjamin Torres,Leviste,,,Locational Clearance,Industrial Park Expansion,14025.91
2022-06-23,U-201801,Mark Mendoza,San Roque,R2-Z,176.06,Locational Clearance,Subdivision Phase 1,9396.94
2022-06-23,U-480580,Batangas Gold Commercial Center,San Roque,AgIndZ,4747.66,Locational Clearance,Industrial Park Expansion,18875.9
2022-06-24,U-266546,Benjamin Castillo,San Isidro,,,Locational Clearance,Bank Financing Requirement,14187.05
2022-06-27,U-293576,Grace Sanchez,Colongan,R2-Z,128.36,Locational Clearance,Subdivision Phase 1,5287.66
2022-06-27,U-273222,Luzon Integrated Realty & Development,San Isidro,PDA-SZ,10060.37,Locational Clearance,Land Title Verification,8335.13
2022-06-27,U-961140,Prime Logistics Inc.,San Isidro,R2-Z,236.05,Locational Clearance,Residential Construction,3237.06
2022-06-28,U-788453,Agri-Ventures Enterprises,Macalamcam A,R2-Z,157.53,Development Permit,Subdivision Phase 1,119625.74
2022-06-28,U-036239,Maria Dimaculangan,Quilib,,,Locational Clearance,Bank Financing Requirement,9296.55
2022-06-28,U-818110,Jose Macalalad,Baybayin,R1-Z,138.5,Locational Clearance,Bank Financing Requirement,18615.29
2022-06-28,U-621074,Chloe Cruz,Tulos,FZ,19810.31,Locational Clearance,Facility/Structure Construction,5812.34
2022-06-28,U-201112,David Bautista,Balibago,C1-Z,482.94,Locational Clearance,Commercial Complex Development,15593.89
2022-06-28,U-683860,Grace Cruz,Poblacion D,R1-Z,319.25,Locational Clearance,Subdivision Phase 1,14977.44
2022-06-28,U-808870,Southern Luzon Logistics Inc.,Namuco,AgIndZ-PTR,4437.08,Zoning Certificate,Residential Construction,468.2
2022-06-29,U-780009,Teresa Dimaculangan,Baybayin,C1-Z,377.76,Locational Clearance,Commercial Complex Development,3882.29
2022-06-29,U-483040,Ramon Bautista,Macalamcam A,C1-Z,465.43,Locational Clearance,Commercial Building Construction,9344.33
2022-06-29,U-642329,Prime Trading Corp.,Tulos,ECT-Z,6948.78,Locational Clearance,Commercial Complex Development,14356.07
2022-06-29,U-809950,Batangas Logistics Inc.,San Carlos,I1-Z,3352.21,Locational Clearance,Environmental Compliance,17252.83
2022-06-29,U-120742,Angel Bautista,Masaya,,,Zoning Certificate,Land Title Verification,453.73
2022-06-30,U-584201,Batangas Gold Logistics Inc.,Poblacion D,C2-Z,583.29,Development Permit,Commercial Building Construction,78820.85
2022-06-30,U-437850,Batangas Gold Trading Corp.,Alupay,AgIndZ-PTR,2599.05,Locational Clearance,Subdivision Phase 1,2062.82
2022-06-30,U-695417,Ramon Perez,Mabunga,PDA-SZ,12272.69,Locational Clearance,Land Title Verification,11133.12
2022-06-30,U-382128,Maria Reyes,Putingkahoy,FZ,6509.16,Locational Clearance,Site Development Permit,6886.94
2022-06-30,U-141433,Chloe Lopez,Poblacion D,R2-Z,107.71,Locational Clearance,Bank Financing Requirement,6901.57
2022-06-30,U-364934,Teresa Castillo,Macalamcam A,,,Zoning Certificate,Residential Construction,305.08
2022-07-05,U-124994,Sofia Garcia,Cahigam,R2-Z,190.89,Locational Clearance,Subdivision Phase 1,6449.86
2022-07-05,U-322199,Rosario Commercial Center,Bagong Pook,R2-Z,144.84,Locational Clearance,Residential Construction,18021.64
2022-07-06,U-189385,Christian Macalalad,Poblacion A,,,Locational Clearance,Residential Construction,6626.99
2022-07-07,U-147045,Grace Santos,Cahigam,R2-Z,151.2,Development Permit,Subdivision Phase 1,36631.64
2022-07-07,U-876602,Juan Perez,Santa Cruz,R1-Z,136.15,Locational Clearance,Bank Financing Requirement,10295.66
2022-07-07,U-245628,Mark Gonzales,Poblacion A,R2-Z,237.95,Zoning Certificate,Bank Financing Requirement,446.06
2022-07-08,U-597406,Batangas Holdings Inc.,Baybayin,,,Locational Clearance,Subdivision Phase 1,11367.77
2022-07-08,U-332661,Corazon Alday,Bayawang,CMRF,1935.4,Locational Clearance,Site Development Permit,20652.02
2022-07-08,U-178466,Luz Reyes,Balibago,C1-Z,299.62,Zoning Certificate,Business Permit Requirement,471.45
2022-07-11,U-489860,Emmanuel Garcia,Palakpak,PTA-SZ-RA,18928.79,Locational Clearance,Residential Construction,19119.67
2022-07-11,U-937716,Batangas Gold Enterprises,Santa Cruz,R1-Z,321.0,Locational Clearance,Bank Financing Requirement,3712.97
2022-07-12,U-702821,Angel Santos,Macalamcam B,R2-Z,234.77,Locational Clearance,Residential Construction,4786.02
2022-07-12,U-539143,Christian Reyes,Namuco,AgIndZ-PGR,2468.25,Zoning Certificate,Residential Construction,319.38
2022-07-14,U-363694,Grace Bautista,Alupay,,,Zoning Certificate,Warehouse/Factory Construction,464.28
2022-07-15,U-892015,Southern Luzon Farms Corp.,Quilib,R1-Z,338.88,Zoning Certificate,Bank Financing Requirement,319.79
2022-07-18,U-818797,Maria Santos,Tulos,,,Locational Clearance,Facility/Structure Construction,5956.94
2022-07-18,U-217964,Rosario Farms Corp.,Alupay,,,Zoning Certificate,Warehouse/Factory Construction,405.18
2022-07-19,U-036772,Sofia Reyes,Poblacion E,R1-Z,256.52,Locational Clearance,Subdivision Phase 1,17623.11
2022-07-21,U-775395,Victoria Gonzales,San Carlos,I2-Z,2866.22,Zoning Certificate,Environmental Compliance,444.28
2022-07-21,U-430494,Jose Bautista,Pinagsibaan,UTS-Z,2430.69,Zoning Certificate,General Property Clearance,320.78
2022-07-25,U-567249,Prime Trading Corp.,Tulos,ECT-Z,5521.49,Locational Clearance,Commercial Building Construction,15315.13
2022-07-26,U-379075,Chloe Garcia,Santa Cruz,R1-Z,247.21,Locational Clearance,Bank Financing Requirement,4332.16
2022-07-26,U-404583,Corazon Mercado,Tulos,ECT-Z,2823.5,Locational Clearance,Commercial Complex Development,4431.1
2022-07-27,U-216788,Southern Luzon Logistics Inc.,Santa Cruz,R2-Z,111.26,Locational Clearance,Residential Construction,11534.98
2022-07-27,U-455190,Antonio Ramos,Calantas,5491-APDA-SZ,4670.98,Locational Clearance,Farm Development Permit,2676.5
2022-07-28,U-930000,Luzon Integrated Logistics Inc.,Natu,R1-Z,330.79,Locational Clearance,Residential Construction,14881.96
2022-07-28,U-396912,Jose Gonzales,Quilib,R1-Z,284.09,Locational Clearance,Subdivision Phase 1,18316.95
2022-07-28,U-124323,Emmanuel Fernandez,San Isidro,C1-Z,409.2,Locational Clearance,Commercial Complex Development,20003.73
2022-07-29,U-829094,Mark Ramos,Nasi,R1-Z,120.45,Zoning Certificate,Bank Financing Requirement,268.71
2022-08-02,U-422547,Prime Logistics Inc.,Namunga,C1-Z,170.62,Locational Clearance,Commercial Complex Development,3999.03
2022-08-02,U-567913,Grace Rodriguez,Poblacion A,C2-Z,531.91,Locational Clearance,Business Permit Requirement,18313.07
2022-08-02,U-875209,Rosario Farms Corp.,Bagong Pook,,,Zoning Certificate,Bank Financing Requirement,467.91
2022-08-03,U-463528,Chloe Perez,Alupay,,,Locational Clearance,Environmental Compliance,10225.17
2022-08-03,U-252157,Teresa Mendoza,Poblacion B,C2-Z,551.97,Locational Clearance,Business Permit Requirement,9469.63
2022-08-03,U-436319,Ramon Cruz,Leviste,R1-Z,191.21,Locational Clearance,Bank Financing Requirement,5178.87
2022-08-04,U-417837,Christian Reyes,San Isidro,,,Locational Clearance,Residential Construction,3021.01
2022-08-04,U-834807,Ramon Sanchez,Calantas,PDA-SZ,17044.37,Locational Clearance,Farm Development Permit,9686.45
2022-08-04,U-890144,Chloe Bautista,Baybayin,R1-Z,169.97,Locational Clearance,Bank Financing Requirement,21881.99
2022-08-05,U-285851,Batangas Gold Holdings Inc.,Pinagsibaan,I2-Z,5131.95,Locational Clearance,Environmental Compliance,16709.57
2022-08-05,U-112394,Luz Sanchez,Mayuro,R1-Z,192.52,Locational Clearance,Residential Construction,11311.38
2022-08-08,U-002646,Benjamin Fernandez,Pinagsibaan,AgIndZ,2437.27,Locational Clearance,Industrial Park Expansion,1520.17
2022-08-08,U-672699,Maria Santos,Antipolo,R2-Z,178.72,Locational Clearance,Bank Financing Requirement,14229.11
2022-08-08,U-764223,Mark Reyes,Timbugan,,,Zoning Certificate,Warehouse/Factory Construction,309.6
2022-08-08,U-331567,Prime Commercial Center,Bagong Pook,R1-Z,108.85,Zoning Certificate,Subdivision Phase 1,340.99
2022-08-11,U-832926,Antonio Santos,Alupay,I2-Z,5148.38,Locational Clearance,Environmental Compliance,13884.54
2022-08-11,U-191984,Antonio Fernandez,Baybayin,,,Zoning Certificate,Land Title Verification,329.65
2022-08-11,U-324956,Rosario Farms Corp.,Itlugan,R2-Z,150.44,Zoning Certificate,Bank Financing Requirement,302.36
2022-08-11,U-898590,Sofia Lopez,Bayawang,UTS-Z,2717.39,Zoning Certificate,Site Development Permit,403.5
2022-08-12,U-640691,Rosario Commercial Center,Namuco,AgIndZ,2566.44,Development Permit,Warehouse/Factory Construction,110740.61
2022-08-12,U-846114,Southern Luzon Trading Corp.,Natu,,,Locational Clearance,Land Title Verification,9572.3
2022-08-12,U-955727,Teresa Perez,Quilib,,,Zoning Certificate,Residential Construction,295.79
2022-08-15,U-705369,Juan Torres,Antipolo,,,Locational Clearance,Residential Construction,2034.93
2022-08-15,U-561694,Corazon Rodriguez,Tulos,5491-APDA-SZ,3227.6,Locational Clearance,Farm Development Permit,13696.41
2022-08-15,U-775464,Rosario Commercial Center,Nasi,R2-Z,205.88,Zoning Certificate,Subdivision Phase 1,445.72
2022-08-16,U-661591,Prime Farms Corp.,Poblacion C,C2-Z,688.83,Zoning Certificate,Business Permit Requirement,361.03
2022-08-17,U-050957,Juan Mercado,Pinagsibaan,,,Locational Clearance,Environmental Compliance,14440.74
2022-08-17,U-369714,Christian Garcia,Namunga,R2-Z,189.18,Locational Clearance,Residential Construction,20509.96
2022-08-17,U-429836,Prime Holdings Inc.,Baybayin,R2-Z,112.41,Locational Clearance,Residential Construction,10699.15
2022-08-17,U-299829,Batangas Gold Farms Corp.,Poblacion A,R2-Z,139.27,Locational Clearance,Residential Construction,15427.7
2022-08-17,U-843602,Corazon Bautista,Nasi,PDA-SZ,4568.36,Zoning Certificate,Land Title Verification,322.97
2022-08-18,U-616846,Teresa Cruz,Bagong Pook,BR2-SZ,78.11,Locational Clearance,Subdivision Phase 1,19783.45
2022-08-18,U-399090,Juan Rodriguez,Namuco,I3-Z,7325.55,Locational Clearance,Industrial Park Expansion,8637.25
2022-08-19,U-729570,Batangas Trading Corp.,San Roque,R1-Z,208.38,Locational Clearance,Bank Financing Requirement,7367.22
2022-08-19,U-655433,Mark Garcia,Alupay,I2-Z,6725.44,Locational Clearance,Environmental Compliance,16918.34
2022-08-22,U-063293,Corazon Torres,Leviste,,,Locational Clearance,Subdivision Phase 1,10505.27
2022-08-22,U-552752,Angel Fernandez,San Carlos,I1-Z,3417.14,Locational Clearance,Warehouse/Factory Construction,6135.72
2022-08-23,U-598605,Christian Dimaculangan,Santa Cruz,R1-Z,186.34,Locational Clearance,Residential Construction,4880.77
2022-08-23,U-949624,Ramon Ramos,Maalas-As,R2-Z,187.75,Zoning Certificate,Bank Financing Requirement,269.62
2022-08-23,U-473572,Batangas Logistics Inc.,Pinagsibaan,I3-Z,8146.53,Zoning Certificate,Environmental Compliance,406.41
2022-08-23,U-933750,Maria Ramos,Baybayin,R2-Z,164.16,Zoning Certificate,Residential Construction,355.9
2022-08-25,U-524364,Antonio Reyes,Namunga,R1-Z,269.19,Zoning Certificate,Bank Financing Requirement,344.68
2022-08-26,U-840062,Grace Bautista,Alupay,,,Locational Clearance,Warehouse/Factory Construction,2023.71
2022-08-26,U-718290,Sofia Mercado,Macalamcam A,AgIndZ,7393.95,Locational Clearance,Warehouse/Factory Construction,10357.72
2022-08-26,U-502312,Angel Santos,Santa Cruz,R2-Z,127.51,Locational Clearance,Subdivision Phase 1,18881.48
2022-08-26,U-088033,Ramon Castillo,Marilag,PTA-SZ-RA,14927.74,Locational Clearance,Bank Financing Requirement,15539.05
2022-08-31,U-438827,Maria Perez,Santa Cruz,R1-Z,129.56,Zoning Certificate,Bank Financing Requirement,372.86
2022-08-31,U-399696,Prime Realty & Development,Bayawang,UTS-Z,2597.91,Zoning Certificate,Facility/Structure Construction,387.84
2022-09-01,U-111031,Juan Fernandez,Pinagsibaan,AgIndZ,3388.08,Locational Clearance,Industrial Park Expansion,2138.42
2022-09-01,U-591236,Christian Rodriguez,Balibago,R1-Z,191.14,Locational Clearance,Bank Financing Requirement,21979.84
2022-09-01,U-815074,Danilo Perez,Matamis,R1-Z,285.87,Locational Clearance,Bank Financing Requirement,21230.18
2022-09-01,U-507607,Benjamin Perez,Tulos,5491-APDA-SZ,3194.63,Locational Clearance,Farm Development Permit,19699.19
2022-09-01,U-657960,Agri-Ventures Holdings Inc.,Balibago,,,Zoning Certificate,Residential Construction,364.92
2022-09-02,U-978739,Rosario Farms Corp.,Alupay,,,Locational Clearance,Industrial Park Expansion,13362.33
2022-09-02,U-969576,Southern Luzon Farms Corp.,Quilib,R2-Z,245.98,Zoning Certificate,Subdivision Phase 1,408.49
2022-09-06,U-277846,Maria Fernandez,Poblacion E,C2-Z,274.36,Locational Clearance,Business Permit Requirement,10145.06
2022-09-06,U-719912,Emmanuel Garcia,Pinagsibaan,I3-Z,3909.5,Locational Clearance,Warehouse/Factory Construction,18062.5
2022-09-06,U-867010,Mark Reyes,Poblacion C,R2-Z,81.81,Locational Clearance,Residential Construction,18761.62
2022-09-07,U-564111,Danilo Cruz,Pinagsibaan,I1-Z,4329.58,Locational Clearance,Environmental Compliance,20520.53
2022-09-07,U-977690,Jose Bautista,Itlugan,C1-Z,440.78,Locational Clearance,Commercial Building Construction,12609.05
2022-09-07,U-213694,Antonio Cruz,Bagong Pook,C1-Z,249.62,Locational Clearance,Commercial Complex Development,4407.07
2022-09-08,U-721293,David Cruz,San Carlos,I3-Z,6777.25,Locational Clearance,Warehouse/Factory Construction,20639.31
2022-09-08,U-712710,Corazon Lopez,Pinagsibaan,I2-Z,2618.85,Locational Clearance,Environmental Compliance,13299.18
2022-09-08,U-817042,David Mendoza,Palakpak,C1-Z,178.2,Locational Clearance,Commercial Building Construction,7941.89
2022-09-08,U-115484,Ramon Torres,Tulos,5491-APDA-SZ,3046.08,Zoning Certificate,Agribusiness Construction,298.7
2022-09-09,U-209896,Rosario Logistics Inc.,Putingkahoy,ECT-Z,2750.15,Development Permit,Commercial Complex Development,114580.9
2022-09-09,U-830744,Luzon Integrated Commercial Center,Poblacion A,C1-Z,453.31,Zoning Certificate,Commercial Building Construction,436.85
2022-09-12,U-853283,Benjamin Garcia,Bagong Pook,R1-Z,273.3,Locational Clearance,Bank Financing Requirement,10981.22
2022-09-13,U-500449,Angel Bautista,Masaya,,,Locational Clearance,Farm Development Permit,14779.63
2022-09-14,U-424374,Antonio Fernandez,San Carlos,I1-Z,3754.96,Locational Clearance,Industrial Park Expansion,14468.65
2022-09-14,U-046962,Agri-Ventures Trading Corp.,Baybayin,R1-Z,207.88,Locational Clearance,Bank Financing Requirement,15666.05
2022-09-14,U-847515,Luz Sanchez,Alupay,I3-Z,5894.06,Locational Clearance,Warehouse/Factory Construction,12963.68
2022-09-15,U-161103,Prime Holdings Inc.,Alupay,AgIndZ,2054.35,Locational Clearance,Warehouse/Factory Construction,19103.3
2022-09-15,U-422112,Prime Realty & Development,Mayuro,AgIndZ,4258.56,Locational Clearance,Industrial Park Expansion,14658.89
2022-09-15,U-733381,Sofia Ramos,Poblacion B,MR2-SZ,192.11,Locational Clearance,Subdivision Phase 1,9693.43
2022-09-15,U-462534,Sofia Reyes,San Carlos,PDA-SZ,14732.11,Locational Clearance,Agribusiness Construction,4443.22
2022-09-15,U-065366,Sofia Mercado,Timbugan,R1-Z,180.48,Zoning Certificate,Residential Construction,451.71
2022-09-16,U-881920,Daniel Ramos,Baybayin,R1-Z,190.74,Zoning Certificate,Bank Financing Requirement,479.37
2022-09-20,U-296530,Antonio Perez,Calantas,5491-APDA-SZ,1259.45,Locational Clearance,Farm Development Permit,16131.71
2022-09-20,U-531934,Rosario Commercial Center,Baybayin,R2-Z,173.96,Zoning Certificate,Subdivision Phase 1,334.2
2022-09-21,U-631980,Ramon Lopez,Balibago,C1-Z,496.5,Locational Clearance,Commercial Building Construction,9886.39
2022-09-21,U-944931,Danilo Sanchez,Alupay,AgIndZ-PGR,3555.89,Locational Clearance,Bank Financing Requirement,3693.67
2022-09-21,U-909876,Mark Torres,Masaya,R2-Z,155.06,Zoning Certificate,Bank Financing Requirement,258.22
2022-09-22,U-126816,Batangas Gold Trading Corp.,Alupay,AgIndZ-PTR,3246.71,Locational Clearance,Residential Construction,1731.66
2022-09-22,U-405293,Prime Commercial Center,Antipolo,C1-Z,198.8,Locational Clearance,Commercial Complex Development,9327.05
2022-09-22,U-905957,Juan Gonzales,Tulos,FZ,15343.5,Zoning Certificate,Site Development Permit,373.28
2022-09-22,U-813953,Daniel Rodriguez,Timbugan,R2-Z,171.03,Zoning Certificate,Residential Construction,325.05
2022-09-23,U-470169,Antonio Fernandez,Baybayin,,,Locational Clearance,Land Title Verification,6984.05
2022-09-23,U-934054,Sofia Alday,Nasi,,,Zoning Certificate,Residential Construction,468.33
2022-09-23,U-949406,Agri-Ventures Holdings Inc.,Namunga,R2-Z,202.92,Zoning Certificate,Subdivision Phase 1,401.06
2022-09-26,U-656490,Luzon Integrated Farms Corp.,San Isidro,R1-Z,282.25,Locational Clearance,Bank Financing Requirement,8149.4
2022-09-26,U-613269,Ramon Torres,Bagong Pook,R2-Z,135.37,Zoning Certificate,Residential Construction,480.39
2022-09-28,U-241705,Luzon Integrated Trading Corp.,San Isidro,PTA-SZ-RA,18536.06,Development Permit,Bank Financing Requirement,62348.63
2022-09-28,U-914720,Teresa Perez,Quilib,,,Locational Clearance,Bank Financing Requirement,8274.08
2022-09-29,U-784942,Christian Santos,Balibago,R2-Z,191.03,Locational Clearance,Residential Construction,7082.37
2022-09-29,U-119862,Luzon Integrated Trading Corp.,Namuco,I1-Z,2007.23,Zoning Certificate,Industrial Park Expansion,397.47
2022-09-30,U-552585,Christian Bautista,San Isidro,C1-Z,193.32,Locational Clearance,Commercial Complex Development,9743.2
2022-09-30,U-120011,Christian Gonzales,Masaya,AgIndZ,4001.95,Locational Clearance,Warehouse/Factory Construction,19759.1
2022-09-30,U-920762,Grace Torres,Natu,R2-Z,155.21,Zoning Certificate,Residential Construction,345.07
2022-10-03,U-935777,Daniel Bautista,Mabunga,R1-Z,148.25,Locational Clearance,Subdivision Phase 1,5751.27
2022-10-03,U-500614,Teresa Santos,Pinagsibaan,UTS-Z,2075.03,Zoning Certificate,Site Development Permit,253.21
2022-10-03,U-135060,Prime Farms Corp.,Poblacion A,R2-Z,234.66,Zoning Certificate,Bank Financing Requirement,350.54
2022-10-04,U-269904,Prime Trading Corp.,Itlugan,R1-Z,156.08,Locational Clearance,Residential Construction,10706.48
2022-10-04,U-539439,David Garcia,Bagong Pook,BR2-SZ,144.44,Locational Clearance,Bank Financing Requirement,15475.31
2022-10-04,U-891547,Southern Luzon Enterprises,Itlugan,GI-Z,616.02,Locational Clearance,Environmental Compliance,8234.9
2022-10-04,U-007543,Maria Gonzales,San Carlos,I1-Z,1799.94,Locational Clearance,Industrial Park Expansion,9817.28
2022-10-04,U-645963,Agri-Ventures Logistics Inc.,Palakpak,R1-Z,281.92,Locational Clearance,Residential Construction,12440.77
2022-10-04,U-529678,Danilo Dimaculangan,Poblacion D,R1-Z,102.51,Locational Clearance,Bank Financing Requirement,12369.23
2022-10-04,U-455750,Southern Luzon Enterprises,Namunga,R1-Z,177.35,Locational Clearance,Residential Construction,9881.19
2022-10-05,U-206264,Mark Reyes,Timbugan,,,Locational Clearance,Industrial Park Expansion,6957.62
2022-10-05,U-942302,Mark Garcia,Alupay,AgIndZ-PTR,5142.29,Locational Clearance,Subdivision Phase 1,1924.59
2022-10-06,U-934194,Danilo Rodriguez,San Carlos,AgIndZ-PGR,4084.12,Locational Clearance,Residential Construction,18295.95
2022-10-06,U-756507,Victoria Gonzales,Putingkahoy,,,Zoning Certificate,Land Title Verification,379.8
2022-10-07,U-118611,Teresa Dimaculangan,Masaya,C/MP-Z,2806.88,Locational Clearance,Business Permit Requirement,6862.11
2022-10-07,U-771134,Mark Mendoza,San Roque,C1-Z,225.93,Locational Clearance,Commercial Complex Development,21008.43
2022-10-07,U-013663,Corazon Macalalad,Calantas,ECT-Z,6949.9,Locational Clearance,Commercial Building Construction,13830.91
2022-10-07,U-809650,Antonio Sanchez,Matamis,R1-Z,303.86,Zoning Certificate,Bank Financing Requirement,494.56
2022-10-10,U-215380,Batangas Gold Holdings Inc.,Pinagsibaan,I1-Z,1813.85,Locational Clearance,Environmental Compliance,10428.54
2022-10-10,U-279393,Maria Mendoza,Maligaya,C1-Z,391.4,Locational Clearance,Commercial Building Construction,9111.61
2022-10-10,U-336194,Luz Torres,Baybayin,R1-Z,147.88,Locational Clearance,Subdivision Phase 1,18565.14
2022-10-10,U-448277,Daniel Dimaculangan,San Roque,,,Zoning Certificate,Subdivision Phase 1,323.13
2022-10-10,U-329506,Southern Luzon Enterprises,Alupay,AgIndZ-PTR,5488.26,Zoning Certificate,Bank Financing Requirement,448.24
2022-10-11,U-202258,Christian Comia,San Ignacio,AgIndZ,6138.78,Locational Clearance,Environmental Compliance,6006.72
2022-10-12,U-097191,Teresa Castillo,Macalamcam A,,,Locational Clearance,Residential Construction,9522.46
2022-10-12,U-992720,Victoria Comia,Poblacion E,,,Zoning Certificate,Residential Construction,401.91
2022-10-12,U-940288,Prime Commercial Center,Baybayin,PDA-SZ,3662.8,Zoning Certificate,Farm Development Permit,373.6
2022-10-12,U-249048,Luz Bautista,Namuco,I1-Z,4895.49,Zoning Certificate,Environmental Compliance,357.02
2022-10-12,U-717358,Chloe Sanchez,San Roque,R2-Z,80.65,Zoning Certificate,Subdivision Phase 1,300.88
2022-10-13,U-955862,Chloe Castillo,San Carlos,AgIndZ,3730.97,Locational Clearance,Warehouse/Factory Construction,12147.59
2022-10-13,U-559747,Victoria Macalalad,Bagong Pook,C1-Z,416.37,Locational Clearance,Commercial Complex Development,16939.39
2022-10-13,U-085314,Southern Luzon Trading Corp.,Antipolo,PDA-SZ,7262.17,Locational Clearance,Land Title Verification,7292.38
2022-10-14,U-914477,Christian Reyes,Balibago,PDA-SZ,7549.42,Locational Clearance,Farm Development Permit,15783.25
2022-10-14,U-511602,Grace Santos,San Isidro,PDA-SZ,12160.63,Locational Clearance,Agribusiness Construction,1709.51
2022-10-14,U-400437,David Reyes,San Isidro,PDA-SZ,10157.21,Locational Clearance,Land Title Verification,20279.18
2022-10-14,U-516425,Daniel Gonzales,Pinagsibaan,UTS-Z,1039.4,Locational Clearance,Facility/Structure Construction,12646.54
2022-10-17,U-113212,David Bautista,Antipolo,R2-Z,201.43,Locational Clearance,Residential Construction,15302.66
2022-10-17,U-804697,Jose Ramos,Bagong Pook,R1-Z,326.35,Locational Clearance,Subdivision Phase 1,16838.99
2022-10-17,U-791171,Teresa Dimaculangan,Bagong Pook,R2-Z,181.02,Zoning Certificate,Subdivision Phase 1,451.93
2022-10-17,U-255539,Luz Dimaculangan,Namuco,AgIndZ,7822.23,Zoning Certificate,Environmental Compliance,441.34
2022-10-18,U-325233,Batangas Gold Commercial Center,Tulos,PTA-SZ-RA,3649.38,Locational Clearance,Subdivision Phase 1,6242.24
2022-10-18,U-292186,Luz Bautista,Calantas,FZ,9068.98,Locational Clearance,Site Development Permit,20684.77
2022-10-19,U-776635,Rosario Farms Corp.,Bagong Pook,,,Locational Clearance,Bank Financing Requirement,8903.12
2022-10-19,U-095541,Batangas Gold Farms Corp.,Maligaya,R1-Z,328.47,Locational Clearance,Bank Financing Requirement,3314.25
2022-10-19,U-749148,Antonio Macalalad,Tiquiwan,R1-Z,311.03,Locational Clearance,Residential Construction,9267.53
2022-10-19,U-421359,Antonio Ramos,Baybayin,R1-Z,306.72,Locational Clearance,Residential Construction,1703.47
2022-10-20,U-019986,Jose Ramos,Bagong Pook,T-Z,2007.99,Locational Clearance,Facility/Structure Construction,21206.39
2022-10-20,U-731122,Southern Luzon Logistics Inc.,Masaya,R2-Z,134.12,Locational Clearance,Residential Construction,13900.37
2022-10-20,U-261097,Agri-Ventures Farms Corp.,San Roque,R2-Z,238.45,Locational Clearance,Residential Construction,14144.71
2022-10-20,U-061601,Christian Alday,Santa Cruz,BR2-SZ,123.71,Locational Clearance,Residential Construction,4107.09
2022-10-21,U-541847,Agri-Ventures Holdings Inc.,Balibago,,,Locational Clearance,Residential Construction,4180.06
2022-10-21,U-290493,Benjamin Fernandez,Namuco,I2-Z,4411.68,Locational Clearance,Industrial Park Expansion,6077.54
2022-10-21,U-799434,Daniel Lopez,Tulos,5491-APDA-SZ,3525.92,Zoning Certificate,Farm Development Permit,257.83
2022-10-21,U-707342,Southern Luzon Farms Corp.,Quilib,R1-Z,262.8,Zoning Certificate,Subdivision Phase 1,491.77
2022-10-24,U-021569,Luz Castillo,Calantas,PDA-SZ,14812.37,Locational Clearance,Agribusiness Construction,17645.09
2022-10-24,U-711932,Jose Castillo,Matamis,R2-Z,215.62,Locational Clearance,Residential Construction,1991.42
2022-10-24,U-605213,Sofia Garcia,Bagong Pook,R1-Z,278.98,Zoning Certificate,Subdivision Phase 1,324.05
2022-10-25,U-968740,Jose Garcia,Calantas,PTA-SZ-RA,12434.0,Locational Clearance,Bank Financing Requirement,20522.36
2022-10-25,U-703293,Danilo Cruz,Poblacion D,R2-Z,214.19,Locational Clearance,Bank Financing Requirement,14094.45
2022-10-25,U-374411,Maria Macalalad,San Carlos,I1-Z,1539.21,Locational Clearance,Warehouse/Factory Construction,7711.24
2022-10-25,U-808817,David Dimaculangan,Leviste,R1-Z,342.84,Zoning Certificate,Bank Financing Requirement,349.01
2022-10-26,U-006452,Luz Rodriguez,Santa Cruz,AgIndZ,6563.34,Development Permit,Industrial Park Expansion,82488.67
2022-10-26,U-089773,Emmanuel Ramos,Quilib,PDA-SZ,10402.52,Locational Clearance,Farm Development Permit,14587.18
2022-10-27,U-566711,Juan Dimaculangan,Maalas-As,C/MP-Z,2663.84,Locational Clearance,Commercial Complex Development,1693.13
2022-10-27,U-744108,David Alday,Pinagsibaan,I2-Z,2620.5,Locational Clearance,Industrial Park Expansion,14283.38
2022-10-28,U-547134,Sofia Santos,Bulihan,,,Zoning Certificate,Subdivision Phase 1,257.29
2022-11-02,U-791110,Luz Santos,Alupay,I2-Z,3274.11,Locational Clearance,Industrial Park Expansion,14588.57
2022-11-02,U-333816,Juan Castillo,Pinagsibaan,AgIndZ-PTR,5289.48,Locational Clearance,Bank Financing Requirement,6456.73
2022-11-02,U-867283,Teresa Mendoza,Leviste,R2-Z,224.77,Zoning Certificate,Subdivision Phase 1,460.76
2022-11-02,U-491234,Jose Gonzales,Tulos,ECT-Z,4082.59,Zoning Certificate,Commercial Complex Development,404.48
2022-11-02,U-729070,Benjamin Torres,Salao,R2-Z,177.62,Zoning Certificate,Subdivision Phase 1,478.97
2022-11-03,U-538934,Agri-Ventures Farms Corp.,Alupay,AgIndZ-PGR,5854.16,Locational Clearance,Subdivision Phase 1,11073.32
2022-11-03,U-781784,Batangas Commercial Center,Tulos,5491-APDA-SZ,3113.53,Zoning Certificate,Farm Development Permit,428.67
2022-11-03,U-145925,Antonio Comia,San Roque,BR2-SZ,117.55,Zoning Certificate,Subdivision Phase 1,485.62
2022-11-04,U-386835,Luz Fernandez,Alupay,I1-Z,4288.76,Locational Clearance,Industrial Park Expansion,9026.15
2022-11-04,U-872121,Maria Ramos,Leviste,R2-Z,230.12,Zoning Certificate,Residential Construction,438.54
2022-11-04,U-366786,Teresa Perez,Quilib,BR2-SZ,165.29,Zoning Certificate,Bank Financing Requirement,387.13
2022-11-07,U-021670,Maria Macalalad,Quilib,,,Zoning Certificate,Commercial Complex Development,279.99
2022-11-08,U-765537,Benjamin Cruz,Calantas,5491-APDA-SZ,4671.4,Locational Clearance,Farm Development Permit,2715.04
2022-11-08,U-264397,Corazon Lopez,Poblacion C,C1-Z,427.79,Locational Clearance,Commercial Building Construction,17426.7
2022-11-08,U-489911,Prime Holdings Inc.,Poblacion B,C2-Z,598.21,Locational Clearance,Commercial Building Construction,19949.6
2022-11-09,U-240163,Chloe Santos,Itlugan,R2-Z,156.27,Locational Clearance,Subdivision Phase 1,10495.0
2022-11-09,U-889741,Southern Luzon Farms Corp.,Bagong Pook,R1-Z,144.65,Locational Clearance,Residential Construction,21877.95
2022-11-09,U-930763,Teresa Cruz,Leviste,PDA-SZ,16826.51,Zoning Certificate,Land Title Verification,408.94
2022-11-10,U-423923,Grace Macalalad,Baybayin,R2-Z,136.73,Locational Clearance,Residential Construction,14919.94
2022-11-10,U-497263,Prime Logistics Inc.,Bulihan,R2-Z,241.4,Locational Clearance,Bank Financing Requirement,15905.43
2022-11-10,U-720197,Danilo Gonzales,Baybayin,GI-Z,1586.75,Locational Clearance,Warehouse/Factory Construction,15529.59
2022-11-11,U-329481,Mark Dimaculangan,San Jose,R1-Z,246.22,Locational Clearance,Bank Financing Requirement,15599.78
2022-11-11,U-404886,Daniel Santos,Mabunga,R2-Z,111.05,Locational Clearance,Residential Construction,19452.97
2022-11-11,U-891269,Agri-Ventures Farms Corp.,Poblacion C,R2-Z,92.7,Locational Clearance,Residential Construction,6927.23
2022-11-14,U-480576,Christian Gonzales,San Carlos,I3-Z,3965.14,Locational Clearance,Industrial Park Expansion,10171.28
2022-11-14,U-243325,Daniel Comia,Leviste,,,Zoning Certificate,Subdivision Phase 1,271.89
2022-11-15,U-007068,Daniel Cruz,Poblacion C,C1-Z,231.53,Locational Clearance,Business Permit Requirement,9588.54
2022-11-15,U-111028,Emmanuel Comia,San Roque,R1-Z,148.87,Locational Clearance,Residential Construction,7522.99
2022-11-15,U-015880,Luz Macalalad,Masaya,R2-Z,199.79,Locational Clearance,Subdivision Phase 1,11765.28
2022-11-15,U-338022,Danilo Torres,Baybayin,R1-Z,295.57,Locational Clearance,Residential Construction,4043.58
2022-11-15,U-386028,Juan Fernandez,Santa Cruz,R2-Z,245.58,Locational Clearance,Bank Financing Requirement,13959.82
2022-11-15,U-261858,Rosario Commercial Center,Namunga,,,Zoning Certificate,Subdivision Phase 1,281.47
2022-11-15,U-307839,Batangas Gold Farms Corp.,San Roque,R1-Z,117.42,Zoning Certificate,Residential Construction,499.45
2022-11-16,U-757976,Victoria Comia,Poblacion E,,,Locational Clearance,Subdivision Phase 1,4529.06
2022-11-16,U-076528,Teresa Bautista,Baybayin,R2-Z,186.16,Locational Clearance,Residential Construction,14394.16
2022-11-16,U-802178,Christian Lopez,Santa Cruz,R1-Z,137.07,Locational Clearance,Bank Financing Requirement,9904.75
2022-11-16,U-724897,Victoria Cruz,San Isidro,R1-Z,320.38,Locational Clearance,Residential Construction,5597.07
2022-11-17,U-576683,Juan Fernandez,Maalas-As,C1-Z,202.58,Locational Clearance,Commercial Building Construction,20961.19
2022-11-17,U-395889,Mark Comia,Santa Cruz,R2-Z,171.92,Locational Clearance,Residential Construction,5740.1
2022-11-17,U-412380,Sofia Gonzales,Alupay,I2-Z,2052.26,Locational Clearance,Industrial Park Expansion,13803.96
2022-11-17,U-752180,Benjamin Torres,Pinagsibaan,,,Zoning Certificate,Industrial Park Expansion,441.22
2022-11-18,U-569854,Sofia Alday,Nasi,,,Locational Clearance,Subdivision Phase 1,2634.94
2022-11-18,U-083210,Sofia Reyes,Nasi,R1-Z,322.24,Locational Clearance,Bank Financing Requirement,2019.11
2022-11-21,U-365928,Luz Reyes,Mabato,PTA-SZ-RA,5402.84,Locational Clearance,Subdivision Phase 1,19819.29
2022-11-21,U-837197,Agri-Ventures Commercial Center,Santa Cruz,R2-Z,86.94,Locational Clearance,Bank Financing Requirement,10717.89
2022-11-21,U-485381,Batangas Enterprises,Palakpak,R2-Z,182.99,Locational Clearance,Residential Construction,13176.75
2022-11-21,U-384858,Ramon Mendoza,Santa Cruz,BR2-SZ,74.43,Zoning Certificate,Bank Financing Requirement,390.23
2022-11-21,U-602699,Ramon Mercado,Matamis,R1-Z,214.93,Zoning Certificate,Bank Financing Requirement,422.84
2022-11-22,U-353969,Batangas Holdings Inc.,Palakpak,R1-Z,237.65,Development Permit,Bank Financing Requirement,110223.82
2022-11-22,U-782108,Corazon Dimaculangan,Palakpak,R2-Z,234.01,Zoning Certificate,Bank Financing Requirement,250.23
2022-11-23,U-358843,Emmanuel Reyes,Mabunga,R1-Z,291.44,Locational Clearance,Bank Financing Requirement,20900.38
2022-11-23,U-319633,Victoria Santos,Namuco,I1-Z,3269.72,Zoning Certificate,Industrial Park Expansion,321.43
2022-11-24,U-699298,Southern Luzon Farms Corp.,Quilib,R1-Z,168.88,Development Permit,Bank Financing Requirement,67657.05
2022-11-24,U-035865,Antonio Mercado,Bagong Pook,R2-Z,149.15,Locational Clearance,Residential Construction,7847.79
2022-11-24,U-424831,Antonio Fernandez,Santa Cruz,R2-Z,193.13,Locational Clearance,Bank Financing Requirement,16351.25
2022-11-24,U-370326,Prime Trading Corp.,Itlugan,PDA-SZ,6990.56,Locational Clearance,Land Title Verification,2106.47
2022-11-24,U-505555,Juan Ramos,Mabunga,R2-Z,215.15,Locational Clearance,Subdivision Phase 1,18487.04
2022-11-24,U-401579,Corazon Comia,San Roque,BR2-SZ,140.74,Zoning Certificate,Residential Construction,337.73
2022-11-24,U-876733,Batangas Enterprises,San Roque,R1-Z,107.51,Zoning Certificate,Bank Financing Requirement,304.51
2022-11-25,U-684898,Jose Dimaculangan,Nasi,R1-Z,157.44,Development Permit,Subdivision Phase 1,58726.48
2022-11-25,U-176587,Rosario Logistics Inc.,Namunga,R1-Z,127.08,Locational Clearance,Residential Construction,18251.48
2022-11-28,U-463575,Juan Gonzales,Mabato,PDA-SZ,10296.91,Development Permit,Agribusiness Construction,95833.71
2022-11-28,U-891533,Victoria Sanchez,Antipolo,R2-Z,215.16,Locational Clearance,Bank Financing Requirement,17077.34
2022-11-28,U-466432,Victoria Castillo,Bagong Pook,R2-Z,155.35,Locational Clearance,Residential Construction,21347.99
2022-11-28,U-661289,Benjamin Lopez,Baybayin,R1-Z,193.04,Locational Clearance,Subdivision Phase 1,17230.25
2022-11-29,U-652733,Prime Farms Corp.,Balibago,R1-Z,318.57,Development Permit,Residential Construction,98066.05
2022-11-29,U-558051,Southern Luzon Farms Corp.,San Roque,R2-Z,163.62,Zoning Certificate,Bank Financing Requirement,474.12
2022-12-02,U-421691,Christian Alday,Masaya,PTA-SZ-RA,12272.97,Locational Clearance,Subdivision Phase 1,17571.36
2022-12-02,U-321621,Luzon Integrated Holdings Inc.,Leviste,GI-Z,1426.91,Locational Clearance,Environmental Compliance,12058.54
2022-12-02,U-897883,Luzon Integrated Holdings Inc.,Poblacion B,R2-Z,164.3,Locational Clearance,Residential Construction,5811.0
2022-12-02,U-316658,Grace Garcia,Poblacion C,R1-Z,271.48,Locational Clearance,Subdivision Phase 1,20001.06
2022-12-02,U-071268,Prime Holdings Inc.,Poblacion E,R1-Z,329.28,Locational Clearance,Subdivision Phase 1,5874.05
2022-12-06,U-282244,Antonio Ramos,Poblacion E,PR-Z,1404.05,Development Permit,Subdivision Phase 1,35181.4
2022-12-06,U-770730,Rosario Commercial Center,Leviste,AgIndZ,6667.19,Locational Clearance,Industrial Park Expansion,16885.04
2022-12-06,U-275532,Victoria Garcia,Alupay,AgIndZ,7715.1,Locational Clearance,Industrial Park Expansion,20683.57
2022-12-07,U-194201,Rosario Enterprises,Calantas,PTA-SZ-RA,8022.74,Locational Clearance,Subdivision Phase 1,6569.65
2022-12-07,U-380858,Agri-Ventures Realty & Development,San Isidro,R2-Z,152.36,Locational Clearance,Residential Construction,4670.27
2022-12-09,U-463198,Prime Logistics Inc.,Calantas,PTA-SZ-RA,11021.54,Development Permit,Subdivision Phase 1,73700.47
2022-12-09,U-527373,David Fernandez,Palakpak,R2-Z,133.54,Locational Clearance,Bank Financing Requirement,2404.97
2022-12-09,U-309918,Luzon Integrated Logistics Inc.,Poblacion A,R2-Z,183.7,Locational Clearance,Subdivision Phase 1,21080.57
2022-12-12,U-135596,Sofia Torres,Poblacion A,C1-Z,249.11,Development Permit,Commercial Complex Development,91799.44
2022-12-12,U-182799,Juan Reyes,San Isidro,R2-Z,167.71,Locational Clearance,Subdivision Phase 1,2988.38
2022-12-12,U-188135,Benjamin Reyes,Matamis,R1-Z,123.78,Zoning Certificate,Subdivision Phase 1,421.72
2022-12-13,U-467764,Grace Mercado,Masaya,R1-Z,178.64,Locational Clearance,Bank Financing Requirement,2454.57
2022-12-13,U-807784,Batangas Commercial Center,Leviste,R2-Z,196.62,Locational Clearance,Residential Construction,17358.91
2022-12-13,U-966034,Rosario Holdings Inc.,Bagong Pook,BR2-SZ,130.78,Locational Clearance,Residential Construction,17332.48
2022-12-13,U-885252,Sofia Alday,Tulos,,,Zoning Certificate,Business Permit Requirement,375.16
2022-12-14,U-478670,Chloe Comia,Quilib,C1-Z,223.87,Locational Clearance,Commercial Complex Development,14735.93
2022-12-14,U-873278,Luzon Integrated Farms Corp.,Bulihan,PTA-SZ-RA,3702.35,Locational Clearance,Subdivision Phase 1,15916.26
2022-12-14,U-458024,Grace Torres,Namuco,,,Zoning Certificate,General Property Clearance,421.29
2022-12-14,U-533611,Sofia Santos,Bagong Pook,R1-Z,222.14,Zoning Certificate,Bank Financing Requirement,304.64
2022-12-14,U-511785,Rosario Farms Corp.,Macalamcam B,PDA-SZ,14436.63,Zoning Certificate,Agribusiness Construction,415.78
2022-12-15,U-550558,Victoria Gonzales,Putingkahoy,,,Locational Clearance,Agribusiness Construction,4386.94
2022-12-15,U-392928,Christian Dimaculangan,Balibago,R2-Z,96.56,Locational Clearance,Subdivision Phase 1,18989.9
2022-12-15,U-820373,Angel Fernandez,Timbugan,PTA-SZ-RA,14462.08,Zoning Certificate,Bank Financing Requirement,372.47
2022-12-19,U-723699,Danilo Lopez,San Roque,R2-Z,135.88,Zoning Certificate,Bank Financing Requirement,379.1
2022-12-21,U-370654,Rosario Farms Corp.,Alupay,I3-Z,10224.83,Locational Clearance,Environmental Compliance,12660.57
2022-12-21,U-995066,Sofia Lopez,Quilib,R2-Z,159.87,Locational Clearance,Residential Construction,18938.87
2022-12-21,U-900016,Southern Luzon Holdings Inc.,Tulos,ECT-Z,5071.28,Locational Clearance,Commercial Complex Development,5198.32
2022-12-22,U-216738,Teresa Bautista,Tulos,FZ,20625.23,Locational Clearance,Facility/Structure Construction,4892.72
2022-12-22,U-889863,Daniel Perez,San Carlos,UTS-Z,2000.18,Zoning Certificate,Site Development Permit,328.67
2022-12-23,U-669833,David Dimaculangan,Namuco,,,Zoning Certificate,Industrial Park Expansion,281.0
2022-12-26,U-125942,Luz Perez,Quilib,R1-Z,296.7,Locational Clearance,Residential Construction,11614.78
2022-12-27,U-964986,Luzon Integrated Holdings Inc.,Mabunga,R1-Z,270.13,Zoning Certificate,Bank Financing Requirement,282.08
2022-12-27,U-077460,Maria Sanchez,Palakpak,PTA-SZ-RA,10964.86,Zoning Certificate,Bank Financing Requirement,383.67
2022-12-28,U-550280,Angel Sanchez,Tulos,5491-APDA-SZ,1047.21,Locational Clearance,Agribusiness Construction,16795.7
2022-12-29,U-215069,Sofia Torres,Itlugan,C1-Z,285.33,Zoning Certificate,Commercial Building Construction,253.39
2023-01-03,U-892878,Ramon Torres,Bayawang,I2-Z,3484.32,Locational Clearance,Industrial Park Expansion,15220.82
2023-01-03,U-697335,Mark Dimaculangan,Leviste,,,Zoning Certificate,Residential Construction,310.26
2023-01-03,U-902688,Benjamin Mercado,Baybayin,AgIndZ,3225.59,Zoning Certificate,Warehouse/Factory Construction,414.12
2023-01-03,U-352986,Danilo Mercado,Namunga,C1-Z,218.47,Zoning Certificate,Commercial Complex Development,495.93
2023-01-03,U-692601,Southern Luzon Commercial Center,San Roque,R1-Z,326.22,Zoning Certificate,Bank Financing Requirement,355.68
2023-01-04,U-927680,Angel Rodriguez,Namunga,R1-Z,115.99,Locational Clearance,Residential Construction,17664.18
2023-01-04,U-304435,Angel Macalalad,Bayawang,,,Zoning Certificate,Industrial Park Expansion,489.87
2023-01-04,U-911420,Mark Rodriguez,Poblacion E,,,Zoning Certificate,Residential Construction,265.14
2023-01-04,U-947755,Sofia Mercado,Bayawang,UTS-Z,1417.08,Zoning Certificate,Site Development Permit,323.28
2023-01-04,U-145426,David Castillo,Namuco,AgIndZ,3242.63,Zoning Certificate,Environmental Compliance,440.6
2023-01-04,U-024005,Batangas Gold Commercial Center,Colongan,R1-Z,229.38,Zoning Certificate,Subdivision Phase 1,483.47
2023-01-05,U-693643,Emmanuel Mercado,Leviste,,,Zoning Certificate,Subdivision Phase 1,387.03
2023-01-05,U-290673,Luz Perez,Itlugan,,,Zoning Certificate,Residential Construction,293.15
2023-01-05,U-273213,Luzon Integrated Holdings Inc.,Quilib,,,Zoning Certificate,Bank Financing Requirement,368.29
2023-01-05,U-400360,Chloe Ramos,Namuco,I3-Z,11499.27,Zoning Certificate,Industrial Park Expansion,317.53
2023-01-05,U-812271,Luzon Integrated Holdings Inc.,Bayawang,I1-Z,4043.55,Zoning Certificate,Environmental Compliance,306.07
2023-01-05,U-273880,Luzon Integrated Commercial Center,Poblacion A,C2-Z,216.6,Zoning Certificate,Commercial Building Construction,423.19
2023-01-05,U-285769,Emmanuel Perez,Namuco,I1-Z,4670.29,Zoning Certificate,Environmental Compliance,306.85
2023-01-05,U-292637,Angel Perez,Mabato,5491-APDA-SZ,1391.79,Zoning Certificate,Farm Development Permit,274.82
2023-01-06,U-448088,Victoria Comia,Bayawang,CMRF,1716.87,Zoning Certificate,Site Development Permit,423.52
2023-01-06,U-892657,Agri-Ventures Commercial Center,Alupay,I2-Z,2303.41,Zoning Certificate,Warehouse/Factory Construction,363.14
2023-01-06,U-163350,Jose Lopez,Cahigam,R1-Z,248.45,Zoning Certificate,Bank Financing Requirement,343.46
2023-01-06,U-966095,Corazon Fernandez,Masaya,PDA-SZ,7120.65,Zoning Certificate,Land Title Verification,462.65
2023-01-06,U-136101,Christian Gonzales,San Carlos,I3-Z,11707.68,Zoning Certificate,Industrial Park Expansion,252.08
2023-01-09,U-394677,Angel Castillo,Masaya,PDA-SZ,3622.63,Locational Clearance,Farm Development Permit,3438.6
2023-01-09,U-935676,Angel Macalalad,Baybayin,,,Zoning Certificate,Residential Construction,421.25
2023-01-09,U-936023,Prime Enterprises,Namuco,I2-Z,2149.7,Zoning Certificate,Environmental Compliance,356.25
2023-01-09,U-830602,Juan Reyes,San Roque,R2-Z,187.83,Zoning Certificate,Bank Financing Requirement,343.62
2023-01-09,U-699589,Chloe Fernandez,Bagong Pook,BR2-SZ,172.45,Zoning Certificate,Subdivision Phase 1,358.19
2023-01-09,U-462204,Chloe Cruz,San Carlos,AgIndZ,2228.41,Zoning Certificate,Industrial Park Expansion,447.47
2023-01-09,U-711737,David Castillo,San Isidro,PDA-SZ,18168.89,Zoning Certificate,Farm Development Permit,402.03
2023-01-10,U-873448,Luzon Integrated Logistics Inc.,Poblacion B,R1-Z,233.07,Development Permit,Residential Construction,34581.65
2023-01-10,U-272888,Batangas Commercial Center,Bagong Pook,R1-Z,285.15,Development Permit,Subdivision Phase 1,27637.94
2023-01-10,U-769590,Chloe Santos,Timbugan,R1-Z,281.83,Locational Clearance,Subdivision Phase 1,5655.36
2023-01-10,U-528585,Agri-Ventures Enterprises,Pinagsibaan,,,Zoning Certificate,Environmental Compliance,415.35
2023-01-10,U-537183,Grace Comia,Pinagsibaan,,,Zoning Certificate,General Property Clearance,428.47
2023-01-10,U-830453,Mark Dimaculangan,Alupay,I2-Z,7389.79,Zoning Certificate,Industrial Park Expansion,432.86
2023-01-10,U-756107,Daniel Mercado,Namuco,I2-Z,3088.35,Zoning Certificate,Warehouse/Factory Construction,419.42
2023-01-10,U-087488,Grace Comia,Baybayin,R2-Z,217.94,Zoning Certificate,Residential Construction,345.6
2023-01-10,U-436834,Rosario Trading Corp.,Alupay,I2-Z,7735.56,Zoning Certificate,Industrial Park Expansion,429.46
2023-01-11,U-129244,Luzon Integrated Trading Corp.,San Carlos,I3-Z,9674.83,Locational Clearance,Industrial Park Expansion,11531.88
2023-01-11,U-245053,Mark Comia,Leviste,AgIndZ,3576.78,Locational Clearance,Warehouse/Factory Construction,17631.24
2023-01-11,U-867167,Rosario Holdings Inc.,Bagong Pook,R2-Z,83.71,Zoning Certificate,Residential Construction,309.06
2023-01-11,U-914329,Rosario Enterprises,San Roque,R1-Z,278.24,Zoning Certificate,Subdivision Phase 1,387.53
2023-01-11,U-928620,Southern Luzon Farms Corp.,Palakpak,R1-Z,130.84,Zoning Certificate,Bank Financing Requirement,260.93
2023-01-12,U-509806,Maria Macalalad,Quilib,,,Locational Clearance,Commercial Complex Development,12034.57
2023-01-12,U-042437,Daniel Macalalad,Nasi,R2-Z,96.53,Locational Clearance,Residential Construction,11476.31
2023-01-12,U-535713,Chloe Mercado,San Carlos,,,Zoning Certificate,Environmental Compliance,395.86
2023-01-12,U-966415,Christian Lopez,Poblacion C,R1-Z,338.94,Zoning Certificate,Residential Construction,382.83
2023-01-13,U-500528,Jose Torres,Calantas,PTA-SZ-RA,3402.67,Locational Clearance,Subdivision Phase 1,11979.3
2023-01-13,U-027084,Luz Mendoza,Poblacion C,,,Zoning Certificate,Business Permit Requirement,324.92
2023-01-13,U-497082,Southern Luzon Trading Corp.,Poblacion E,MR2-SZ,96.55,Zoning Certificate,Residential Construction,311.58
2023-01-13,U-956030,Batangas Commercial Center,Bagong Pook,R1-Z,257.02,Zoning Certificate,Bank Financing Requirement,311.19
2023-01-13,U-392384,Antonio Mendoza,San Carlos,AgIndZ-PTR,9988.32,Zoning Certificate,Bank Financing Requirement,270.22
2023-01-13,U-865287,Mark Bautista,Namuco,AgIndZ,4775.3,Zoning Certificate,Environmental Compliance,314.41
2023-01-16,U-733781,Teresa Garcia,Pinagsibaan,AgIndZ-PGR,4336.97,Locational Clearance,Subdivision Phase 1,21018.9
2023-01-16,U-378426,Maria Alday,Antipolo,PDA-SZ,11189.92,Zoning Certificate,Agribusiness Construction,368.07
2023-01-16,U-806793,Danilo Lopez,Santa Cruz,R2-Z,171.54,Zoning Certificate,Bank Financing Requirement,477.29
2023-01-16,U-445826,Rosario Commercial Center,Namuco,I3-Z,7236.29,Zoning Certificate,Environmental Compliance,381.51
2023-01-16,U-062929,Grace Alday,Poblacion A,C2-Z,371.49,Zoning Certificate,Business Permit Requirement,312.16
2023-01-16,U-356724,Southern Luzon Trading Corp.,Bagong Pook,R2-Z,85.15,Zoning Certificate,Subdivision Phase 1,307.69
2023-01-17,U-319935,Prime Farms Corp.,Baybayin,AgIndZ,3054.72,Development Permit,Environmental Compliance,112788.29
2023-01-17,U-972229,Daniel Dimaculangan,San Roque,,,Locational Clearance,Bank Financing Requirement,14491.7
2023-01-17,U-369118,Batangas Trading Corp.,Antipolo,R1-Z,104.55,Locational Clearance,Bank Financing Requirement,14071.72
2023-01-17,U-403114,Teresa Ramos,Santa Cruz,,,Zoning Certificate,Subdivision Phase 1,338.91
2023-01-17,U-280683,Luz Fernandez,Maalas-As,R2-Z,98.23,Zoning Certificate,Bank Financing Requirement,444.0
2023-01-17,U-490129,Jose Alday,San Carlos,AgIndZ-PTR,8929.3,Zoning Certificate,Bank Financing Requirement,354.02
2023-01-18,U-513867,Maria Cruz,San Isidro,C/MP-Z,759.92,Locational Clearance,Commercial Complex Development,21101.51
2023-01-18,U-660588,Sofia Torres,San Roque,R1-Z,193.16,Locational Clearance,Residential Construction,11389.44
2023-01-18,U-074872,Chloe Bautista,Poblacion C,,,Zoning Certificate,Bank Financing Requirement,268.03
2023-01-18,U-865854,Teresa Mercado,San Roque,,,Zoning Certificate,Residential Construction,472.25
2023-01-18,U-090915,Luzon Integrated Holdings Inc.,Santa Cruz,R1-Z,235.03,Zoning Certificate,Residential Construction,405.62
2023-01-18,U-648837,Corazon Rodriguez,Bagong Pook,R2-Z,120.33,Zoning Certificate,Bank Financing Requirement,333.09
2023-01-19,U-060347,Jose Santos,Mayuro,,,Zoning Certificate,Bank Financing Requirement,433.07
2023-01-19,U-177984,Chloe Alday,Nasi,,,Zoning Certificate,Bank Financing Requirement,393.95
2023-01-19,U-508688,Angel Lopez,Poblacion A,,,Zoning Certificate,Commercial Complex Development,438.78
2023-01-19,U-404224,Danilo Mercado,San Carlos,,,Zoning Certificate,Warehouse/Factory Construction,363.14
2023-01-19,U-761074,Luz Perez,San Isidro,R1-Z,115.1,Zoning Certificate,Bank Financing Requirement,306.98
2023-01-19,U-749851,Victoria Rodriguez,Bayawang,CMRF,1738.08,Zoning Certificate,Facility/Structure Construction,398.5
2023-01-19,U-405875,Batangas Holdings Inc.,Santa Cruz,BR2-SZ,126.84,Zoning Certificate,Residential Construction,280.24
2023-01-19,U-917928,Christian Sanchez,San Isidro,GI-Z,3633.08,Zoning Certificate,Warehouse/Factory Construction,444.43
2023-01-20,U-666792,Rosario Commercial Center,Namunga,R2-Z,113.73,Development Permit,Residential Construction,71423.0
2023-01-20,U-934794,Sofia Santos,Bulihan,,,Locational Clearance,Residential Construction,3862.94
2023-01-20,U-703501,Teresa Bautista,Namunga,R1-Z,122.73,Locational Clearance,Subdivision Phase 1,10889.72
2023-01-20,U-002720,Batangas Gold Realty & Development,Masaya,WZ,3047.03,Locational Clearance,Facility/Structure Construction,5497.12
2023-01-20,U-407519,Jose Mendoza,Alupay,I2-Z,3428.52,Locational Clearance,Environmental Compliance,9261.91
2023-01-20,U-228561,Chloe Santos,Poblacion E,,,Zoning Certificate,Business Permit Requirement,403.29
2023-01-20,U-842668,Grace Perez,Cahigam,,,Zoning Certificate,Bank Financing Requirement,274.22
2023-01-20,U-269709,Teresa Lopez,Poblacion A,MR2-SZ,138.82,Zoning Certificate,Subdivision Phase 1,252.55
2023-01-20,U-690459,Batangas Farms Corp.,Alupay,I2-Z,5226.75,Zoning Certificate,Industrial Park Expansion,495.51
2023-01-20,U-723574,Sofia Cruz,Leviste,R2-Z,94.49,Zoning Certificate,Subdivision Phase 1,343.81
2023-01-20,U-611607,David Gonzales,Bagong Pook,T-Z,1556.95,Zoning Certificate,General Property Clearance,380.25
2023-01-23,U-464980,Chloe Dimaculangan,Tiquiwan,R1-Z,328.11,Locational Clearance,Subdivision Phase 1,13488.09
2023-01-23,U-881375,Corazon Ramos,San Carlos,,,Zoning Certificate,Subdivision Phase 1,403.78
2023-01-23,U-164006,Benjamin Castillo,Baybayin,,,Zoning Certificate,Commercial Complex Development,389.36
2023-01-23,U-687813,Juan Sanchez,Bagong Pook,BR2-SZ,158.95,Zoning Certificate,Bank Financing Requirement,365.54
2023-01-23,U-258160,Daniel Bautista,Malaya,R1-Z,112.76,Zoning Certificate,Bank Financing Requirement,389.12
2023-01-23,U-208517,Batangas Gold Trading Corp.,Bagong Pook,R2-Z,138.47,Zoning Certificate,Residential Construction,427.53
2023-01-23,U-283584,Juan Mercado,Namuco,UTS-Z,689.39,Zoning Certificate,Site Development Permit,370.43
2023-01-23,U-275659,Chloe Castillo,Nasi,R1-Z,327.58,Zoning Certificate,Subdivision Phase 1,336.28
2023-01-23,U-376151,Juan Rodriguez,Calantas,PDA-SZ,6030.62,Zoning Certificate,Land Title Verification,329.21
2023-01-24,U-664065,Jose Sanchez,Bayawang,AgIndZ-PGR,2544.62,Locational Clearance,Subdivision Phase 1,2612.68
2023-01-24,U-922896,Luzon Integrated Enterprises,Santa Cruz,,,Zoning Certificate,Subdivision Phase 1,275.63
2023-01-24,U-622171,Victoria Gonzales,Santa Cruz,,,Zoning Certificate,Residential Construction,406.52
2023-01-24,U-669030,Sofia Reyes,Calantas,,,Zoning Certificate,Site Development Permit,274.12
2023-01-24,U-753119,Teresa Mendoza,Poblacion E,R2-Z,138.34,Zoning Certificate,Subdivision Phase 1,394.01
2023-01-25,U-341023,Teresa Sanchez,Baybayin,R2-Z,163.52,Locational Clearance,Subdivision Phase 1,16397.4
2023-01-25,U-409453,Luz Lopez,Calantas,,,Zoning Certificate,Business Permit Requirement,301.06
2023-01-25,U-045122,Grace Mercado,Poblacion A,R2-Z,165.39,Zoning Certificate,Bank Financing Requirement,272.64
2023-01-25,U-681402,Batangas Gold Realty & Development,Alupay,PDA-SZ,5702.79,Zoning Certificate,Farm Development Permit,405.11
2023-01-25,U-982093,Ramon Dimaculangan,San Carlos,I1-Z,3580.2,Zoning Certificate,Warehouse/Factory Construction,362.48
2023-01-25,U-826260,Sofia Mercado,Poblacion B,C1-Z,180.91,Zoning Certificate,Commercial Complex Development,485.81
2023-01-25,U-661067,Danilo Reyes,Quilib,R1-Z,346.59,Zoning Certificate,Bank Financing Requirement,306.85
2023-01-25,U-622121,Ramon Reyes,Cahigam,C1-Z,261.62,Zoning Certificate,Commercial Complex Development,428.03
2023-01-26,U-578088,Prime Logistics Inc.,Bagong Pook,R1-Z,235.51,Locational Clearance,Residential Construction,10446.32
2023-01-26,U-683081,Prime Logistics Inc.,Namuco,I2-Z,2149.37,Locational Clearance,Warehouse/Factory Construction,6994.38
2023-01-26,U-182282,Juan Sanchez,San Isidro,,,Zoning Certificate,Warehouse/Factory Construction,343.22
2023-01-26,U-816749,Angel Garcia,Poblacion E,MR2-SZ,109.17,Zoning Certificate,Subdivision Phase 1,350.5
2023-01-27,U-701972,Emmanuel Comia,Baybayin,PDA-SZ,16644.65,Locational Clearance,Agribusiness Construction,7480.68
2023-01-27,U-857155,Mark Lopez,Calantas,5491-APDA-SZ,4533.7,Locational Clearance,Land Title Verification,18671.17
2023-01-27,U-461106,Danilo Torres,Poblacion C,R2-Z,189.87,Locational Clearance,Bank Financing Requirement,10371.91
2023-01-27,U-789787,Benjamin Rodriguez,Balibago,R2-Z,172.82,Locational Clearance,Residential Construction,16340.23
2023-01-27,U-677109,David Cruz,Matamis,,,Zoning Certificate,Subdivision Phase 1,345.24
2023-01-27,U-263480,Jose Sanchez,Mayuro,R1-Z,118.59,Zoning Certificate,Residential Construction,373.26
2023-01-27,U-320482,Southern Luzon Enterprises,Masaya,R1-Z,263.67,Zoning Certificate,Bank Financing Requirement,303.78
2023-01-27,U-160140,Sofia Lopez,Namuco,UTS-Z,728.57,Zoning Certificate,Facility/Structure Construction,423.82
2023-01-27,U-988775,Southern Luzon Trading Corp.,Itlugan,R2-Z,106.32,Zoning Certificate,Subdivision Phase 1,440.26
2023-01-27,U-513549,Benjamin Ramos,Calantas,THSP-SZ,2983.48,Zoning Certificate,General Property Clearance,425.35
2023-01-30,U-519607,Southern Luzon Trading Corp.,Namunga,BR2-SZ,154.69,Development Permit,Subdivision Phase 1,73307.71
2023-01-30,U-174330,Grace Torres,Namuco,,,Locational Clearance,General Property Clearance,11258.76
2023-01-30,U-496922,Antonio Rodriguez,Bagong Pook,,,Zoning Certificate,Bank Financing Requirement,428.66
2023-01-30,U-477541,Sofia Reyes,Bagong Pook,R1-Z,202.74,Zoning Certificate,Subdivision Phase 1,269.77
2023-01-30,U-730913,Teresa Mendoza,Quilib,BR2-SZ,67.9,Zoning Certificate,Subdivision Phase 1,321.91
2023-01-30,U-591121,Batangas Farms Corp.,Poblacion C,R1-Z,109.66,Zoning Certificate,Bank Financing Requirement,400.79
2023-01-31,U-243209,Emmanuel Mercado,Leviste,,,Locational Clearance,Subdivision Phase 1,7372.45
2023-01-31,U-464740,Juan Castillo,San Carlos,AgIndZ,7313.69,Locational Clearance,Industrial Park Expansion,16814.21
2023-01-31,U-155206,David Dimaculangan,Masaya,R1-Z,253.79,Locational Clearance,Bank Financing Requirement,13106.49
2023-01-31,U-750847,Maria Garcia,San Roque,R1-Z,180.46,Locational Clearance,Residential Construction,9273.14
2023-01-31,U-978831,Luz Alday,Leviste,C1-Z,327.59,Locational Clearance,Commercial Building Construction,6283.27
2023-01-31,U-990793,Sofia Fernandez,Alupay,,,Zoning Certificate,Facility/Structure Construction,459.59
2023-01-31,U-108312,Maria Lopez,Santa Cruz,,,Zoning Certificate,Residential Construction,490.98
2023-01-31,U-465431,Rosario Commercial Center,Bayawang,,,Zoning Certificate,Warehouse/Factory Construction,467.58
2023-01-31,U-779126,Agri-Ventures Realty & Development,Baybayin,R2-Z,162.44,Zoning Certificate,Subdivision Phase 1,317.47
2023-02-01,U-855559,David Fernandez,Baybayin,R1-Z,265.46,Locational Clearance,Subdivision Phase 1,20093.06
2023-02-01,U-471733,Daniel Macalalad,Poblacion A,C2-Z,303.69,Locational Clearance,Commercial Building Construction,6259.87
2023-02-01,U-423016,Mark Reyes,Bagong Pook,,,Zoning Certificate,Bank Financing Requirement,291.76
2023-02-01,U-144825,Benjamin Fernandez,Putingkahoy,5491-APDA-SZ,2664.88,Zoning Certificate,Land Title Verification,433.06
2023-02-01,U-398383,Rosario Farms Corp.,San Carlos,CMRF,563.33,Zoning Certificate,Facility/Structure Construction,491.78
2023-02-01,U-559760,Angel Rodriguez,Mabunga,PDA-SZ,18616.76,Zoning Certificate,Farm Development Permit,407.76
2023-02-01,U-501161,Chloe Macalalad,San Ignacio,GI-Z,1497.51,Zoning Certificate,Environmental Compliance,433.86
2023-02-01,U-481697,David Cruz,Masaya,C1-Z,412.84,Zoning Certificate,Business Permit Requirement,472.13
2023-02-02,U-552835,Angel Macalalad,Bayawang,,,Locational Clearance,Warehouse/Factory Construction,2963.61
2023-02-02,U-564459,Benjamin Torres,Pinagsibaan,,,Locational Clearance,Environmental Compliance,7877.1
2023-02-02,U-825762,Prime Commercial Center,Marilag,R1-Z,201.66,Locational Clearance,Bank Financing Requirement,19933.15
2023-02-02,U-831750,Emmanuel Comia,Balibago,R2-Z,122.02,Locational Clearance,Subdivision Phase 1,2758.25
2023-02-02,U-591813,Maria Dimaculangan,Calantas,,,Zoning Certificate,Bank Financing Requirement,250.93
2023-02-02,U-332926,Agri-Ventures Trading Corp.,Quilib,T-Z,2892.25,Zoning Certificate,Site Development Permit,304.64
2023-02-02,U-506421,Agri-Ventures Logistics Inc.,Salao,R1-Z,340.72,Zoning Certificate,Residential Construction,391.41
2023-02-02,U-388157,Jose Alday,Bulihan,R1-Z,305.88,Zoning Certificate,Subdivision Phase 1,309.05
2023-02-03,U-248000,Angel Macalalad,Baybayin,,,Locational Clearance,Subdivision Phase 1,8525.52
2023-02-03,U-827138,Grace Macalalad,Pinagsibaan,UTS-Z,2093.9,Locational Clearance,Facility/Structure Construction,8187.07
2023-02-03,U-186869,Corazon Reyes,San Roque,R1-Z,242.13,Locational Clearance,Bank Financing Requirement,3681.11
2023-02-03,U-097844,Juan Mendoza,San Carlos,AgIndZ,7913.17,Locational Clearance,Environmental Compliance,9531.74
2023-02-03,U-785793,Rosario Farms Corp.,Poblacion A,,,Zoning Certificate,Bank Financing Requirement,371.89
2023-02-03,U-991790,Batangas Logistics Inc.,Nasi,,,Zoning Certificate,Subdivision Phase 1,352.17
2023-02-03,U-850787,Luzon Integrated Logistics Inc.,Poblacion A,MR2-SZ,121.19,Zoning Certificate,Bank Financing Requirement,275.53
2023-02-03,U-372339,Agri-Ventures Logistics Inc.,Namuco,AgIndZ,6819.26,Zoning Certificate,Environmental Compliance,336.78
2023-02-03,U-103156,Victoria Macalalad,Balibago,R1-Z,334.73,Zoning Certificate,Subdivision Phase 1,265.09
2023-02-03,U-927345,Antonio Dimaculangan,Antipolo,R2-Z,220.07,Zoning Certificate,Residential Construction,403.21
2023-02-03,U-817353,Southern Luzon Enterprises,San Carlos,AgIndZ-PGR,5860.55,Zoning Certificate,Bank Financing Requirement,281.02
2023-02-06,U-705629,Batangas Enterprises,Quilib,R1-Z,162.7,Locational Clearance,Residential Construction,9853.89
2023-02-06,U-335145,Emmanuel Castillo,San Jose,C1-Z,178.92,Locational Clearance,Commercial Complex Development,9940.08
2023-02-06,U-830741,Maria Sanchez,Mabunga,PDA-SZ,7868.76,Locational Clearance,Agribusiness Construction,15402.69
2023-02-06,U-285203,Corazon Gonzales,Colongan,,,Zoning Certificate,Business Permit Requirement,366.19
2023-02-06,U-316550,Daniel Sanchez,Poblacion A,R1-Z,178.23,Zoning Certificate,Subdivision Phase 1,369.35
2023-02-06,U-305147,Christian Ramos,Masaya,PDA-SZ,18585.25,Zoning Certificate,Farm Development Permit,403.02
2023-02-07,U-530696,Daniel Castillo,Pinagsibaan,UTS-Z,1488.23,Locational Clearance,Site Development Permit,14187.83
2023-02-07,U-335232,Benjamin Bautista,Namuco,I3-Z,7457.78,Locational Clearance,Industrial Park Expansion,11794.13
2023-02-07,U-902446,Agri-Ventures Realty & Development,Mabato,FZ,21790.12,Locational Clearance,General Property Clearance,8609.93
2023-02-07,U-319479,Luzon Integrated Farms Corp.,San Carlos,AgIndZ-PTR,8241.38,Locational Clearance,Bank Financing Requirement,16783.67
2023-02-07,U-801639,Rosario Farms Corp.,Poblacion B,,,Zoning Certificate,Business Permit Requirement,388.66
2023-02-07,U-232594,Ramon Ramos,Tulos,,,Zoning Certificate,Site Development Permit,456.92
2023-02-07,U-688024,Teresa Alday,Itlugan,R1-Z,146.81,Zoning Certificate,Residential Construction,482.57
2023-02-07,U-395515,Prime Trading Corp.,Namuco,AgIndZ,5790.77,Zoning Certificate,Industrial Park Expansion,365.65
2023-02-07,U-838197,Juan Garcia,Macalamcam A,R1-Z,299.22,Zoning Certificate,Subdivision Phase 1,484.16
2023-02-07,U-756907,Prime Logistics Inc.,Baybayin,R2-Z,224.38,Zoning Certificate,Bank Financing Requirement,272.07
2023-02-07,U-511303,David Mendoza,Nasi,R2-Z,96.27,Zoning Certificate,Residential Construction,471.17
2023-02-08,U-831391,Christian Gonzales,Namunga,BR2-SZ,159.33,Locational Clearance,Subdivision Phase 1,4709.49
2023-02-08,U-923876,Maria Garcia,Marilag,,,Zoning Certificate,Residential Construction,405.54
2023-02-08,U-270172,Grace Mercado,San Isidro,,,Zoning Certificate,Residential Construction,306.35
2023-02-08,U-250082,Luzon Integrated Enterprises,Namuco,,,Zoning Certificate,Site Development Permit,453.8
2023-02-08,U-928825,Teresa Mendoza,Macalamcam B,R1-Z,130.59,Zoning Certificate,Bank Financing Requirement,434.42
2023-02-08,U-853822,Corazon Sanchez,Calantas,FZ,9562.47,Zoning Certificate,General Property Clearance,296.03
2023-02-09,U-778744,Maria Gonzales,Pinagsibaan,PDA-SZ,19429.97,Locational Clearance,Agribusiness Construction,14283.52
2023-02-09,U-477187,David Lopez,Tulos,PDA-SZ,8684.07,Zoning Certificate,Agribusiness Construction,443.78
2023-02-09,U-165015,Benjamin Cruz,Tulos,FR-SZ,9893.48,Zoning Certificate,Residential Construction,414.14
2023-02-09,U-241992,Teresa Gonzales,Bagong Pook,R1-Z,284.66,Zoning Certificate,Residential Construction,254.79
2023-02-10,U-615383,Batangas Logistics Inc.,Maalas-As,R2-Z,223.88,Locational Clearance,Bank Financing Requirement,11051.09
2023-02-10,U-688852,Luzon Integrated Holdings Inc.,Quilib,BR2-SZ,86.73,Locational Clearance,Bank Financing Requirement,13351.02
2023-02-10,U-456504,David Rodriguez,Leviste,R1-Z,320.71,Locational Clearance,Residential Construction,21934.71
2023-02-10,U-319181,Rosario Holdings Inc.,Bagong Pook,R2-Z,211.35,Locational Clearance,Subdivision Phase 1,21162.53
2023-02-10,U-483534,Angel Reyes,Poblacion A,,,Zoning Certificate,Subdivision Phase 1,450.34
2023-02-10,U-732682,Southern Luzon Trading Corp.,Matamis,R1-Z,287.97,Zoning Certificate,Subdivision Phase 1,336.79
2023-02-10,U-269840,Benjamin Torres,Salao,C1-Z,168.17,Zoning Certificate,Commercial Building Construction,444.15
2023-02-10,U-273936,Jose Lopez,Calantas,FZ,14754.15,Zoning Certificate,Site Development Permit,354.01
2023-02-10,U-883127,Maria Macalalad,Baybayin,R1-Z,150.62,Zoning Certificate,Residential Construction,421.75
2023-02-13,U-896245,Mark Garcia,Bayawang,AgIndZ-PTR,6904.55,Locational Clearance,Residential Construction,4088.44
2023-02-13,U-759800,Rosario Holdings Inc.,Leviste,PDA-SZ,4217.22,Zoning Certificate,Agribusiness Construction,276.28
2023-02-14,U-604086,Christian Mendoza,Namunga,R2-Z,214.83,Locational Clearance,Residential Construction,20268.78
2023-02-14,U-916226,Ramon Gonzales,Namuco,AgIndZ-PTR,4308.94,Locational Clearance,Bank Financing Requirement,8316.2
2023-02-14,U-229270,Danilo Ramos,Namunga,R2-Z,206.06,Locational Clearance,Bank Financing Requirement,12110.47
2023-02-14,U-908461,Emmanuel Perez,Poblacion C,C1-Z,161.17,Locational Clearance,Business Permit Requirement,3671.19
2023-02-14,U-790573,Daniel Gonzales,Poblacion A,,,Zoning Certificate,Commercial Complex Development,262.64
2023-02-14,U-981655,Southern Luzon Enterprises,Namuco,CMRF,1412.14,Zoning Certificate,Site Development Permit,262.86
2023-02-14,U-616059,Batangas Gold Logistics Inc.,Bayawang,I1-Z,4471.0,Zoning Certificate,Industrial Park Expansion,359.76
2023-02-15,U-851017,Benjamin Castillo,Baybayin,,,Locational Clearance,Commercial Complex Development,4020.39
2023-02-15,U-862947,Mark Rodriguez,Poblacion E,,,Locational Clearance,Residential Construction,3815.42
2023-02-15,U-975152,Corazon Torres,Santa Cruz,T-Z,4627.87,Locational Clearance,Facility/Structure Construction,7785.27
2023-02-15,U-091454,Chloe Rodriguez,Namuco,,,Zoning Certificate,Facility/Structure Construction,252.31
2023-02-15,U-786406,Angel Cruz,Marilag,R2-Z,238.3,Zoning Certificate,Bank Financing Requirement,310.16
2023-02-16,U-745767,Danilo Dimaculangan,Salao,R2-Z,228.48,Locational Clearance,Subdivision Phase 1,11621.66
2023-02-16,U-723897,Victoria Ramos,Macalamcam B,AgIndZ,5733.94,Locational Clearance,Warehouse/Factory Construction,3125.26
2023-02-16,U-640229,Batangas Gold Commercial Center,Baybayin,GI-Z,1008.64,Locational Clearance,Industrial Park Expansion,15497.42
2023-02-16,U-296312,Luz Sanchez,Santa Cruz,R1-Z,198.5,Locational Clearance,Bank Financing Requirement,3264.85
2023-02-16,U-360067,Agri-Ventures Holdings Inc.,Bayawang,AgIndZ-PTR,9847.62,Zoning Certificate,Subdivision Phase 1,438.34
2023-02-16,U-346264,Antonio Santos,Macalamcam B,R2-Z,130.82,Zoning Certificate,Bank Financing Requirement,481.18
2023-02-16,U-098892,Mark Castillo,Santa Cruz,R1-Z,325.95,Zoning Certificate,Bank Financing Requirement,409.93
2023-02-17,U-947659,Teresa Ramos,Santa Cruz,,,Locational Clearance,Residential Construction,12480.48
2023-02-17,U-293018,Grace Comia,Baybayin,PDA-SZ,19119.29,Locational Clearance,Land Title Verification,6202.87
2023-02-17,U-352249,David Ramos,Macalamcam A,,,Zoning Certificate,Bank Financing Requirement,476.23
2023-02-17,U-524489,Danilo Dimaculangan,Namunga,,,Zoning Certificate,Subdivision Phase 1,384.8
2023-02-17,U-098868,Christian Ramos,San Carlos,,,Zoning Certificate,Warehouse/Factory Construction,446.25
2023-02-17,U-675488,David Ramos,Quilib,R2-Z,147.09,Zoning Certificate,Subdivision Phase 1,271.84
2023-02-17,U-668521,David Gonzales,Bulihan,PDA-SZ,5440.31,Zoning Certificate,Agribusiness Construction,433.1
2023-02-20,U-696057,David Cruz,Matamis,,,Locational Clearance,Residential Construction,3477.67
2023-02-20,U-116401,Luz Rodriguez,Bagong Pook,,,Zoning Certificate,Business Permit Requirement,476.62
2023-02-20,U-787256,Christian Ramos,San Carlos,,,Zoning Certificate,Environmental Compliance,285.7
2023-02-20,U-398576,Danilo Castillo,Alupay,,,Zoning Certificate,General Property Clearance,459.23
2023-02-20,U-725754,Ramon Torres,Baybayin,,,Zoning Certificate,Residential Construction,294.91
2023-02-20,U-041624,Christian Sanchez,San Carlos,AgIndZ,7928.29,Zoning Certificate,Warehouse/Factory Construction,379.1
2023-02-21,U-760677,Corazon Comia,Poblacion D,,,Zoning Certificate,Warehouse/Factory Construction,445.82
2023-02-21,U-237982,Angel Mercado,Santa Cruz,,,Zoning Certificate,Bank Financing Requirement,255.77
2023-02-21,U-469868,Angel Sanchez,Pinagsibaan,UTS-Z,1769.03,Zoning Certificate,Facility/Structure Construction,266.32
2023-02-21,U-905015,Batangas Holdings Inc.,Quilib,BR2-SZ,91.29,Zoning Certificate,Bank Financing Requirement,259.66
2023-02-21,U-135082,Juan Rodriguez,Namunga,R2-Z,220.4,Zoning Certificate,Bank Financing Requirement,291.2
2023-02-21,U-212820,Luz Dimaculangan,Namuco,UTS-Z,1938.7,Zoning Certificate,General Property Clearance,468.67
2023-02-22,U-385388,Prime Commercial Center,Bagong Pook,C1-Z,429.76,Development Permit,Business Permit Requirement,77478.84
2023-02-22,U-740059,Teresa Mercado,San Roque,,,Locational Clearance,Residential Construction,10138.74
2023-02-22,U-533434,Luzon Integrated Enterprises,Pinagsibaan,AgIndZ,2956.84,Locational Clearance,Warehouse/Factory Construction,2538.88
2023-02-22,U-516308,Corazon Macalalad,Alupay,I2-Z,7801.28,Locational Clearance,Industrial Park Expansion,9897.03
2023-02-22,U-271083,Corazon Mendoza,Masaya,PDA-SZ,12475.35,Locational Clearance,Land Title Verification,20837.21
2023-02-22,U-187246,Luz Lopez,Calantas,FR-SZ,8062.85,Locational Clearance,Subdivision Phase 1,15385.81
2023-02-22,U-865398,Corazon Alday,San Roque,T-Z,4529.23,Zoning Certificate,Site Development Permit,401.14
2023-02-22,U-598591,Chloe Alday,Mabunga,R1-Z,320.62,Zoning Certificate,Subdivision Phase 1,311.8
2023-02-23,U-768980,Daniel Comia,Leviste,,,Locational Clearance,Subdivision Phase 1,10633.22
2023-02-23,U-542678,David Santos,Balibago,R1-Z,346.3,Locational Clearance,Subdivision Phase 1,1665.24
2023-02-23,U-538387,Batangas Enterprises,Mabunga,R1-Z,168.4,Locational Clearance,Bank Financing Requirement,7394.39
2023-02-23,U-850659,Ramon Ramos,Namuco,I2-Z,5853.8,Locational Clearance,Warehouse/Factory Construction,10494.63
2023-02-23,U-090003,David Bautista,Mabunga,R2-Z,82.51,Locational Clearance,Bank Financing Requirement,6734.43
2023-02-23,U-966597,Juan Fernandez,Cahigam,C1-Z,230.63,Locational Clearance,Commercial Complex Development,17098.81
2023-02-23,U-863598,Daniel Rodriguez,San Roque,,,Zoning Certificate,General Property Clearance,472.83
2023-02-23,U-213341,Antonio Mercado,Macalamcam A,R1-Z,299.5,Zoning Certificate,Residential Construction,317.98
2023-02-23,U-093235,Maria Reyes,Quilib,BR2-SZ,104.09,Zoning Certificate,Residential Construction,269.28
2023-02-23,U-328924,Luzon Integrated Realty & Development,San Carlos,I1-Z,1788.94,Zoning Certificate,Environmental Compliance,326.69
2023-02-23,U-211941,Angel Castillo,Poblacion E,C1-Z,221.2,Zoning Certificate,Commercial Complex Development,446.06
2023-02-23,U-605554,Angel Rodriguez,Palakpak,R1-Z,153.35,Zoning Certificate,Residential Construction,263.47
2023-02-23,U-776402,Teresa Gonzales,Marilag,R2-Z,237.29,Zoning Certificate,Residential Construction,322.65
2023-02-23,U-054470,Juan Gonzales,Tulos,PDA-SZ,14288.01,Zoning Certificate,Land Title Verification,309.83
2023-02-23,U-760243,Jose Perez,San Carlos,I3-Z,7917.4,Zoning Certificate,Industrial Park Expansion,279.54
2023-02-27,U-105965,Emmanuel Bautista,Baybayin,PTA-SZ-RA,4017.93,Locational Clearance,Residential Construction,21649.94
2023-02-27,U-450820,Juan Cruz,San Roque,,,Zoning Certificate,Subdivision Phase 1,258.75
2023-02-27,U-967299,Jose Alday,Antipolo,R1-Z,189.39,Zoning Certificate,Bank Financing Requirement,499.35
2023-02-27,U-049842,Corazon Garcia,Santa Cruz,R2-Z,182.1,Zoning Certificate,Residential Construction,468.16
2023-02-27,U-903196,Luz Perez,Quilib,T-Z,2306.98,Zoning Certificate,Facility/Structure Construction,498.86
2023-02-28,U-203904,Maria Lopez,Santa Cruz,,,Locational Clearance,Residential Construction,3746.37
2023-02-28,U-712475,Luz Gonzales,Alupay,I2-Z,3040.88,Locational Clearance,Warehouse/Factory Construction,15398.75
2023-02-28,U-680146,Ramon Comia,Quilib,BR2-SZ,66.35,Locational Clearance,Subdivision Phase 1,6702.55
2023-02-28,U-217822,David Castillo,Balibago,PDA-SZ,8629.18,Locational Clearance,Land Title Verification,21405.85
2023-02-28,U-045668,Prime Enterprises,Tiquiwan,PTA-SZ-RA,18098.12,Locational Clearance,Residential Construction,16763.31
2023-02-28,U-415647,Batangas Commercial Center,Tulos,PDA-SZ,13402.21,Zoning Certificate,Land Title Verification,436.8
2023-02-28,U-409333,Agri-Ventures Enterprises,San Roque,R2-Z,182.06,Zoning Certificate,Subdivision Phase 1,359.78
2023-02-28,U-694286,Batangas Trading Corp.,Tiquiwan,R1-Z,151.69,Zoning Certificate,Residential Construction,279.33
2023-03-01,U-089734,Batangas Gold Commercial Center,Antipolo,R1-Z,257.42,Development Permit,Subdivision Phase 1,48390.11
2023-03-01,U-505738,Batangas Gold Farms Corp.,San Roque,R2-Z,183.35,Development Permit,Residential Construction,68954.26
2023-03-01,U-407739,Angel Castillo,Quilib,R1-Z,102.3,Locational Clearance,Subdivision Phase 1,8561.35
2023-03-01,U-610731,Corazon Castillo,Pinagsibaan,AgIndZ-PGR,5104.73,Locational Clearance,Residential Construction,17366.13
2023-03-02,U-136880,Batangas Farms Corp.,Alupay,CMRF,1232.9,Development Permit,General Property Clearance,37277.87
2023-03-02,U-485575,Batangas Gold Realty & Development,Balibago,PTA-SZ-RA,4905.33,Development Permit,Subdivision Phase 1,89895.34
2023-03-02,U-820339,Corazon Dimaculangan,Antipolo,PDA-SZ,17547.4,Development Permit,Land Title Verification,53924.06
2023-03-02,U-474524,Sofia Alday,Tulos,,,Locational Clearance,Commercial Building Construction,4997.45
2023-03-02,U-148882,Rosario Commercial Center,Namunga,,,Locational Clearance,Subdivision Phase 1,14080.37
2023-03-02,U-689661,Emmanuel Mendoza,San Roque,R1-Z,226.84,Locational Clearance,Bank Financing Requirement,8664.87
2023-03-02,U-105883,Juan Ramos,Calantas,5491-APDA-SZ,4338.52,Locational Clearance,Farm Development Permit,19596.9
2023-03-02,U-497878,David Macalalad,Santa Cruz,BR2-SZ,67.46,Locational Clearance,Subdivision Phase 1,9318.43
2023-03-02,U-090526,Danilo Macalalad,Tulos,,,Zoning Certificate,Land Title Verification,275.73
2023-03-03,U-897365,Grace Comia,Natu,R1-Z,261.12,Locational Clearance,Bank Financing Requirement,18647.56
2023-03-03,U-345457,Benjamin Ramos,Masaya,R1-Z,108.48,Locational Clearance,Residential Construction,18603.28
2023-03-03,U-406404,Juan Garcia,Masaya,R2-Z,142.25,Locational Clearance,Residential Construction,21232.06
2023-03-03,U-463991,Juan Dimaculangan,Poblacion B,,,Zoning Certificate,Commercial Complex Development,347.14
2023-03-06,U-217287,Agri-Ventures Realty & Development,Timbugan,C1-Z,468.92,Development Permit,Business Permit Requirement,54580.89
2023-03-06,U-733089,Antonio Rodriguez,Bagong Pook,,,Locational Clearance,Subdivision Phase 1,2400.94
2023-03-06,U-844123,Agri-Ventures Logistics Inc.,Leviste,R2-Z,89.19,Locational Clearance,Bank Financing Requirement,6179.44
2023-03-06,U-338907,Juan Bautista,San Roque,R1-Z,332.28,Locational Clearance,Subdivision Phase 1,17118.43
2023-03-06,U-668077,Batangas Gold Trading Corp.,Pinagsibaan,AgIndZ,7622.46,Locational Clearance,Warehouse/Factory Construction,13850.58
2023-03-06,U-077254,Daniel Bautista,Calantas,PDA-SZ,5586.71,Locational Clearance,Farm Development Permit,7461.57
2023-03-06,U-589223,Daniel Ramos,Bayawang,I2-Z,6553.26,Locational Clearance,Environmental Compliance,15129.38
2023-03-06,U-402418,Batangas Realty & Development,Calantas,5491-APDA-SZ,4587.32,Locational Clearance,Land Title Verification,4662.08
2023-03-06,U-316254,Benjamin Ramos,Alupay,I2-Z,6973.71,Locational Clearance,Warehouse/Factory Construction,20204.91
2023-03-06,U-456329,David Mercado,Pinagsibaan,AgIndZ-PGR,6088.84,Locational Clearance,Bank Financing Requirement,12766.03
2023-03-06,U-783978,Luzon Integrated Realty & Development,Matamis,R2-Z,157.14,Locational Clearance,Subdivision Phase 1,9036.13
2023-03-06,U-182739,Southern Luzon Holdings Inc.,Leviste,PDA-SZ,16771.25,Zoning Certificate,Farm Development Permit,323.93
2023-03-07,U-507954,Luzon Integrated Enterprises,Santa Cruz,,,Locational Clearance,Bank Financing Requirement,3643.94
2023-03-07,U-253820,Victoria Gonzales,Santa Cruz,,,Locational Clearance,Residential Construction,4241.28
2023-03-07,U-117042,Victoria Perez,Balibago,R2-Z,162.54,Locational Clearance,Bank Financing Requirement,20996.16
2023-03-07,U-383695,Christian Santos,Putingkahoy,PDA-SZ,11679.36,Locational Clearance,Land Title Verification,8542.23
2023-03-07,U-101583,Juan Ramos,Bayawang,AgIndZ,6231.6,Locational Clearance,Industrial Park Expansion,15190.64
2023-03-07,U-093090,Daniel Reyes,Alupay,AgIndZ,6747.63,Locational Clearance,Warehouse/Factory Construction,3571.87
2023-03-07,U-283426,Corazon Perez,Masaya,R1-Z,106.51,Locational Clearance,Subdivision Phase 1,4601.83
2023-03-07,U-306581,Sofia Cruz,Quilib,R2-Z,127.58,Locational Clearance,Subdivision Phase 1,17841.34
2023-03-07,U-296395,Prime Trading Corp.,Alupay,,,Zoning Certificate,Residential Construction,489.0
2023-03-07,U-397761,Jose Mercado,Namuco,I1-Z,2022.44,Zoning Certificate,Environmental Compliance,447.52
2023-03-07,U-906248,Rosario Farms Corp.,Pinagsibaan,UTS-Z,1953.76,Zoning Certificate,General Property Clearance,466.03
2023-03-08,U-249921,Rosario Holdings Inc.,Pinagsibaan,AgIndZ-PGR,2842.96,Development Permit,Residential Construction,86514.62
2023-03-08,U-689659,David Dimaculangan,Namuco,,,Locational Clearance,Warehouse/Factory Construction,10300.77
2023-03-08,U-363518,Sofia Reyes,Calantas,,,Locational Clearance,General Property Clearance,11716.24
2023-03-08,U-160312,Prime Farms Corp.,Poblacion C,C1-Z,368.26,Locational Clearance,Commercial Complex Development,21913.39
2023-03-08,U-706176,Batangas Realty & Development,Namuco,AgIndZ,5027.43,Locational Clearance,Warehouse/Factory Construction,2759.56
2023-03-08,U-685597,Prime Enterprises,Bayawang,AgIndZ-PGR,4772.91,Locational Clearance,Residential Construction,14546.02
2023-03-08,U-593992,Benjamin Ramos,Antipolo,R1-Z,156.29,Locational Clearance,Subdivision Phase 1,6537.1
2023-03-08,U-331227,Angel Reyes,Cahigam,PTA-SZ-RA,14002.44,Locational Clearance,Residential Construction,14940.98
2023-03-08,U-615292,Agri-Ventures Enterprises,Santa Cruz,R2-Z,168.0,Zoning Certificate,Residential Construction,383.58
2023-03-08,U-741464,David Alday,Bulihan,C/MP-Z,2175.79,Zoning Certificate,Commercial Complex Development,433.14
2023-03-09,U-386151,Jose Santos,Mayuro,,,Locational Clearance,Bank Financing Requirement,3258.26
2023-03-09,U-506780,Danilo Mercado,San Carlos,,,Locational Clearance,Environmental Compliance,5647.93
2023-03-09,U-443724,Luzon Integrated Logistics Inc.,San Isidro,R1-Z,310.66,Locational Clearance,Subdivision Phase 1,4253.54
2023-03-09,U-536689,Agri-Ventures Trading Corp.,Salao,R1-Z,274.2,Locational Clearance,Subdivision Phase 1,17503.99
2023-03-09,U-193055,Agri-Ventures Trading Corp.,Putingkahoy,5491-APDA-SZ,2664.62,Locational Clearance,Farm Development Permit,14604.53
2023-03-09,U-353994,Benjamin Cruz,Lumbangan,R1-Z,222.44,Locational Clearance,Bank Financing Requirement,2823.4
2023-03-09,U-557125,Jose Macalalad,Quilib,R2-Z,99.85,Locational Clearance,Subdivision Phase 1,17918.6
2023-03-09,U-380014,Danilo Mendoza,San Ignacio,R1-Z,301.32,Locational Clearance,Residential Construction,16402.36
2023-03-09,U-752945,Juan Santos,Mabunga,R2-Z,241.98,Locational Clearance,Subdivision Phase 1,17649.55
2023-03-09,U-576177,Benjamin Santos,Bagong Pook,R2-Z,122.5,Locational Clearance,Subdivision Phase 1,6118.8
2023-03-09,U-788257,Danilo Garcia,Nasi,PTA-SZ-RA,10316.3,Locational Clearance,Bank Financing Requirement,15654.53
2023-03-09,U-908176,Southern Luzon Realty & Development,Pinagsibaan,I2-Z,5034.78,Locational Clearance,Warehouse/Factory Construction,19408.06
2023-03-09,U-106855,Southern Luzon Farms Corp.,Palakpak,R2-Z,247.85,Zoning Certificate,Subdivision Phase 1,477.42
2023-03-10,U-224913,Chloe Bautista,Poblacion C,,,Locational Clearance,Residential Construction,6735.76
2023-03-10,U-246950,Chloe Alday,Nasi,,,Locational Clearance,Bank Financing Requirement,4173.33
2023-03-10,U-247780,Antonio Gonzales,Nasi,R2-Z,190.9,Locational Clearance,Subdivision Phase 1,18855.15
2023-03-10,U-284977,Chloe Garcia,Namunga,R2-Z,87.16,Locational Clearance,Subdivision Phase 1,10747.85
2023-03-10,U-571699,Jose Mercado,Pinagsibaan,I1-Z,2100.95,Locational Clearance,Warehouse/Factory Construction,3557.95
2023-03-10,U-841984,Angel Santos,Namuco,AgIndZ-PGR,2202.97,Locational Clearance,Residential Construction,10157.08
2023-03-10,U-346469,Teresa Ramos,Santa Cruz,R1-Z,194.69,Locational Clearance,Subdivision Phase 1,10713.11
2023-03-10,U-590064,Angel Lopez,San Carlos,I3-Z,8466.59,Locational Clearance,Industrial Park Expansion,10780.26
2023-03-10,U-891476,Ramon Castillo,San Jose,R1-Z,205.47,Locational Clearance,Residential Construction,9120.7
2023-03-10,U-410844,Batangas Gold Enterprises,Calantas,FR-SZ,10933.32,Locational Clearance,Bank Financing Requirement,21809.33
2023-03-10,U-030577,Rosario Farms Corp.,Pinagsibaan,AgIndZ,2128.08,Zoning Certificate,Industrial Park Expansion,463.75
2023-03-13,U-100431,Christian Santos,Calantas,ECT-Z,4539.31,Locational Clearance,Commercial Complex Development,9577.31
2023-03-13,U-717709,Luz Perez,Balibago,PDA-SZ,13814.72,Locational Clearance,Farm Development Permit,14363.95
2023-03-13,U-491288,Grace Comia,Leviste,C1-Z,481.45,Locational Clearance,Business Permit Requirement,1859.81
2023-03-13,U-398900,Prime Enterprises,Leviste,,,Zoning Certificate,Land Title Verification,270.72
2023-03-13,U-462010,Grace Castillo,Colongan,,,Zoning Certificate,Subdivision Phase 1,425.9
2023-03-14,U-801627,Agri-Ventures Realty & Development,Namunga,BR2-SZ,160.13,Development Permit,Residential Construction,41218.41
2023-03-14,U-665480,Grace Perez,Cahigam,,,Locational Clearance,Bank Financing Requirement,6571.47
2023-03-14,U-934288,Antonio Dimaculangan,Poblacion B,R1-Z,344.15,Locational Clearance,Subdivision Phase 1,1644.47
2023-03-14,U-892034,Mark Ramos,Balibago,AgIndZ,5364.99,Locational Clearance,Warehouse/Factory Construction,4818.76
2023-03-14,U-025943,Luzon Integrated Realty & Development,San Roque,BR2-SZ,99.36,Locational Clearance,Residential Construction,15365.66
2023-03-14,U-158726,Angel Comia,Santa Cruz,C1-Z,457.94,Locational Clearance,Commercial Complex Development,2385.2
2023-03-14,U-160844,David Ramos,Santa Cruz,R2-Z,247.78,Locational Clearance,Subdivision Phase 1,6855.79
2023-03-15,U-633477,Daniel Macalalad,San Ignacio,R1-Z,279.17,Locational Clearance,Residential Construction,1584.5
2023-03-15,U-628439,Emmanuel Santos,Namuco,AgIndZ,4271.77,Locational Clearance,Environmental Compliance,11804.99
2023-03-15,U-194748,Christian Reyes,San Roque,R1-Z,276.56,Locational Clearance,Subdivision Phase 1,10850.69
2023-03-15,U-484306,Victoria Perez,Bagong Pook,AgIndZ,4966.46,Locational Clearance,Environmental Compliance,17570.8
2023-03-15,U-431314,Batangas Gold Enterprises,Quilib,R1-Z,139.9,Locational Clearance,Subdivision Phase 1,11416.27
2023-03-15,U-701226,Mark Rodriguez,Calantas,ECT-Z,3062.26,Locational Clearance,Business Permit Requirement,20292.94
2023-03-15,U-965061,Southern Luzon Farms Corp.,Pinagsibaan,,,Zoning Certificate,Warehouse/Factory Construction,393.15
2023-03-15,U-202511,Luzon Integrated Enterprises,Palakpak,R1-Z,204.15,Zoning Certificate,Bank Financing Requirement,383.88
2023-03-16,U-574950,Southern Luzon Enterprises,Natu,PTA-SZ-RA,8842.29,Development Permit,Subdivision Phase 1,87922.05
2023-03-16,U-272417,Luz Mercado,Alupay,UTS-Z,1301.1,Locational Clearance,Facility/Structure Construction,20820.96
2023-03-16,U-979183,Rosario Trading Corp.,Namunga,BR2-SZ,115.34,Locational Clearance,Residential Construction,2434.24
2023-03-16,U-811286,Daniel Sanchez,Putingkahoy,THSP-SZ,4883.0,Locational Clearance,Facility/Structure Construction,10370.65
2023-03-16,U-103730,Angel Gonzales,Antipolo,R2-Z,160.23,Locational Clearance,Bank Financing Requirement,17529.23
2023-03-16,U-518227,Batangas Enterprises,Timbugan,PTA-SZ-RA,16525.16,Locational Clearance,Bank Financing Requirement,8355.63
2023-03-16,U-709671,Christian Sanchez,Quilib,R2-Z,85.29,Locational Clearance,Bank Financing Requirement,21879.62
2023-03-16,U-195158,Sofia Ramos,Poblacion E,C1-Z,354.45,Locational Clearance,Commercial Complex Development,17837.55
2023-03-16,U-537731,Juan Perez,Bagong Pook,R1-Z,241.69,Locational Clearance,Subdivision Phase 1,18921.6
2023-03-16,U-899515,Ramon Mendoza,Tulos,PTA-SZ-RA,4644.95,Locational Clearance,Subdivision Phase 1,16696.12
2023-03-16,U-923077,Corazon Cruz,Colongan,,,Zoning Certificate,Subdivision Phase 1,279.59
2023-03-17,U-618612,Agri-Ventures Farms Corp.,Namunga,R1-Z,343.41,Development Permit,Subdivision Phase 1,73322.47
2023-03-17,U-008593,Benjamin Fernandez,Putingkahoy,THSP-SZ,6224.77,Development Permit,General Property Clearance,50340.73
2023-03-17,U-811073,Rosario Farms Corp.,Poblacion B,,,Locational Clearance,Commercial Building Construction,3324.68
2023-03-17,U-270342,Chloe Mendoza,Lumbangan,R1-Z,215.2,Locational Clearance,Residential Construction,1805.7
2023-03-17,U-305898,Juan Santos,Natu,R1-Z,192.54,Locational Clearance,Subdivision Phase 1,15025.91
2023-03-17,U-351581,Agri-Ventures Commercial Center,Alupay,I3-Z,11181.08,Locational Clearance,Warehouse/Factory Construction,2082.6
2023-03-17,U-074237,David Mercado,Namunga,R1-Z,127.8,Locational Clearance,Residential Construction,10840.06
2023-03-17,U-244147,Ramon Santos,Mayuro,R1-Z,120.98,Locational Clearance,Residential Construction,8303.75
2023-03-17,U-401847,Antonio Cruz,San Roque,R2-Z,208.17,Locational Clearance,Residential Construction,2634.28
2023-03-20,U-269520,Prime Commercial Center,Mayuro,C1-Z,402.88,Development Permit,Business Permit Requirement,121623.58
2023-03-20,U-312711,Juan Sanchez,San Isidro,,,Locational Clearance,Environmental Compliance,7613.74
2023-03-20,U-627485,Agri-Ventures Trading Corp.,Poblacion A,C1-Z,153.74,Locational Clearance,Commercial Complex Development,9026.37
2023-03-20,U-339594,Juan Rodriguez,Bagong Pook,BR2-SZ,93.13,Locational Clearance,Subdivision Phase 1,20940.87
2023-03-20,U-855486,Rosario Commercial Center,Bagong Pook,R1-Z,130.79,Locational Clearance,Subdivision Phase 1,2617.52
2023-03-20,U-027601,Sofia Santos,Quilib,BR2-SZ,174.93,Locational Clearance,Residential Construction,7241.22
2023-03-20,U-720629,Luz Garcia,Marilag,,,Zoning Certificate,Residential Construction,321.03
2023-03-21,U-496986,Angel Lopez,Poblacion A,,,Locational Clearance,Commercial Building Construction,9654.11
2023-03-21,U-340529,Emmanuel Macalalad,Namunga,BR2-SZ,179.18,Locational Clearance,Bank Financing Requirement,6625.53
2023-03-21,U-649678,Emmanuel Mendoza,Mabato,PDA-SZ,4871.82,Locational Clearance,Land Title Verification,2131.17
2023-03-21,U-754394,Chloe Dimaculangan,Masaya,R1-Z,218.66,Locational Clearance,Bank Financing Requirement,9927.81
2023-03-21,U-217581,Benjamin Rodriguez,Pinagsibaan,AgIndZ-PTR,6679.9,Locational Clearance,Residential Construction,10593.61
2023-03-21,U-734124,Sofia Santos,Leviste,R1-Z,258.02,Locational Clearance,Subdivision Phase 1,1511.12
2023-03-21,U-468027,Grace Torres,Macalamcam B,,,Zoning Certificate,Commercial Building Construction,378.01
2023-03-21,U-011777,Danilo Gonzales,San Isidro,,,Zoning Certificate,Residential Construction,415.58
2023-03-22,U-497895,Daniel Perez,Baybayin,AgIndZ,4867.17,Development Permit,Environmental Compliance,92499.48
2023-03-22,U-020841,Victoria Reyes,Alupay,UTS-Z,1171.72,Locational Clearance,Facility/Structure Construction,4706.77
2023-03-22,U-688898,Benjamin Gonzales,Alupay,I1-Z,3099.69,Locational Clearance,Warehouse/Factory Construction,15364.21
2023-03-22,U-356007,Chloe Mendoza,San Carlos,,,Zoning Certificate,Warehouse/Factory Construction,254.23
2023-03-22,U-303350,Grace Ramos,Namuco,CMRF,1348.48,Zoning Certificate,Facility/Structure Construction,427.39
2023-03-23,U-165562,Batangas Gold Realty & Development,San Carlos,AgIndZ,4963.0,Development Permit,Industrial Park Expansion,76815.71
2023-03-23,U-104906,Chloe Garcia,Poblacion B,R2-Z,137.49,Locational Clearance,Subdivision Phase 1,5922.39
2023-03-23,U-026771,Teresa Garcia,Tulos,5491-APDA-SZ,3624.39,Locational Clearance,Agribusiness Construction,13388.39
2023-03-23,U-413314,David Torres,Santa Cruz,R2-Z,152.57,Locational Clearance,Residential Construction,18336.82
2023-03-23,U-061415,Benjamin Dimaculangan,Bagong Pook,R2-Z,110.11,Locational Clearance,Bank Financing Requirement,4207.72
2023-03-23,U-013996,Sofia Alday,Alupay,,,Zoning Certificate,Facility/Structure Construction,326.31
2023-03-24,U-201664,Ramon Ramos,Tulos,,,Locational Clearance,Site Development Permit,8971.39
2023-03-24,U-790065,Danilo Macalalad,Tulos,,,Locational Clearance,Agribusiness Construction,2527.99
2023-03-24,U-976086,Batangas Gold Trading Corp.,Pinagsibaan,I1-Z,3989.74,Locational Clearance,Environmental Compliance,5918.59
2023-03-24,U-747880,Prime Farms Corp.,Mayuro,PTA-SZ-RA,4940.83,Locational Clearance,Residential Construction,15497.4
2023-03-24,U-328643,Rosario Realty & Development,Macalamcam B,R1-Z,294.23,Locational Clearance,Subdivision Phase 1,2694.57
2023-03-24,U-295823,Teresa Rodriguez,Bagong Pook,R2-Z,121.76,Locational Clearance,Subdivision Phase 1,20878.74
2023-03-24,U-871367,Victoria Fernandez,Poblacion D,C1-Z,215.23,Locational Clearance,Business Permit Requirement,21353.35
2023-03-24,U-595777,Emmanuel Mercado,Matamis,R2-Z,226.4,Locational Clearance,Residential Construction,11319.65
2023-03-24,U-440255,Teresa Bautista,San Roque,,,Zoning Certificate,Residential Construction,322.6
2023-03-24,U-788163,Victoria Santos,Namuco,CMRF,1844.62,Zoning Certificate,Facility/Structure Construction,322.5
2023-03-27,U-686767,Daniel Ramos,Santa Cruz,R1-Z,264.71,Development Permit,Residential Construction,95827.29
2023-03-27,U-353122,Christian Ramos,San Carlos,,,Locational Clearance,Warehouse/Factory Construction,5264.42
2023-03-27,U-429526,Luzon Integrated Enterprises,Namuco,,,Locational Clearance,Site Development Permit,6234.16
2023-03-27,U-667098,Victoria Cruz,Colongan,R2-Z,100.79,Locational Clearance,Bank Financing Requirement,7446.92
2023-03-27,U-268352,Maria Mendoza,Baybayin,C/MP-Z,2536.23,Locational Clearance,Business Permit Requirement,5601.88
2023-03-27,U-513667,Juan Torres,Quilib,BR2-SZ,73.18,Locational Clearance,Residential Construction,19561.29
2023-03-27,U-529735,Southern Luzon Holdings Inc.,San Roque,BR2-SZ,112.7,Locational Clearance,Subdivision Phase 1,15912.77
2023-03-27,U-176888,Ramon Macalalad,Palakpak,,,Zoning Certificate,Commercial Complex Development,252.15
2023-03-28,U-529055,Southern Luzon Commercial Center,Itlugan,C1-Z,251.31,Development Permit,Commercial Complex Development,115596.83
2023-03-28,U-053816,David Bautista,Leviste,C1-Z,346.22,Locational Clearance,Commercial Complex Development,20296.17
2023-03-28,U-838572,Antonio Comia,Bayawang,AgIndZ,2877.3,Locational Clearance,Environmental Compliance,14640.72
2023-03-28,U-399330,David Garcia,Namunga,C1-Z,308.48,Locational Clearance,Commercial Building Construction,20475.12
2023-03-28,U-666490,Corazon Ramos,San Roque,R1-Z,242.98,Locational Clearance,Residential Construction,16188.33
2023-03-28,U-223238,Rosario Holdings Inc.,San Isidro,GI-Z,1546.35,Locational Clearance,Warehouse/Factory Construction,13248.59
2023-03-28,U-855937,Maria Rodriguez,Masaya,R2-Z,239.36,Locational Clearance,Residential Construction,17861.15
2023-03-28,U-515312,Agri-Ventures Trading Corp.,Antipolo,R1-Z,172.34,Locational Clearance,Residential Construction,3524.95
2023-03-28,U-803707,Christian Bautista,Bayawang,UTS-Z,2510.15,Zoning Certificate,Site Development Permit,397.04
2023-03-29,U-455240,Batangas Realty & Development,Bayawang,I2-Z,2401.89,Development Permit,Industrial Park Expansion,122474.55
2023-03-29,U-437976,Batangas Gold Holdings Inc.,Poblacion E,MR2-SZ,158.36,Development Permit,Bank Financing Requirement,93031.23
2023-03-29,U-205032,Chloe Mercado,San Carlos,,,Locational Clearance,Environmental Compliance,8018.66
2023-03-29,U-860781,Rosario Farms Corp.,Poblacion A,,,Locational Clearance,Subdivision Phase 1,9719.26
2023-03-29,U-227950,Benjamin Mercado,Antipolo,R1-Z,235.14,Locational Clearance,Bank Financing Requirement,21776.73
2023-03-29,U-856816,Sofia Dimaculangan,Quilib,R1-Z,275.17,Locational Clearance,Residential Construction,16758.04
2023-03-29,U-220233,Daniel Perez,Bagong Pook,R1-Z,110.45,Locational Clearance,Residential Construction,7438.15
2023-03-29,U-328145,Grace Perez,Santa Cruz,R1-Z,296.5,Locational Clearance,Subdivision Phase 1,17415.69
2023-03-29,U-965008,Juan Lopez,Alupay,AgIndZ,5858.7,Locational Clearance,Industrial Park Expansion,12727.72
2023-03-29,U-421231,Benjamin Cruz,Tulos,PDA-SZ,11511.84,Locational Clearance,Agribusiness Construction,17870.81
2023-03-29,U-557508,Agri-Ventures Realty & Development,Matamis,PTA-SZ-RA,9181.91,Locational Clearance,Residential Construction,3908.35
2023-03-29,U-871400,David Lopez,Quilib,R1-Z,279.37,Locational Clearance,Residential Construction,11883.56
2023-03-29,U-507545,Teresa Macalalad,Santa Cruz,R2-Z,187.78,Locational Clearance,Subdivision Phase 1,15744.12
2023-03-29,U-716844,Sofia Garcia,Tulos,,,Zoning Certificate,General Property Clearance,305.48
2023-03-29,U-768296,Corazon Alday,Tulos,FR-SZ,11438.67,Zoning Certificate,Subdivision Phase 1,469.15
2023-03-30,U-039959,Batangas Gold Enterprises,San Carlos,I1-Z,4105.57,Locational Clearance,Environmental Compliance,15579.6
2023-03-30,U-676936,Southern Luzon Holdings Inc.,Antipolo,R2-Z,158.92,Locational Clearance,Residential Construction,12631.66
2023-03-30,U-598600,Luz Rodriguez,Bagong Pook,C1-Z,285.92,Locational Clearance,Commercial Building Construction,12874.35
2023-03-30,U-055100,Ramon Comia,San Isidro,R1-Z,299.53,Locational Clearance,Residential Construction,4692.01
2023-03-30,U-521817,Chloe Lopez,Poblacion A,C1-Z,273.08,Locational Clearance,Commercial Complex Development,11880.69
2023-03-30,U-609443,Victoria Ramos,Baybayin,R1-Z,240.83,Locational Clearance,Residential Construction,16419.33
2023-03-30,U-967490,Luz Mendoza,Palakpak,,,Zoning Certificate,Subdivision Phase 1,325.71
2023-03-30,U-346658,Luz Fernandez,Santa Cruz,,,Zoning Certificate,Subdivision Phase 1,385.87
2023-03-30,U-530040,Agri-Ventures Holdings Inc.,Namunga,,,Zoning Certificate,Residential Construction,408.43
2023-03-30,U-038182,Teresa Santos,Tulos,PTA-SZ-RA,7814.33,Zoning Certificate,Subdivision Phase 1,316.43
2023-03-31,U-033074,Luz Rodriguez,Bagong Pook,,,Locational Clearance,Commercial Complex Development,8965.61
2023-03-31,U-511657,Corazon Dimaculangan,Leviste,R2-Z,136.71,Locational Clearance,Residential Construction,14260.87
2023-03-31,U-466337,Mark Dimaculangan,Namunga,,,Zoning Certificate,Bank Financing Requirement,455.45
2023-03-31,U-119417,Danilo Mendoza,Baybayin,PDA-SZ,4786.13,Zoning Certificate,Agribusiness Construction,436.85
2023-03-31,U-876952,Angel Dimaculangan,San Carlos,I2-Z,6734.19,Zoning Certificate,Industrial Park Expansion,495.91
2023-04-03,U-150239,Ramon Torres,Baybayin,GI-Z,1339.53,Locational Clearance,Industrial Park Expansion,10370.37
2023-04-03,U-220760,Maria Lopez,Poblacion B,C1-Z,374.71,Locational Clearance,Business Permit Requirement,18549.45
2023-04-03,U-760616,Grace Mendoza,Calantas,PDA-SZ,5829.07,Locational Clearance,Farm Development Permit,5641.93
2023-04-03,U-857463,Corazon Rodriguez,Bagong Pook,R1-Z,349.25,Locational Clearance,Subdivision Phase 1,18544.34
2023-04-03,U-446332,Daniel Dimaculangan,Tulos,PDA-SZ,7801.48,Locational Clearance,Farm Development Permit,17786.4
2023-04-03,U-730274,Maria Alday,Bagong Pook,C1-Z,436.22,Locational Clearance,Business Permit Requirement,11297.5
2023-04-03,U-519248,Corazon Mendoza,Santa Cruz,,,Zoning Certificate,Bank Financing Requirement,476.5
2023-04-03,U-152062,Grace Sanchez,San Roque,C1-Z,246.22,Zoning Certificate,Business Permit Requirement,458.41
2023-04-03,U-915478,Corazon Reyes,Leviste,PTA-SZ-RA,15054.68,Zoning Certificate,Subdivision Phase 1,257.57
2023-04-04,U-608142,Angel Mercado,Santa Cruz,,,Locational Clearance,Bank Financing Requirement,8919.4
2023-04-04,U-850359,Mark Dimaculangan,Leviste,,,Locational Clearance,Subdivision Phase 1,2913.89
2023-04-04,U-503428,Grace Perez,Tulos,FZ,27302.63,Locational Clearance,Site Development Permit,13463.69
2023-04-04,U-304866,Emmanuel Mendoza,Masaya,R1-Z,276.86,Locational Clearance,Residential Construction,6950.58
2023-04-04,U-736681,Grace Perez,Balibago,R2-Z,219.56,Locational Clearance,Subdivision Phase 1,19537.33
2023-04-04,U-277961,David Bautista,San Isidro,R1-Z,193.71,Locational Clearance,Residential Construction,18516.88
2023-04-04,U-716839,Batangas Gold Holdings Inc.,Macalamcam B,AgIndZ,4941.98,Locational Clearance,Warehouse/Factory Construction,20425.24
2023-04-04,U-391879,Antonio Gonzales,Calantas,ECT-Z,3043.5,Locational Clearance,Commercial Building Construction,9810.11
2023-04-04,U-000428,Agri-Ventures Trading Corp.,Masaya,C1-Z,473.53,Locational Clearance,Commercial Complex Development,20000.6
2023-04-04,U-502426,Angel Comia,Poblacion A,C1-Z,363.03,Locational Clearance,Commercial Building Construction,9352.02
2023-04-04,U-318593,Danilo Gonzales,Pinagsibaan,UTS-Z,741.85,Locational Clearance,Site Development Permit,21443.4
2023-04-04,U-650528,Benjamin Sanchez,San Carlos,AgIndZ-PTR,8248.16,Zoning Certificate,Residential Construction,491.54
2023-04-05,U-163036,Grace Castillo,Colongan,,,Locational Clearance,Residential Construction,8379.43
2023-04-05,U-216962,Teresa Garcia,Alupay,I3-Z,8114.01,Locational Clearance,Industrial Park Expansion,18883.08
2023-04-05,U-914332,Teresa Rodriguez,San Roque,AgIndZ,5776.96,Locational Clearance,Warehouse/Factory Construction,12491.83
2023-04-05,U-985574,Corazon Fernandez,Poblacion C,C2-Z,230.75,Locational Clearance,Commercial Building Construction,3939.26
2023-04-05,U-581917,Mark Santos,San Jose,AgIndZ,6479.63,Locational Clearance,Environmental Compliance,9046.19
2023-04-11,U-277935,Antonio Alday,Bagong Pook,BR2-SZ,173.21,Locational Clearance,Subdivision Phase 1,16571.87
2023-04-11,U-732986,Juan Torres,Tulos,PDA-SZ,15876.08,Locational Clearance,Farm Development Permit,8724.3
2023-04-11,U-939034,Victoria Sanchez,Cahigam,R1-Z,111.96,Locational Clearance,Subdivision Phase 1,11936.22
2023-04-11,U-071852,Batangas Gold Enterprises,Natu,PDA-SZ,5820.93,Locational Clearance,Agribusiness Construction,9045.75
2023-04-12,U-303656,Daniel Lopez,Tulos,THSP-SZ,7601.03,Development Permit,General Property Clearance,69605.6
2023-04-12,U-522091,Sofia Ramos,San Carlos,PDA-SZ,11009.52,Development Permit,Land Title Verification,45361.02
2023-04-12,U-742998,Sofia Sanchez,Bagong Pook,R1-Z,123.42,Locational Clearance,Residential Construction,3205.58
2023-04-12,U-852073,Daniel Mendoza,Balibago,R2-Z,123.62,Locational Clearance,Residential Construction,19705.27
2023-04-12,U-503623,Victoria Cruz,Tulos,PDA-SZ,11121.95,Locational Clearance,Farm Development Permit,8726.78
2023-04-12,U-971058,Christian Castillo,Calantas,PTA-SZ-RA,11367.38,Locational Clearance,Subdivision Phase 1,13683.48
2023-04-12,U-690554,Batangas Trading Corp.,Mavalor,R1-Z,314.7,Locational Clearance,Subdivision Phase 1,4659.14
2023-04-12,U-377622,Sofia Macalalad,Mabato,PDA-SZ,10073.17,Locational Clearance,Farm Development Permit,6463.24
2023-04-12,U-511189,Benjamin Santos,Nasi,R1-Z,129.79,Locational Clearance,Subdivision Phase 1,18120.51
2023-04-12,U-589640,Emmanuel Ramos,San Carlos,I1-Z,3615.29,Locational Clearance,Environmental Compliance,7929.38
2023-04-12,U-334191,Maria Dimaculangan,Alupay,AgIndZ-PGR,5080.33,Locational Clearance,Subdivision Phase 1,6021.68
2023-04-12,U-144332,Victoria Reyes,San Roque,R1-Z,204.35,Locational Clearance,Bank Financing Requirement,18249.71
2023-04-13,U-532025,Corazon Ramos,San Carlos,,,Locational Clearance,Bank Financing Requirement,7981.96
2023-04-13,U-139607,Juan Cruz,San Roque,,,Locational Clearance,Bank Financing Requirement,8008.36
2023-04-13,U-716018,Sofia Lopez,Quilib,R1-Z,105.51,Locational Clearance,Subdivision Phase 1,16343.55
2023-04-13,U-311576,Corazon Dimaculangan,Poblacion E,C1-Z,468.76,Locational Clearance,Business Permit Requirement,17333.39
2023-04-13,U-416471,Sofia Gonzales,Pinagsibaan,UTS-Z,1538.49,Locational Clearance,General Property Clearance,9345.63
2023-04-13,U-088369,Jose Cruz,San Carlos,I1-Z,2158.77,Locational Clearance,Environmental Compliance,8707.2
2023-04-13,U-716554,Rosario Enterprises,Poblacion D,R1-Z,112.9,Locational Clearance,Subdivision Phase 1,18180.15
2023-04-13,U-322687,Antonio Ramos,Poblacion E,C1-Z,297.39,Locational Clearance,Business Permit Requirement,15920.96
2023-04-13,U-554249,Chloe Alday,Quilib,C1-Z,403.71,Locational Clearance,Commercial Building Construction,13086.91
2023-04-13,U-044538,Batangas Holdings Inc.,Pinagsibaan,AgIndZ,3089.55,Locational Clearance,Warehouse/Factory Construction,18511.95
2023-04-14,U-835289,Corazon Cruz,San Isidro,R2-Z,234.95,Development Permit,Subdivision Phase 1,34114.5
2023-04-14,U-507519,Luz Perez,Itlugan,,,Locational Clearance,Bank Financing Requirement,3421.31
2023-04-14,U-396630,Maria Alday,San Isidro,R1-Z,289.1,Locational Clearance,Residential Construction,18477.34
2023-04-14,U-541879,Batangas Gold Logistics Inc.,Santa Cruz,PDA-SZ,17616.06,Locational Clearance,Farm Development Permit,2041.51
2023-04-14,U-444004,Victoria Torres,Pinagsibaan,I1-Z,4415.29,Locational Clearance,Industrial Park Expansion,20044.64
2023-04-14,U-209371,Juan Alday,Palakpak,R2-Z,124.24,Locational Clearance,Residential Construction,12386.39
2023-04-14,U-888045,Ramon Rodriguez,Bagong Pook,BR2-SZ,156.0,Locational Clearance,Residential Construction,14694.4
2023-04-14,U-118336,Luz Castillo,Alupay,I1-Z,3306.71,Locational Clearance,Industrial Park Expansion,9217.56
2023-04-14,U-963714,Luzon Integrated Enterprises,San Isidro,PTA-SZ-RA,11069.99,Zoning Certificate,Bank Financing Requirement,464.57
2023-04-17,U-087183,Victoria Sanchez,Santa Cruz,R1-Z,149.08,Zoning Certificate,Bank Financing Requirement,499.63
2023-04-17,U-227114,David Cruz,Alupay,I1-Z,3124.7,Zoning Certificate,Warehouse/Factory Construction,341.15
2023-04-18,U-008637,Luz Lopez,Calantas,,,Locational Clearance,Business Permit Requirement,13179.41
2023-04-18,U-731432,Sofia Fernandez,Alupay,,,Locational Clearance,Site Development Permit,4923.56
2023-04-18,U-631837,Grace Mercado,San Isidro,,,Locational Clearance,Subdivision Phase 1,9386.16
2023-04-18,U-019266,Luzon Integrated Holdings Inc.,Quilib,R1-Z,279.18,Locational Clearance,Bank Financing Requirement,20136.36
2023-04-18,U-766251,Teresa Mendoza,Namunga,R2-Z,97.98,Locational Clearance,Residential Construction,15074.19
2023-04-18,U-118795,David Sanchez,Namuco,UTS-Z,2604.14,Locational Clearance,General Property Clearance,8952.13
2023-04-18,U-414848,Corazon Mercado,Calantas,5491-APDA-SZ,4982.17,Locational Clearance,Farm Development Permit,19430.06
2023-04-18,U-151082,Emmanuel Macalalad,Baybayin,AgIndZ,7942.6,Locational Clearance,Environmental Compliance,20448.58
2023-04-18,U-733944,Danilo Castillo,Poblacion D,C1-Z,421.09,Locational Clearance,Business Permit Requirement,6054.62
2023-04-18,U-680339,Mark Macalalad,Alupay,UTS-Z,650.53,Locational Clearance,Facility/Structure Construction,4415.53
2023-04-18,U-961697,Jose Santos,Timbugan,R2-Z,233.34,Locational Clearance,Subdivision Phase 1,14220.69
2023-04-19,U-802289,Daniel Rodriguez,San Roque,,,Locational Clearance,Site Development Permit,2141.07
2023-04-19,U-434236,Agri-Ventures Enterprises,Pinagsibaan,,,Locational Clearance,Warehouse/Factory Construction,9012.06
2023-04-19,U-739771,Luzon Integrated Holdings Inc.,Quilib,,,Locational Clearance,Residential Construction,9788.87
2023-04-19,U-709541,Sofia Macalalad,Namunga,AgIndZ,5508.39,Locational Clearance,Industrial Park Expansion,6285.07
2023-04-19,U-783945,Benjamin Alday,Tulos,PTA-SZ-RA,13872.02,Locational Clearance,Bank Financing Requirement,18148.43
2023-04-19,U-979078,Ramon Sanchez,Santa Cruz,R1-Z,219.76,Locational Clearance,Subdivision Phase 1,8065.5
2023-04-19,U-377868,Angel Mercado,Tulos,PDA-SZ,18189.61,Locational Clearance,Agribusiness Construction,20114.24
2023-04-19,U-703881,Victoria Comia,Pinagsibaan,I3-Z,11742.32,Locational Clearance,Environmental Compliance,5386.4
2023-04-19,U-827685,Corazon Castillo,Namuco,AgIndZ-PTR,9505.4,Locational Clearance,Residential Construction,20530.88
2023-04-19,U-775639,Antonio Mendoza,Balibago,R1-Z,237.57,Locational Clearance,Bank Financing Requirement,11427.64
2023-04-20,U-450634,Batangas Gold Realty & Development,Tulos,FR-SZ,10171.07,Development Permit,Bank Financing Requirement,99319.58
2023-04-20,U-466742,Prime Logistics Inc.,Bagong Pook,R1-Z,102.99,Locational Clearance,Subdivision Phase 1,9263.49
2023-04-20,U-667289,Victoria Santos,Tulos,PDA-SZ,16172.63,Locational Clearance,Land Title Verification,20585.97
2023-04-20,U-254339,Sofia Ramos,Masaya,R1-Z,257.16,Locational Clearance,Bank Financing Requirement,6751.16
2023-04-20,U-440374,Ramon Mercado,San Roque,R1-Z,208.37,Locational Clearance,Bank Financing Requirement,7077.24
2023-04-20,U-846052,Chloe Lopez,Putingkahoy,PDA-SZ,7762.33,Locational Clearance,Agribusiness Construction,6042.02
2023-04-20,U-983404,Angel Castillo,Bayawang,I2-Z,7072.75,Locational Clearance,Environmental Compliance,21611.76
2023-04-20,U-316810,Chloe Santos,Alupay,,,Zoning Certificate,Industrial Park Expansion,414.92
2023-04-24,U-369414,Corazon Cruz,Colongan,,,Locational Clearance,Bank Financing Requirement,5583.92
2023-04-24,U-345537,Danilo Dimaculangan,Namunga,,,Locational Clearance,Residential Construction,14265.19
2023-04-24,U-272256,Corazon Macalalad,Poblacion B,R2-Z,112.11,Locational Clearance,Residential Construction,3899.18
2023-04-24,U-294052,Christian Reyes,Namuco,I2-Z,4824.54,Locational Clearance,Industrial Park Expansion,4590.9
2023-04-24,U-636561,Grace Mercado,Mabunga,R2-Z,89.98,Locational Clearance,Bank Financing Requirement,5906.42
2023-04-24,U-576250,Antonio Cruz,Balibago,R1-Z,298.32,Locational Clearance,Bank Financing Requirement,10252.38
2023-04-24,U-782015,Antonio Mendoza,Alupay,I1-Z,1941.04,Locational Clearance,Warehouse/Factory Construction,9150.55
2023-04-25,U-564622,Emmanuel Dimaculangan,Namuco,UTS-Z,2733.07,Development Permit,Facility/Structure Construction,111856.46
2023-04-25,U-173983,Grace Comia,Pinagsibaan,,,Locational Clearance,General Property Clearance,13408.25
2023-04-25,U-426667,Batangas Realty & Development,Quilib,R2-Z,119.38,Locational Clearance,Residential Construction,9363.49
2023-04-25,U-351667,Mark Castillo,Palakpak,R1-Z,208.46,Locational Clearance,Residential Construction,5085.54
2023-04-25,U-508462,Antonio Santos,Santa Cruz,BR2-SZ,78.84,Locational Clearance,Bank Financing Requirement,6302.65
2023-04-25,U-305259,Sofia Gonzales,San Isidro,R2-Z,80.16,Locational Clearance,Subdivision Phase 1,21166.55
2023-04-25,U-749258,Daniel Gonzales,Alupay,I3-Z,9068.55,Zoning Certificate,Environmental Compliance,411.34
2023-04-25,U-740449,Batangas Holdings Inc.,San Carlos,I1-Z,4976.4,Zoning Certificate,Environmental Compliance,333.91
2023-04-26,U-392386,Batangas Logistics Inc.,Nasi,,,Locational Clearance,Subdivision Phase 1,4203.29
2023-04-26,U-434679,Luz Mercado,Santa Cruz,R1-Z,302.16,Locational Clearance,Residential Construction,17808.17
2023-04-26,U-576133,Sofia Santos,Nasi,R2-Z,235.79,Locational Clearance,Subdivision Phase 1,21948.66
2023-04-26,U-370955,Luzon Integrated Commercial Center,Alupay,I1-Z,2401.22,Locational Clearance,Warehouse/Factory Construction,6653.25
2023-04-26,U-656277,Ramon Cruz,Quilib,R1-Z,250.16,Locational Clearance,Bank Financing Requirement,5237.49
2023-04-26,U-666466,Antonio Macalalad,Poblacion C,MR2-SZ,111.72,Locational Clearance,Residential Construction,13178.31
2023-04-26,U-865628,Victoria Comia,Lumbangan,R1-Z,116.76,Locational Clearance,Bank Financing Requirement,5259.81
2023-04-26,U-163303,Ramon Comia,Namunga,R1-Z,145.21,Locational Clearance,Bank Financing Requirement,11936.91
2023-04-26,U-954895,Emmanuel Lopez,Poblacion E,C1-Z,271.21,Locational Clearance,Commercial Building Construction,21939.76
2023-04-26,U-816947,Agri-Ventures Farms Corp.,Quilib,,,Zoning Certificate,Bank Financing Requirement,310.3
2023-04-26,U-012885,Antonio Alday,Quilib,R2-Z,85.67,Zoning Certificate,Subdivision Phase 1,440.58
2023-04-26,U-326943,Maria Fernandez,Poblacion E,R1-Z,161.44,Zoning Certificate,Subdivision Phase 1,376.0
2023-04-27,U-092373,Juan Dimaculangan,Poblacion B,,,Locational Clearance,Business Permit Requirement,9673.61
2023-04-27,U-029809,Southern Luzon Farms Corp.,Pinagsibaan,,,Locational Clearance,Warehouse/Factory Construction,10282.02
2023-04-27,U-815300,Luz Fernandez,Santa Cruz,,,Locational Clearance,Residential Construction,3579.17
2023-04-27,U-317899,Luz Perez,Alupay,AgIndZ,2495.23,Locational Clearance,Industrial Park Expansion,14248.57
2023-04-27,U-476811,Chloe Mendoza,San Isidro,R2-Z,217.26,Locational Clearance,Bank Financing Requirement,6339.12
2023-04-27,U-566848,Emmanuel Sanchez,Poblacion D,GI-Z,1350.17,Locational Clearance,Industrial Park Expansion,9750.12
2023-04-27,U-583753,Batangas Gold Holdings Inc.,Pinagsibaan,I2-Z,3439.21,Locational Clearance,Industrial Park Expansion,10357.54
2023-04-28,U-885952,Rosario Holdings Inc.,Santa Cruz,R2-Z,98.42,Locational Clearance,Residential Construction,5452.52
2023-04-28,U-338436,Batangas Farms Corp.,Poblacion A,R2-Z,179.9,Locational Clearance,Bank Financing Requirement,5675.78
2023-04-28,U-883042,Emmanuel Sanchez,Maligaya,R1-Z,314.4,Locational Clearance,Subdivision Phase 1,11626.48
2023-04-28,U-920214,Mark Lopez,Bayawang,AgIndZ-PTR,5477.7,Locational Clearance,Bank Financing Requirement,1893.57
2023-04-28,U-689871,Juan Alday,Pinagsibaan,AgIndZ-PTR,3330.61,Locational Clearance,Residential Construction,2365.94
2023-04-28,U-055842,Sofia Santos,Poblacion B,C1-Z,211.76,Locational Clearance,Business Permit Requirement,4137.23
2023-04-28,U-982366,Corazon Gonzales,Mabunga,PDA-SZ,14031.82,Locational Clearance,Farm Development Permit,2119.17
2023-05-02,U-550923,Rosario Trading Corp.,Namuco,UTS-Z,959.08,Locational Clearance,Facility/Structure Construction,2664.94
2023-05-02,U-419416,Rosario Enterprises,Palakpak,R1-Z,246.62,Locational Clearance,Bank Financing Requirement,2896.49
2023-05-02,U-609102,Luzon Integrated Realty & Development,Calantas,5491-APDA-SZ,4537.37,Locational Clearance,Farm Development Permit,18729.6
2023-05-02,U-467379,Maria Reyes,Santa Cruz,BR2-SZ,64.19,Locational Clearance,Residential Construction,21918.64
2023-05-02,U-352481,Antonio Perez,Natu,R1-Z,337.52,Locational Clearance,Bank Financing Requirement,20206.13
2023-05-02,U-353074,Teresa Macalalad,Poblacion A,PR-Z,1151.76,Locational Clearance,Bank Financing Requirement,11178.32
2023-05-02,U-886289,Benjamin Dimaculangan,Santa Cruz,R2-Z,144.28,Zoning Certificate,Subdivision Phase 1,293.23
2023-05-03,U-069848,Luz Mendoza,Poblacion C,,,Locational Clearance,Business Permit Requirement,5101.77
2023-05-03,U-968764,Danilo Gonzales,San Isidro,,,Locational Clearance,Residential Construction,1979.02
2023-05-03,U-478667,Southern Luzon Commercial Center,Pinagsibaan,I2-Z,5525.82,Locational Clearance,Environmental Compliance,1985.19
2023-05-03,U-131221,Angel Mercado,Alupay,I2-Z,7486.06,Locational Clearance,Industrial Park Expansion,13668.81
2023-05-03,U-439910,Agri-Ventures Realty & Development,Quilib,BR2-SZ,117.66,Locational Clearance,Bank Financing Requirement,7215.82
2023-05-03,U-970464,Batangas Gold Realty & Development,San Isidro,R1-Z,348.92,Locational Clearance,Subdivision Phase 1,13518.56
2023-05-03,U-888736,Angel Mendoza,Antipolo,,,Zoning Certificate,Bank Financing Requirement,328.74
2023-05-03,U-739068,Prime Commercial Center,Santa Cruz,C1-Z,304.92,Zoning Certificate,Business Permit Requirement,487.55
2023-05-03,U-226285,Juan Castillo,Poblacion A,R2-Z,119.43,Zoning Certificate,Subdivision Phase 1,385.84
2023-05-03,U-059531,Benjamin Comia,Balibago,R1-Z,349.48,Zoning Certificate,Subdivision Phase 1,252.92
2023-05-03,U-272896,Christian Garcia,Poblacion A,C1-Z,278.06,Zoning Certificate,Commercial Building Construction,404.5
2023-05-04,U-088305,Southern Luzon Logistics Inc.,Antipolo,PTA-SZ-RA,3464.48,Development Permit,Bank Financing Requirement,121697.56
2023-05-04,U-465387,Luz Mendoza,Palakpak,,,Locational Clearance,Subdivision Phase 1,8186.19
2023-05-04,U-369619,Chloe Bautista,Poblacion E,R2-Z,98.89,Locational Clearance,Subdivision Phase 1,10636.31
2023-05-04,U-395087,Angel Torres,Alupay,I1-Z,4805.5,Locational Clearance,Industrial Park Expansion,8732.98
2023-05-04,U-231398,Corazon Mendoza,Cahigam,C1-Z,277.85,Locational Clearance,Commercial Complex Development,6929.85
2023-05-04,U-249261,Batangas Gold Holdings Inc.,Tulos,5491-APDA-SZ,1556.9,Locational Clearance,Farm Development Permit,13247.18
2023-05-04,U-464045,Daniel Rodriguez,Santa Cruz,R1-Z,259.5,Zoning Certificate,Bank Financing Requirement,259.89
2023-05-05,U-433980,Jose Lopez,Alupay,AgIndZ-PGR,9240.28,Locational Clearance,Subdivision Phase 1,5130.38
2023-05-05,U-822078,Southern Luzon Holdings Inc.,Mabato,PDA-SZ,19733.21,Locational Clearance,Land Title Verification,17824.58
2023-05-05,U-072366,Ramon Castillo,Palakpak,R1-Z,152.26,Locational Clearance,Residential Construction,20827.11
2023-05-05,U-545981,Christian Mercado,Namuco,I2-Z,7011.33,Locational Clearance,Industrial Park Expansion,2053.89
2023-05-08,U-239834,Agri-Ventures Farms Corp.,Masaya,R2-Z,195.11,Development Permit,Residential Construction,50089.49
2023-05-08,U-515113,Maria Dimaculangan,Calantas,,,Locational Clearance,Residential Construction,4841.57
2023-05-08,U-849359,Prime Trading Corp.,Alupay,,,Locational Clearance,Bank Financing Requirement,7910.77
2023-05-08,U-426610,Grace Comia,Santa Cruz,R2-Z,194.6,Locational Clearance,Subdivision Phase 1,21702.19
2023-05-08,U-995349,Chloe Santos,Alupay,AgIndZ-PGR,7334.68,Locational Clearance,Subdivision Phase 1,3640.16
2023-05-08,U-925203,Emmanuel Mercado,Pinagsibaan,AgIndZ,2803.47,Locational Clearance,Environmental Compliance,16358.52
2023-05-08,U-970504,Prime Holdings Inc.,Santa Cruz,C1-Z,440.11,Locational Clearance,Commercial Building Construction,21398.91
2023-05-08,U-294629,Corazon Sanchez,San Roque,R1-Z,267.18,Locational Clearance,Bank Financing Requirement,10309.48
2023-05-08,U-156650,Grace Cruz,Namuco,I1-Z,3767.17,Locational Clearance,Environmental Compliance,15301.03
2023-05-08,U-611575,Grace Sanchez,Antipolo,R1-Z,317.18,Locational Clearance,Bank Financing Requirement,10069.07
2023-05-08,U-694233,Danilo Comia,Balibago,,,Zoning Certificate,Bank Financing Requirement,251.63
2023-05-09,U-176325,Mark Reyes,Bagong Pook,,,Locational Clearance,Residential Construction,10770.08
2023-05-09,U-977576,Teresa Bautista,San Roque,,,Locational Clearance,Residential Construction,12135.4
2023-05-09,U-547742,Daniel Castillo,Poblacion A,R2-Z,198.49,Locational Clearance,Subdivision Phase 1,15062.35
2023-05-09,U-113898,Christian Bautista,Nasi,C/MP-Z,1202.86,Locational Clearance,Business Permit Requirement,20448.32
2023-05-09,U-083500,Sofia Rodriguez,Namunga,R1-Z,327.53,Locational Clearance,Residential Construction,14956.59
2023-05-09,U-987460,Teresa Gonzales,Bagong Pook,BR2-SZ,145.59,Locational Clearance,Bank Financing Requirement,2781.05
2023-05-09,U-108862,Emmanuel Castillo,Namuco,UTS-Z,2153.54,Locational Clearance,Site Development Permit,15815.39
2023-05-09,U-968578,Agri-Ventures Commercial Center,Leviste,R2-Z,209.73,Locational Clearance,Subdivision Phase 1,17631.24
2023-05-09,U-487661,Antonio Garcia,Alupay,CMRF,1504.14,Locational Clearance,Site Development Permit,6259.39
2023-05-09,U-611399,Prime Enterprises,Antipolo,C1-Z,358.44,Locational Clearance,Business Permit Requirement,21282.8
2023-05-10,U-485841,Grace Gonzales,Namunga,R1-Z,130.61,Locational Clearance,Subdivision Phase 1,15943.06
2023-05-10,U-320879,Grace Cruz,Santa Cruz,R1-Z,172.5,Locational Clearance,Bank Financing Requirement,15891.24
2023-05-10,U-678019,Daniel Rodriguez,Pinagsibaan,AgIndZ,5339.41,Locational Clearance,Warehouse/Factory Construction,13561.5
2023-05-11,U-256167,Luzon Integrated Holdings Inc.,Matamis,PDA-SZ,6687.38,Development Permit,Farm Development Permit,117557.76
2023-05-11,U-393740,Batangas Realty & Development,Namuco,AgIndZ-PTR,6258.16,Locational Clearance,Bank Financing Requirement,12709.88
2023-05-11,U-957743,Southern Luzon Holdings Inc.,Poblacion D,R2-Z,114.15,Locational Clearance,Bank Financing Requirement,3402.16
2023-05-12,U-404557,Rosario Enterprises,Bagong Pook,R1-Z,206.23,Development Permit,Subdivision Phase 1,54170.43
2023-05-12,U-700715,Rosario Holdings Inc.,Tiquiwan,R1-Z,182.52,Development Permit,Residential Construction,62114.11
2023-05-12,U-309922,Ramon Macalalad,Palakpak,,,Locational Clearance,Commercial Building Construction,7545.86
2023-05-12,U-899680,Chloe Santos,Poblacion E,,,Locational Clearance,Commercial Complex Development,3972.43
2023-05-12,U-769004,Antonio Alday,San Isidro,R2-Z,128.51,Locational Clearance,Subdivision Phase 1,17295.12
2023-05-12,U-196934,Jose Rodriguez,Pinagsibaan,I1-Z,3258.93,Locational Clearance,Industrial Park Expansion,19704.09
2023-05-12,U-387550,Daniel Santos,Baybayin,R1-Z,269.89,Locational Clearance,Bank Financing Requirement,19020.43
2023-05-12,U-114712,Grace Castillo,San Isidro,R2-Z,194.83,Locational Clearance,Bank Financing Requirement,10036.11
2023-05-12,U-959052,Chloe Bautista,Quilib,R2-Z,123.71,Locational Clearance,Bank Financing Requirement,8492.58
2023-05-12,U-389985,Daniel Ramos,Bagong Pook,R2-Z,87.0,Locational Clearance,Subdivision Phase 1,5582.46
2023-05-12,U-805737,Batangas Farms Corp.,Alupay,AgIndZ,6695.36,Locational Clearance,Environmental Compliance,6321.26
2023-05-12,U-994131,Antonio Ramos,Antipolo,R1-Z,169.01,Locational Clearance,Subdivision Phase 1,1630.09
2023-05-15,U-874686,Luzon Integrated Commercial Center,Alupay,AgIndZ-PGR,3214.42,Locational Clearance,Subdivision Phase 1,13320.81
2023-05-15,U-670828,Batangas Realty & Development,Poblacion A,R2-Z,226.3,Locational Clearance,Subdivision Phase 1,5004.69
2023-05-15,U-166656,Benjamin Dimaculangan,San Isidro,C1-Z,461.31,Locational Clearance,Business Permit Requirement,20087.62
2023-05-15,U-609192,Batangas Gold Logistics Inc.,Balibago,PTA-SZ-RA,10080.0,Locational Clearance,Residential Construction,11701.84
2023-05-15,U-118016,Southern Luzon Realty & Development,Santa Cruz,PDA-SZ,8567.05,Locational Clearance,Land Title Verification,2749.18
2023-05-15,U-979413,Luzon Integrated Holdings Inc.,Mabato,PDA-SZ,5428.72,Locational Clearance,Agribusiness Construction,17810.4
2023-05-15,U-438716,Chloe Lopez,Quilib,R1-Z,314.36,Locational Clearance,Bank Financing Requirement,7612.4
2023-05-15,U-965279,Danilo Fernandez,San Isidro,R1-Z,108.78,Locational Clearance,Subdivision Phase 1,1939.61
2023-05-15,U-359371,Emmanuel Comia,Alupay,I3-Z,8134.39,Locational Clearance,Industrial Park Expansion,18375.34
2023-05-15,U-888460,Ramon Fernandez,Santa Cruz,R2-Z,129.81,Locational Clearance,Subdivision Phase 1,9924.63
2023-05-15,U-214673,Rosario Farms Corp.,Tulos,PTA-SZ-RA,15761.18,Zoning Certificate,Subdivision Phase 1,452.35
2023-05-16,U-946935,Batangas Logistics Inc.,Baybayin,C1-Z,183.77,Development Permit,Business Permit Requirement,82732.0
2023-05-16,U-237984,Rosario Commercial Center,Bayawang,,,Locational Clearance,Industrial Park Expansion,8922.4
2023-05-16,U-826107,Batangas Enterprises,Bulihan,R1-Z,280.56,Locational Clearance,Bank Financing Requirement,21436.97
2023-05-16,U-949890,Mark Mendoza,Namunga,C1-Z,293.08,Locational Clearance,Commercial Building Construction,2149.64
2023-05-16,U-353259,Grace Mercado,Balibago,R1-Z,249.8,Locational Clearance,Subdivision Phase 1,7470.08
2023-05-16,U-227717,Angel Mercado,Poblacion A,C1-Z,170.97,Locational Clearance,Commercial Building Construction,16774.99
2023-05-16,U-651895,Benjamin Rodriguez,Alupay,I2-Z,6971.01,Locational Clearance,Industrial Park Expansion,3233.18
2023-05-16,U-134017,Grace Ramos,San Isidro,AgIndZ,7869.1,Zoning Certificate,Environmental Compliance,313.23
2023-05-17,U-476108,Rosario Logistics Inc.,Pinagsibaan,CMRF,1255.06,Development Permit,Site Development Permit,89679.38
2023-05-17,U-698877,Daniel Gonzales,Poblacion A,,,Locational Clearance,Business Permit Requirement,12787.2
2023-05-17,U-410226,Batangas Trading Corp.,Baybayin,PDA-SZ,9693.72,Locational Clearance,Agribusiness Construction,16636.2
2023-05-17,U-123199,Prime Enterprises,Calantas,ECT-Z,2303.09,Locational Clearance,Commercial Complex Development,18895.11
2023-05-17,U-252081,Sofia Sanchez,Maalas-As,GI-Z,1260.39,Locational Clearance,Warehouse/Factory Construction,6970.42
2023-05-17,U-631484,Danilo Garcia,Poblacion A,MR2-SZ,109.4,Locational Clearance,Residential Construction,6732.79
2023-05-17,U-924426,Daniel Reyes,Poblacion D,C2-Z,721.05,Locational Clearance,Commercial Complex Development,20985.78
2023-05-17,U-201011,Prime Enterprises,Mabato,PDA-SZ,15207.48,Locational Clearance,Agribusiness Construction,1929.18
2023-05-17,U-383107,Batangas Enterprises,Santa Cruz,AgIndZ,7386.67,Locational Clearance,Environmental Compliance,10516.52
2023-05-17,U-773281,Daniel Mercado,San Roque,T-Z,1008.72,Locational Clearance,General Property Clearance,13937.1
2023-05-17,U-613606,Batangas Gold Holdings Inc.,San Isidro,,,Zoning Certificate,Farm Development Permit,258.85
2023-05-17,U-181606,Sofia Comia,Poblacion B,MR2-SZ,73.67,Zoning Certificate,Subdivision Phase 1,375.58
2023-05-17,U-039083,Corazon Torres,Alupay,I1-Z,4335.62,Zoning Certificate,Environmental Compliance,270.94
2023-05-18,U-656972,Angel Reyes,Poblacion A,,,Locational Clearance,Subdivision Phase 1,14978.19
2023-05-18,U-743118,David Torres,Masaya,R2-Z,194.95,Locational Clearance,Residential Construction,9394.03
2023-05-18,U-364189,Emmanuel Dimaculangan,Tulos,PTA-SZ-RA,16752.59,Locational Clearance,Subdivision Phase 1,6994.27
2023-05-18,U-041180,Batangas Gold Farms Corp.,Pinagsibaan,PDA-SZ,17318.91,Locational Clearance,Agribusiness Construction,13790.75
2023-05-18,U-999173,Ramon Santos,Maalas-As,R2-Z,165.65,Locational Clearance,Subdivision Phase 1,12575.24
2023-05-18,U-618712,Christian Garcia,Alupay,,,Zoning Certificate,Industrial Park Expansion,325.69
2023-05-19,U-802963,Prime Logistics Inc.,Matamis,GI-Z,2735.99,Development Permit,Industrial Park Expansion,50875.42
2023-05-19,U-595317,Antonio Comia,Poblacion E,C1-Z,452.84,Development Permit,Business Permit Requirement,100174.46
2023-05-19,U-763033,Batangas Gold Enterprises,Santa Cruz,R1-Z,175.26,Development Permit,Residential Construction,123486.6
2023-05-19,U-165618,Corazon Comia,Poblacion D,,,Locational Clearance,Environmental Compliance,8137.19
2023-05-19,U-704832,Agri-Ventures Enterprises,Namuco,I1-Z,2388.51,Locational Clearance,Industrial Park Expansion,15408.42
2023-05-19,U-830329,Luz Ramos,Nasi,R1-Z,137.73,Locational Clearance,Bank Financing Requirement,20408.52
2023-05-19,U-341485,Ramon Fernandez,Quilib,BR2-SZ,164.15,Locational Clearance,Subdivision Phase 1,4534.67
2023-05-19,U-493957,Luz Alday,Namunga,AgIndZ,7916.63,Locational Clearance,Industrial Park Expansion,12501.97
2023-05-19,U-672980,Rosario Realty & Development,Mabunga,R2-Z,169.54,Locational Clearance,Subdivision Phase 1,14623.17
2023-05-19,U-279786,Grace Cruz,Itlugan,R2-Z,230.41,Locational Clearance,Subdivision Phase 1,14137.39
2023-05-19,U-963699,Jose Fernandez,Alupay,AgIndZ-PTR,2998.67,Locational Clearance,Residential Construction,19126.82
2023-05-19,U-397689,Antonio Perez,Bagong Pook,R1-Z,254.79,Zoning Certificate,Subdivision Phase 1,455.96
2023-05-22,U-821818,Antonio Dimaculangan,Bagong Pook,T-Z,1374.85,Locational Clearance,General Property Clearance,6667.29
2023-05-22,U-954509,Corazon Gonzales,Santa Cruz,C1-Z,458.86,Locational Clearance,Commercial Complex Development,14711.27
2023-05-22,U-499408,Danilo Lopez,San Carlos,I1-Z,2336.76,Locational Clearance,Environmental Compliance,4195.61
2023-05-22,U-121263,Southern Luzon Logistics Inc.,San Carlos,AgIndZ,4261.29,Locational Clearance,Environmental Compliance,6020.09
2023-05-22,U-446588,Grace Garcia,Pinagsibaan,I2-Z,3852.4,Locational Clearance,Industrial Park Expansion,18656.33
2023-05-22,U-517715,Danilo Sanchez,Alupay,I2-Z,6438.82,Locational Clearance,Industrial Park Expansion,2843.08
2023-05-22,U-921496,Rosario Farms Corp.,Matamis,R1-Z,144.3,Locational Clearance,Bank Financing Requirement,14559.15
2023-05-22,U-782509,Victoria Sanchez,Cahigam,R1-Z,152.13,Locational Clearance,Subdivision Phase 1,10777.51
2023-05-22,U-081341,Luz Torres,Calantas,,,Zoning Certificate,Residential Construction,335.4
2023-05-22,U-296097,Southern Luzon Farms Corp.,Namunga,R2-Z,110.21,Zoning Certificate,Bank Financing Requirement,467.02
2023-05-22,U-992226,David Torres,Santa Cruz,R1-Z,171.91,Zoning Certificate,Subdivision Phase 1,483.38
2023-05-23,U-455443,Agri-Ventures Logistics Inc.,Pinagsibaan,AgIndZ-PTR,6976.57,Development Permit,Subdivision Phase 1,103788.51
2023-05-23,U-190687,Danilo Castillo,Alupay,,,Locational Clearance,General Property Clearance,10441.72
2023-05-23,U-510451,Angel Reyes,Pinagsibaan,I1-Z,4461.33,Locational Clearance,Industrial Park Expansion,15265.32
2023-05-23,U-663512,Teresa Mercado,Leviste,R2-Z,211.95,Locational Clearance,Residential Construction,19858.91
2023-05-23,U-983232,David Macalalad,Poblacion C,PR-Z,651.25,Locational Clearance,Bank Financing Requirement,11406.39
2023-05-23,U-276579,Jose Castillo,Salao,R1-Z,174.8,Locational Clearance,Residential Construction,21059.15
2023-05-23,U-580362,Batangas Trading Corp.,San Carlos,UTS-Z,2681.05,Locational Clearance,Site Development Permit,12408.84
2023-05-23,U-656259,Teresa Mendoza,Santa Cruz,C1-Z,167.45,Locational Clearance,Commercial Building Construction,10238.68
2023-05-23,U-617613,Angel Ramos,San Carlos,I2-Z,2628.11,Locational Clearance,Industrial Park Expansion,21372.99
2023-05-23,U-253742,David Santos,Tulos,FZ,12495.73,Locational Clearance,General Property Clearance,7815.48
2023-05-23,U-595578,Teresa Mendoza,San Carlos,AgIndZ,3154.74,Zoning Certificate,Industrial Park Expansion,276.63
2023-05-23,U-528515,Jose Cruz,Putingkahoy,PDA-SZ,19055.55,Zoning Certificate,Agribusiness Construction,478.25
2023-05-24,U-991741,Corazon Gonzales,Colongan,,,Locational Clearance,Commercial Building Construction,12069.42
2023-05-24,U-535136,Prime Realty & Development,Malaya,PDA-SZ,11608.81,Locational Clearance,Agribusiness Construction,14694.28
2023-05-24,U-600342,David Mercado,Putingkahoy,PDA-SZ,18763.64,Locational Clearance,Land Title Verification,7730.31
2023-05-24,U-551440,Mark Torres,San Roque,R1-Z,327.14,Locational Clearance,Bank Financing Requirement,18037.29
2023-05-24,U-747936,Southern Luzon Commercial Center,Malaya,R2-Z,125.63,Locational Clearance,Bank Financing Requirement,3972.86
2023-05-24,U-152182,Luzon Integrated Logistics Inc.,Baybayin,R1-Z,318.45,Locational Clearance,Subdivision Phase 1,4014.39
2023-05-24,U-935374,Corazon Comia,Salao,R2-Z,171.84,Locational Clearance,Bank Financing Requirement,3048.99
2023-05-24,U-473060,Danilo Gonzales,Mabato,,,Zoning Certificate,Site Development Permit,313.56
2023-05-24,U-539157,Daniel Comia,Salao,PTA-SZ-RA,10679.2,Zoning Certificate,Residential Construction,447.65
2023-05-25,U-352662,Prime Holdings Inc.,Salao,R1-Z,198.97,Development Permit,Subdivision Phase 1,49214.98
2023-05-25,U-571831,Luzon Integrated Logistics Inc.,San Roque,R1-Z,107.22,Development Permit,Bank Financing Requirement,63468.03
2023-05-25,U-407974,Benjamin Perez,Pinagsibaan,AgIndZ-PTR,9115.76,Locational Clearance,Subdivision Phase 1,2281.99
2023-05-25,U-678649,Victoria Gonzales,Balibago,GI-Z,685.02,Locational Clearance,Industrial Park Expansion,17727.39
2023-05-25,U-174750,Luzon Integrated Logistics Inc.,Poblacion A,C1-Z,230.84,Locational Clearance,Commercial Building Construction,12388.45
2023-05-25,U-358782,David Sanchez,Alupay,AgIndZ-PGR,4202.94,Locational Clearance,Bank Financing Requirement,20318.93
2023-05-25,U-231079,Juan Macalalad,Maalas-As,R1-Z,183.08,Locational Clearance,Subdivision Phase 1,18727.58
2023-05-25,U-694643,Grace Gonzales,San Roque,R1-Z,126.07,Locational Clearance,Subdivision Phase 1,11726.84
2023-05-25,U-217747,David Cruz,Baybayin,R1-Z,111.14,Locational Clearance,Subdivision Phase 1,4363.93
2023-05-25,U-864172,Ramon Sanchez,Putingkahoy,PDA-SZ,17947.82,Locational Clearance,Agribusiness Construction,12659.03
2023-05-25,U-669353,Batangas Gold Trading Corp.,Tulos,ECT-Z,2278.75,Locational Clearance,Commercial Building Construction,2413.87
2023-05-25,U-344463,Chloe Mercado,Baybayin,AgIndZ,3525.06,Zoning Certificate,Warehouse/Factory Construction,398.79
2023-05-26,U-668005,Batangas Gold Enterprises,Quilib,C1-Z,499.43,Development Permit,Commercial Complex Development,46694.93
2023-05-26,U-255682,Southern Luzon Holdings Inc.,Santa Cruz,R1-Z,320.28,Development Permit,Bank Financing Requirement,117892.35
2023-05-26,U-851243,Agri-Ventures Trading Corp.,San Isidro,R1-Z,107.09,Development Permit,Subdivision Phase 1,67330.36
2023-05-26,U-699229,Southern Luzon Logistics Inc.,Baybayin,R1-Z,268.63,Development Permit,Subdivision Phase 1,109999.76
2023-05-26,U-481728,Luzon Integrated Realty & Development,Putingkahoy,PTA-SZ-RA,17943.82,Development Permit,Subdivision Phase 1,66923.74
2023-05-26,U-293013,Victoria Castillo,Poblacion C,C1-Z,423.25,Locational Clearance,Business Permit Requirement,20374.02
2023-05-26,U-289275,Luz Ramos,Mabunga,R2-Z,205.67,Locational Clearance,Bank Financing Requirement,4833.27
2023-05-26,U-621341,Victoria Torres,Quilib,R1-Z,148.35,Locational Clearance,Bank Financing Requirement,13644.62
2023-05-26,U-397934,Jose Bautista,Masaya,R2-Z,233.01,Locational Clearance,Bank Financing Requirement,21599.37
2023-05-26,U-222828,Antonio Rodriguez,San Roque,C1-Z,457.67,Locational Clearance,Commercial Complex Development,19499.47
2023-05-26,U-862125,Mark Perez,San Carlos,,,Zoning Certificate,Industrial Park Expansion,378.35
2023-05-26,U-494068,Southern Luzon Farms Corp.,Calantas,FR-SZ,10151.38,Zoning Certificate,Subdivision Phase 1,272.83
2023-05-26,U-837231,Batangas Gold Trading Corp.,Mavalor,AgIndZ,6943.26,Zoning Certificate,Industrial Park Expansion,313.84
2023-05-29,U-891958,Southern Luzon Holdings Inc.,Namuco,AgIndZ-PGR,4346.47,Development Permit,Bank Financing Requirement,33544.91
2023-05-29,U-240307,David Castillo,Tulos,PTA-SZ-RA,14078.76,Development Permit,Bank Financing Requirement,45569.98
2023-05-29,U-313923,Maria Garcia,Marilag,,,Locational Clearance,Bank Financing Requirement,14871.51
2023-05-29,U-819267,Danilo Lopez,Lumbangan,R2-Z,199.42,Locational Clearance,Bank Financing Requirement,8035.31
2023-05-29,U-553312,Grace Lopez,Namuco,I1-Z,2770.74,Locational Clearance,Warehouse/Factory Construction,6241.33
2023-05-29,U-084371,Maria Sanchez,Salao,C1-Z,493.57,Locational Clearance,Commercial Complex Development,2628.1
2023-05-29,U-160287,Southern Luzon Logistics Inc.,San Carlos,CMRF,1066.89,Locational Clearance,Site Development Permit,13722.38
2023-05-29,U-583151,Rosario Commercial Center,Mabato,,,Zoning Certificate,Farm Development Permit,421.01
2023-05-30,U-373911,Corazon Gonzales,San Isidro,R1-Z,203.12,Locational Clearance,Residential Construction,10985.57
2023-05-30,U-636113,Batangas Gold Commercial Center,Poblacion A,C1-Z,178.36,Locational Clearance,Commercial Building Construction,9841.21
2023-05-30,U-322858,Rosario Realty & Development,Tulos,PTA-SZ-RA,14678.63,Locational Clearance,Residential Construction,15537.61
2023-05-30,U-516905,Luzon Integrated Enterprises,Bagong Pook,C1-Z,276.03,Locational Clearance,Commercial Complex Development,5616.24
2023-05-30,U-096253,Teresa Garcia,San Isidro,R1-Z,138.15,Locational Clearance,Bank Financing Requirement,15562.4
2023-05-30,U-845970,Prime Trading Corp.,San Carlos,I2-Z,2375.37,Locational Clearance,Environmental Compliance,12849.46
2023-05-30,U-350857,Chloe Castillo,Calantas,ECT-Z,3763.41,Locational Clearance,Business Permit Requirement,5502.39
2023-05-30,U-646937,Benjamin Dimaculangan,Poblacion B,C1-Z,361.59,Locational Clearance,Business Permit Requirement,7706.28
2023-05-30,U-490676,Ramon Reyes,Masaya,R1-Z,159.25,Zoning Certificate,Residential Construction,360.13
2023-05-31,U-696782,Agri-Ventures Trading Corp.,Tiquiwan,AgIndZ,3369.01,Locational Clearance,Warehouse/Factory Construction,20486.66
2023-05-31,U-555814,Sofia Torres,Santa Cruz,R1-Z,132.5,Locational Clearance,Bank Financing Requirement,15909.49
2023-05-31,U-907437,Antonio Gonzales,Bagong Pook,C1-Z,212.44,Locational Clearance,Commercial Complex Development,3198.74
2023-05-31,U-257536,Corazon Comia,Tiquiwan,C/MP-Z,2325.83,Locational Clearance,Commercial Building Construction,5519.3
2023-05-31,U-423487,Southern Luzon Trading Corp.,Calantas,PDA-SZ,13805.84,Locational Clearance,Agribusiness Construction,6157.55
2023-05-31,U-742942,Grace Macalalad,Poblacion A,R2-Z,147.75,Locational Clearance,Subdivision Phase 1,14283.62
2023-05-31,U-135385,Mark Bautista,Poblacion A,,,Zoning Certificate,Residential Construction,406.08
2023-05-31,U-091110,Grace Dimaculangan,Santa Cruz,BR2-SZ,110.93,Zoning Certificate,Residential Construction,342.01
2023-06-01,U-856276,David Ramos,Macalamcam A,,,Locational Clearance,Residential Construction,3189.19
2023-06-01,U-610641,Christian Ramos,San Carlos,,,Locational Clearance,Environmental Compliance,14038.1
2023-06-01,U-359262,Angel Rodriguez,Quilib,R2-Z,205.11,Locational Clearance,Bank Financing Requirement,18908.22
2023-06-01,U-144906,Maria Mercado,Pinagsibaan,AgIndZ,7030.38,Zoning Certificate,Warehouse/Factory Construction,287.12
2023-06-02,U-584352,Chloe Rodriguez,Namuco,,,Locational Clearance,General Property Clearance,3503.29
2023-06-02,U-452797,Mark Perez,Pinagsibaan,UTS-Z,631.7,Locational Clearance,General Property Clearance,16279.35
2023-06-02,U-865531,Teresa Gonzales,San Isidro,R1-Z,237.02,Locational Clearance,Residential Construction,1528.07
2023-06-02,U-987290,Antonio Torres,San Carlos,I2-Z,6375.6,Locational Clearance,Warehouse/Factory Construction,11285.89
2023-06-05,U-201920,Sofia Garcia,Tulos,,,Locational Clearance,Facility/Structure Construction,5143.2
2023-06-05,U-433757,Chloe Comia,Santa Cruz,R1-Z,328.66,Zoning Certificate,Residential Construction,299.86
2023-06-06,U-488062,Batangas Gold Realty & Development,Tulos,PDA-SZ,19500.32,Development Permit,Farm Development Permit,63689.33
2023-06-06,U-924161,Grace Torres,Macalamcam B,,,Locational Clearance,Commercial Building Construction,7968.19
2023-06-06,U-976660,Ramon Torres,Baybayin,,,Locational Clearance,Subdivision Phase 1,12084.61
2023-06-06,U-933496,David Dimaculangan,Namuco,I2-Z,5887.83,Locational Clearance,Warehouse/Factory Construction,4735.4
2023-06-06,U-435303,Christian Gonzales,Baybayin,R1-Z,336.64,Locational Clearance,Bank Financing Requirement,16568.26
2023-06-06,U-459515,Emmanuel Sanchez,Alupay,,,Zoning Certificate,Subdivision Phase 1,390.05
2023-06-06,U-200182,Prime Realty & Development,Pinagsibaan,AgIndZ,4026.27,Zoning Certificate,Warehouse/Factory Construction,367.82
2023-06-07,U-763459,Angel Dimaculangan,Tulos,ECT-Z,3805.08,Locational Clearance,Commercial Complex Development,15663.38
2023-06-07,U-454350,Christian Fernandez,Poblacion A,,,Zoning Certificate,Commercial Complex Development,421.72
2023-06-08,U-193572,Mark Dimaculangan,Namunga,,,Locational Clearance,Bank Financing Requirement,5771.26
2023-06-08,U-177560,Angel Macalalad,Lumbangan,R2-Z,235.39,Locational Clearance,Subdivision Phase 1,6762.46
2023-06-08,U-901027,Batangas Realty & Development,Bagong Pook,GI-Z,1497.77,Zoning Certificate,Industrial Park Expansion,299.85
2023-06-13,U-982659,Agri-Ventures Farms Corp.,Quilib,,,Locational Clearance,Bank Financing Requirement,8825.64
2023-06-13,U-760610,Christian Torres,Pinagsibaan,,,Zoning Certificate,Warehouse/Factory Construction,411.38
2023-06-14,U-163168,Sofia Castillo,Bayawang,AgIndZ-PGR,3725.67,Locational Clearance,Residential Construction,18175.73
2023-06-15,U-587798,Rosario Enterprises,Namuco,I1-Z,4458.94,Locational Clearance,Warehouse/Factory Construction,21279.13
2023-06-16,U-107221,Agri-Ventures Farms Corp.,San Roque,C1-Z,276.81,Locational Clearance,Commercial Complex Development,15516.37
2023-06-16,U-664465,Christian Macalalad,Maalas-As,AgIndZ,2904.62,Locational Clearance,Industrial Park Expansion,14579.65
2023-06-16,U-161670,David Mercado,San Isidro,R1-Z,218.17,Locational Clearance,Subdivision Phase 1,16343.39
2023-06-16,U-330690,Mark Comia,Putingkahoy,FR-SZ,16673.1,Locational Clearance,Subdivision Phase 1,18271.98
2023-06-16,U-187119,Angel Bautista,Baybayin,R2-Z,172.7,Locational Clearance,Subdivision Phase 1,6606.61
2023-06-19,U-289970,Prime Trading Corp.,Antipolo,PDA-SZ,18355.04,Development Permit,Farm Development Permit,54555.26
2023-06-19,U-506669,Chloe Mendoza,San Carlos,,,Locational Clearance,Warehouse/Factory Construction,13846.39
2023-06-19,U-873782,Victoria Lopez,Macalamcam A,R1-Z,336.38,Locational Clearance,Residential Construction,12758.38
2023-06-19,U-383558,Grace Gonzales,Namunga,BR2-SZ,76.63,Locational Clearance,Bank Financing Requirement,20026.56
2023-06-19,U-171396,David Fernandez,Tulos,ECT-Z,2341.79,Locational Clearance,Commercial Complex Development,13050.81
2023-06-19,U-089586,Daniel Ramos,Alupay,,,Zoning Certificate,Environmental Compliance,395.78
2023-06-20,U-191350,Agri-Ventures Enterprises,Poblacion B,C2-Z,420.51,Development Permit,Business Permit Requirement,107909.24
2023-06-20,U-454318,Batangas Holdings Inc.,Quilib,R1-Z,321.07,Locational Clearance,Bank Financing Requirement,4762.83
2023-06-20,U-567840,Grace Gonzales,Santa Cruz,R2-Z,90.83,Locational Clearance,Subdivision Phase 1,3499.59
2023-06-20,U-182536,Luzon Integrated Commercial Center,San Isidro,R1-Z,241.03,Locational Clearance,Subdivision Phase 1,2587.75
2023-06-20,U-895613,Emmanuel Perez,Alupay,,,Zoning Certificate,Site Development Permit,370.57
2023-06-20,U-649964,Southern Luzon Commercial Center,Mabato,,,Zoning Certificate,Agribusiness Construction,261.61
2023-06-20,U-998848,Benjamin Mercado,Bagong Pook,R1-Z,311.49,Zoning Certificate,Bank Financing Requirement,483.9
2023-06-21,U-297397,Teresa Fernandez,San Isidro,C/MP-Z,1270.9,Development Permit,Commercial Complex Development,74700.86
2023-06-21,U-248051,Corazon Mendoza,Santa Cruz,,,Locational Clearance,Bank Financing Requirement,10982.46
2023-06-21,U-882278,Chloe Lopez,Macalamcam A,R2-Z,240.53,Locational Clearance,Bank Financing Requirement,12203.98
2023-06-21,U-844872,Chloe Dimaculangan,Santa Cruz,,,Zoning Certificate,Facility/Structure Construction,354.26
2023-06-22,U-715243,Danilo Comia,Pinagsibaan,AgIndZ,7772.09,Development Permit,Industrial Park Expansion,116111.75
2023-06-22,U-117634,Sofia Lopez,Tulos,ECT-Z,3625.89,Locational Clearance,Business Permit Requirement,8663.82
2023-06-22,U-516764,Teresa Reyes,San Isidro,R2-Z,159.35,Locational Clearance,Subdivision Phase 1,6799.03
2023-06-22,U-509631,Victoria Santos,Balibago,R1-Z,349.79,Zoning Certificate,Bank Financing Requirement,404.37
2023-06-23,U-161828,Maria Alday,Masaya,R1-Z,208.96,Locational Clearance,Residential Construction,11440.21
2023-06-23,U-291623,Batangas Realty & Development,Calantas,FZ,13877.33,Locational Clearance,Site Development Permit,9238.69
2023-06-23,U-687807,Sofia Garcia,Namuco,UTS-Z,1725.22,Locational Clearance,General Property Clearance,11580.17
2023-06-23,U-919469,Luzon Integrated Enterprises,Leviste,C/MP-Z,2563.47,Locational Clearance,Commercial Building Construction,19398.8
2023-06-23,U-004485,Batangas Gold Farms Corp.,San Isidro,R1-Z,101.93,Zoning Certificate,Residential Construction,336.9
2023-06-26,U-679655,Victoria Torres,Bagong Pook,R1-Z,147.86,Locational Clearance,Residential Construction,13993.33
2023-06-26,U-010423,Victoria Mercado,Masaya,R2-Z,127.21,Locational Clearance,Residential Construction,12709.07
2023-06-26,U-414521,Danilo Mercado,Poblacion E,R1-Z,145.87,Locational Clearance,Bank Financing Requirement,6939.83
2023-06-26,U-931352,Ramon Bautista,San Roque,R1-Z,294.39,Locational Clearance,Residential Construction,11777.09
2023-06-26,U-954827,Victoria Macalalad,Alupay,I2-Z,6653.95,Zoning Certificate,Warehouse/Factory Construction,457.37
2023-06-27,U-646708,Mark Bautista,Poblacion A,,,Locational Clearance,Subdivision Phase 1,14281.3
2023-06-27,U-354745,Agri-Ventures Holdings Inc.,Namunga,,,Locational Clearance,Subdivision Phase 1,8033.0
2023-06-29,U-662098,Southern Luzon Realty & Development,Poblacion B,R1-Z,227.22,Locational Clearance,Bank Financing Requirement,18344.42
2023-06-29,U-984835,Jose Bautista,Quilib,,,Zoning Certificate,Residential Construction,439.73
2023-06-30,U-738876,Batangas Gold Logistics Inc.,Quilib,R2-Z,136.72,Development Permit,Subdivision Phase 1,45989.01
2023-06-30,U-486841,Luz Garcia,Marilag,,,Locational Clearance,Bank Financing Requirement,3819.1
2023-06-30,U-207453,Batangas Gold Holdings Inc.,San Isidro,,,Locational Clearance,Land Title Verification,7733.83
2023-06-30,U-160833,Luzon Integrated Commercial Center,Namunga,R1-Z,165.54,Locational Clearance,Residential Construction,6354.54
2023-06-30,U-924149,Chloe Dimaculangan,Santa Cruz,BR2-SZ,89.46,Locational Clearance,Subdivision Phase 1,5310.56
2023-06-30,U-433636,Christian Macalalad,Baybayin,C/MP-Z,2250.66,Locational Clearance,Commercial Building Construction,6353.05
2023-06-30,U-870384,Benjamin Garcia,Bagong Pook,BR2-SZ,158.14,Locational Clearance,Subdivision Phase 1,14975.54
2023-07-03,U-377977,Emmanuel Sanchez,Alupay,,,Locational Clearance,Residential Construction,14601.49
2023-07-04,U-791648,Danilo Comia,Balibago,,,Locational Clearance,Bank Financing Requirement,7310.91
2023-07-04,U-914556,Prime Holdings Inc.,Timbugan,R1-Z,253.95,Locational Clearance,Residential Construction,13366.46
2023-07-05,U-640496,Prime Farms Corp.,Lumbangan,R1-Z,162.93,Development Permit,Bank Financing Requirement,57254.56
2023-07-05,U-848834,Prime Enterprises,Leviste,,,Locational Clearance,Land Title Verification,4751.47
2023-07-05,U-336044,Agri-Ventures Logistics Inc.,Bulihan,,,Zoning Certificate,Residential Construction,272.16
2023-07-06,U-011311,Maria Ramos,Santa Cruz,R2-Z,187.04,Locational Clearance,Bank Financing Requirement,14029.55
2023-07-07,U-231896,Rosario Commercial Center,Mabato,,,Locational Clearance,Farm Development Permit,10881.11
2023-07-10,U-073559,Prime Trading Corp.,Namunga,GI-Z,3560.25,Development Permit,Warehouse/Factory Construction,78164.21
2023-07-10,U-660645,Mark Gonzales,Santa Cruz,R1-Z,218.4,Locational Clearance,Bank Financing Requirement,10075.99
2023-07-10,U-937376,Chloe Castillo,Masaya,PDA-SZ,17964.55,Zoning Certificate,Farm Development Permit,287.24
2023-07-11,U-440504,Sofia Alday,Alupay,,,Locational Clearance,General Property Clearance,13376.81
2023-07-11,U-400918,Sofia Mendoza,Bagong Pook,C1-Z,301.86,Zoning Certificate,Business Permit Requirement,371.38
2023-07-13,U-746098,Antonio Dimaculangan,Balibago,PTA-SZ-RA,8849.82,Zoning Certificate,Residential Construction,298.79
2023-07-14,U-861702,Chloe Santos,Alupay,,,Locational Clearance,Warehouse/Factory Construction,10356.68
2023-07-14,U-405706,Angel Fernandez,Poblacion C,MR2-SZ,185.04,Locational Clearance,Subdivision Phase 1,15699.54
2023-07-17,U-423717,Christian Garcia,Alupay,,,Locational Clearance,Industrial Park Expansion,4268.96
2023-07-17,U-710076,Batangas Gold Logistics Inc.,Bulihan,R1-Z,143.24,Zoning Certificate,Residential Construction,494.7
2023-07-18,U-087177,Emmanuel Perez,Alupay,,,Locational Clearance,General Property Clearance,14491.98
2023-07-18,U-076220,Agri-Ventures Realty & Development,Alupay,I2-Z,3082.93,Locational Clearance,Environmental Compliance,12721.47
2023-07-19,U-501159,Christian Garcia,Namunga,R2-Z,94.51,Locational Clearance,Bank Financing Requirement,12990.05
2023-07-19,U-563280,Juan Reyes,Bagong Pook,R1-Z,228.41,Zoning Certificate,Subdivision Phase 1,495.83
2023-07-20,U-271400,Agri-Ventures Farms Corp.,San Isidro,R1-Z,216.76,Locational Clearance,Bank Financing Requirement,11366.9
2023-07-20,U-482435,Juan Castillo,Matamis,PTA-SZ-RA,7276.24,Locational Clearance,Bank Financing Requirement,4462.88
2023-07-21,U-897449,Sofia Fernandez,Tulos,FR-SZ,5269.74,Locational Clearance,Subdivision Phase 1,18105.94
2023-07-21,U-689106,Luz Lopez,San Isidro,PDA-SZ,4249.81,Locational Clearance,Land Title Verification,3622.99
2023-07-21,U-867686,Prime Commercial Center,Calantas,5491-APDA-SZ,2223.17,Locational Clearance,Land Title Verification,4726.13
2023-07-24,U-285175,Angel Mendoza,Antipolo,,,Locational Clearance,Bank Financing Requirement,11955.08
2023-07-26,U-312124,Mark Perez,San Carlos,,,Locational Clearance,Environmental Compliance,3196.28
2023-07-26,U-253359,Rosario Commercial Center,Namuco,I3-Z,4888.26,Locational Clearance,Environmental Compliance,7957.11
2023-07-26,U-597469,Luz Perez,Balibago,R1-Z,131.71,Zoning Certificate,Bank Financing Requirement,304.04
2023-07-26,U-247344,Southern Luzon Realty & Development,Tulos,5491-APDA-SZ,2872.15,Zoning Certificate,Agribusiness Construction,369.02
2023-07-27,U-818070,Antonio Dimaculangan,Mabato,FZ,12666.18,Development Permit,General Property Clearance,85072.97
2023-07-27,U-641804,Daniel Mercado,Tulos,PDA-SZ,19096.62,Locational Clearance,Agribusiness Construction,2612.82
2023-07-31,U-837067,Luz Reyes,San Isidro,R1-Z,259.57,Locational Clearance,Subdivision Phase 1,12598.9
2023-07-31,U-090135,Maria Gonzales,Leviste,R2-Z,115.27,Zoning Certificate,Subdivision Phase 1,352.3
2023-07-31,U-203853,Victoria Mercado,Alupay,I2-Z,5790.53,Zoning Certificate,Warehouse/Factory Construction,372.0
2023-08-01,U-324481,Agri-Ventures Logistics Inc.,Bulihan,,,Locational Clearance,Subdivision Phase 1,2344.08
2023-08-01,U-446584,Daniel Castillo,Poblacion A,R1-Z,242.41,Locational Clearance,Bank Financing Requirement,12592.69
2023-08-01,U-187266,Teresa Macalalad,Timbugan,R2-Z,166.68,Locational Clearance,Residential Construction,21131.82
2023-08-02,U-598680,Batangas Farms Corp.,Itlugan,R2-Z,110.3,Locational Clearance,Residential Construction,6938.23
2023-08-02,U-428725,Luzon Integrated Commercial Center,Bagong Pook,R1-Z,337.91,Zoning Certificate,Residential Construction,463.05
2023-08-03,U-746130,Christian Gonzales,San Isidro,PDA-SZ,11497.16,Locational Clearance,Farm Development Permit,9371.58
2023-08-04,U-776335,Victoria Cruz,Palakpak,R2-Z,170.17,Locational Clearance,Bank Financing Requirement,10983.21
2023-08-07,U-323157,Chloe Dimaculangan,Santa Cruz,,,Locational Clearance,General Property Clearance,2196.27
2023-08-07,U-564778,Luz Torres,Calantas,,,Locational Clearance,Residential Construction,4059.07
2023-08-09,U-361219,Jose Bautista,Quilib,,,Locational Clearance,Bank Financing Requirement,7576.53
2023-08-09,U-730696,Benjamin Ramos,Marilag,R1-Z,270.86,Locational Clearance,Residential Construction,6903.94
2023-08-10,U-537374,Rosario Trading Corp.,Matamis,AgIndZ,6345.39,Locational Clearance,Warehouse/Factory Construction,3224.08
2023-08-14,U-019594,Danilo Gonzales,Mabato,,,Locational Clearance,Facility/Structure Construction,4212.81
2023-08-15,U-943623,Luz Perez,Poblacion E,R2-Z,201.0,Locational Clearance,Residential Construction,20051.9
2023-08-15,U-806181,Angel Alday,Calantas,,,Zoning Certificate,Land Title Verification,426.47
2023-08-15,U-911419,Benjamin Rodriguez,Pinagsibaan,CMRF,965.0,Zoning Certificate,Facility/Structure Construction,293.65
2023-08-17,U-826284,Mark Rodriguez,San Roque,R1-Z,222.35,Locational Clearance,Subdivision Phase 1,12980.98
2023-08-18,U-013143,Emmanuel Comia,San Carlos,AgIndZ,3088.27,Locational Clearance,Industrial Park Expansion,15223.75
2023-08-22,U-541125,Juan Gonzales,Poblacion E,R1-Z,241.53,Locational Clearance,Subdivision Phase 1,18775.92
2023-08-23,U-306049,Agri-Ventures Enterprises,Santa Cruz,BR2-SZ,60.78,Development Permit,Subdivision Phase 1,97291.73
2023-08-23,U-529255,Prime Commercial Center,Poblacion A,R2-Z,105.37,Locational Clearance,Subdivision Phase 1,17040.09
2023-08-24,U-340736,Corazon Santos,Alupay,I1-Z,3345.26,Development Permit,Industrial Park Expansion,117200.65
2023-08-24,U-533131,Angel Mendoza,Timbugan,R1-Z,249.94,Locational Clearance,Residential Construction,19265.86
2023-08-24,U-351754,Prime Trading Corp.,Santa Cruz,,,Zoning Certificate,Bank Financing Requirement,313.11
2023-08-24,U-145268,Emmanuel Bautista,Calantas,PTA-SZ-RA,16794.31,Zoning Certificate,Subdivision Phase 1,480.8
2023-08-25,U-244322,Corazon Macalalad,Santa Cruz,R1-Z,304.11,Zoning Certificate,Residential Construction,380.97
2023-08-29,U-436390,Christian Comia,Namuco,AgIndZ-PTR,3457.81,Locational Clearance,Bank Financing Requirement,17455.13
2023-08-29,U-032130,Teresa Castillo,Namuco,CMRF,877.75,Locational Clearance,Facility/Structure Construction,4689.78
2023-08-29,U-035638,Ramon Dimaculangan,Namunga,R2-Z,234.47,Zoning Certificate,Subdivision Phase 1,317.43
2023-08-30,U-063826,Mark Gonzales,Santa Cruz,R2-Z,132.06,Locational Clearance,Bank Financing Requirement,3514.86
2023-08-30,U-810943,Chloe Mendoza,San Carlos,I3-Z,8922.72,Locational Clearance,Warehouse/Factory Construction,2982.37
2023-08-30,U-523086,Sofia Comia,Alupay,I1-Z,4261.96,Locational Clearance,Industrial Park Expansion,4910.71
2023-08-30,U-645957,Danilo Dimaculangan,Santa Cruz,R2-Z,151.72,Zoning Certificate,Residential Construction,404.09
2023-08-31,U-293096,Grace Reyes,San Carlos,UTS-Z,815.33,Locational Clearance,General Property Clearance,21912.21
2023-09-01,U-887876,Batangas Gold Farms Corp.,Pinagsibaan,I2-Z,6516.76,Locational Clearance,Environmental Compliance,10534.52
2023-09-04,U-753815,Teresa Alday,Santa Cruz,R2-Z,114.56,Locational Clearance,Subdivision Phase 1,13143.18
2023-09-05,U-687602,Rosario Realty & Development,Cahigam,GI-Z,1464.87,Zoning Certificate,Warehouse/Factory Construction,394.65
2023-09-05,U-443050,Batangas Gold Trading Corp.,Baybayin,R1-Z,163.92,Zoning Certificate,Residential Construction,442.45
2023-09-06,U-071940,Christian Torres,Pinagsibaan,,,Locational Clearance,Warehouse/Factory Construction,14743.82
2023-09-06,U-931823,Ramon Sanchez,Alupay,I1-Z,2009.07,Zoning Certificate,Industrial Park Expansion,422.76
2023-09-07,U-695110,Juan Gonzales,Timbugan,R1-Z,325.85,Locational Clearance,Subdivision Phase 1,3284.51
2023-09-07,U-314994,Christian Castillo,Calantas,PDA-SZ,18883.98,Locational Clearance,Farm Development Permit,16408.22
2023-09-07,U-037698,Rosario Commercial Center,Poblacion E,R1-Z,195.34,Locational Clearance,Bank Financing Requirement,6553.66
2023-09-07,U-206892,Benjamin Reyes,Pinagsibaan,I2-Z,7301.19,Locational Clearance,Warehouse/Factory Construction,15963.34
2023-09-08,U-065472,Luzon Integrated Holdings Inc.,Bagong Pook,R1-Z,197.15,Development Permit,Bank Financing Requirement,86542.48
2023-09-08,U-549499,Chloe Castillo,Alupay,,,Zoning Certificate,Agribusiness Construction,451.1
2023-09-08,U-730454,Batangas Gold Realty & Development,Pinagsibaan,,,Zoning Certificate,Environmental Compliance,496.66
2023-09-11,U-077105,Maria Bautista,Colongan,,,Zoning Certificate,Residential Construction,364.8
2023-09-11,U-944092,Daniel Dimaculangan,Itlugan,R2-Z,174.7,Zoning Certificate,Residential Construction,327.78
2023-09-12,U-139777,Mark Torres,Bayawang,AgIndZ,3177.01,Locational Clearance,Environmental Compliance,16439.06
2023-09-12,U-678814,Mark Alday,Mabato,PDA-SZ,2837.6,Locational Clearance,Land Title Verification,16267.39
2023-09-12,U-146072,Ramon Garcia,Matamis,PTA-SZ-RA,9164.5,Zoning Certificate,Subdivision Phase 1,446.72
2023-09-13,U-375309,Juan Lopez,Poblacion A,C2-Z,721.3,Locational Clearance,Business Permit Requirement,14314.62
2023-09-13,U-306555,Daniel Lopez,Poblacion E,R1-Z,334.22,Locational Clearance,Bank Financing Requirement,14822.67
2023-09-13,U-294462,Chloe Comia,Santa Cruz,,,Zoning Certificate,Bank Financing Requirement,325.26
2023-09-14,U-858308,Batangas Gold Trading Corp.,San Roque,R1-Z,185.05,Locational Clearance,Bank Financing Requirement,17980.83
2023-09-14,U-838639,Batangas Gold Farms Corp.,Namunga,,,Zoning Certificate,Commercial Complex Development,448.92
2023-09-15,U-893652,Southern Luzon Commercial Center,Mabato,,,Locational Clearance,Farm Development Permit,7053.08
2023-09-15,U-531110,David Bautista,Calantas,PDA-SZ,19580.39,Locational Clearance,Agribusiness Construction,19866.32
2023-09-19,U-576388,Christian Fernandez,Poblacion A,,,Locational Clearance,Commercial Complex Development,8761.68
2023-09-19,U-752516,David Reyes,Poblacion A,MR2-SZ,145.12,Locational Clearance,Subdivision Phase 1,10884.41
2023-09-19,U-025665,Ramon Cruz,Tulos,PDA-SZ,3069.22,Locational Clearance,Farm Development Permit,8662.69
2023-09-22,U-144199,Batangas Holdings Inc.,Bayawang,UTS-Z,2280.81,Zoning Certificate,General Property Clearance,260.04
2023-09-25,U-301999,Daniel Ramos,Alupay,,,Locational Clearance,Environmental Compliance,8504.2
2023-09-25,U-019657,Emmanuel Torres,Macalamcam B,,,Zoning Certificate,Bank Financing Requirement,486.12
2023-09-26,U-719443,Luzon Integrated Realty & Development,Poblacion B,C1-Z,201.23,Locational Clearance,Business Permit Requirement,18689.33
2023-09-26,U-325840,Danilo Torres,Bagong Pook,R2-Z,172.41,Locational Clearance,Residential Construction,13841.41
2023-09-26,U-788326,David Mendoza,Pinagsibaan,I1-Z,4863.02,Zoning Certificate,Industrial Park Expansion,436.7
2023-09-27,U-151051,Batangas Gold Holdings Inc.,Balibago,R1-Z,229.0,Zoning Certificate,Subdivision Phase 1,345.83
2023-09-28,U-220287,Angel Castillo,San Roque,C1-Z,452.71,Zoning Certificate,Business Permit Requirement,371.82
2023-09-29,U-685822,Agri-Ventures Enterprises,Nasi,PTA-SZ-RA,8464.34,Locational Clearance,Bank Financing Requirement,13083.43
2023-09-29,U-536811,Juan Garcia,Mabato,5491-APDA-SZ,3990.3,Locational Clearance,Land Title Verification,16211.4
2023-09-29,U-773007,Mark Ramos,Bagong Pook,R1-Z,126.08,Zoning Certificate,Residential Construction,256.75
2023-10-02,U-060091,Juan Mercado,Baybayin,R2-Z,80.67,Locational Clearance,Residential Construction,18981.04
2023-10-02,U-379852,Luz Dimaculangan,Colongan,R1-Z,273.46,Locational Clearance,Subdivision Phase 1,8575.74
2023-10-03,U-109690,Angel Alday,Calantas,,,Locational Clearance,Farm Development Permit,10949.84
2023-10-03,U-051043,Luz Santos,Calantas,PDA-SZ,6457.63,Locational Clearance,Farm Development Permit,10529.64
2023-10-04,U-251453,Grace Garcia,Poblacion B,R2-Z,85.81,Locational Clearance,Residential Construction,7597.85
2023-10-04,U-715956,Mark Santos,Baybayin,AgIndZ,7980.54,Locational Clearance,Warehouse/Factory Construction,14566.79
2023-10-04,U-559163,Antonio Cruz,San Isidro,R1-Z,288.66,Locational Clearance,Residential Construction,13046.62
2023-10-04,U-347628,Jose Fernandez,San Roque,C1-Z,439.88,Locational Clearance,Commercial Building Construction,10411.31
2023-10-05,U-657014,Prime Trading Corp.,Santa Cruz,,,Locational Clearance,Bank Financing Requirement,13962.45
2023-10-05,U-024510,Rosario Enterprises,Bayawang,I1-Z,3709.41,Locational Clearance,Industrial Park Expansion,16553.34
2023-10-05,U-083599,Christian Mercado,Balibago,R1-Z,133.04,Zoning Certificate,Residential Construction,250.56
2023-10-09,U-376311,Ramon Reyes,Poblacion E,R1-Z,111.43,Locational Clearance,Bank Financing Requirement,4222.2
2023-10-09,U-069992,Victoria Alday,Poblacion D,R2-Z,143.74,Locational Clearance,Subdivision Phase 1,6408.25
2023-10-10,U-235055,Mark Perez,Quilib,R2-Z,136.43,Locational Clearance,Residential Construction,3346.83
2023-10-10,U-602043,Emmanuel Bautista,Alupay,CMRF,418.42,Zoning Certificate,Facility/Structure Construction,360.76
2023-10-11,U-478151,Luzon Integrated Trading Corp.,Alupay,I1-Z,4758.47,Development Permit,Industrial Park Expansion,79144.17
2023-10-11,U-146302,Batangas Gold Realty & Development,Pinagsibaan,,,Locational Clearance,Environmental Compliance,8268.53
2023-10-11,U-542813,Teresa Torres,Poblacion D,MR2-SZ,95.17,Locational Clearance,Residential Construction,6954.01
2023-10-11,U-040654,David Garcia,Balibago,R1-Z,188.95,Locational Clearance,Subdivision Phase 1,12306.09
2023-10-11,U-299273,Victoria Mercado,Quilib,R2-Z,153.84,Zoning Certificate,Bank Financing Requirement,405.59
2023-10-12,U-394221,Maria Perez,Mabunga,R2-Z,118.96,Locational Clearance,Residential Construction,13897.76
2023-10-12,U-676745,Batangas Gold Enterprises,Namuco,UTS-Z,750.86,Locational Clearance,Facility/Structure Construction,8473.91
2023-10-12,U-066856,Christian Macalalad,Santa Cruz,R2-Z,113.65,Zoning Certificate,Residential Construction,271.1
2023-10-13,U-863425,Rosario Farms Corp.,Tulos,THSP-SZ,8476.39,Development Permit,Site Development Permit,53226.56
2023-10-13,U-548424,Benjamin Castillo,Leviste,R1-Z,304.96,Locational Clearance,Bank Financing Requirement,3853.6
2023-10-13,U-292404,Grace Lopez,Pinagsibaan,I1-Z,2915.01,Locational Clearance,Industrial Park Expansion,4666.66
2023-10-16,U-807154,Luz Ramos,Timbugan,PDA-SZ,17525.7,Locational Clearance,Farm Development Permit,6158.19
2023-10-16,U-304414,Mark Comia,Bagong Pook,R2-Z,94.31,Locational Clearance,Residential Construction,4546.5
2023-10-16,U-547697,Batangas Enterprises,Balibago,R1-Z,326.85,Locational Clearance,Residential Construction,15024.27
2023-10-16,U-224605,Teresa Perez,Calantas,,,Zoning Certificate,Subdivision Phase 1,409.35
2023-10-16,U-953034,Victoria Castillo,Bagong Pook,R1-Z,348.26,Zoning Certificate,Bank Financing Requirement,301.09
2023-10-16,U-612205,Luz Torres,Maligaya,AgIndZ,6743.46,Zoning Certificate,Warehouse/Factory Construction,400.97
2023-10-16,U-723462,Christian Mendoza,Mabunga,R1-Z,265.91,Zoning Certificate,Residential Construction,421.4
2023-10-17,U-108058,Jose Rodriguez,San Carlos,AgIndZ,6446.01,Locational Clearance,Environmental Compliance,9326.53
2023-10-18,U-812582,Christian Sanchez,Putingkahoy,PDA-SZ,18957.75,Locational Clearance,Land Title Verification,21223.71
2023-10-18,U-434921,Chloe Castillo,Antipolo,R1-Z,246.33,Locational Clearance,Bank Financing Requirement,11635.52
2023-10-18,U-273888,Antonio Santos,Bagong Pook,R1-Z,329.04,Zoning Certificate,Subdivision Phase 1,364.41
2023-10-18,U-897760,Benjamin Rodriguez,Bulihan,C1-Z,299.36,Zoning Certificate,Business Permit Requirement,453.02
2023-10-19,U-015616,Rosario Realty & Development,San Isidro,R1-Z,279.84,Development Permit,Subdivision Phase 1,33451.64
2023-10-19,U-735483,Corazon Rodriguez,Namunga,C1-Z,352.69,Locational Clearance,Business Permit Requirement,10891.17
2023-10-19,U-588241,Daniel Castillo,Calantas,PDA-SZ,13720.32,Locational Clearance,Agribusiness Construction,10424.21
2023-10-19,U-269703,Christian Rodriguez,Santa Cruz,T-Z,4732.44,Locational Clearance,Site Development Permit,12374.48
2023-10-19,U-887071,Antonio Gonzales,Alupay,CMRF,1020.44,Locational Clearance,Facility/Structure Construction,18761.75
2023-10-20,U-953575,Christian Cruz,Calantas,FR-SZ,21514.15,Locational Clearance,Subdivision Phase 1,13443.35
2023-10-23,U-954016,Corazon Garcia,Leviste,AgIndZ,2046.94,Locational Clearance,Environmental Compliance,21837.84
2023-10-23,U-249531,Danilo Rodriguez,Baybayin,R1-Z,325.46,Locational Clearance,Residential Construction,11024.34
2023-10-23,U-792886,Juan Gonzales,Santa Cruz,,,Zoning Certificate,Bank Financing Requirement,329.59
2023-10-23,U-973402,Grace Sanchez,Mabunga,R2-Z,189.7,Zoning Certificate,Residential Construction,416.35
2023-10-24,U-034250,Juan Comia,Poblacion A,C1-Z,212.44,Development Permit,Business Permit Requirement,74417.94
2023-10-24,U-694955,Daniel Bautista,Balibago,R2-Z,207.86,Locational Clearance,Bank Financing Requirement,18016.54
2023-10-24,U-549127,Christian Fernandez,Tiquiwan,R1-Z,254.79,Locational Clearance,Residential Construction,21381.51
2023-10-24,U-319883,Mark Sanchez,Santa Cruz,R1-Z,297.97,Zoning Certificate,Residential Construction,276.09
2023-10-25,U-095632,Batangas Gold Holdings Inc.,Calantas,PDA-SZ,6720.3,Locational Clearance,Land Title Verification,16457.83
2023-10-25,U-930469,Southern Luzon Trading Corp.,Cahigam,R2-Z,102.87,Locational Clearance,Subdivision Phase 1,4226.28
2023-10-25,U-935848,Rosario Logistics Inc.,Masaya,R2-Z,81.37,Locational Clearance,Bank Financing Requirement,11288.9
2023-10-25,U-201395,Luzon Integrated Commercial Center,Lumbangan,R1-Z,282.63,Locational Clearance,Residential Construction,13302.99
2023-10-25,U-111492,Mark Torres,Leviste,R2-Z,210.66,Locational Clearance,Residential Construction,18229.22
2023-10-26,U-381507,Southern Luzon Realty & Development,Bagong Pook,R2-Z,145.35,Development Permit,Bank Financing Requirement,50827.85
2023-10-26,U-102394,Maria Alday,San Roque,R2-Z,182.85,Locational Clearance,Subdivision Phase 1,21754.41
2023-10-26,U-143960,Benjamin Reyes,Pinagsibaan,UTS-Z,957.24,Locational Clearance,Facility/Structure Construction,3666.22
2023-10-27,U-619543,Corazon Ramos,Poblacion B,C2-Z,240.17,Locational Clearance,Commercial Complex Development,5891.68
2023-10-27,U-501993,Luzon Integrated Trading Corp.,Pinagsibaan,AgIndZ,7518.94,Locational Clearance,Environmental Compliance,11821.46
2023-10-27,U-316371,Daniel Mendoza,Poblacion A,R1-Z,307.19,Locational Clearance,Bank Financing Requirement,9608.99
2023-10-31,U-963046,Antonio Torres,Marilag,R1-Z,148.18,Locational Clearance,Subdivision Phase 1,6319.43
2023-10-31,U-825660,Southern Luzon Holdings Inc.,Bagong Pook,BR2-SZ,97.27,Locational Clearance,Subdivision Phase 1,8099.49
2023-10-31,U-016620,Sofia Garcia,Santa Cruz,R2-Z,164.73,Locational Clearance,Subdivision Phase 1,6294.0
2023-11-03,U-172687,Southern Luzon Realty & Development,Antipolo,C/MP-Z,558.75,Development Permit,Commercial Building Construction,38071.16
2023-11-03,U-580886,Angel Reyes,Maligaya,R1-Z,211.1,Locational Clearance,Residential Construction,15257.17
2023-11-03,U-389004,Daniel Mendoza,Antipolo,R1-Z,152.67,Locational Clearance,Bank Financing Requirement,18367.67
2023-11-03,U-158500,Danilo Lopez,Tulos,ECT-Z,5552.29,Locational Clearance,Business Permit Requirement,7601.71
2023-11-03,U-169570,Luzon Integrated Realty & Development,Bagong Pook,R1-Z,246.94,Zoning Certificate,Bank Financing Requirement,385.21
2023-11-06,U-752473,Chloe Reyes,San Isidro,R2-Z,249.65,Locational Clearance,Residential Construction,17203.49
2023-11-07,U-686896,Corazon Bautista,Masaya,R1-Z,245.04,Locational Clearance,Bank Financing Requirement,19178.11
2023-11-07,U-960074,Mark Cruz,Masaya,R1-Z,252.23,Locational Clearance,Subdivision Phase 1,14924.72
2023-11-08,U-497247,Daniel Comia,San Isidro,R2-Z,217.13,Locational Clearance,Subdivision Phase 1,19540.41
2023-11-08,U-776893,Christian Macalalad,Marilag,PDA-SZ,11180.43,Locational Clearance,Farm Development Permit,17396.09
2023-11-09,U-027894,David Bautista,Bagong Pook,BR2-SZ,151.3,Development Permit,Residential Construction,112563.08
2023-11-09,U-220870,Teresa Santos,Poblacion D,MR2-SZ,143.65,Locational Clearance,Subdivision Phase 1,15354.98
2023-11-09,U-150647,Batangas Gold Holdings Inc.,Poblacion C,R1-Z,349.05,Locational Clearance,Bank Financing Requirement,13933.79
2023-11-09,U-859924,Rosario Enterprises,Namuco,I3-Z,10424.52,Zoning Certificate,Environmental Compliance,446.25
2023-11-10,U-722617,Batangas Enterprises,Cahigam,R1-Z,138.17,Locational Clearance,Bank Financing Requirement,5217.08
2023-11-10,U-440377,Luzon Integrated Commercial Center,San Roque,,,Zoning Certificate,Subdivision Phase 1,299.83
2023-11-10,U-252467,Victoria Cruz,Balibago,R2-Z,139.53,Zoning Certificate,Residential Construction,342.7
2023-11-10,U-670770,Prime Holdings Inc.,Mabato,PTA-SZ-RA,19480.21,Zoning Certificate,Residential Construction,270.86
2023-11-10,U-189199,Daniel Macalalad,San Carlos,PDA-SZ,14714.09,Zoning Certificate,Agribusiness Construction,481.39
2023-11-13,U-107331,Batangas Farms Corp.,Namuco,I1-Z,3524.53,Development Permit,Industrial Park Expansion,25962.25
2023-11-13,U-281074,Batangas Gold Farms Corp.,Namunga,,,Locational Clearance,Business Permit Requirement,5704.74
2023-11-13,U-489547,Juan Mendoza,San Roque,C1-Z,489.77,Locational Clearance,Commercial Building Construction,10979.04
2023-11-13,U-342980,Teresa Santos,Alupay,,,Zoning Certificate,Bank Financing Requirement,328.7
2023-11-13,U-696371,Southern Luzon Holdings Inc.,San Roque,R1-Z,243.47,Zoning Certificate,Subdivision Phase 1,490.43
2023-11-14,U-600037,Angel Dimaculangan,San Roque,R1-Z,199.3,Locational Clearance,Bank Financing Requirement,7197.52
2023-11-14,U-152911,Prime Farms Corp.,Namunga,R1-Z,162.9,Zoning Certificate,Subdivision Phase 1,391.74
2023-11-14,U-997528,Angel Torres,Namunga,R1-Z,262.88,Zoning Certificate,Residential Construction,270.75
2023-11-14,U-939092,Christian Comia,San Isidro,PDA-SZ,7911.26,Zoning Certificate,Agribusiness Construction,445.21
2023-11-16,U-070025,Emmanuel Torres,Macalamcam B,,,Locational Clearance,Subdivision Phase 1,8665.78
2023-11-16,U-810058,Jose Cruz,Maalas-As,R1-Z,328.24,Locational Clearance,Subdivision Phase 1,6506.43
2023-11-16,U-867626,Batangas Farms Corp.,Itlugan,R2-Z,233.19,Locational Clearance,Residential Construction,3838.98
2023-11-16,U-798239,Corazon Bautista,Mabunga,R2-Z,220.77,Locational Clearance,Bank Financing Requirement,16972.67
2023-11-16,U-119085,Mark Comia,Poblacion E,R1-Z,322.36,Locational Clearance,Residential Construction,9075.3
2023-11-16,U-449713,Agri-Ventures Trading Corp.,Alupay,I1-Z,2589.67,Locational Clearance,Industrial Park Expansion,4096.32
2023-11-16,U-614393,Sofia Dimaculangan,Calantas,THSP-SZ,9653.32,Locational Clearance,Site Development Permit,1525.04
2023-11-16,U-417355,Antonio Ramos,Santa Cruz,,,Zoning Certificate,Residential Construction,341.07
2023-11-17,U-886246,Mark Sanchez,Bagong Pook,C1-Z,358.96,Locational Clearance,Commercial Complex Development,15622.88
2023-11-17,U-632801,Rosario Realty & Development,Marilag,R1-Z,201.67,Locational Clearance,Subdivision Phase 1,9873.43
2023-11-17,U-517853,Victoria Castillo,Poblacion C,R2-Z,199.94,Locational Clearance,Residential Construction,13875.16
2023-11-20,U-723849,Benjamin Mercado,Namunga,R1-Z,196.43,Locational Clearance,Bank Financing Requirement,7213.89
2023-11-20,U-617012,Rosario Farms Corp.,San Roque,C1-Z,439.39,Locational Clearance,Business Permit Requirement,18729.93
2023-11-20,U-505792,Corazon Santos,Baybayin,PDA-SZ,9586.29,Zoning Certificate,Land Title Verification,464.9
2023-11-20,U-072834,Southern Luzon Enterprises,Namuco,AgIndZ,6095.3,Zoning Certificate,Environmental Compliance,447.55
2023-11-21,U-229591,Maria Castillo,Poblacion A,GI-Z,1580.75,Locational Clearance,Environmental Compliance,8609.53
2023-11-21,U-291764,Luz Alday,Namuco,UTS-Z,2493.35,Locational Clearance,General Property Clearance,13151.96
2023-11-22,U-546962,Benjamin Fernandez,Quilib,R1-Z,169.41,Locational Clearance,Residential Construction,4349.58
2023-11-22,U-029884,Mark Sanchez,Leviste,R2-Z,177.87,Locational Clearance,Subdivision Phase 1,16336.4
2023-11-22,U-410491,Benjamin Perez,Lumbangan,R1-Z,100.48,Locational Clearance,Bank Financing Requirement,14744.19
2023-11-22,U-210815,Corazon Dimaculangan,Bagong Pook,,,Zoning Certificate,Residential Construction,285.28
2023-11-22,U-953452,Chloe Fernandez,Masaya,PDA-SZ,6993.48,Zoning Certificate,Agribusiness Construction,461.85
2023-11-22,U-847225,Christian Alday,Poblacion E,R2-Z,97.23,Zoning Certificate,Subdivision Phase 1,270.5
2023-11-22,U-795001,Maria Macalalad,Santa Cruz,R1-Z,217.64,Zoning Certificate,Bank Financing Requirement,352.74
2023-11-23,U-815663,Grace Cruz,San Isidro,C1-Z,272.89,Development Permit,Commercial Building Construction,71063.61
2023-11-23,U-291176,Daniel Fernandez,Malaya,C1-Z,400.21,Locational Clearance,Business Permit Requirement,19561.82
2023-11-23,U-592662,Antonio Dimaculangan,Namuco,AgIndZ-PTR,8265.97,Locational Clearance,Residential Construction,6447.16
2023-11-23,U-697448,Agri-Ventures Logistics Inc.,Santa Cruz,R1-Z,173.66,Locational Clearance,Subdivision Phase 1,10875.1
2023-11-23,U-104935,Batangas Commercial Center,Quilib,R1-Z,341.78,Locational Clearance,Subdivision Phase 1,8722.81
2023-11-23,U-442860,Danilo Fernandez,Leviste,R1-Z,286.87,Locational Clearance,Residential Construction,7762.52
2023-11-24,U-549423,Batangas Gold Trading Corp.,Baybayin,R1-Z,193.68,Development Permit,Residential Construction,110758.49
2023-11-24,U-865577,Agri-Ventures Enterprises,Masaya,R1-Z,212.65,Locational Clearance,Bank Financing Requirement,19913.57
2023-11-28,U-120063,Luzon Integrated Trading Corp.,Poblacion D,R2-Z,84.71,Locational Clearance,Bank Financing Requirement,14605.4
2023-11-29,U-638273,Teresa Torres,Santa Cruz,,,Zoning Certificate,Residential Construction,458.3
2023-11-30,U-427535,Southern Luzon Farms Corp.,San Isidro,R1-Z,252.54,Development Permit,Bank Financing Requirement,78465.07
2023-11-30,U-817884,Juan Rodriguez,Santa Cruz,R2-Z,82.24,Locational Clearance,Residential Construction,9545.63
2023-11-30,U-966694,Sofia Gonzales,Cahigam,R2-Z,207.88,Zoning Certificate,Residential Construction,437.46
2023-12-04,U-400748,Maria Bautista,Colongan,,,Locational Clearance,Bank Financing Requirement,2932.44
2023-12-04,U-040828,Agri-Ventures Holdings Inc.,Balibago,R1-Z,114.05,Locational Clearance,Subdivision Phase 1,8751.36
2023-12-04,U-854142,Agri-Ventures Farms Corp.,Quilib,R2-Z,158.31,Locational Clearance,Subdivision Phase 1,16325.83
2023-12-04,U-699493,Christian Macalalad,Namunga,R1-Z,303.61,Zoning Certificate,Residential Construction,301.53
2023-12-05,U-272599,Mark Castillo,Itlugan,R2-Z,135.76,Locational Clearance,Bank Financing Requirement,9888.06
2023-12-05,U-517530,David Dimaculangan,Leviste,R2-Z,85.3,Locational Clearance,Subdivision Phase 1,14699.9
2023-12-05,U-944136,Mark Lopez,Masaya,PDA-SZ,18571.56,Locational Clearance,Land Title Verification,8041.41
2023-12-05,U-135931,Luz Fernandez,Tiquiwan,R2-Z,238.1,Locational Clearance,Residential Construction,15971.17
2023-12-05,U-788273,Batangas Logistics Inc.,Alupay,,,Zoning Certificate,Industrial Park Expansion,486.9
2023-12-05,U-395378,Mark Mercado,Quilib,T-Z,2111.91,Zoning Certificate,Site Development Permit,452.12
2023-12-07,U-056836,Prime Logistics Inc.,Pinagsibaan,I2-Z,6493.51,Zoning Certificate,Environmental Compliance,386.95
2023-12-11,U-315762,Batangas Gold Commercial Center,Cahigam,,,Zoning Certificate,Subdivision Phase 1,306.57
2023-12-13,U-275809,Batangas Gold Realty & Development,Namunga,R1-Z,307.72,Locational Clearance,Residential Construction,3585.56
2023-12-13,U-520182,Batangas Enterprises,Alupay,UTS-Z,2871.78,Locational Clearance,Site Development Permit,19180.95
2023-12-13,U-336005,Ramon Dimaculangan,Natu,PDA-SZ,2924.76,Locational Clearance,Farm Development Permit,12024.26
2023-12-13,U-697136,Ramon Santos,Calantas,PDA-SZ,5496.52,Zoning Certificate,Agribusiness Construction,262.85
2023-12-14,U-354713,Luzon Integrated Trading Corp.,Pinagsibaan,AgIndZ-PTR,4005.98,Development Permit,Residential Construction,31944.01
2023-12-14,U-663920,Chloe Castillo,Alupay,,,Locational Clearance,Agribusiness Construction,9629.69
2023-12-14,U-124891,Chloe Torres,Tulos,PTA-SZ-RA,19020.41,Locational Clearance,Bank Financing Requirement,14222.29
2023-12-14,U-349110,Jose Reyes,Pinagsibaan,CMRF,1371.51,Zoning Certificate,Facility/Structure Construction,270.97
2023-12-15,U-300192,Christian Mendoza,Nasi,C1-Z,394.36,Locational Clearance,Commercial Building Construction,18457.57
2023-12-18,U-398101,Antonio Comia,Nasi,R1-Z,222.47,Locational Clearance,Bank Financing Requirement,12865.96
2023-12-18,U-023715,Luz Mendoza,Palakpak,PDA-SZ,6541.99,Locational Clearance,Land Title Verification,5053.23
2023-12-18,U-117423,Christian Bautista,Santa Cruz,R1-Z,270.48,Locational Clearance,Subdivision Phase 1,14795.58
2023-12-19,U-136135,Grace Bautista,Bagong Pook,BR2-SZ,124.47,Locational Clearance,Bank Financing Requirement,3896.46
2023-12-19,U-605712,Jose Reyes,Cahigam,R1-Z,304.87,Locational Clearance,Bank Financing Requirement,20374.98
2023-12-19,U-884973,Christian Alday,Leviste,C/MP-Z,2757.66,Locational Clearance,Business Permit Requirement,16582.69
2023-12-19,U-605383,Jose Macalalad,Masaya,R2-Z,129.1,Locational Clearance,Bank Financing Requirement,16115.21
2023-12-20,U-109495,Prime Holdings Inc.,Mabato,PDA-SZ,19336.74,Locational Clearance,Farm Development Permit,14350.17
2023-12-20,U-178831,Juan Rodriguez,Mabunga,PDA-SZ,14271.18,Locational Clearance,Farm Development Permit,11677.57
2023-12-20,U-610480,Mark Rodriguez,Baybayin,C/MP-Z,2392.25,Locational Clearance,Commercial Building Construction,19170.58
2023-12-20,U-535251,Batangas Gold Enterprises,San Isidro,,,Zoning Certificate,Residential Construction,486.99
2023-12-20,U-477158,Maria Fernandez,Bulihan,R1-Z,277.78,Zoning Certificate,Residential Construction,330.97
2023-12-20,U-208805,Luz Mendoza,Leviste,R1-Z,215.6,Zoning Certificate,Subdivision Phase 1,390.39
2023-12-21,U-332505,Teresa Perez,Calantas,,,Locational Clearance,Subdivision Phase 1,3568.47
2023-12-21,U-033862,Victoria Dimaculangan,Poblacion B,R2-Z,158.16,Zoning Certificate,Bank Financing Requirement,315.12
2023-12-22,U-638685,Batangas Gold Commercial Center,Tulos,ECT-Z,1970.57,Locational Clearance,Commercial Complex Development,12830.21
2023-12-22,U-459031,Teresa Reyes,Quilib,R1-Z,306.39,Locational Clearance,Residential Construction,10178.45
2023-12-22,U-116665,Christian Fernandez,Namuco,AgIndZ-PGR,5654.55,Locational Clearance,Residential Construction,15379.09
2023-12-22,U-753904,Chloe Macalalad,Namunga,R1-Z,327.9,Zoning Certificate,Subdivision Phase 1,280.04
2023-12-27,U-851877,Antonio Alday,Namunga,R2-Z,218.23,Locational Clearance,Bank Financing Requirement,10524.18
2023-12-28,U-371203,Danilo Perez,Timbugan,R1-Z,249.07,Zoning Certificate,Residential Construction,261.88
2023-12-29,U-696269,Mark Dimaculangan,Poblacion A,R2-Z,164.57,Locational Clearance,Subdivision Phase 1,9841.48
2023-12-29,U-302631,Danilo Mendoza,Namuco,AgIndZ,7849.38,Zoning Certificate,Warehouse/Factory Construction,386.82
2024-01-02,U-365217,Chloe Comia,Santa Cruz,,,Locational Clearance,Subdivision Phase 1,2541.52
2024-01-02,U-659864,Maria Torres,Quilib,R2-Z,131.14,Locational Clearance,Residential Construction,15720.93
2024-01-02,U-240471,Batangas Gold Commercial Center,Poblacion A,C1-Z,392.06,Locational Clearance,Commercial Building Construction,20616.35
2024-01-02,U-238948,Sofia Gonzales,Santa Cruz,R1-Z,108.94,Locational Clearance,Residential Construction,2317.78
2024-01-02,U-425234,Grace Sanchez,San Isidro,,,Zoning Certificate,Farm Development Permit,448.57
2024-01-02,U-128603,Rosario Holdings Inc.,Palakpak,,,Zoning Certificate,Residential Construction,488.04
2024-01-02,U-081817,David Torres,Namuco,,,Zoning Certificate,Site Development Permit,367.04
2024-01-02,U-582220,Southern Luzon Realty & Development,Poblacion A,,,Zoning Certificate,Commercial Building Construction,275.04
2024-01-02,U-517106,Rosario Logistics Inc.,Bayawang,AgIndZ-PGR,9079.62,Zoning Certificate,Subdivision Phase 1,489.48
2024-01-02,U-156150,Juan Fernandez,Santa Cruz,BR2-SZ,130.98,Zoning Certificate,Residential Construction,391.91
2024-01-02,U-157618,Chloe Rodriguez,Palakpak,C1-Z,420.65,Zoning Certificate,Business Permit Requirement,330.15
2024-01-03,U-838161,Juan Comia,Namunga,BR2-SZ,75.68,Locational Clearance,Residential Construction,21944.56
2024-01-03,U-149657,Teresa Castillo,Poblacion B,,,Zoning Certificate,Commercial Building Construction,284.83
2024-01-03,U-061134,Christian Ramos,Quilib,R2-Z,128.17,Zoning Certificate,Bank Financing Requirement,360.16
2024-01-03,U-553555,Chloe Perez,Balibago,R1-Z,133.18,Zoning Certificate,Bank Financing Requirement,370.25
2024-01-03,U-669933,Christian Mendoza,Alupay,AgIndZ-PTR,9770.82,Zoning Certificate,Bank Financing Requirement,275.69
2024-01-03,U-217814,Danilo Mercado,Masaya,R1-Z,237.03,Zoning Certificate,Residential Construction,333.61
2024-01-03,U-815248,Rosario Farms Corp.,Calantas,PTA-SZ-RA,12308.54,Zoning Certificate,Subdivision Phase 1,361.64
2024-01-03,U-361969,Danilo Fernandez,Poblacion A,C1-Z,441.87,Zoning Certificate,Commercial Complex Development,262.79
2024-01-03,U-428935,Antonio Mendoza,Baybayin,R1-Z,124.01,Zoning Certificate,Subdivision Phase 1,397.87
2024-01-03,U-480164,Agri-Ventures Enterprises,San Roque,T-Z,2384.06,Zoning Certificate,Site Development Permit,277.66
2024-01-04,U-187826,Batangas Logistics Inc.,Alupay,,,Locational Clearance,Warehouse/Factory Construction,7520.44
2024-01-04,U-930253,Batangas Logistics Inc.,San Isidro,GI-Z,1838.81,Zoning Certificate,Environmental Compliance,484.19
2024-01-04,U-035665,Batangas Logistics Inc.,Santa Cruz,R2-Z,153.48,Zoning Certificate,Bank Financing Requirement,397.65
2024-01-05,U-397380,Southern Luzon Logistics Inc.,San Jose,R1-Z,282.88,Development Permit,Bank Financing Requirement,74415.29
2024-01-05,U-794207,Rosario Realty & Development,Namuco,I1-Z,3171.08,Locational Clearance,Industrial Park Expansion,10470.79
2024-01-05,U-226892,Victoria Torres,Itlugan,R2-Z,231.32,Locational Clearance,Bank Financing Requirement,1814.7
2024-01-05,U-831426,Sofia Bautista,Baybayin,R2-Z,235.65,Zoning Certificate,Bank Financing Requirement,272.24
2024-01-08,U-057941,Agri-Ventures Commercial Center,Santa Cruz,C1-Z,474.85,Development Permit,Business Permit Requirement,87802.32
2024-01-08,U-562662,Batangas Gold Realty & Development,Masaya,PDA-SZ,18499.2,Locational Clearance,Agribusiness Construction,6296.89
2024-01-08,U-166283,Rosario Trading Corp.,Balibago,R1-Z,193.23,Locational Clearance,Residential Construction,12212.03
2024-01-08,U-299365,Danilo Santos,Bayawang,AgIndZ-PTR,3263.4,Locational Clearance,Residential Construction,6477.36
2024-01-08,U-224500,Maria Sanchez,Quilib,R2-Z,204.83,Zoning Certificate,Residential Construction,278.81
2024-01-08,U-340081,Juan Rodriguez,Santa Cruz,R2-Z,101.81,Zoning Certificate,Residential Construction,298.41
2024-01-08,U-124249,Prime Enterprises,Alupay,I1-Z,4223.47,Zoning Certificate,Industrial Park Expansion,410.82
2024-01-08,U-299286,Agri-Ventures Farms Corp.,Palakpak,R2-Z,214.93,Zoning Certificate,Subdivision Phase 1,378.96
2024-01-08,U-114696,Antonio Ramos,Poblacion C,C1-Z,349.81,Zoning Certificate,Commercial Complex Development,281.04
2024-01-09,U-473003,Agri-Ventures Enterprises,Quilib,R1-Z,172.92,Locational Clearance,Subdivision Phase 1,2149.32
2024-01-09,U-967429,Luzon Integrated Enterprises,Palakpak,R1-Z,243.28,Locational Clearance,Bank Financing Requirement,8020.14
2024-01-09,U-527941,Danilo Dimaculangan,Tulos,PDA-SZ,18033.54,Locational Clearance,Agribusiness Construction,13206.13
2024-01-09,U-806712,Luz Cruz,San Carlos,,,Zoning Certificate,Industrial Park Expansion,412.06
2024-01-09,U-998455,Victoria Gonzales,Baybayin,,,Zoning Certificate,Bank Financing Requirement,488.66
2024-01-09,U-144402,Juan Alday,San Roque,R1-Z,273.15,Zoning Certificate,Subdivision Phase 1,348.88
2024-01-09,U-206758,Mark Dimaculangan,Namunga,BR2-SZ,128.82,Zoning Certificate,Subdivision Phase 1,302.5
2024-01-09,U-808562,Danilo Dimaculangan,Tulos,PTA-SZ-RA,6829.79,Zoning Certificate,Bank Financing Requirement,319.72
2024-01-09,U-148789,Ramon Mendoza,Putingkahoy,5491-APDA-SZ,2517.39,Zoning Certificate,Farm Development Permit,351.18
2024-01-09,U-688587,David Fernandez,Mayuro,R2-Z,165.35,Zoning Certificate,Bank Financing Requirement,365.27
2024-01-09,U-483026,Emmanuel Ramos,Nasi,R1-Z,270.14,Zoning Certificate,Residential Construction,266.17
2024-01-10,U-505182,Maria Castillo,Alupay,CMRF,1217.05,Locational Clearance,Facility/Structure Construction,4046.82
2024-01-10,U-037053,Emmanuel Fernandez,Bulihan,GI-Z,552.17,Locational Clearance,Industrial Park Expansion,8908.19
2024-01-10,U-852753,Corazon Perez,Namunga,R2-Z,118.28,Locational Clearance,Subdivision Phase 1,14234.03
2024-01-10,U-193554,Juan Rodriguez,Bagong Pook,R2-Z,181.64,Locational Clearance,Residential Construction,3924.32
2024-01-10,U-135620,Corazon Alday,Baybayin,R2-Z,212.09,Locational Clearance,Residential Construction,3675.99
2024-01-10,U-336060,Daniel Macalalad,Santa Cruz,,,Zoning Certificate,Bank Financing Requirement,380.22
2024-01-10,U-388437,David Macalalad,Poblacion A,C1-Z,357.75,Zoning Certificate,Business Permit Requirement,328.1
2024-01-10,U-631186,Christian Bautista,San Carlos,I2-Z,6909.91,Zoning Certificate,Industrial Park Expansion,433.88
2024-01-10,U-499361,Angel Torres,Namuco,UTS-Z,2165.79,Zoning Certificate,General Property Clearance,406.25
2024-01-11,U-561981,Southern Luzon Enterprises,Santa Cruz,C1-Z,157.87,Locational Clearance,Business Permit Requirement,18007.14
2024-01-11,U-958286,Antonio Sanchez,San Carlos,,,Zoning Certificate,Warehouse/Factory Construction,372.85
2024-01-11,U-847911,Angel Sanchez,Nasi,,,Zoning Certificate,Environmental Compliance,271.41
2024-01-11,U-432360,Batangas Gold Logistics Inc.,Masaya,PDA-SZ,15711.81,Zoning Certificate,Agribusiness Construction,347.7
2024-01-11,U-415695,Agri-Ventures Holdings Inc.,Poblacion A,R1-Z,116.14,Zoning Certificate,Bank Financing Requirement,388.74
2024-01-11,U-842559,Southern Luzon Enterprises,Poblacion B,PR-Z,1483.23,Zoning Certificate,Bank Financing Requirement,393.05
2024-01-11,U-602251,Daniel Ramos,Namunga,R1-Z,149.42,Zoning Certificate,Subdivision Phase 1,497.34
2024-01-12,U-271702,Grace Mendoza,Santa Cruz,R2-Z,167.83,Locational Clearance,Residential Construction,11576.38
2024-01-12,U-328265,Prime Realty & Development,Baybayin,,,Zoning Certificate,Subdivision Phase 1,496.34
2024-01-12,U-088003,Victoria Cruz,Bagong Pook,,,Zoning Certificate,Bank Financing Requirement,337.48
2024-01-12,U-080156,Mark Dimaculangan,Baybayin,PDA-SZ,8787.3,Zoning Certificate,Farm Development Permit,350.16
2024-01-12,U-944325,Emmanuel Mendoza,Natu,R1-Z,314.52,Zoning Certificate,Bank Financing Requirement,459.6
2024-01-12,U-948775,Agri-Ventures Realty & Development,San Roque,C1-Z,240.37,Zoning Certificate,Business Permit Requirement,290.41
2024-01-15,U-107361,Southern Luzon Commercial Center,Namunga,AgIndZ,7067.06,Development Permit,Environmental Compliance,110390.96
2024-01-15,U-088597,Christian Alday,Itlugan,C1-Z,319.59,Locational Clearance,Business Permit Requirement,16237.81
2024-01-15,U-605689,David Sanchez,Balibago,PTA-SZ-RA,4991.49,Locational Clearance,Bank Financing Requirement,3662.61
2024-01-15,U-621381,Mark Santos,San Carlos,AgIndZ,6996.95,Locational Clearance,Warehouse/Factory Construction,2742.43
2024-01-15,U-609661,Maria Mendoza,Quilib,,,Zoning Certificate,Bank Financing Requirement,325.16
2024-01-15,U-020873,Agri-Ventures Realty & Development,Quilib,R1-Z,243.11,Zoning Certificate,Subdivision Phase 1,378.5
2024-01-15,U-601428,Luzon Integrated Enterprises,Pinagsibaan,I1-Z,3185.59,Zoning Certificate,Warehouse/Factory Construction,464.13
2024-01-15,U-635037,Luz Ramos,Cahigam,PDA-SZ,17030.42,Zoning Certificate,Farm Development Permit,308.13
2024-01-15,U-771829,Chloe Perez,Pinagsibaan,I1-Z,3789.23,Zoning Certificate,Environmental Compliance,442.16
2024-01-16,U-141172,Danilo Torres,Alupay,,,Zoning Certificate,Warehouse/Factory Construction,284.51
2024-01-16,U-804805,Southern Luzon Logistics Inc.,San Roque,,,Zoning Certificate,Residential Construction,358.01
2024-01-16,U-493638,Victoria Rodriguez,Bagong Pook,T-Z,4661.7,Zoning Certificate,Site Development Permit,445.6
2024-01-16,U-949796,Batangas Gold Farms Corp.,Pinagsibaan,I1-Z,4961.7,Zoning Certificate,Environmental Compliance,414.61
2024-01-16,U-785452,Maria Rodriguez,Mabunga,PDA-SZ,9783.16,Zoning Certificate,Agribusiness Construction,347.54
2024-01-17,U-734789,Luzon Integrated Commercial Center,Namunga,BR2-SZ,97.84,Locational Clearance,Residential Construction,17419.75
2024-01-17,U-712369,Grace Santos,San Ignacio,,,Zoning Certificate,Environmental Compliance,342.33
2024-01-17,U-097862,Sofia Garcia,Tulos,5491-APDA-SZ,1125.69,Zoning Certificate,Land Title Verification,461.92
2024-01-17,U-661786,Sofia Santos,Baybayin,R2-Z,151.4,Zoning Certificate,Subdivision Phase 1,377.58
2024-01-17,U-211106,Juan Ramos,Putingkahoy,PTA-SZ-RA,5653.9,Zoning Certificate,Bank Financing Requirement,313.31
2024-01-18,U-484698,Antonio Ramos,Santa Cruz,,,Locational Clearance,Residential Construction,6157.31
2024-01-18,U-390651,Grace Sanchez,Leviste,R1-Z,295.08,Locational Clearance,Bank Financing Requirement,1634.62
2024-01-18,U-452860,Daniel Gonzales,Baybayin,R1-Z,210.15,Locational Clearance,Subdivision Phase 1,12698.43
2024-01-18,U-594430,Batangas Gold Trading Corp.,Namuco,I1-Z,4200.46,Locational Clearance,Warehouse/Factory Construction,9275.24
2024-01-18,U-109331,Rosario Realty & Development,Palakpak,,,Zoning Certificate,Agribusiness Construction,311.87
2024-01-18,U-333413,Agri-Ventures Farms Corp.,Bagong Pook,,,Zoning Certificate,Subdivision Phase 1,293.66
2024-01-18,U-548884,Antonio Dimaculangan,Pinagsibaan,AgIndZ,7250.7,Zoning Certificate,Warehouse/Factory Construction,339.98
2024-01-18,U-502577,Antonio Alday,San Isidro,C1-Z,376.07,Zoning Certificate,Commercial Building Construction,454.91
2024-01-18,U-581903,Luz Rodriguez,Matamis,R1-Z,198.05,Zoning Certificate,Bank Financing Requirement,346.19
2024-01-19,U-768653,Prime Enterprises,San Roque,R2-Z,227.7,Development Permit,Subdivision Phase 1,102712.23
2024-01-19,U-690167,Juan Gonzales,Santa Cruz,,,Locational Clearance,Bank Financing Requirement,3212.28
2024-01-19,U-198764,Batangas Trading Corp.,Alupay,I1-Z,1664.56,Locational Clearance,Industrial Park Expansion,4624.15
2024-01-19,U-152689,Batangas Gold Trading Corp.,Poblacion A,,,Zoning Certificate,Residential Construction,369.16
2024-01-19,U-479023,Mark Cruz,Namunga,,,Zoning Certificate,Commercial Complex Development,482.61
2024-01-19,U-213382,Luz Lopez,Poblacion B,R2-Z,151.44,Zoning Certificate,Residential Construction,405.34
2024-01-19,U-139416,Mark Bautista,Antipolo,GI-Z,1593.0,Zoning Certificate,Environmental Compliance,398.0
2024-01-19,U-620282,Daniel Garcia,Alupay,AgIndZ,3057.82,Zoning Certificate,Warehouse/Factory Construction,452.94
2024-01-19,U-858733,Jose Garcia,Santa Cruz,BR2-SZ,126.03,Zoning Certificate,Residential Construction,347.55
2024-01-19,U-163868,Batangas Enterprises,Baybayin,C/MP-Z,2791.47,Zoning Certificate,Commercial Building Construction,277.68
2024-01-22,U-025783,Teresa Santos,Alupay,,,Locational Clearance,Bank Financing Requirement,13001.21
2024-01-22,U-074817,Batangas Gold Enterprises,San Isidro,,,Locational Clearance,Subdivision Phase 1,5695.66
2024-01-22,U-043432,Corazon Bautista,Itlugan,PDA-SZ,17058.32,Locational Clearance,Agribusiness Construction,11131.58
2024-01-22,U-050922,Antonio Garcia,Bulihan,R2-Z,244.57,Locational Clearance,Subdivision Phase 1,5681.47
2024-01-22,U-707411,Jose Dimaculangan,Alupay,AgIndZ,2536.69,Zoning Certificate,Warehouse/Factory Construction,402.45
2024-01-22,U-136718,Mark Garcia,Macalamcam A,R1-Z,309.6,Zoning Certificate,Bank Financing Requirement,483.84
2024-01-22,U-985067,Victoria Dimaculangan,San Roque,BR2-SZ,169.24,Zoning Certificate,Residential Construction,396.98
2024-01-22,U-509173,Daniel Reyes,Putingkahoy,PDA-SZ,15901.75,Zoning Certificate,Land Title Verification,337.71
2024-01-23,U-799127,Rosario Trading Corp.,Pinagsibaan,I2-Z,2030.77,Development Permit,Warehouse/Factory Construction,64409.69
2024-01-23,U-542776,Batangas Gold Realty & Development,Santa Cruz,R2-Z,107.28,Development Permit,Residential Construction,68181.62
2024-01-23,U-830792,Maria Bautista,San Carlos,I2-Z,2220.07,Locational Clearance,Warehouse/Factory Construction,3306.33
2024-01-23,U-842884,Juan Garcia,Nasi,R1-Z,248.03,Locational Clearance,Bank Financing Requirement,15813.93
2024-01-23,U-770998,Prime Enterprises,Poblacion A,R2-Z,157.53,Locational Clearance,Subdivision Phase 1,1914.95
2024-01-23,U-299712,Batangas Gold Enterprises,Alupay,I1-Z,3149.23,Locational Clearance,Warehouse/Factory Construction,4439.93
2024-01-23,U-902558,Prime Enterprises,Namuco,,,Zoning Certificate,Facility/Structure Construction,393.26
2024-01-23,U-599140,Luzon Integrated Farms Corp.,Bagong Pook,,,Zoning Certificate,Commercial Building Construction,434.28
2024-01-23,U-039684,Antonio Reyes,San Roque,R1-Z,302.38,Zoning Certificate,Residential Construction,269.02
2024-01-23,U-306782,Rosario Logistics Inc.,San Roque,T-Z,1696.78,Zoning Certificate,Site Development Permit,275.35
2024-01-23,U-386963,Corazon Bautista,Santa Cruz,R2-Z,110.65,Zoning Certificate,Subdivision Phase 1,374.18
2024-01-23,U-680816,Southern Luzon Farms Corp.,Quilib,C1-Z,388.91,Zoning Certificate,Commercial Complex Development,300.37
2024-01-24,U-947526,Mark Bautista,Poblacion C,,,Zoning Certificate,Residential Construction,414.52
2024-01-24,U-679077,Prime Realty & Development,Matamis,R1-Z,336.71,Zoning Certificate,Subdivision Phase 1,447.17
2024-01-24,U-960148,Chloe Dimaculangan,Calantas,5491-APDA-SZ,1175.47,Zoning Certificate,Farm Development Permit,390.92
2024-01-24,U-455703,Teresa Perez,Quilib,BR2-SZ,165.53,Zoning Certificate,Subdivision Phase 1,255.38
2024-01-24,U-390654,Christian Gonzales,Bagong Pook,R2-Z,99.95,Zoning Certificate,Subdivision Phase 1,467.9
2024-01-25,U-929361,Antonio Perez,Baybayin,R1-Z,158.71,Locational Clearance,Bank Financing Requirement,12586.0
2024-01-25,U-504611,Chloe Gonzales,Santa Cruz,R1-Z,241.91,Locational Clearance,Bank Financing Requirement,7496.17
2024-01-25,U-010919,Jose Cruz,Poblacion A,,,Zoning Certificate,Commercial Complex Development,311.34
2024-01-25,U-847116,Grace Bautista,Leviste,,,Zoning Certificate,Bank Financing Requirement,264.78
2024-01-25,U-600678,Christian Dimaculangan,Mavalor,R2-Z,81.62,Zoning Certificate,Residential Construction,381.68
2024-01-25,U-678576,Victoria Bautista,Tiquiwan,PDA-SZ,12075.24,Zoning Certificate,Agribusiness Construction,391.37
2024-01-26,U-958533,Batangas Enterprises,Cahigam,R1-Z,123.0,Locational Clearance,Residential Construction,11195.37
2024-01-26,U-553192,Victoria Fernandez,Bagong Pook,,,Zoning Certificate,Business Permit Requirement,412.54
2024-01-26,U-411834,Daniel Ramos,Bulihan,,,Zoning Certificate,Residential Construction,450.82
2024-01-26,U-753002,Batangas Gold Farms Corp.,Quilib,R1-Z,120.91,Zoning Certificate,Bank Financing Requirement,257.56
2024-01-26,U-155763,Sofia Sanchez,Alupay,I2-Z,5469.36,Zoning Certificate,Industrial Park Expansion,275.59
2024-01-26,U-015262,Christian Lopez,Tulos,FZ,13239.5,Zoning Certificate,Site Development Permit,364.58
2024-01-26,U-528305,Jose Garcia,Calantas,THSP-SZ,6131.84,Zoning Certificate,Site Development Permit,369.11
2024-01-29,U-697538,Teresa Torres,Leviste,,,Zoning Certificate,Residential Construction,397.6
2024-01-29,U-174812,Emmanuel Comia,Poblacion D,,,Zoning Certificate,Residential Construction,277.79
2024-01-29,U-315989,Mark Bautista,Santa Cruz,T-Z,3687.82,Zoning Certificate,Site Development Permit,447.17
2024-01-29,U-068695,Victoria Perez,Leviste,C/MP-Z,2275.75,Zoning Certificate,Commercial Building Construction,328.98
2024-01-29,U-855969,Mark Ramos,Pinagsibaan,CMRF,433.18,Zoning Certificate,Site Development Permit,298.1
2024-01-30,U-388040,Angel Cruz,Pinagsibaan,AgIndZ-PTR,9059.08,Locational Clearance,Residential Construction,10375.67
2024-01-30,U-191352,Rosario Realty & Development,Poblacion E,,,Zoning Certificate,Business Permit Requirement,278.58
2024-01-30,U-451533,Christian Cruz,San Roque,T-Z,3270.35,Zoning Certificate,Facility/Structure Construction,489.53
2024-01-30,U-312271,Benjamin Castillo,Quilib,BR2-SZ,79.78,Zoning Certificate,Bank Financing Requirement,465.95
2024-01-31,U-812007,Ramon Perez,Mabato,FR-SZ,16694.22,Locational Clearance,Residential Construction,4100.83
2024-01-31,U-494862,Batangas Gold Commercial Center,Bagong Pook,R2-Z,223.99,Locational Clearance,Residential Construction,9858.61
2024-01-31,U-100387,Corazon Torres,Itlugan,AgIndZ,3271.34,Zoning Certificate,Warehouse/Factory Construction,333.26
2024-01-31,U-757859,Victoria Sanchez,Poblacion A,R2-Z,189.54,Zoning Certificate,Bank Financing Requirement,380.86
2024-01-31,U-350015,Chloe Ramos,Quilib,PDA-SZ,15849.9,Zoning Certificate,Agribusiness Construction,385.16
2024-01-31,U-938673,Angel Mercado,Poblacion E,C2-Z,705.76,Zoning Certificate,Commercial Building Construction,328.84
2024-01-31,U-926776,Christian Ramos,San Carlos,CMRF,1122.26,Zoning Certificate,Site Development Permit,401.54
2024-01-31,U-830950,Batangas Holdings Inc.,Cahigam,PTA-SZ-RA,12486.6,Zoning Certificate,Bank Financing Requirement,468.81
2024-02-01,U-262168,Prime Commercial Center,Calantas,5491-APDA-SZ,1149.66,Development Permit,Land Title Verification,123594.47
2024-02-01,U-853081,David Torres,Namuco,,,Locational Clearance,Facility/Structure Construction,8938.11
2024-02-01,U-520171,Juan Bautista,Bayawang,AgIndZ-PGR,9520.39,Locational Clearance,Residential Construction,8858.03
2024-02-01,U-021250,Benjamin Perez,Namuco,AgIndZ,6096.18,Locational Clearance,Warehouse/Factory Construction,13301.97
2024-02-01,U-383017,Agri-Ventures Commercial Center,Santa Cruz,R2-Z,115.29,Locational Clearance,Residential Construction,10742.15
2024-02-01,U-179448,David Sanchez,Tulos,,,Zoning Certificate,Agribusiness Construction,357.3
2024-02-01,U-953329,Emmanuel Lopez,Poblacion A,,,Zoning Certificate,Subdivision Phase 1,448.05
2024-02-01,U-909480,Sofia Reyes,Calantas,PDA-SZ,10065.72,Zoning Certificate,Land Title Verification,325.58
2024-02-01,U-483123,Maria Reyes,Cahigam,R1-Z,333.17,Zoning Certificate,Residential Construction,451.3
2024-02-02,U-932719,Victoria Gonzales,Baybayin,,,Locational Clearance,Subdivision Phase 1,11324.81
2024-02-02,U-543385,Christian Santos,Santa Cruz,GI-Z,2933.46,Locational Clearance,Environmental Compliance,14110.48
2024-02-02,U-201267,Agri-Ventures Realty & Development,Pinagsibaan,I2-Z,7163.19,Locational Clearance,Industrial Park Expansion,3929.62
2024-02-02,U-577437,Chloe Reyes,Marilag,R1-Z,254.99,Locational Clearance,Bank Financing Requirement,11021.31
2024-02-02,U-207350,Maria Mercado,Mabunga,R2-Z,179.69,Locational Clearance,Subdivision Phase 1,15876.87
2024-02-02,U-879150,Sofia Reyes,Calantas,THSP-SZ,8325.27,Zoning Certificate,Facility/Structure Construction,499.86
2024-02-02,U-350523,Mark Mendoza,Balibago,PDA-SZ,6400.78,Zoning Certificate,Agribusiness Construction,438.39
2024-02-05,U-735116,Sofia Mercado,Poblacion D,R2-Z,87.63,Locational Clearance,Bank Financing Requirement,12912.99
2024-02-05,U-555832,Danilo Perez,San Roque,R2-Z,144.9,Locational Clearance,Residential Construction,6926.51
2024-02-05,U-707681,Benjamin Ramos,Namuco,,,Zoning Certificate,Industrial Park Expansion,334.83
2024-02-05,U-510482,Corazon Macalalad,San Carlos,,,Zoning Certificate,Warehouse/Factory Construction,425.03
2024-02-05,U-904752,Southern Luzon Realty & Development,Quilib,C1-Z,434.89,Zoning Certificate,Business Permit Requirement,463.7
2024-02-05,U-692507,David Bautista,Masaya,C1-Z,263.64,Zoning Certificate,Commercial Complex Development,497.32
2024-02-05,U-584992,Chloe Ramos,Quilib,R1-Z,221.43,Zoning Certificate,Residential Construction,470.46
2024-02-05,U-986641,Mark Alday,Calantas,PDA-SZ,7198.48,Zoning Certificate,Farm Development Permit,442.42
2024-02-06,U-955787,Mark Garcia,Santa Cruz,C1-Z,305.98,Locational Clearance,Commercial Complex Development,7693.06
2024-02-06,U-716383,Victoria Castillo,Bayawang,AgIndZ,6431.02,Locational Clearance,Warehouse/Factory Construction,12741.05
2024-02-06,U-590471,Jose Ramos,Itlugan,R2-Z,182.78,Locational Clearance,Bank Financing Requirement,7296.73
2024-02-06,U-770532,Corazon Mendoza,Bayawang,UTS-Z,2799.64,Locational Clearance,General Property Clearance,14924.45
2024-02-06,U-803165,Jose Ramos,Namunga,,,Zoning Certificate,Site Development Permit,351.41
2024-02-06,U-104308,Jose Reyes,Quilib,C1-Z,340.31,Zoning Certificate,Commercial Building Construction,497.86
2024-02-06,U-830597,Christian Bautista,Alupay,I3-Z,4652.23,Zoning Certificate,Industrial Park Expansion,332.63
2024-02-07,U-256913,Daniel Macalalad,Namuco,I3-Z,3481.24,Locational Clearance,Industrial Park Expansion,10066.59
2024-02-07,U-785507,Juan Fernandez,Cahigam,,,Zoning Certificate,Land Title Verification,405.97
2024-02-07,U-645489,Victoria Mercado,Mabato,,,Zoning Certificate,Subdivision Phase 1,359.68
2024-02-07,U-400192,Ramon Torres,Namunga,,,Zoning Certificate,Bank Financing Requirement,352.7
2024-02-07,U-566293,Christian Castillo,Poblacion C,R1-Z,236.34,Zoning Certificate,Residential Construction,275.02
2024-02-07,U-551733,Angel Macalalad,Bulihan,R2-Z,220.63,Zoning Certificate,Residential Construction,465.77
2024-02-07,U-362496,Daniel Macalalad,Poblacion D,R1-Z,276.92,Zoning Certificate,Residential Construction,443.32
2024-02-07,U-519945,Southern Luzon Holdings Inc.,Bagong Pook,R2-Z,226.39,Zoning Certificate,Residential Construction,270.57
2024-02-08,U-183522,Teresa Torres,Santa Cruz,,,Locational Clearance,Subdivision Phase 1,10458.52
2024-02-08,U-551036,Batangas Gold Trading Corp.,Bagong Pook,R1-Z,177.2,Locational Clearance,Bank Financing Requirement,7423.23
2024-02-08,U-435548,Luz Santos,Namunga,BR2-SZ,119.5,Zoning Certificate,Bank Financing Requirement,355.6
2024-02-08,U-920498,Benjamin Perez,Alupay,UTS-Z,2998.37,Zoning Certificate,General Property Clearance,375.29
2024-02-12,U-433072,Batangas Gold Trading Corp.,Poblacion A,,,Locational Clearance,Subdivision Phase 1,8303.3
2024-02-12,U-669181,Benjamin Torres,Santa Cruz,BR2-SZ,130.54,Locational Clearance,Subdivision Phase 1,20320.72
2024-02-12,U-253196,Prime Commercial Center,Bagong Pook,,,Zoning Certificate,Subdivision Phase 1,284.8
2024-02-12,U-169224,Jose Garcia,Santa Cruz,,,Zoning Certificate,Residential Construction,385.89
2024-02-12,U-380668,Emmanuel Rodriguez,San Roque,R2-Z,138.49,Zoning Certificate,Subdivision Phase 1,378.63
2024-02-12,U-471976,Angel Garcia,Alupay,AgIndZ-PTR,8136.66,Zoning Certificate,Subdivision Phase 1,336.65
2024-02-13,U-736924,David Fernandez,Maalas-As,R1-Z,115.22,Locational Clearance,Bank Financing Requirement,16165.89
2024-02-13,U-777788,Corazon Mercado,Poblacion B,,,Zoning Certificate,Subdivision Phase 1,349.14
2024-02-13,U-499437,Danilo Perez,San Roque,C1-Z,215.47,Zoning Certificate,Business Permit Requirement,403.25
2024-02-13,U-309193,Batangas Commercial Center,Bulihan,PTA-SZ-RA,8056.87,Zoning Certificate,Subdivision Phase 1,450.05
2024-02-13,U-461120,Emmanuel Reyes,Poblacion A,R1-Z,113.96,Zoning Certificate,Bank Financing Requirement,407.74
2024-02-13,U-239203,Benjamin Cruz,Quilib,R1-Z,206.69,Zoning Certificate,Residential Construction,319.84
2024-02-14,U-970199,Luzon Integrated Commercial Center,San Roque,,,Locational Clearance,Residential Construction,4764.31
2024-02-14,U-653941,Agri-Ventures Holdings Inc.,Bulihan,R2-Z,129.09,Locational Clearance,Subdivision Phase 1,18145.47
2024-02-14,U-451294,David Santos,Namunga,R2-Z,91.57,Locational Clearance,Bank Financing Requirement,11865.08
2024-02-14,U-390527,Rosario Commercial Center,Poblacion C,,,Zoning Certificate,Commercial Complex Development,470.53
2024-02-14,U-909911,Mark Alday,Santa Cruz,,,Zoning Certificate,Commercial Building Construction,445.98
2024-02-14,U-486290,Batangas Holdings Inc.,Antipolo,,,Zoning Certificate,Subdivision Phase 1,346.82
2024-02-14,U-252639,Christian Rodriguez,Alupay,,,Zoning Certificate,Facility/Structure Construction,418.62
2024-02-14,U-919741,Corazon Mendoza,Palakpak,C1-Z,452.31,Zoning Certificate,Commercial Complex Development,430.73
2024-02-14,U-246314,Mark Gonzales,Bagong Pook,R2-Z,94.79,Zoning Certificate,Subdivision Phase 1,257.41
2024-02-15,U-459766,Prime Holdings Inc.,Poblacion D,C2-Z,415.16,Locational Clearance,Commercial Complex Development,20221.46
2024-02-15,U-589356,Rosario Commercial Center,Namunga,,,Zoning Certificate,Subdivision Phase 1,324.98
2024-02-15,U-492386,Corazon Alday,Namunga,T-Z,1285.43,Zoning Certificate,General Property Clearance,431.88
2024-02-15,U-372112,Batangas Holdings Inc.,Macalamcam B,R1-Z,158.2,Zoning Certificate,Subdivision Phase 1,483.08
2024-02-16,U-615954,Prime Realty & Development,Baybayin,,,Locational Clearance,Residential Construction,12321.23
2024-02-16,U-684064,Rosario Enterprises,Alupay,I2-Z,4083.81,Locational Clearance,Industrial Park Expansion,12167.83
2024-02-16,U-591985,Jose Comia,Quilib,R1-Z,125.41,Locational Clearance,Residential Construction,8134.96
2024-02-16,U-458303,Prime Holdings Inc.,San Carlos,CMRF,562.26,Locational Clearance,Facility/Structure Construction,18664.39
2024-02-16,U-949029,Victoria Macalalad,Bulihan,R2-Z,190.07,Locational Clearance,Subdivision Phase 1,17594.16
2024-02-16,U-533649,Luzon Integrated Farms Corp.,Quilib,R2-Z,187.94,Locational Clearance,Subdivision Phase 1,11396.62
2024-02-16,U-101234,Antonio Rodriguez,Alupay,,,Zoning Certificate,General Property Clearance,400.97
2024-02-16,U-308897,David Perez,Santa Cruz,,,Zoning Certificate,Residential Construction,273.3
2024-02-16,U-072313,Emmanuel Mercado,San Isidro,,,Zoning Certificate,Residential Construction,283.42
2024-02-16,U-295363,Mark Cruz,Mabunga,PDA-SZ,3147.32,Zoning Certificate,Land Title Verification,464.23
2024-02-16,U-439320,Teresa Castillo,Nasi,R1-Z,105.89,Zoning Certificate,Subdivision Phase 1,315.04
2024-02-19,U-938333,Juan Mercado,Natu,,,Zoning Certificate,Residential Construction,301.75
2024-02-19,U-754616,Prime Trading Corp.,Poblacion B,,,Zoning Certificate,Commercial Building Construction,346.81
2024-02-19,U-710703,Juan Dimaculangan,Itlugan,R2-Z,187.92,Zoning Certificate,Residential Construction,411.94
2024-02-19,U-196870,Juan Fernandez,Tiquiwan,PTA-SZ-RA,9034.38,Zoning Certificate,Subdivision Phase 1,355.05
2024-02-19,U-612466,Prime Logistics Inc.,Palakpak,R2-Z,154.68,Zoning Certificate,Bank Financing Requirement,330.56
2024-02-20,U-409274,Batangas Gold Commercial Center,Cahigam,,,Locational Clearance,Residential Construction,5015.72
2024-02-20,U-470345,Mark Cruz,Quilib,C1-Z,454.3,Locational Clearance,Business Permit Requirement,21010.54
2024-02-20,U-178387,David Reyes,Poblacion D,C1-Z,169.22,Locational Clearance,Commercial Complex Development,10958.69
2024-02-20,U-512693,Teresa Mercado,Santa Cruz,BR2-SZ,178.29,Locational Clearance,Bank Financing Requirement,19775.02
2024-02-20,U-062950,Antonio Alday,Pinagsibaan,UTS-Z,2950.27,Locational Clearance,General Property Clearance,6729.64
2024-02-20,U-671785,Juan Mercado,Itlugan,,,Zoning Certificate,Bank Financing Requirement,313.22
2024-02-20,U-375098,Rosario Trading Corp.,Matamis,R2-Z,248.93,Zoning Certificate,Bank Financing Requirement,488.91
2024-02-20,U-308531,Luz Comia,Poblacion A,C1-Z,210.44,Zoning Certificate,Business Permit Requirement,495.76
2024-02-21,U-240327,Batangas Farms Corp.,Poblacion C,MR2-SZ,143.67,Development Permit,Bank Financing Requirement,114240.23
2024-02-21,U-096997,Jose Cruz,Quilib,R1-Z,126.27,Locational Clearance,Subdivision Phase 1,4976.22
2024-02-21,U-347926,Maria Gonzales,Masaya,R1-Z,160.44,Locational Clearance,Subdivision Phase 1,20190.19
2024-02-21,U-644925,Corazon Lopez,Macalamcam B,,,Zoning Certificate,Residential Construction,494.29
2024-02-21,U-948949,Christian Mercado,Santa Cruz,R2-Z,105.63,Zoning Certificate,Subdivision Phase 1,471.56
2024-02-21,U-057279,Maria Reyes,San Isidro,C1-Z,469.18,Zoning Certificate,Commercial Complex Development,402.46
2024-02-21,U-275603,Batangas Gold Holdings Inc.,Namunga,R2-Z,172.07,Zoning Certificate,Bank Financing Requirement,396.13
2024-02-21,U-996782,Christian Rodriguez,Cahigam,R2-Z,199.04,Zoning Certificate,Subdivision Phase 1,259.88
2024-02-22,U-576242,Prime Realty & Development,Tulos,5491-APDA-SZ,3415.42,Development Permit,Farm Development Permit,104144.03
2024-02-22,U-360462,Victoria Lopez,Tulos,PTA-SZ-RA,19446.34,Locational Clearance,Residential Construction,3200.77
2024-02-22,U-211050,Ramon Cruz,Masaya,R1-Z,336.59,Locational Clearance,Bank Financing Requirement,18256.7
2024-02-22,U-247244,Juan Bautista,Pinagsibaan,I2-Z,2603.67,Locational Clearance,Warehouse/Factory Construction,14427.67
2024-02-22,U-268888,Juan Mendoza,Bayawang,I2-Z,6430.03,Zoning Certificate,Warehouse/Factory Construction,310.54
2024-02-22,U-532212,Juan Garcia,Santa Cruz,C1-Z,366.47,Zoning Certificate,Business Permit Requirement,469.83
2024-02-23,U-170077,David Mercado,Nasi,AgIndZ,7606.61,Locational Clearance,Warehouse/Factory Construction,19442.08
2024-02-23,U-320981,Ramon Bautista,Santa Cruz,R2-Z,90.61,Locational Clearance,Bank Financing Requirement,14511.38
2024-02-23,U-841156,Danilo Bautista,Putingkahoy,,,Zoning Certificate,Agribusiness Construction,413.18
2024-02-23,U-269306,Ramon Macalalad,Tulos,,,Zoning Certificate,Residential Construction,365.5
2024-02-23,U-488735,Danilo Perez,Poblacion A,R2-Z,223.63,Zoning Certificate,Residential Construction,263.62
2024-02-23,U-054528,Prime Trading Corp.,Santa Cruz,C1-Z,317.77,Zoning Certificate,Business Permit Requirement,459.99
2024-02-26,U-766909,Christian Perez,Namunga,R1-Z,336.42,Locational Clearance,Subdivision Phase 1,19670.01
2024-02-26,U-327436,Angel Ramos,San Isidro,PDA-SZ,4577.44,Locational Clearance,Agribusiness Construction,1774.11
2024-02-26,U-935843,Jose Cruz,Quilib,,,Zoning Certificate,Subdivision Phase 1,399.76
2024-02-26,U-953920,Victoria Gonzales,Alupay,,,Zoning Certificate,General Property Clearance,426.2
2024-02-26,U-006839,Sofia Mendoza,Tulos,,,Zoning Certificate,Site Development Permit,256.57
2024-02-26,U-812796,Juan Macalalad,Alupay,I1-Z,3768.56,Zoning Certificate,Warehouse/Factory Construction,295.02
2024-02-27,U-357657,Benjamin Ramos,Namuco,,,Locational Clearance,Warehouse/Factory Construction,5728.98
2024-02-27,U-923742,Batangas Logistics Inc.,Santa Cruz,C1-Z,384.76,Locational Clearance,Commercial Building Construction,11969.38
2024-02-27,U-434361,Emmanuel Lopez,Macalamcam B,GI-Z,3530.58,Locational Clearance,Environmental Compliance,10965.44
2024-02-27,U-756720,Corazon Torres,Alupay,I3-Z,11975.48,Locational Clearance,Environmental Compliance,9685.59
2024-02-27,U-067133,Teresa Comia,Namunga,BR2-SZ,156.58,Locational Clearance,Residential Construction,5689.4
2024-02-27,U-882587,Southern Luzon Holdings Inc.,Poblacion A,R1-Z,175.08,Zoning Certificate,Residential Construction,316.13
2024-02-27,U-633027,Daniel Comia,Quilib,BR2-SZ,102.06,Zoning Certificate,Subdivision Phase 1,393.46
2024-02-27,U-916975,Sofia Perez,Santa Cruz,T-Z,1745.22,Zoning Certificate,General Property Clearance,424.25
2024-02-27,U-139265,Chloe Garcia,Matamis,R2-Z,176.25,Zoning Certificate,Bank Financing Requirement,367.27
2024-02-27,U-657365,Batangas Gold Trading Corp.,San Roque,BR2-SZ,79.61,Zoning Certificate,Residential Construction,398.08
2024-02-28,U-396558,Corazon Macalalad,San Carlos,,,Locational Clearance,Environmental Compliance,2244.1
2024-02-28,U-719207,Danilo Torres,Leviste,C1-Z,406.74,Locational Clearance,Business Permit Requirement,13603.36
2024-02-28,U-773684,David Mercado,Namuco,I1-Z,3259.73,Locational Clearance,Environmental Compliance,18202.5
2024-02-28,U-644280,Batangas Gold Commercial Center,Baybayin,AgIndZ,4927.94,Zoning Certificate,Warehouse/Factory Construction,474.78
2024-02-28,U-544647,Sofia Ramos,Antipolo,R1-Z,227.5,Zoning Certificate,Subdivision Phase 1,272.58
2024-02-28,U-273844,Mark Fernandez,Colongan,R1-Z,345.37,Zoning Certificate,Bank Financing Requirement,360.37
2024-02-28,U-994681,Emmanuel Rodriguez,Macalamcam A,R2-Z,174.39,Zoning Certificate,Bank Financing Requirement,397.1
2024-02-29,U-846608,Agri-Ventures Farms Corp.,Quilib,GI-Z,1108.85,Locational Clearance,Industrial Park Expansion,2536.4
2024-02-29,U-610418,Batangas Logistics Inc.,Poblacion D,R1-Z,175.67,Locational Clearance,Subdivision Phase 1,18505.76
2024-02-29,U-708400,Teresa Fernandez,Masaya,R2-Z,150.72,Zoning Certificate,Residential Construction,364.29
2024-02-29,U-298307,Luz Garcia,Mabunga,PDA-SZ,12674.73,Zoning Certificate,Agribusiness Construction,469.67
2024-03-01,U-484690,Mark Cruz,Namunga,,,Locational Clearance,Commercial Building Construction,12172.57
2024-03-01,U-819262,Batangas Commercial Center,Macalamcam A,R1-Z,227.52,Locational Clearance,Residential Construction,14235.41
2024-03-01,U-402945,Maria Mercado,Palakpak,R1-Z,171.03,Locational Clearance,Subdivision Phase 1,21323.17
2024-03-01,U-880939,Rosario Logistics Inc.,Colongan,R1-Z,156.29,Locational Clearance,Residential Construction,6521.93
2024-03-01,U-109897,Mark Santos,Tulos,ECT-Z,5988.78,Locational Clearance,Commercial Complex Development,8217.55
2024-03-04,U-333766,Prime Commercial Center,Bagong Pook,,,Locational Clearance,Subdivision Phase 1,3786.88
2024-03-04,U-731613,Juan Fernandez,Cahigam,,,Locational Clearance,Agribusiness Construction,7108.13
2024-03-04,U-123217,Christian Perez,Bagong Pook,R1-Z,315.65,Locational Clearance,Subdivision Phase 1,2520.54
2024-03-04,U-035418,Chloe Mercado,Namunga,R1-Z,289.87,Locational Clearance,Bank Financing Requirement,2447.14
2024-03-04,U-119507,Benjamin Gonzales,Cahigam,R1-Z,144.62,Locational Clearance,Subdivision Phase 1,11439.44
2024-03-04,U-093191,Jose Perez,Putingkahoy,PDA-SZ,6294.03,Locational Clearance,Agribusiness Construction,15013.35
2024-03-04,U-306240,Corazon Santos,Calantas,ECT-Z,5923.99,Zoning Certificate,Commercial Complex Development,343.74
2024-03-04,U-384059,Luz Mendoza,Calantas,PTA-SZ-RA,14612.43,Zoning Certificate,Bank Financing Requirement,486.57
2024-03-04,U-681604,Antonio Fernandez,Pinagsibaan,AgIndZ,5319.25,Zoning Certificate,Warehouse/Factory Construction,464.84
2024-03-04,U-509696,David Bautista,Pinagsibaan,I3-Z,7997.19,Zoning Certificate,Warehouse/Factory Construction,464.69
2024-03-05,U-701941,Southern Luzon Realty & Development,Poblacion A,,,Locational Clearance,Commercial Building Construction,7703.31
2024-03-05,U-798251,Victoria Perez,Leviste,R1-Z,110.83,Locational Clearance,Subdivision Phase 1,2314.21
2024-03-05,U-965370,Maria Alday,Bagong Pook,BR2-SZ,176.03,Locational Clearance,Bank Financing Requirement,13768.79
2024-03-05,U-206595,Rosario Realty & Development,Calantas,FR-SZ,8312.05,Locational Clearance,Residential Construction,12623.01
2024-03-05,U-790249,Antonio Rodriguez,San Roque,R1-Z,166.26,Locational Clearance,Residential Construction,15376.31
2024-03-05,U-805330,Batangas Gold Farms Corp.,Balibago,PDA-SZ,11976.66,Zoning Certificate,Farm Development Permit,484.05
2024-03-05,U-689294,Rosario Enterprises,Bayawang,I2-Z,7972.85,Zoning Certificate,Environmental Compliance,420.99
2024-03-06,U-044760,Mark Alday,Santa Cruz,,,Locational Clearance,Commercial Complex Development,11319.3
2024-03-06,U-282766,Daniel Macalalad,Santa Cruz,,,Locational Clearance,Bank Financing Requirement,14786.7
2024-03-06,U-034112,David Mercado,Bagong Pook,R1-Z,216.69,Locational Clearance,Bank Financing Requirement,7185.43
2024-03-06,U-678208,Teresa Alday,Alupay,AgIndZ-PTR,7763.77,Locational Clearance,Bank Financing Requirement,13200.67
2024-03-06,U-756723,Grace Comia,Bayawang,AgIndZ,4885.76,Locational Clearance,Warehouse/Factory Construction,1502.72
2024-03-06,U-226502,Benjamin Castillo,Balibago,R2-Z,209.57,Locational Clearance,Subdivision Phase 1,20764.03
2024-03-06,U-772194,Benjamin Sanchez,Bulihan,PDA-SZ,13520.92,Locational Clearance,Farm Development Permit,18701.94
2024-03-06,U-522905,Jose Comia,Alupay,I1-Z,2321.34,Locational Clearance,Environmental Compliance,2181.37
2024-03-07,U-036178,Luzon Integrated Trading Corp.,Alupay,I1-Z,1988.96,Development Permit,Warehouse/Factory Construction,88932.69
2024-03-07,U-045018,Juan Cruz,Santa Cruz,R1-Z,296.61,Locational Clearance,Subdivision Phase 1,3685.61
2024-03-07,U-424367,Danilo Rodriguez,Poblacion C,R2-Z,102.99,Locational Clearance,Bank Financing Requirement,4220.54
2024-03-07,U-411775,Chloe Reyes,Baybayin,R1-Z,131.25,Locational Clearance,Residential Construction,2576.27
2024-03-07,U-709559,Luz Reyes,San Roque,R1-Z,152.69,Locational Clearance,Residential Construction,12686.95
2024-03-07,U-094747,Sofia Comia,Masaya,C/MP-Z,1711.62,Locational Clearance,Business Permit Requirement,14288.3
2024-03-07,U-879470,Southern Luzon Enterprises,Santa Cruz,R1-Z,239.0,Locational Clearance,Bank Financing Requirement,21682.29
2024-03-07,U-647944,Corazon Alday,Bagong Pook,R2-Z,176.72,Zoning Certificate,Residential Construction,342.39
2024-03-07,U-204957,Chloe Rodriguez,Bagong Pook,BR2-SZ,119.0,Zoning Certificate,Residential Construction,315.12
2024-03-07,U-733471,Danilo Gonzales,Pinagsibaan,AgIndZ-PGR,6695.83,Zoning Certificate,Residential Construction,475.94
2024-03-08,U-606914,Teresa Castillo,Poblacion B,,,Locational Clearance,Commercial Complex Development,7217.05
2024-03-08,U-647536,Antonio Mendoza,San Roque,R2-Z,140.27,Locational Clearance,Subdivision Phase 1,9236.81
2024-03-08,U-467097,Danilo Ramos,Quilib,C1-Z,189.25,Locational Clearance,Business Permit Requirement,21723.25
2024-03-08,U-427772,Maria Mendoza,Maalas-As,R2-Z,175.49,Locational Clearance,Subdivision Phase 1,5758.9
2024-03-08,U-167957,Rosario Realty & Development,Alupay,I2-Z,5874.81,Locational Clearance,Environmental Compliance,3771.78
2024-03-08,U-797822,Luz Comia,Bagong Pook,C1-Z,312.92,Locational Clearance,Commercial Building Construction,11314.88
2024-03-08,U-466591,Ramon Mercado,Santa Cruz,BR2-SZ,145.97,Locational Clearance,Residential Construction,3747.13
2024-03-11,U-768285,Agri-Ventures Farms Corp.,Bagong Pook,R2-Z,227.39,Development Permit,Residential Construction,98207.43
2024-03-11,U-337260,Grace Torres,Santa Cruz,R2-Z,150.2,Locational Clearance,Subdivision Phase 1,5496.77
2024-03-11,U-538557,Rosario Trading Corp.,Tulos,PDA-SZ,19973.66,Locational Clearance,Farm Development Permit,8696.64
2024-03-11,U-587418,Luzon Integrated Logistics Inc.,Alupay,I2-Z,7698.35,Locational Clearance,Industrial Park Expansion,13362.46
2024-03-11,U-491316,Victoria Sanchez,Namuco,PDA-SZ,4701.48,Locational Clearance,Land Title Verification,21011.89
2024-03-11,U-493682,Prime Logistics Inc.,Poblacion B,R2-Z,192.56,Zoning Certificate,Residential Construction,259.52
2024-03-12,U-571565,David Gonzales,Baybayin,R1-Z,101.44,Development Permit,Bank Financing Requirement,100059.06
2024-03-12,U-732101,Teresa Torres,Namuco,I1-Z,2886.49,Locational Clearance,Environmental Compliance,2041.57
2024-03-12,U-742116,Prime Holdings Inc.,Calantas,PTA-SZ-RA,13440.3,Locational Clearance,Subdivision Phase 1,11152.99
2024-03-12,U-722987,Batangas Gold Logistics Inc.,Matamis,R1-Z,297.07,Locational Clearance,Bank Financing Requirement,9259.85
2024-03-12,U-081098,Danilo Ramos,Poblacion B,C2-Z,249.67,Locational Clearance,Business Permit Requirement,21462.28
2024-03-12,U-913329,Mark Lopez,Matamis,PDA-SZ,4698.72,Zoning Certificate,Farm Development Permit,395.69
2024-03-12,U-612230,Teresa Rodriguez,Cahigam,R1-Z,184.11,Zoning Certificate,Subdivision Phase 1,479.14
2024-03-12,U-157329,Mark Mendoza,Palakpak,R2-Z,200.47,Zoning Certificate,Subdivision Phase 1,282.33
2024-03-13,U-992392,Corazon Dimaculangan,Bagong Pook,,,Locational Clearance,Bank Financing Requirement,12493.85
2024-03-13,U-181424,Christian Rodriguez,Alupay,,,Locational Clearance,General Property Clearance,8779.38
2024-03-13,U-600108,Batangas Realty & Development,Alupay,AgIndZ-PTR,7648.42,Locational Clearance,Residential Construction,14122.18
2024-03-13,U-312166,Benjamin Mercado,Poblacion A,R1-Z,154.41,Locational Clearance,Bank Financing Requirement,17576.99
2024-03-13,U-629279,Rosario Enterprises,Mabato,PDA-SZ,16858.62,Locational Clearance,Agribusiness Construction,21491.2
2024-03-13,U-156991,Rosario Enterprises,Santa Cruz,R1-Z,155.85,Locational Clearance,Bank Financing Requirement,8048.24
2024-03-13,U-601557,Chloe Cruz,Tulos,PTA-SZ-RA,6935.35,Locational Clearance,Residential Construction,4173.71
2024-03-13,U-530732,Prime Realty & Development,Poblacion A,MR2-SZ,116.33,Zoning Certificate,Bank Financing Requirement,482.07
2024-03-14,U-109285,David Perez,Santa Cruz,,,Locational Clearance,Residential Construction,9360.37
2024-03-14,U-910910,Emmanuel Fernandez,Tulos,FZ,29271.46,Locational Clearance,General Property Clearance,3784.65
2024-03-14,U-591816,Jose Alday,San Carlos,AgIndZ,7271.96,Locational Clearance,Environmental Compliance,21428.48
2024-03-14,U-405137,Corazon Cruz,Santa Cruz,R1-Z,256.5,Zoning Certificate,Bank Financing Requirement,432.7
2024-03-14,U-020745,Luz Mercado,San Roque,R1-Z,321.08,Zoning Certificate,Bank Financing Requirement,399.16
2024-03-14,U-702520,Ramon Garcia,Bulihan,R2-Z,90.07,Zoning Certificate,Bank Financing Requirement,361.51
2024-03-15,U-890243,Grace Sanchez,San Isidro,,,Locational Clearance,Farm Development Permit,14069.78
2024-03-15,U-193709,Batangas Realty & Development,Bulihan,GI-Z,1396.22,Locational Clearance,Environmental Compliance,3541.39
2024-03-15,U-527098,Maria Mercado,Balibago,R1-Z,157.72,Locational Clearance,Subdivision Phase 1,3036.34
2024-03-15,U-183376,Chloe Rodriguez,Santa Cruz,C1-Z,447.15,Locational Clearance,Commercial Building Construction,18604.12
2024-03-15,U-569318,Luzon Integrated Logistics Inc.,Tulos,FZ,18591.88,Locational Clearance,Facility/Structure Construction,11187.32
2024-03-15,U-242604,Luz Bautista,Santa Cruz,BR2-SZ,117.24,Locational Clearance,Bank Financing Requirement,9723.04
2024-03-15,U-666114,Sofia Cruz,Santa Cruz,T-Z,2055.2,Locational Clearance,General Property Clearance,19823.55
2024-03-15,U-831197,Chloe Fernandez,Pinagsibaan,AgIndZ-PTR,7937.15,Locational Clearance,Bank Financing Requirement,13866.55
2024-03-15,U-444186,Ramon Mercado,Mabato,PDA-SZ,17871.9,Locational Clearance,Farm Development Permit,3156.7
2024-03-15,U-455713,Rosario Trading Corp.,Poblacion B,,,Zoning Certificate,Residential Construction,326.47
2024-03-15,U-703219,Juan Gonzales,San Isidro,,,Zoning Certificate,Residential Construction,292.69
2024-03-15,U-689076,Victoria Gonzales,Mabato,,,Zoning Certificate,Site Development Permit,432.21
2024-03-15,U-895842,Danilo Macalalad,San Roque,R1-Z,311.94,Zoning Certificate,Subdivision Phase 1,407.84
2024-03-15,U-797101,Corazon Garcia,Alupay,AgIndZ,5992.99,Zoning Certificate,Industrial Park Expansion,491.04
2024-03-18,U-181549,Luzon Integrated Enterprises,Santa Cruz,R2-Z,214.62,Development Permit,Residential Construction,121569.46
2024-03-18,U-885928,Rosario Realty & Development,Macalamcam B,R1-Z,197.48,Development Permit,Subdivision Phase 1,97098.11
2024-03-18,U-384608,Danilo Torres,Alupay,,,Locational Clearance,Environmental Compliance,13014.87
2024-03-18,U-896721,Juan Gonzales,Baybayin,R2-Z,136.38,Locational Clearance,Residential Construction,8241.53
2024-03-18,U-704821,Christian Rodriguez,Namunga,R2-Z,244.16,Locational Clearance,Subdivision Phase 1,6398.73
2024-03-18,U-807433,Antonio Alday,San Isidro,R2-Z,156.06,Locational Clearance,Bank Financing Requirement,3554.59
2024-03-18,U-281550,Jose Dimaculangan,Tulos,THSP-SZ,2333.96,Locational Clearance,Facility/Structure Construction,5237.96
2024-03-18,U-558958,Corazon Sanchez,Palakpak,R1-Z,249.46,Locational Clearance,Bank Financing Requirement,14073.53
2024-03-18,U-101096,Corazon Santos,Poblacion A,R2-Z,203.62,Locational Clearance,Bank Financing Requirement,14850.77
2024-03-19,U-166042,Grace Santos,San Ignacio,,,Locational Clearance,Environmental Compliance,8949.67
2024-03-19,U-985499,Angel Rodriguez,Baybayin,GI-Z,3314.15,Locational Clearance,Warehouse/Factory Construction,18174.23
2024-03-19,U-777438,Emmanuel Castillo,San Isidro,PDA-SZ,13665.81,Locational Clearance,Agribusiness Construction,14924.22
2024-03-19,U-713045,Prime Realty & Development,Bagong Pook,R1-Z,188.24,Locational Clearance,Bank Financing Requirement,3871.14
2024-03-19,U-572223,Victoria Garcia,Santa Cruz,R1-Z,125.58,Locational Clearance,Bank Financing Requirement,14988.28
2024-03-19,U-581571,Luz Sanchez,Alupay,I2-Z,3704.04,Locational Clearance,Warehouse/Factory Construction,5512.7
2024-03-19,U-864967,Southern Luzon Realty & Development,San Carlos,UTS-Z,2390.66,Zoning Certificate,Site Development Permit,330.82
2024-03-20,U-421711,Chloe Reyes,Namunga,R1-Z,223.0,Locational Clearance,Subdivision Phase 1,16592.53
2024-03-20,U-243512,Batangas Gold Trading Corp.,Namuco,UTS-Z,1778.38,Locational Clearance,General Property Clearance,4169.97
2024-03-20,U-314274,Batangas Commercial Center,Baybayin,R1-Z,132.06,Locational Clearance,Subdivision Phase 1,7336.69
2024-03-20,U-280038,Grace Rodriguez,Masaya,R1-Z,300.66,Locational Clearance,Subdivision Phase 1,21981.89
2024-03-20,U-914051,Emmanuel Perez,Timbugan,R1-Z,276.42,Locational Clearance,Residential Construction,18062.57
2024-03-21,U-701700,Luzon Integrated Holdings Inc.,Poblacion E,R2-Z,222.73,Development Permit,Residential Construction,106816.73
2024-03-21,U-856539,Jose Ramos,Namunga,,,Locational Clearance,General Property Clearance,2535.33
2024-03-21,U-969685,Agri-Ventures Farms Corp.,Santa Cruz,R1-Z,102.05,Locational Clearance,Residential Construction,1637.15
2024-03-21,U-543478,Batangas Commercial Center,Tiquiwan,R2-Z,209.11,Locational Clearance,Residential Construction,10355.36
2024-03-21,U-148679,Benjamin Torres,San Carlos,AgIndZ-PGR,2958.78,Locational Clearance,Bank Financing Requirement,10645.25
2024-03-21,U-674350,Ramon Perez,Putingkahoy,5491-APDA-SZ,1598.85,Locational Clearance,Land Title Verification,19727.94
2024-03-21,U-583792,Angel Dimaculangan,Bulihan,R1-Z,283.13,Locational Clearance,Subdivision Phase 1,2469.64
2024-03-21,U-261971,Daniel Fernandez,Alupay,UTS-Z,756.27,Locational Clearance,Site Development Permit,14200.76
2024-03-21,U-414200,Southern Luzon Holdings Inc.,Bagong Pook,R1-Z,241.22,Zoning Certificate,Bank Financing Requirement,443.2
2024-03-22,U-594083,Prime Trading Corp.,Pinagsibaan,AgIndZ-PGR,9234.32,Development Permit,Bank Financing Requirement,88533.01
2024-03-22,U-317112,Batangas Farms Corp.,Santa Cruz,R1-Z,231.14,Development Permit,Bank Financing Requirement,78286.96
2024-03-22,U-108468,Southern Luzon Logistics Inc.,Bagong Pook,R1-Z,155.91,Locational Clearance,Bank Financing Requirement,17951.77
2024-03-22,U-612351,Daniel Castillo,Namunga,BR2-SZ,122.14,Locational Clearance,Residential Construction,10725.43
2024-03-22,U-080381,Southern Luzon Holdings Inc.,Santa Cruz,T-Z,4792.78,Locational Clearance,Facility/Structure Construction,11479.94
2024-03-22,U-035663,Southern Luzon Realty & Development,Namuco,UTS-Z,1788.12,Locational Clearance,Facility/Structure Construction,19517.51
2024-03-22,U-577767,David Cruz,Poblacion A,R1-Z,137.18,Locational Clearance,Subdivision Phase 1,18184.93
2024-03-22,U-276729,Benjamin Lopez,Poblacion C,R1-Z,160.12,Locational Clearance,Bank Financing Requirement,12221.92
2024-03-22,U-671446,Agri-Ventures Holdings Inc.,Quilib,R2-Z,222.88,Locational Clearance,Residential Construction,13221.69
2024-03-22,U-164323,Christian Mendoza,Alupay,UTS-Z,2399.91,Locational Clearance,Site Development Permit,1691.58
2024-03-22,U-807222,Prime Enterprises,Namuco,UTS-Z,1703.18,Locational Clearance,Facility/Structure Construction,15931.44
2024-03-22,U-387061,Danilo Garcia,Matamis,R1-Z,104.99,Locational Clearance,Residential Construction,9555.21
2024-03-22,U-684816,Luz Perez,Bagong Pook,BR2-SZ,81.75,Zoning Certificate,Subdivision Phase 1,337.23
2024-03-25,U-971649,Luzon Integrated Commercial Center,Baybayin,R2-Z,152.28,Development Permit,Bank Financing Requirement,38590.18
2024-03-25,U-800919,Juan Mercado,Itlugan,,,Locational Clearance,Residential Construction,5925.29
2024-03-25,U-240127,Victoria Cruz,Bagong Pook,,,Locational Clearance,Bank Financing Requirement,12554.06
2024-03-25,U-692046,Christian Mercado,Bagong Pook,C1-Z,194.17,Locational Clearance,Commercial Building Construction,14558.38
2024-03-25,U-578404,Luzon Integrated Commercial Center,Putingkahoy,PDA-SZ,6284.15,Locational Clearance,Farm Development Permit,5533.74
2024-03-25,U-672681,Emmanuel Santos,Balibago,PDA-SZ,3399.08,Locational Clearance,Agribusiness Construction,13803.95
2024-03-25,U-682221,Jose Mercado,Mavalor,R1-Z,187.57,Locational Clearance,Residential Construction,16943.36
2024-03-25,U-310984,Danilo Reyes,Calantas,,,Zoning Certificate,Subdivision Phase 1,333.02
2024-03-26,U-214565,Batangas Gold Realty & Development,San Isidro,R2-Z,229.56,Development Permit,Bank Financing Requirement,88519.11
2024-03-26,U-401529,Jose Cruz,Poblacion A,,,Locational Clearance,Commercial Complex Development,5017.23
2024-03-26,U-814063,Maria Perez,Alupay,I2-Z,7729.75,Locational Clearance,Environmental Compliance,2922.18
2024-03-26,U-205392,Maria Dimaculangan,Balibago,R1-Z,314.98,Locational Clearance,Residential Construction,5362.9
2024-03-26,U-266958,Jose Lopez,Lumbangan,R1-Z,347.6,Locational Clearance,Bank Financing Requirement,5664.2
2024-03-26,U-847966,Sofia Cruz,San Carlos,AgIndZ-PGR,4845.37,Locational Clearance,Bank Financing Requirement,12798.71
2024-03-26,U-997123,Rosario Logistics Inc.,Balibago,R1-Z,215.66,Locational Clearance,Residential Construction,14237.74
2024-03-26,U-281146,Antonio Garcia,Salao,C1-Z,476.26,Locational Clearance,Commercial Complex Development,1846.18
2024-03-26,U-716431,Teresa Bautista,Santa Cruz,R2-Z,220.36,Locational Clearance,Residential Construction,6439.15
2024-03-26,U-212190,Batangas Gold Farms Corp.,Bagong Pook,R1-Z,217.49,Locational Clearance,Bank Financing Requirement,16579.22
2024-03-26,U-173513,Agri-Ventures Realty & Development,Quilib,R1-Z,287.26,Locational Clearance,Bank Financing Requirement,12507.14
2024-03-26,U-748346,Benjamin Ramos,San Roque,C1-Z,223.9,Locational Clearance,Commercial Complex Development,12101.45
2024-03-26,U-540791,Antonio Reyes,San Carlos,I1-Z,2853.98,Locational Clearance,Environmental Compliance,1987.3
2024-03-26,U-397445,Luz Mercado,San Roque,R1-Z,186.93,Locational Clearance,Subdivision Phase 1,14821.92
2024-03-26,U-723007,Batangas Gold Realty & Development,Natu,R2-Z,165.69,Locational Clearance,Subdivision Phase 1,7470.39
2024-03-26,U-762877,Chloe Dimaculangan,Calantas,FR-SZ,19423.69,Locational Clearance,Bank Financing Requirement,11050.87
2024-03-26,U-085635,Victoria Perez,Salao,R1-Z,326.95,Locational Clearance,Subdivision Phase 1,7001.67
2024-03-26,U-797559,Mark Alday,Poblacion E,,,Zoning Certificate,Commercial Building Construction,393.34
2024-03-26,U-395117,Maria Bautista,Santa Cruz,,,Zoning Certificate,Residential Construction,478.52
2024-03-26,U-135644,Southern Luzon Logistics Inc.,Santa Cruz,R1-Z,304.83,Zoning Certificate,Residential Construction,272.9
2024-03-27,U-701113,Luzon Integrated Farms Corp.,Bagong Pook,,,Locational Clearance,Commercial Building Construction,6269.33
2024-03-27,U-578295,Rosario Realty & Development,Poblacion E,,,Locational Clearance,Commercial Complex Development,12019.65
2024-03-27,U-321583,Batangas Holdings Inc.,Antipolo,,,Locational Clearance,Residential Construction,6955.42
2024-03-27,U-715236,Ramon Macalalad,Tulos,,,Locational Clearance,Residential Construction,7735.53
2024-03-27,U-816527,Ramon Alday,Poblacion B,PR-Z,1836.89,Locational Clearance,Subdivision Phase 1,3086.98
2024-03-27,U-599171,Batangas Gold Enterprises,Mabunga,R2-Z,175.4,Locational Clearance,Subdivision Phase 1,6244.47
2024-03-27,U-424899,Daniel Fernandez,Quilib,C1-Z,311.66,Locational Clearance,Business Permit Requirement,15733.74
2024-03-27,U-661879,Christian Mercado,Tulos,PTA-SZ-RA,8295.41,Locational Clearance,Bank Financing Requirement,12410.71
2024-03-27,U-889818,Sofia Bautista,Pinagsibaan,I1-Z,1514.36,Locational Clearance,Warehouse/Factory Construction,13254.01
2024-03-27,U-587959,Jose Rodriguez,Santa Cruz,R2-Z,113.39,Zoning Certificate,Bank Financing Requirement,401.88
2024-04-01,U-579568,Batangas Realty & Development,Poblacion A,C2-Z,292.85,Development Permit,Commercial Complex Development,77937.86
2024-04-01,U-593330,Rosario Holdings Inc.,Palakpak,,,Locational Clearance,Subdivision Phase 1,7145.59
2024-04-01,U-799270,Mark Gonzales,Palakpak,PDA-SZ,12463.19,Locational Clearance,Land Title Verification,8500.81
2024-04-01,U-240542,Prime Enterprises,Poblacion E,R2-Z,201.41,Locational Clearance,Residential Construction,19031.73
2024-04-01,U-399252,Prime Farms Corp.,Pinagsibaan,AgIndZ-PGR,8972.68,Locational Clearance,Subdivision Phase 1,17616.0
2024-04-01,U-752564,Angel Mendoza,San Roque,C1-Z,479.72,Locational Clearance,Business Permit Requirement,2372.0
2024-04-01,U-221073,Maria Fernandez,Alupay,UTS-Z,1010.09,Locational Clearance,Facility/Structure Construction,21311.68
2024-04-01,U-698073,Rosario Enterprises,Macalamcam B,C1-Z,182.49,Locational Clearance,Commercial Building Construction,9419.47
2024-04-01,U-430082,Grace Ramos,Namuco,I2-Z,3760.82,Locational Clearance,Warehouse/Factory Construction,9027.82
2024-04-01,U-795619,Luzon Integrated Holdings Inc.,San Roque,R1-Z,193.65,Locational Clearance,Subdivision Phase 1,17164.12
2024-04-01,U-711319,Corazon Rodriguez,Santa Cruz,R2-Z,187.94,Locational Clearance,Residential Construction,17440.92
2024-04-01,U-450386,Antonio Bautista,Macalamcam A,AgIndZ,4652.21,Locational Clearance,Warehouse/Factory Construction,7097.38
2024-04-01,U-590962,Angel Torres,Bayawang,AgIndZ,5779.24,Locational Clearance,Industrial Park Expansion,2167.37
2024-04-01,U-982006,Teresa Rodriguez,Mavalor,R2-Z,247.95,Locational Clearance,Residential Construction,16160.38
2024-04-01,U-842023,Chloe Cruz,Namunga,,,Zoning Certificate,Subdivision Phase 1,297.12
2024-04-01,U-968367,Luzon Integrated Trading Corp.,Quilib,C1-Z,159.69,Zoning Certificate,Commercial Building Construction,346.78
2024-04-02,U-518458,Antonio Rodriguez,Alupay,,,Locational Clearance,Site Development Permit,9858.77
2024-04-02,U-535760,David Mercado,San Isidro,R2-Z,90.44,Locational Clearance,Residential Construction,14117.62
2024-04-02,U-706227,David Torres,Poblacion A,R2-Z,220.87,Locational Clearance,Bank Financing Requirement,6368.07
2024-04-02,U-565169,Teresa Cruz,Quilib,R2-Z,210.91,Locational Clearance,Subdivision Phase 1,2090.77
2024-04-02,U-367528,Victoria Bautista,Pinagsibaan,AgIndZ,2272.36,Locational Clearance,Industrial Park Expansion,10788.45
2024-04-02,U-096335,Danilo Ramos,Bulihan,C1-Z,364.91,Locational Clearance,Commercial Complex Development,11303.94
2024-04-02,U-477194,Juan Perez,Santa Cruz,R1-Z,292.61,Locational Clearance,Bank Financing Requirement,20249.94
2024-04-02,U-013072,Chloe Dimaculangan,Tulos,ECT-Z,1698.02,Locational Clearance,Commercial Building Construction,9334.56
2024-04-02,U-865757,Batangas Gold Logistics Inc.,Poblacion E,C2-Z,506.64,Locational Clearance,Business Permit Requirement,19490.06
2024-04-02,U-802252,Daniel Rodriguez,Itlugan,R2-Z,185.66,Locational Clearance,Bank Financing Requirement,19951.7
2024-04-02,U-241565,Batangas Trading Corp.,San Carlos,I2-Z,6862.75,Zoning Certificate,Environmental Compliance,353.67
2024-04-03,U-934882,Angel Sanchez,Nasi,,,Locational Clearance,Environmental Compliance,10837.23
2024-04-03,U-771007,Jose Rodriguez,Bagong Pook,BR2-SZ,165.04,Locational Clearance,Bank Financing Requirement,13646.14
2024-04-03,U-960353,Luzon Integrated Farms Corp.,Baybayin,PDA-SZ,2712.31,Locational Clearance,Land Title Verification,5259.82
2024-04-03,U-044790,Chloe Lopez,Santa Cruz,R1-Z,277.14,Locational Clearance,Residential Construction,6415.36
2024-04-03,U-742079,Luzon Integrated Trading Corp.,Quilib,R1-Z,255.76,Locational Clearance,Bank Financing Requirement,2688.62
2024-04-03,U-950544,Maria Ramos,San Isidro,R1-Z,294.01,Locational Clearance,Bank Financing Requirement,5110.24
2024-04-03,U-279314,Benjamin Sanchez,Nasi,AgIndZ,2283.87,Locational Clearance,Industrial Park Expansion,18897.89
2024-04-03,U-661882,Benjamin Mendoza,Calantas,PTA-SZ-RA,13818.61,Locational Clearance,Bank Financing Requirement,15471.18
2024-04-03,U-064009,Ramon Gonzales,Calantas,ECT-Z,4626.39,Zoning Certificate,Commercial Building Construction,486.44
2024-04-03,U-711578,Agri-Ventures Farms Corp.,Putingkahoy,PTA-SZ-RA,17896.17,Zoning Certificate,Residential Construction,453.85
2024-04-04,U-885448,Emmanuel Lopez,Poblacion A,,,Locational Clearance,Bank Financing Requirement,13820.09
2024-04-04,U-076353,Juan Gonzales,Quilib,R2-Z,231.75,Locational Clearance,Bank Financing Requirement,3388.42
2024-04-04,U-893829,Batangas Holdings Inc.,Namuco,I2-Z,5224.44,Locational Clearance,Warehouse/Factory Construction,2472.42
2024-04-04,U-101310,Teresa Garcia,Calantas,5491-APDA-SZ,3781.55,Locational Clearance,Farm Development Permit,12414.14
2024-04-04,U-828490,Grace Perez,Colongan,C1-Z,372.48,Locational Clearance,Commercial Building Construction,2844.01
2024-04-04,U-489898,Maria Comia,Masaya,PTA-SZ-RA,15323.89,Locational Clearance,Subdivision Phase 1,3432.49
2024-04-04,U-803399,Teresa Reyes,San Carlos,I2-Z,4701.26,Locational Clearance,Industrial Park Expansion,16372.43
2024-04-04,U-832845,Corazon Rodriguez,Leviste,R2-Z,120.12,Locational Clearance,Residential Construction,20910.27
2024-04-05,U-932443,Batangas Realty & Development,Mabato,ECT-Z,6214.02,Locational Clearance,Commercial Building Construction,1782.0
2024-04-05,U-194706,Danilo Castillo,Antipolo,AgIndZ,2983.22,Locational Clearance,Environmental Compliance,8717.92
2024-04-05,U-104639,Grace Reyes,Baybayin,R2-Z,229.56,Locational Clearance,Residential Construction,5253.39
2024-04-05,U-307292,Mark Cruz,Tulos,FZ,29482.56,Locational Clearance,Facility/Structure Construction,13063.1
2024-04-05,U-353862,David Mendoza,Santa Cruz,BR2-SZ,163.78,Locational Clearance,Bank Financing Requirement,20488.66
2024-04-05,U-847000,Luz Ramos,San Isidro,R2-Z,102.85,Locational Clearance,Bank Financing Requirement,8469.74
2024-04-05,U-949521,Daniel Torres,Balibago,R1-Z,247.07,Zoning Certificate,Residential Construction,328.81
2024-04-08,U-771139,Maria Mendoza,Tulos,PDA-SZ,14122.07,Development Permit,Farm Development Permit,106717.49
2024-04-08,U-518354,Prime Enterprises,Namuco,,,Locational Clearance,Site Development Permit,9184.15
2024-04-08,U-671536,Juan Mercado,Natu,,,Locational Clearance,Bank Financing Requirement,2963.37
2024-04-08,U-565619,Angel Lopez,Bagong Pook,R2-Z,121.6,Locational Clearance,Subdivision Phase 1,9931.5
2024-04-08,U-023689,Corazon Torres,Calantas,5491-APDA-SZ,1409.66,Locational Clearance,Agribusiness Construction,18499.84
2024-04-08,U-285572,Sofia Dimaculangan,Namunga,R1-Z,294.67,Locational Clearance,Bank Financing Requirement,8160.68
2024-04-08,U-274775,Danilo Perez,Bulihan,R2-Z,166.76,Locational Clearance,Residential Construction,10654.39
2024-04-08,U-262101,Southern Luzon Commercial Center,San Isidro,R1-Z,311.88,Locational Clearance,Bank Financing Requirement,10849.87
2024-04-08,U-784369,Maria Ramos,Santa Cruz,BR2-SZ,170.4,Locational Clearance,Residential Construction,5480.52
2024-04-11,U-965972,Teresa Reyes,Colongan,R2-Z,81.85,Locational Clearance,Bank Financing Requirement,10264.89
2024-04-11,U-096898,Grace Santos,Quilib,C1-Z,456.15,Locational Clearance,Business Permit Requirement,14937.18
2024-04-11,U-808089,Corazon Bautista,Salao,C1-Z,273.69,Locational Clearance,Commercial Complex Development,3744.5
2024-04-11,U-898695,Christian Dimaculangan,Lumbangan,C1-Z,354.86,Locational Clearance,Commercial Building Construction,6274.47
2024-04-11,U-052760,Juan Sanchez,Bayawang,I2-Z,3143.66,Locational Clearance,Warehouse/Factory Construction,16264.19
2024-04-11,U-249379,Daniel Sanchez,Putingkahoy,PDA-SZ,5359.96,Locational Clearance,Farm Development Permit,10195.48
2024-04-11,U-822352,Ramon Ramos,San Isidro,R1-Z,170.13,Locational Clearance,Residential Construction,6146.61
2024-04-11,U-344094,Grace Dimaculangan,Tulos,PTA-SZ-RA,12729.83,Locational Clearance,Subdivision Phase 1,5231.42
2024-04-11,U-839289,Danilo Macalalad,Namuco,AgIndZ-PTR,9091.01,Locational Clearance,Bank Financing Requirement,21238.96
2024-04-11,U-473692,Emmanuel Santos,Mayuro,R1-Z,188.89,Locational Clearance,Subdivision Phase 1,12360.01
2024-04-11,U-999140,Batangas Realty & Development,Masaya,R1-Z,112.45,Zoning Certificate,Residential Construction,406.46
2024-04-12,U-982439,Luzon Integrated Logistics Inc.,Santa Cruz,R1-Z,142.43,Development Permit,Subdivision Phase 1,93488.32
2024-04-12,U-807827,Batangas Farms Corp.,Itlugan,R2-Z,139.57,Development Permit,Residential Construction,108768.16
2024-04-12,U-164543,Batangas Gold Trading Corp.,Alupay,I2-Z,2453.81,Development Permit,Warehouse/Factory Construction,27525.01
2024-04-12,U-215202,Rosario Commercial Center,Poblacion C,,,Locational Clearance,Business Permit Requirement,2489.8
2024-04-12,U-470801,Rosario Trading Corp.,Poblacion B,,,Locational Clearance,Bank Financing Requirement,7685.7
2024-04-12,U-101160,Benjamin Gonzales,San Roque,R2-Z,174.81,Locational Clearance,Residential Construction,20067.8
2024-04-12,U-275533,Southern Luzon Logistics Inc.,Putingkahoy,ECT-Z,2768.32,Locational Clearance,Commercial Building Construction,10991.96
2024-04-12,U-307642,Antonio Dimaculangan,Mavalor,R2-Z,162.23,Locational Clearance,Bank Financing Requirement,2644.64
2024-04-12,U-191977,Benjamin Garcia,San Roque,R2-Z,190.11,Locational Clearance,Subdivision Phase 1,3418.16
2024-04-12,U-628139,Benjamin Sanchez,San Roque,R1-Z,202.05,Locational Clearance,Bank Financing Requirement,1788.94
2024-04-12,U-444793,Batangas Gold Holdings Inc.,San Carlos,I1-Z,4912.34,Locational Clearance,Industrial Park Expansion,4813.31
2024-04-12,U-774921,Teresa Castillo,Calantas,,,Zoning Certificate,Land Title Verification,272.9
2024-04-12,U-739946,Luzon Integrated Holdings Inc.,Poblacion B,,,Zoning Certificate,Residential Construction,496.45
2024-04-15,U-854809,Jose Garcia,Santa Cruz,,,Locational Clearance,Subdivision Phase 1,11732.23
2024-04-15,U-163803,Ramon Torres,Namunga,,,Locational Clearance,Bank Financing Requirement,8402.1
2024-04-15,U-124108,Mark Lopez,Masaya,R1-Z,150.66,Locational Clearance,Subdivision Phase 1,1990.92
2024-04-15,U-334317,Rosario Holdings Inc.,Calantas,FR-SZ,13638.78,Locational Clearance,Residential Construction,6821.98
2024-04-15,U-690885,Teresa Perez,Santa Cruz,R2-Z,217.34,Locational Clearance,Subdivision Phase 1,21158.14
2024-04-15,U-297873,Prime Commercial Center,Mabato,ECT-Z,7494.63,Zoning Certificate,Business Permit Requirement,497.64
2024-04-16,U-771093,Agri-Ventures Commercial Center,Mabato,PDA-SZ,18515.62,Development Permit,Farm Development Permit,39695.91
2024-04-16,U-648464,Rosario Commercial Center,Santa Cruz,R2-Z,202.48,Development Permit,Subdivision Phase 1,73687.41
2024-04-16,U-964459,Chloe Bautista,Bagong Pook,R1-Z,337.2,Locational Clearance,Bank Financing Requirement,20881.82
2024-04-16,U-490835,Luz Perez,Namuco,AgIndZ,2527.38,Locational Clearance,Environmental Compliance,9543.21
2024-04-16,U-632714,Grace Lopez,Poblacion E,R1-Z,306.79,Locational Clearance,Bank Financing Requirement,5141.29
2024-04-16,U-783013,Emmanuel Gonzales,Quilib,BR2-SZ,176.0,Locational Clearance,Subdivision Phase 1,2857.58
2024-04-16,U-515690,Southern Luzon Logistics Inc.,Namunga,R1-Z,184.34,Locational Clearance,Residential Construction,20834.49
2024-04-16,U-927052,Southern Luzon Holdings Inc.,Poblacion A,C2-Z,339.51,Locational Clearance,Commercial Building Construction,12453.72
2024-04-16,U-164636,Emmanuel Santos,Santa Cruz,R1-Z,279.0,Locational Clearance,Bank Financing Requirement,3557.69
2024-04-16,U-844190,Sofia Lopez,Mabato,THSP-SZ,8739.8,Locational Clearance,Facility/Structure Construction,20026.91
2024-04-16,U-954461,Jose Torres,Poblacion C,MR2-SZ,117.87,Locational Clearance,Bank Financing Requirement,2820.99
2024-04-16,U-243533,Prime Logistics Inc.,San Roque,R1-Z,155.05,Locational Clearance,Subdivision Phase 1,16122.9
2024-04-16,U-248943,Mark Mendoza,San Roque,R1-Z,263.65,Locational Clearance,Bank Financing Requirement,4690.42
2024-04-16,U-704569,Luzon Integrated Logistics Inc.,Santa Cruz,BR2-SZ,71.06,Locational Clearance,Bank Financing Requirement,21336.88
2024-04-16,U-066641,Teresa Bautista,Bagong Pook,R1-Z,114.05,Locational Clearance,Subdivision Phase 1,11418.08
2024-04-16,U-878332,Daniel Rodriguez,Pinagsibaan,,,Zoning Certificate,Industrial Park Expansion,398.45
2024-04-16,U-057440,Antonio Fernandez,Palakpak,,,Zoning Certificate,Subdivision Phase 1,476.0
2024-04-17,U-722234,Victoria Fernandez,Bagong Pook,,,Locational Clearance,Commercial Complex Development,9200.94
2024-04-17,U-013731,Rosario Farms Corp.,Bagong Pook,R2-Z,211.23,Locational Clearance,Residential Construction,19043.2
2024-04-17,U-036807,Juan Castillo,Poblacion A,C1-Z,453.52,Locational Clearance,Commercial Complex Development,3935.19
2024-04-17,U-934395,Antonio Torres,Malaya,AgIndZ,5178.82,Locational Clearance,Warehouse/Factory Construction,7936.69
2024-04-17,U-097928,Ramon Perez,Antipolo,C1-Z,400.79,Locational Clearance,Commercial Building Construction,19624.96
2024-04-17,U-825594,Angel Mercado,Tulos,PDA-SZ,15478.95,Locational Clearance,Farm Development Permit,10503.39
2024-04-17,U-957137,Victoria Comia,Poblacion A,C2-Z,443.09,Locational Clearance,Commercial Building Construction,17764.58
2024-04-17,U-922098,Rosario Farms Corp.,Tulos,PDA-SZ,18883.37,Locational Clearance,Agribusiness Construction,4011.34
2024-04-17,U-383297,Maria Dimaculangan,Pinagsibaan,I1-Z,2984.65,Locational Clearance,Environmental Compliance,2760.62
2024-04-17,U-838278,Angel Fernandez,Poblacion B,MR2-SZ,193.21,Locational Clearance,Bank Financing Requirement,10969.47
2024-04-17,U-746313,Agri-Ventures Commercial Center,Tulos,PDA-SZ,15725.96,Locational Clearance,Farm Development Permit,17835.44
2024-04-17,U-175851,Victoria Dimaculangan,Alupay,I1-Z,3580.52,Zoning Certificate,Environmental Compliance,322.49
2024-04-18,U-958282,Grace Bautista,Leviste,,,Locational Clearance,Residential Construction,10832.95
2024-04-18,U-267800,Corazon Lopez,Macalamcam B,,,Locational Clearance,Residential Construction,7251.5
2024-04-18,U-846928,Christian Mendoza,Marilag,C1-Z,375.7,Locational Clearance,Commercial Building Construction,21050.69
2024-04-18,U-932975,Jose Reyes,Bagong Pook,AgIndZ,3577.01,Locational Clearance,Warehouse/Factory Construction,12739.77
2024-04-18,U-201280,Juan Mercado,Quilib,R2-Z,147.0,Locational Clearance,Bank Financing Requirement,17400.03
2024-04-18,U-049930,Luz Mendoza,Bulihan,R1-Z,203.06,Locational Clearance,Residential Construction,6684.95
2024-04-18,U-231859,Southern Luzon Holdings Inc.,Tulos,5491-APDA-SZ,1829.09,Locational Clearance,Agribusiness Construction,5725.0
2024-04-18,U-226240,Batangas Commercial Center,Alupay,I1-Z,4527.61,Locational Clearance,Industrial Park Expansion,15431.81
2024-04-18,U-252841,Chloe Comia,Namunga,R2-Z,122.23,Locational Clearance,Subdivision Phase 1,21556.47
2024-04-18,U-134646,Maria Dimaculangan,Quilib,R2-Z,166.07,Locational Clearance,Bank Financing Requirement,8392.13
2024-04-18,U-626342,Emmanuel Macalalad,Bagong Pook,BR2-SZ,101.87,Locational Clearance,Residential Construction,13693.63
2024-04-18,U-589318,Chloe Reyes,Pinagsibaan,UTS-Z,2933.95,Zoning Certificate,Facility/Structure Construction,419.8
2024-04-18,U-323816,Southern Luzon Trading Corp.,San Roque,R1-Z,117.97,Zoning Certificate,Subdivision Phase 1,448.05
2024-04-19,U-490566,Agri-Ventures Logistics Inc.,Namuco,I2-Z,3301.3,Development Permit,Warehouse/Factory Construction,50574.0
2024-04-19,U-788676,Rosario Realty & Development,Palakpak,,,Locational Clearance,Land Title Verification,7490.61
2024-04-19,U-824961,Victoria Mercado,Mabato,,,Locational Clearance,Residential Construction,2393.91
2024-04-19,U-069753,Southern Luzon Logistics Inc.,San Roque,,,Locational Clearance,Subdivision Phase 1,14995.97
2024-04-19,U-257581,Luzon Integrated Commercial Center,Antipolo,R1-Z,255.51,Locational Clearance,Residential Construction,11984.54
2024-04-19,U-746083,Victoria Reyes,Tiquiwan,R2-Z,225.38,Locational Clearance,Residential Construction,21794.73
2024-04-19,U-102165,Danilo Santos,Alupay,I1-Z,3780.17,Locational Clearance,Warehouse/Factory Construction,9425.66
2024-04-19,U-335861,Batangas Gold Trading Corp.,Bagong Pook,R1-Z,253.87,Locational Clearance,Bank Financing Requirement,6106.85
2024-04-19,U-326450,Luz Santos,Tulos,THSP-SZ,2483.01,Zoning Certificate,Site Development Permit,311.96
2024-04-22,U-184186,Grace Garcia,Santa Cruz,R1-Z,294.58,Locational Clearance,Residential Construction,4201.5
2024-04-22,U-619185,Luzon Integrated Enterprises,Poblacion E,MR2-SZ,76.1,Locational Clearance,Bank Financing Requirement,20244.58
2024-04-22,U-687167,Luz Rodriguez,Santa Cruz,R2-Z,113.65,Locational Clearance,Bank Financing Requirement,3691.15
2024-04-22,U-731908,Grace Perez,Palakpak,PTA-SZ-RA,5006.5,Locational Clearance,Residential Construction,19195.25
2024-04-22,U-595055,Angel Cruz,Namuco,I1-Z,2408.39,Locational Clearance,Environmental Compliance,10664.86
2024-04-22,U-181145,Batangas Farms Corp.,Masaya,R2-Z,88.7,Locational Clearance,Residential Construction,10411.81
2024-04-23,U-237955,Batangas Holdings Inc.,Palakpak,PDA-SZ,3268.6,Development Permit,Farm Development Permit,83723.7
2024-04-23,U-833269,Benjamin Dimaculangan,Poblacion A,C1-Z,207.48,Locational Clearance,Commercial Complex Development,9087.66
2024-04-23,U-870094,Chloe Comia,Namuco,CMRF,799.66,Locational Clearance,Site Development Permit,20646.89
2024-04-23,U-473557,Southern Luzon Holdings Inc.,Antipolo,GI-Z,3536.1,Locational Clearance,Industrial Park Expansion,18228.72
2024-04-23,U-516604,Sofia Alday,Mabunga,C1-Z,439.49,Locational Clearance,Commercial Building Construction,21134.14
2024-04-23,U-681552,Emmanuel Mendoza,Alupay,AgIndZ,7072.17,Locational Clearance,Environmental Compliance,11644.13
2024-04-23,U-570008,Victoria Garcia,Colongan,R2-Z,165.06,Locational Clearance,Subdivision Phase 1,2524.46
2024-04-23,U-280864,Agri-Ventures Logistics Inc.,San Carlos,AgIndZ-PGR,5231.3,Locational Clearance,Bank Financing Requirement,9353.18
2024-04-23,U-042582,Mark Castillo,Quilib,BR2-SZ,123.78,Locational Clearance,Residential Construction,15935.97
2024-04-23,U-307138,Antonio Alday,San Carlos,I3-Z,11444.18,Locational Clearance,Warehouse/Factory Construction,11158.72
2024-04-23,U-088341,Chloe Garcia,Bagong Pook,R1-Z,173.73,Zoning Certificate,Residential Construction,380.72
2024-04-23,U-690248,Corazon Cruz,Balibago,R1-Z,348.21,Zoning Certificate,Subdivision Phase 1,345.99
2024-04-24,U-698550,Corazon Mercado,Poblacion B,,,Locational Clearance,Subdivision Phase 1,8711.55
2024-04-24,U-722790,Antonio Sanchez,San Carlos,,,Locational Clearance,Industrial Park Expansion,4482.54
2024-04-24,U-134280,Luz Cruz,San Carlos,,,Locational Clearance,Industrial Park Expansion,13151.22
2024-04-24,U-668019,Sofia Macalalad,Poblacion A,C2-Z,522.26,Locational Clearance,Business Permit Requirement,21990.66
2024-04-24,U-754175,Teresa Comia,Leviste,R2-Z,176.32,Locational Clearance,Subdivision Phase 1,12335.98
2024-04-24,U-377056,David Ramos,Poblacion B,R2-Z,195.07,Locational Clearance,Residential Construction,16311.75
2024-04-24,U-914994,Luz Sanchez,Namuco,I1-Z,3925.93,Locational Clearance,Warehouse/Factory Construction,20446.78
2024-04-24,U-848772,Daniel Garcia,Mayuro,PDA-SZ,8666.52,Locational Clearance,Farm Development Permit,9798.84
2024-04-24,U-090203,Rosario Enterprises,Poblacion D,R1-Z,206.99,Locational Clearance,Bank Financing Requirement,17037.26
2024-04-24,U-069483,Benjamin Ramos,Salao,,,Zoning Certificate,Agribusiness Construction,270.42
2024-04-24,U-345816,Prime Logistics Inc.,Poblacion B,R2-Z,236.76,Zoning Certificate,Subdivision Phase 1,463.78
2024-04-25,U-541293,Victoria Bautista,Quilib,R1-Z,271.98,Locational Clearance,Residential Construction,16689.72
2024-04-25,U-145274,Jose Ramos,Baybayin,R1-Z,328.14,Locational Clearance,Subdivision Phase 1,1957.77
2024-04-25,U-874303,Antonio Santos,Tulos,5491-APDA-SZ,2121.93,Locational Clearance,Farm Development Permit,3850.71
2024-04-25,U-299890,Grace Alday,Putingkahoy,PTA-SZ-RA,7854.69,Locational Clearance,Subdivision Phase 1,2273.26
2024-04-25,U-820203,Prime Holdings Inc.,Antipolo,GI-Z,1639.0,Locational Clearance,Warehouse/Factory Construction,16589.08
2024-04-25,U-866592,Sofia Dimaculangan,Bagong Pook,R1-Z,207.84,Locational Clearance,Residential Construction,20764.0
2024-04-25,U-410754,Luz Garcia,Tulos,,,Zoning Certificate,Farm Development Permit,331.68
2024-04-26,U-558375,Jose Cruz,Quilib,,,Locational Clearance,Subdivision Phase 1,14459.79
2024-04-26,U-486853,Agri-Ventures Farms Corp.,Bagong Pook,,,Locational Clearance,Subdivision Phase 1,9958.09
2024-04-26,U-985808,Maria Mendoza,Quilib,,,Locational Clearance,Subdivision Phase 1,10315.12
2024-04-26,U-378407,Maria Macalalad,Santa Cruz,R1-Z,120.42,Locational Clearance,Residential Construction,9046.78
2024-04-26,U-048601,Teresa Sanchez,Namunga,R1-Z,134.5,Locational Clearance,Subdivision Phase 1,7605.52
2024-04-26,U-209877,Benjamin Perez,Santa Cruz,GI-Z,3995.65,Locational Clearance,Warehouse/Factory Construction,13825.98
2024-04-26,U-977695,Benjamin Santos,Palakpak,R2-Z,105.86,Locational Clearance,Bank Financing Requirement,1788.69
2024-04-26,U-682106,Chloe Ramos,Macalamcam B,C1-Z,372.02,Locational Clearance,Commercial Complex Development,17164.09
2024-04-26,U-988682,Emmanuel Bautista,Nasi,C1-Z,198.49,Locational Clearance,Commercial Building Construction,15985.5
2024-04-26,U-781854,Grace Gonzales,Poblacion E,R2-Z,204.29,Locational Clearance,Subdivision Phase 1,3048.64
2024-04-26,U-130260,Batangas Gold Commercial Center,Colongan,,,Zoning Certificate,Residential Construction,497.34
2024-04-29,U-566365,Luz Garcia,Namuco,UTS-Z,2749.0,Locational Clearance,Site Development Permit,20353.97
2024-04-29,U-370421,Angel Lopez,Bulihan,R1-Z,183.42,Locational Clearance,Bank Financing Requirement,19468.02
2024-04-29,U-483134,Sofia Mercado,Palakpak,R1-Z,227.33,Locational Clearance,Bank Financing Requirement,17965.61
2024-04-30,U-104665,Prime Enterprises,Masaya,R1-Z,253.02,Development Permit,Bank Financing Requirement,101443.25
2024-04-30,U-000252,Batangas Holdings Inc.,Tulos,5491-APDA-SZ,3959.22,Locational Clearance,Farm Development Permit,13387.64
2024-04-30,U-048797,Batangas Enterprises,Mayuro,GI-Z,3993.33,Locational Clearance,Industrial Park Expansion,15750.61
2024-04-30,U-768091,Maria Sanchez,Mabato,FZ,9285.3,Locational Clearance,General Property Clearance,14046.8
2024-04-30,U-391959,Jose Alday,Quilib,R2-Z,156.39,Locational Clearance,Bank Financing Requirement,5635.24
2024-04-30,U-424561,Rosario Enterprises,Antipolo,R1-Z,302.16,Locational Clearance,Bank Financing Requirement,17495.27
2024-04-30,U-026293,Mark Ramos,Quilib,R1-Z,120.68,Locational Clearance,Subdivision Phase 1,11047.07
2024-04-30,U-399070,Mark Mercado,Bagong Pook,R2-Z,233.94,Locational Clearance,Bank Financing Requirement,7632.09
2024-04-30,U-830489,Mark Reyes,San Roque,R1-Z,163.58,Locational Clearance,Bank Financing Requirement,7805.51
2024-05-02,U-188841,Emmanuel Comia,Poblacion D,,,Locational Clearance,Bank Financing Requirement,13375.36
2024-05-02,U-321241,Emmanuel Alday,Poblacion A,C2-Z,462.75,Locational Clearance,Commercial Complex Development,9270.23
2024-05-02,U-916138,Batangas Trading Corp.,San Isidro,R1-Z,128.2,Locational Clearance,Subdivision Phase 1,4780.49
2024-05-02,U-002410,Rosario Farms Corp.,San Isidro,R1-Z,304.28,Locational Clearance,Residential Construction,8544.73
2024-05-02,U-140063,Luzon Integrated Holdings Inc.,Leviste,R1-Z,126.19,Locational Clearance,Residential Construction,17937.93
2024-05-02,U-418272,Corazon Mercado,Tulos,PDA-SZ,8759.47,Locational Clearance,Farm Development Permit,1899.04
2024-05-02,U-355157,Chloe Ramos,Mabato,FZ,11652.48,Locational Clearance,Site Development Permit,6162.5
2024-05-02,U-827321,Prime Farms Corp.,Palakpak,C1-Z,258.4,Locational Clearance,Commercial Complex Development,9540.23
2024-05-02,U-581151,Sofia Garcia,Bagong Pook,BR2-SZ,164.09,Zoning Certificate,Residential Construction,468.1
2024-05-03,U-990390,Luzon Integrated Commercial Center,Poblacion A,R1-Z,334.31,Development Permit,Bank Financing Requirement,35368.47
2024-05-03,U-977238,Victoria Gonzales,Alupay,,,Locational Clearance,General Property Clearance,7536.82
2024-05-03,U-134296,Batangas Farms Corp.,Cahigam,R1-Z,242.0,Locational Clearance,Bank Financing Requirement,12617.57
2024-05-03,U-551659,Angel Cruz,Baybayin,R2-Z,240.48,Locational Clearance,Residential Construction,13788.33
2024-05-03,U-631711,Victoria Mendoza,Namuco,I1-Z,1671.05,Locational Clearance,Industrial Park Expansion,20086.5
2024-05-03,U-351655,Maria Ramos,Bagong Pook,C1-Z,394.59,Locational Clearance,Business Permit Requirement,10852.35
2024-05-03,U-657895,Sofia Dimaculangan,Palakpak,PTA-SZ-RA,11576.24,Locational Clearance,Bank Financing Requirement,7042.88
2024-05-03,U-684295,Victoria Garcia,Bagong Pook,R1-Z,335.22,Locational Clearance,Residential Construction,13922.38
2024-05-03,U-768413,Prime Realty & Development,Poblacion A,R1-Z,318.11,Locational Clearance,Residential Construction,6569.18
2024-05-03,U-313216,Southern Luzon Logistics Inc.,San Roque,R2-Z,143.21,Locational Clearance,Bank Financing Requirement,20452.05
2024-05-03,U-581882,Ramon Fernandez,Santa Cruz,BR2-SZ,61.36,Locational Clearance,Bank Financing Requirement,7313.3
2024-05-03,U-175020,Batangas Gold Trading Corp.,Masaya,,,Zoning Certificate,Residential Construction,343.05
2024-05-03,U-588112,Prime Commercial Center,Poblacion A,,,Zoning Certificate,Commercial Complex Development,338.95
2024-05-03,U-818402,Sofia Mendoza,Alupay,,,Zoning Certificate,Industrial Park Expansion,436.52
2024-05-03,U-262972,Antonio Lopez,San Carlos,,,Zoning Certificate,Environmental Compliance,428.86
2024-05-03,U-636788,Sofia Gonzales,Mabato,,,Zoning Certificate,Farm Development Permit,336.93
2024-05-03,U-018138,Jose Mercado,Palakpak,R2-Z,183.71,Zoning Certificate,Subdivision Phase 1,387.89
2024-05-06,U-973037,Rosario Holdings Inc.,Mabunga,PDA-SZ,10139.83,Development Permit,Farm Development Permit,70771.27
2024-05-06,U-733292,David Reyes,Santa Cruz,R1-Z,252.84,Locational Clearance,Bank Financing Requirement,16949.23
2024-05-06,U-926527,Mark Bautista,Poblacion C,R1-Z,160.19,Locational Clearance,Residential Construction,6731.33
2024-05-06,U-320534,David Torres,Alupay,I2-Z,5426.42,Locational Clearance,Environmental Compliance,3868.97
2024-05-06,U-160798,Ramon Ramos,Leviste,R2-Z,85.65,Locational Clearance,Residential Construction,10481.45
2024-05-06,U-810046,Maria Sanchez,San Carlos,I1-Z,4978.09,Locational Clearance,Industrial Park Expansion,7976.19
2024-05-07,U-027428,Grace Fernandez,Poblacion B,C1-Z,224.51,Development Permit,Commercial Complex Development,53028.56
2024-05-07,U-359023,Luzon Integrated Holdings Inc.,Mabunga,R2-Z,154.22,Development Permit,Subdivision Phase 1,57514.59
2024-05-07,U-607722,Antonio Reyes,Poblacion B,C2-Z,608.95,Locational Clearance,Commercial Building Construction,6987.74
2024-05-07,U-791296,David Comia,Baybayin,R1-Z,265.41,Locational Clearance,Residential Construction,3842.92
2024-05-07,U-474452,Teresa Garcia,Alupay,UTS-Z,1536.21,Locational Clearance,Facility/Structure Construction,10077.27
2024-05-07,U-170891,Luzon Integrated Holdings Inc.,Balibago,R1-Z,172.14,Locational Clearance,Residential Construction,17629.0
2024-05-07,U-772376,Juan Perez,Namuco,I3-Z,3144.15,Locational Clearance,Industrial Park Expansion,5577.89
2024-05-07,U-508025,Sofia Perez,Tulos,THSP-SZ,7340.53,Locational Clearance,Site Development Permit,20228.69
2024-05-07,U-286421,Rosario Trading Corp.,Masaya,,,Zoning Certificate,Farm Development Permit,330.37
2024-05-07,U-756232,Corazon Dimaculangan,Pinagsibaan,I2-Z,7144.52,Zoning Certificate,Warehouse/Factory Construction,282.67
2024-05-08,U-806565,David Sanchez,Tulos,,,Locational Clearance,Farm Development Permit,14939.78
2024-05-08,U-373344,Luz Lopez,Antipolo,PDA-SZ,10913.13,Locational Clearance,Agribusiness Construction,21898.43
2024-05-09,U-589745,Rosario Realty & Development,Timbugan,R2-Z,177.34,Development Permit,Subdivision Phase 1,52139.02
2024-05-09,U-801150,Angel Castillo,Calantas,5491-APDA-SZ,3773.05,Locational Clearance,Farm Development Permit,5529.75
2024-05-09,U-442247,David Sanchez,San Isidro,R2-Z,200.58,Locational Clearance,Residential Construction,11622.98
2024-05-09,U-099047,Emmanuel Rodriguez,Santa Cruz,R1-Z,183.41,Locational Clearance,Bank Financing Requirement,11102.66
2024-05-09,U-992703,Danilo Gonzales,San Carlos,AgIndZ-PTR,9155.89,Locational Clearance,Subdivision Phase 1,10325.92
2024-05-09,U-792124,Victoria Fernandez,Santa Cruz,BR2-SZ,139.17,Locational Clearance,Bank Financing Requirement,20455.02
2024-05-09,U-085152,David Mercado,Santa Cruz,R2-Z,244.46,Locational Clearance,Bank Financing Requirement,14046.78
2024-05-09,U-264288,Angel Ramos,Itlugan,PTA-SZ-RA,17587.89,Locational Clearance,Bank Financing Requirement,10410.6
2024-05-09,U-540645,Luz Sanchez,Mabunga,AgIndZ,7379.44,Locational Clearance,Environmental Compliance,20485.25
2024-05-09,U-296680,Danilo Mendoza,Namunga,BR2-SZ,61.5,Locational Clearance,Subdivision Phase 1,17793.2
2024-05-09,U-410419,Southern Luzon Trading Corp.,Macalamcam B,R2-Z,87.06,Locational Clearance,Bank Financing Requirement,18582.05
2024-05-09,U-662224,Daniel Ramos,Pinagsibaan,AgIndZ,7932.0,Locational Clearance,Environmental Compliance,20174.16
2024-05-09,U-742349,Southern Luzon Trading Corp.,Alupay,I1-Z,1696.04,Locational Clearance,Industrial Park Expansion,19829.26
2024-05-10,U-443472,Daniel Ramos,Bulihan,,,Locational Clearance,Residential Construction,7823.5
2024-05-10,U-105112,Rosario Realty & Development,San Carlos,CMRF,977.87,Locational Clearance,Site Development Permit,11820.2
2024-05-10,U-755320,Victoria Reyes,Bagong Pook,BR2-SZ,165.34,Locational Clearance,Residential Construction,17423.15
2024-05-13,U-422831,Luzon Integrated Trading Corp.,Quilib,R2-Z,135.82,Development Permit,Residential Construction,37501.8
2024-05-13,U-419693,David Garcia,Colongan,R1-Z,104.39,Development Permit,Residential Construction,106949.92
2024-05-13,U-445766,David Lopez,Tulos,PTA-SZ-RA,7633.45,Locational Clearance,Residential Construction,20523.68
2024-05-13,U-010136,Victoria Alday,Poblacion A,R2-Z,218.98,Locational Clearance,Residential Construction,13712.75
2024-05-13,U-830418,Batangas Realty & Development,Santa Cruz,BR2-SZ,140.35,Locational Clearance,Bank Financing Requirement,17545.2
2024-05-13,U-797430,Emmanuel Fernandez,San Isidro,AgIndZ,4091.69,Zoning Certificate,Industrial Park Expansion,434.93
2024-05-14,U-949291,Sofia Fernandez,Alupay,I3-Z,4617.63,Locational Clearance,Warehouse/Factory Construction,4680.64
2024-05-14,U-998345,Chloe Garcia,Macalamcam A,PTA-SZ-RA,11398.97,Locational Clearance,Bank Financing Requirement,14041.61
2024-05-14,U-994946,Sofia Garcia,San Isidro,R2-Z,130.69,Locational Clearance,Subdivision Phase 1,15831.3
2024-05-14,U-802244,Luz Dimaculangan,Namuco,AgIndZ-PGR,3880.31,Locational Clearance,Subdivision Phase 1,7549.07
2024-05-14,U-095831,Jose Macalalad,Namuco,AgIndZ,6289.96,Locational Clearance,Warehouse/Factory Construction,7145.24
2024-05-14,U-547244,Batangas Commercial Center,Alupay,AgIndZ,7209.16,Locational Clearance,Warehouse/Factory Construction,12455.6
2024-05-14,U-616512,Agri-Ventures Enterprises,Bagong Pook,T-Z,1001.06,Locational Clearance,General Property Clearance,8924.45
2024-05-14,U-425659,Luz Torres,Itlugan,PTA-SZ-RA,9752.47,Locational Clearance,Residential Construction,17474.67
2024-05-14,U-751183,David Perez,Poblacion D,C1-Z,231.58,Locational Clearance,Commercial Complex Development,4280.0
2024-05-14,U-446811,Daniel Lopez,Poblacion B,C2-Z,768.1,Locational Clearance,Commercial Complex Development,4515.51
2024-05-14,U-345115,Danilo Alday,Maligaya,PTA-SZ-RA,8427.66,Locational Clearance,Subdivision Phase 1,10025.22
2024-05-14,U-604238,Batangas Gold Realty & Development,Balibago,,,Zoning Certificate,Residential Construction,377.96
2024-05-14,U-904035,Agri-Ventures Holdings Inc.,Leviste,R1-Z,282.14,Zoning Certificate,Residential Construction,330.34
2024-05-14,U-740548,Prime Trading Corp.,San Ignacio,R2-Z,191.88,Zoning Certificate,Subdivision Phase 1,339.21
2024-05-15,U-775136,Teresa Torres,Leviste,,,Locational Clearance,Bank Financing Requirement,12253.89
2024-05-15,U-254000,Rosario Commercial Center,Namunga,,,Locational Clearance,Subdivision Phase 1,6084.09
2024-05-15,U-571122,Mark Bautista,Poblacion C,,,Locational Clearance,Subdivision Phase 1,4000.88
2024-05-15,U-493692,Batangas Gold Logistics Inc.,Namuco,CMRF,1498.45,Locational Clearance,Site Development Permit,20320.81
2024-05-15,U-176279,Juan Dimaculangan,Pinagsibaan,I1-Z,3952.76,Locational Clearance,Industrial Park Expansion,2538.52
2024-05-15,U-627647,Jose Garcia,Bayawang,I1-Z,1829.52,Locational Clearance,Industrial Park Expansion,2932.36
2024-05-15,U-864819,Grace Lopez,Bagong Pook,R2-Z,196.65,Locational Clearance,Bank Financing Requirement,14586.34
2024-05-15,U-573101,Rosario Enterprises,Santa Cruz,R1-Z,128.08,Locational Clearance,Subdivision Phase 1,3598.22
2024-05-15,U-499099,Benjamin Bautista,Calantas,5491-APDA-SZ,2513.87,Locational Clearance,Farm Development Permit,18415.65
2024-05-15,U-221655,Batangas Gold Trading Corp.,Palakpak,R2-Z,96.77,Zoning Certificate,Subdivision Phase 1,361.26
2024-05-16,U-506010,Prime Trading Corp.,Poblacion B,,,Locational Clearance,Business Permit Requirement,7036.99
2024-05-16,U-817811,Emmanuel Santos,Bagong Pook,R1-Z,130.45,Locational Clearance,Bank Financing Requirement,10049.33
2024-05-16,U-080556,Antonio Mercado,Poblacion C,MR2-SZ,121.38,Locational Clearance,Residential Construction,3947.77
2024-05-16,U-861672,Danilo Mercado,Namuco,AgIndZ,7541.72,Locational Clearance,Industrial Park Expansion,14008.95
2024-05-16,U-334187,Corazon Alday,Mabato,ECT-Z,6099.32,Locational Clearance,Commercial Complex Development,19040.78
2024-05-16,U-748709,Mark Gonzales,San Jose,,,Zoning Certificate,Bank Financing Requirement,376.57
2024-05-16,U-332288,Daniel Perez,Mayuro,,,Zoning Certificate,Residential Construction,449.15
2024-05-17,U-609256,Batangas Gold Commercial Center,Maalas-As,R1-Z,186.14,Development Permit,Residential Construction,30439.42
2024-05-17,U-545547,Southern Luzon Enterprises,Poblacion E,R1-Z,344.92,Development Permit,Bank Financing Requirement,44244.93
2024-05-17,U-863261,Luz Lopez,San Jose,PTA-SZ-RA,8576.55,Development Permit,Bank Financing Requirement,71430.03
2024-05-17,U-980006,Luz Garcia,Tulos,,,Locational Clearance,Farm Development Permit,11112.64
2024-05-17,U-871357,Juan Perez,Macalamcam B,R1-Z,174.17,Locational Clearance,Subdivision Phase 1,17200.53
2024-05-17,U-765819,Mark Macalalad,Santa Cruz,T-Z,4755.48,Locational Clearance,Site Development Permit,9059.2
2024-05-17,U-597192,Angel Perez,Palakpak,R2-Z,173.22,Locational Clearance,Bank Financing Requirement,1831.16
2024-05-17,U-428370,Batangas Gold Trading Corp.,Mayuro,R2-Z,193.3,Locational Clearance,Subdivision Phase 1,20505.53
2024-05-17,U-193932,Teresa Garcia,Quilib,R1-Z,326.42,Locational Clearance,Bank Financing Requirement,17165.41
2024-05-17,U-965039,Batangas Trading Corp.,Alupay,I2-Z,4736.94,Locational Clearance,Industrial Park Expansion,12105.16
2024-05-17,U-690009,Chloe Alday,Masaya,C1-Z,257.31,Locational Clearance,Commercial Complex Development,6464.56
2024-05-17,U-934798,Maria Mercado,Pinagsibaan,AgIndZ-PTR,8634.79,Locational Clearance,Subdivision Phase 1,16700.49
2024-05-17,U-937367,David Castillo,Pinagsibaan,I2-Z,2909.16,Locational Clearance,Industrial Park Expansion,14602.63
2024-05-17,U-886265,Antonio Rodriguez,Palakpak,PDA-SZ,16210.87,Locational Clearance,Agribusiness Construction,5830.13
2024-05-17,U-916205,Mark Macalalad,San Roque,AgIndZ,4685.24,Zoning Certificate,Industrial Park Expansion,433.48
2024-05-20,U-509520,Luzon Integrated Realty & Development,Quilib,BR2-SZ,73.84,Development Permit,Residential Construction,64637.58
2024-05-20,U-852805,Victoria Gonzales,Mabato,,,Locational Clearance,Site Development Permit,6270.04
2024-05-20,U-572596,Luzon Integrated Holdings Inc.,Poblacion B,,,Locational Clearance,Subdivision Phase 1,12214.5
2024-05-20,U-543923,Antonio Gonzales,San Carlos,I2-Z,4935.76,Locational Clearance,Warehouse/Factory Construction,4626.23
2024-05-20,U-597754,Corazon Cruz,San Roque,R2-Z,129.19,Locational Clearance,Bank Financing Requirement,4806.39
2024-05-20,U-067155,Agri-Ventures Commercial Center,Matamis,PDA-SZ,18850.58,Locational Clearance,Farm Development Permit,7083.75
2024-05-20,U-283500,Prime Realty & Development,Poblacion A,R2-Z,101.96,Locational Clearance,Subdivision Phase 1,6494.74
2024-05-20,U-268241,Chloe Alday,Alupay,UTS-Z,2987.85,Locational Clearance,Site Development Permit,15233.15
2024-05-20,U-656232,Mark Rodriguez,Cahigam,C1-Z,275.22,Locational Clearance,Commercial Complex Development,16069.05
2024-05-20,U-475722,Jose Mendoza,Mabunga,R2-Z,92.4,Locational Clearance,Bank Financing Requirement,7271.14
2024-05-20,U-993967,Batangas Gold Realty & Development,Santa Cruz,R1-Z,115.19,Locational Clearance,Subdivision Phase 1,12853.55
2024-05-21,U-008966,Prime Enterprises,Poblacion D,C2-Z,246.43,Development Permit,Commercial Building Construction,80985.82
2024-05-21,U-850095,Prime Logistics Inc.,Bagong Pook,BR2-SZ,143.81,Locational Clearance,Residential Construction,8847.3
2024-05-21,U-623918,Benjamin Castillo,San Isidro,R2-Z,211.54,Locational Clearance,Bank Financing Requirement,2817.83
2024-05-21,U-370109,Jose Mendoza,Mabunga,R1-Z,300.25,Locational Clearance,Bank Financing Requirement,10728.47
2024-05-21,U-211895,Agri-Ventures Farms Corp.,Poblacion D,C1-Z,158.65,Locational Clearance,Commercial Complex Development,13675.76
2024-05-21,U-848387,Victoria Cruz,Alupay,I2-Z,7279.59,Locational Clearance,Industrial Park Expansion,13114.07
2024-05-22,U-749002,Batangas Gold Commercial Center,Santa Cruz,BR2-SZ,114.27,Development Permit,Bank Financing Requirement,36451.75
2024-05-22,U-524104,Agri-Ventures Commercial Center,Pinagsibaan,AgIndZ-PGR,5875.45,Locational Clearance,Residential Construction,9376.83
2024-05-22,U-513764,Juan Santos,Masaya,R2-Z,236.1,Locational Clearance,Bank Financing Requirement,11222.87
2024-05-22,U-601282,Emmanuel Reyes,Quilib,BR2-SZ,91.3,Locational Clearance,Bank Financing Requirement,13761.51
2024-05-22,U-201214,Jose Fernandez,San Roque,R2-Z,161.09,Locational Clearance,Bank Financing Requirement,15393.71
2024-05-22,U-095576,Mark Gonzales,Nasi,R1-Z,142.59,Locational Clearance,Subdivision Phase 1,13494.57
2024-05-22,U-740095,Chloe Garcia,Tulos,5491-APDA-SZ,4208.9,Locational Clearance,Farm Development Permit,17165.75
2024-05-22,U-810156,Emmanuel Ramos,Mabato,,,Zoning Certificate,Site Development Permit,317.94
2024-05-23,U-634279,Prime Farms Corp.,San Carlos,I1-Z,4829.07,Development Permit,Environmental Compliance,38444.68
2024-05-23,U-659592,Juan Gonzales,San Isidro,,,Locational Clearance,Subdivision Phase 1,8403.06
2024-05-23,U-572546,Corazon Perez,Alupay,I2-Z,2147.5,Locational Clearance,Warehouse/Factory Construction,10430.44
2024-05-23,U-059337,Grace Macalalad,Masaya,R1-Z,288.96,Locational Clearance,Residential Construction,10801.88
2024-05-23,U-700303,Luzon Integrated Logistics Inc.,Tulos,THSP-SZ,4649.18,Locational Clearance,Site Development Permit,14717.76
2024-05-23,U-846433,Grace Alday,Bagong Pook,R2-Z,138.48,Locational Clearance,Bank Financing Requirement,14240.94
2024-05-23,U-745323,Mark Comia,Bulihan,R1-Z,318.16,Locational Clearance,Residential Construction,12969.94
2024-05-24,U-470032,Luzon Integrated Logistics Inc.,San Carlos,CMRF,533.62,Development Permit,General Property Clearance,87103.59
2024-05-24,U-026660,Juan Mendoza,Balibago,R2-Z,198.55,Development Permit,Bank Financing Requirement,40623.31
2024-05-24,U-624857,Emmanuel Mercado,San Isidro,,,Locational Clearance,Subdivision Phase 1,13118.19
2024-05-24,U-063421,Corazon Gonzales,Poblacion C,C2-Z,250.01,Locational Clearance,Commercial Complex Development,10632.76
2024-05-24,U-992059,Luz Ramos,Poblacion D,C1-Z,341.3,Locational Clearance,Commercial Complex Development,20809.64
2024-05-24,U-447075,Corazon Rodriguez,Santa Cruz,R2-Z,100.52,Locational Clearance,Bank Financing Requirement,13044.47
2024-05-24,U-473905,Juan Macalalad,Bagong Pook,R2-Z,108.4,Locational Clearance,Subdivision Phase 1,12264.57
2024-05-24,U-538909,Rosario Holdings Inc.,Alupay,I2-Z,6714.09,Locational Clearance,Environmental Compliance,2611.93
2024-05-24,U-772505,Rosario Holdings Inc.,San Carlos,UTS-Z,1480.23,Locational Clearance,General Property Clearance,12456.3
2024-05-24,U-028299,Angel Dimaculangan,Leviste,C1-Z,208.88,Zoning Certificate,Business Permit Requirement,366.15
2024-05-27,U-086552,Sofia Mendoza,Tulos,,,Locational Clearance,Facility/Structure Construction,10221.74
2024-05-27,U-786734,Teresa Comia,Tulos,PTA-SZ-RA,16999.9,Locational Clearance,Bank Financing Requirement,21264.37
2024-05-27,U-058980,David Reyes,Pinagsibaan,PDA-SZ,6111.03,Locational Clearance,Land Title Verification,3794.64
2024-05-27,U-617545,Corazon Torres,Pinagsibaan,,,Zoning Certificate,Industrial Park Expansion,268.9
2024-05-28,U-851557,Sofia Castillo,Masaya,R1-Z,344.26,Locational Clearance,Residential Construction,11499.41
2024-05-28,U-486002,Southern Luzon Commercial Center,Antipolo,R2-Z,94.26,Locational Clearance,Subdivision Phase 1,11816.49
2024-05-28,U-488818,Chloe Lopez,Santa Cruz,R2-Z,96.73,Locational Clearance,Subdivision Phase 1,3035.33
2024-05-28,U-329909,Corazon Alday,Santa Cruz,R2-Z,228.07,Locational Clearance,Subdivision Phase 1,12659.6
2024-05-28,U-948314,Batangas Commercial Center,Alupay,I1-Z,3647.53,Locational Clearance,Industrial Park Expansion,11677.09
2024-05-28,U-255091,Benjamin Gonzales,Bulihan,R2-Z,109.32,Zoning Certificate,Residential Construction,403.85
2024-05-29,U-681130,Luz Sanchez,Santa Cruz,R1-Z,190.73,Development Permit,Subdivision Phase 1,54415.03
2024-05-29,U-865852,Mark Alday,Poblacion E,,,Locational Clearance,Business Permit Requirement,7848.94
2024-05-29,U-571600,Rosario Farms Corp.,Poblacion A,C2-Z,763.3,Locational Clearance,Commercial Building Construction,17013.96
2024-05-29,U-047163,Angel Torres,Calantas,PTA-SZ-RA,16056.89,Locational Clearance,Residential Construction,19357.7
2024-05-29,U-110793,Victoria Perez,Quilib,BR2-SZ,125.23,Locational Clearance,Bank Financing Requirement,6585.86
2024-05-29,U-225370,Danilo Torres,Cahigam,PTA-SZ-RA,15757.41,Locational Clearance,Bank Financing Requirement,18102.2
2024-05-29,U-191686,Mark Comia,Alupay,,,Zoning Certificate,Bank Financing Requirement,424.01
2024-05-29,U-199179,Daniel Comia,San Carlos,,,Zoning Certificate,General Property Clearance,443.56
2024-05-29,U-009479,Mark Mendoza,Nasi,AgIndZ,2280.35,Zoning Certificate,Warehouse/Factory Construction,323.84
2024-05-30,U-516801,Jose Santos,San Carlos,I3-Z,3561.69,Development Permit,Industrial Park Expansion,50012.55
2024-05-30,U-127376,Teresa Castillo,Calantas,,,Locational Clearance,Farm Development Permit,14499.7
2024-05-30,U-357329,Luzon Integrated Holdings Inc.,Salao,R2-Z,205.88,Locational Clearance,Residential Construction,14055.81
2024-05-30,U-376623,Agri-Ventures Trading Corp.,Malaya,R2-Z,220.89,Locational Clearance,Bank Financing Requirement,16426.48
2024-05-30,U-421636,Antonio Garcia,Balibago,R2-Z,132.45,Locational Clearance,Subdivision Phase 1,18655.0
2024-05-30,U-712757,Benjamin Reyes,Baybayin,R1-Z,230.79,Locational Clearance,Bank Financing Requirement,5683.35
2024-05-30,U-964109,Antonio Garcia,Mabunga,C1-Z,382.2,Locational Clearance,Business Permit Requirement,9167.71
2024-05-31,U-292057,Angel Santos,Poblacion B,R1-Z,320.99,Locational Clearance,Bank Financing Requirement,16924.22
2024-05-31,U-394302,Teresa Macalalad,Baybayin,R2-Z,118.29,Locational Clearance,Bank Financing Requirement,7389.42
2024-05-31,U-073225,Prime Commercial Center,Matamis,PTA-SZ-RA,15584.59,Locational Clearance,Subdivision Phase 1,8257.41
2024-05-31,U-655039,Sofia Perez,Santa Cruz,R2-Z,111.92,Locational Clearance,Residential Construction,14894.21
2024-05-31,U-985443,Southern Luzon Realty & Development,San Roque,BR2-SZ,130.05,Locational Clearance,Residential Construction,20171.96
2024-05-31,U-270509,Jose Mercado,Santa Cruz,R2-Z,215.95,Locational Clearance,Residential Construction,6273.74
2024-05-31,U-912095,Agri-Ventures Commercial Center,Matamis,,,Zoning Certificate,Subdivision Phase 1,372.17
2024-05-31,U-254573,Sofia Gonzales,Poblacion A,GI-Z,1783.05,Zoning Certificate,Industrial Park Expansion,432.46
2024-05-31,U-638887,Corazon Lopez,Mayuro,R1-Z,242.03,Zoning Certificate,Bank Financing Requirement,357.46
2024-06-03,U-159499,Luz Ramos,San Roque,R1-Z,186.84,Locational Clearance,Bank Financing Requirement,8300.34
2024-06-03,U-492161,Grace Reyes,Timbugan,R1-Z,298.36,Locational Clearance,Bank Financing Requirement,20704.47
2024-06-04,U-701771,Maria Sanchez,Poblacion D,C2-Z,278.26,Development Permit,Commercial Building Construction,66047.54
2024-06-04,U-282878,Angel Rodriguez,Namuco,AgIndZ-PTR,2588.26,Zoning Certificate,Residential Construction,400.47
2024-06-05,U-398718,Antonio Lopez,San Carlos,,,Locational Clearance,Environmental Compliance,7798.13
2024-06-05,U-886488,Luz Reyes,Mabunga,PDA-SZ,4506.9,Zoning Certificate,Farm Development Permit,419.51
2024-06-06,U-777528,Grace Torres,Nasi,PTA-SZ-RA,15634.18,Locational Clearance,Subdivision Phase 1,6946.21
2024-06-06,U-572070,Agri-Ventures Commercial Center,Poblacion C,C1-Z,184.71,Locational Clearance,Business Permit Requirement,12666.07
2024-06-06,U-521199,Luz Santos,Bulihan,R2-Z,176.01,Locational Clearance,Bank Financing Requirement,4608.71
2024-06-07,U-537170,Batangas Logistics Inc.,Poblacion A,GI-Z,3295.02,Locational Clearance,Industrial Park Expansion,4275.15
2024-06-10,U-875381,Batangas Gold Realty & Development,Balibago,,,Locational Clearance,Residential Construction,7838.45
2024-06-10,U-870763,Victoria Mercado,Santa Cruz,R1-Z,137.15,Locational Clearance,Subdivision Phase 1,8902.04
2024-06-10,U-408014,Batangas Commercial Center,San Isidro,R2-Z,137.26,Locational Clearance,Bank Financing Requirement,2802.66
2024-06-10,U-582669,Sofia Ramos,Poblacion E,C1-Z,425.45,Locational Clearance,Business Permit Requirement,13097.28
2024-06-11,U-323279,Danilo Bautista,Putingkahoy,,,Locational Clearance,Agribusiness Construction,8513.23
2024-06-11,U-855107,Prime Enterprises,Baybayin,R1-Z,161.74,Locational Clearance,Bank Financing Requirement,5567.87
2024-06-11,U-430239,Batangas Gold Commercial Center,San Isidro,,,Zoning Certificate,Agribusiness Construction,316.33
2024-06-13,U-495188,Jose Santos,Poblacion B,C2-Z,396.83,Locational Clearance,Commercial Complex Development,18614.58
2024-06-13,U-272251,Antonio Alday,Mayuro,R1-Z,179.97,Locational Clearance,Subdivision Phase 1,6248.88
2024-06-13,U-450354,Sofia Reyes,Santa Cruz,R1-Z,184.65,Locational Clearance,Residential Construction,17547.72
2024-06-14,U-356364,Angel Reyes,Calantas,FZ,6780.82,Locational Clearance,Facility/Structure Construction,16382.42
2024-06-14,U-307599,Benjamin Perez,Itlugan,R2-Z,243.68,Locational Clearance,Bank Financing Requirement,8557.04
2024-06-14,U-255980,Juan Lopez,Pinagsibaan,AgIndZ-PTR,5859.02,Locational Clearance,Bank Financing Requirement,18410.63
2024-06-14,U-092266,Agri-Ventures Enterprises,Antipolo,R2-Z,197.07,Locational Clearance,Residential Construction,17874.65
2024-06-14,U-154181,Batangas Gold Realty & Development,Santa Cruz,BR2-SZ,177.89,Locational Clearance,Subdivision Phase 1,14075.01
2024-06-14,U-835165,Batangas Logistics Inc.,Masaya,PTA-SZ-RA,19749.16,Locational Clearance,Residential Construction,18639.98
2024-06-18,U-081117,Batangas Gold Trading Corp.,Masaya,,,Locational Clearance,Subdivision Phase 1,12868.09
2024-06-18,U-594103,David Torres,Quilib,GI-Z,2607.89,Locational Clearance,Warehouse/Factory Construction,6964.21
2024-06-19,U-208787,Mark Garcia,San Isidro,PTA-SZ-RA,14745.52,Locational Clearance,Bank Financing Requirement,9136.22
2024-06-19,U-935263,Grace Dimaculangan,Tulos,PDA-SZ,7109.65,Locational Clearance,Land Title Verification,3105.96
2024-06-19,U-656983,Angel Alday,Bagong Pook,R1-Z,195.07,Locational Clearance,Bank Financing Requirement,2564.65
2024-06-19,U-227170,Rosario Logistics Inc.,San Isidro,R1-Z,102.67,Locational Clearance,Bank Financing Requirement,12289.93
2024-06-19,U-755864,Mark Alday,Macalamcam A,,,Zoning Certificate,Business Permit Requirement,368.45
2024-06-19,U-672802,Danilo Rodriguez,San Roque,R1-Z,126.24,Zoning Certificate,Bank Financing Requirement,353.93
2024-06-20,U-443612,Christian Mendoza,Mabato,PDA-SZ,10408.52,Locational Clearance,Agribusiness Construction,19166.03
2024-06-20,U-338692,Grace Mendoza,Pinagsibaan,AgIndZ-PGR,2455.31,Locational Clearance,Subdivision Phase 1,20338.92
2024-06-21,U-317854,Emmanuel Ramos,Mabato,,,Locational Clearance,General Property Clearance,2143.59
2024-06-21,U-620283,Batangas Gold Holdings Inc.,Salao,PDA-SZ,4599.32,Locational Clearance,Land Title Verification,2501.65
2024-06-21,U-978891,Jose Alday,Cahigam,GI-Z,1769.83,Locational Clearance,Environmental Compliance,16946.67
2024-06-24,U-268055,Sofia Mendoza,Alupay,,,Locational Clearance,Environmental Compliance,14267.2
2024-06-24,U-222820,Maria Bautista,Santa Cruz,,,Locational Clearance,Residential Construction,8076.39
2024-06-24,U-498127,Batangas Holdings Inc.,Macalamcam B,PDA-SZ,18547.72,Locational Clearance,Farm Development Permit,10237.76
2024-06-24,U-195251,Corazon Comia,Quilib,BR2-SZ,140.15,Locational Clearance,Bank Financing Requirement,19555.74
2024-06-24,U-601581,Batangas Trading Corp.,Antipolo,PTA-SZ-RA,17920.05,Locational Clearance,Residential Construction,17943.42
2024-06-25,U-344031,Teresa Perez,Quilib,R1-Z,142.78,Development Permit,Subdivision Phase 1,69570.58
2024-06-25,U-665445,Corazon Sanchez,San Roque,C1-Z,276.62,Locational Clearance,Business Permit Requirement,12919.69
2024-06-25,U-957198,Grace Ramos,Quilib,R2-Z,237.94,Locational Clearance,Bank Financing Requirement,19519.09
2024-06-25,U-082014,Rosario Trading Corp.,Matamis,R1-Z,288.14,Zoning Certificate,Subdivision Phase 1,253.26
2024-06-26,U-318437,Sofia Castillo,Poblacion E,C1-Z,240.53,Locational Clearance,Commercial Complex Development,2530.4
2024-06-26,U-389692,Danilo Castillo,Natu,C1-Z,496.29,Locational Clearance,Business Permit Requirement,5658.71
2024-06-26,U-162419,Prime Farms Corp.,Poblacion C,C1-Z,495.29,Locational Clearance,Commercial Complex Development,3290.19
2024-06-27,U-172370,Sofia Alday,Santa Cruz,BR2-SZ,174.11,Locational Clearance,Subdivision Phase 1,16121.61
2024-06-27,U-988577,Mark Castillo,Maalas-As,C1-Z,347.12,Locational Clearance,Commercial Building Construction,11154.59
2024-06-27,U-866783,Luz Reyes,Poblacion A,R2-Z,221.1,Zoning Certificate,Bank Financing Requirement,409.63
2024-06-28,U-719027,Rosario Trading Corp.,Poblacion E,R1-Z,134.56,Locational Clearance,Bank Financing Requirement,17775.85
2024-06-28,U-462311,Angel Bautista,Poblacion C,R2-Z,164.1,Locational Clearance,Subdivision Phase 1,17586.38
2024-06-28,U-100820,Sofia Torres,Baybayin,PDA-SZ,9997.75,Locational Clearance,Land Title Verification,1526.91
2024-06-28,U-676715,Luz Cruz,Macalamcam A,R2-Z,246.46,Locational Clearance,Residential Construction,14104.8
2024-06-28,U-540611,Chloe Santos,Poblacion A,R2-Z,142.84,Locational Clearance,Bank Financing Requirement,6125.86
2024-06-28,U-866753,Teresa Cruz,Natu,PTA-SZ-RA,16618.11,Locational Clearance,Residential Construction,14065.28
2024-06-28,U-346991,Maria Lopez,Baybayin,PDA-SZ,5195.07,Locational Clearance,Agribusiness Construction,8777.59
2024-07-01,U-211809,Danilo Reyes,Calantas,,,Locational Clearance,Subdivision Phase 1,12590.31
2024-07-01,U-570702,Southern Luzon Farms Corp.,Balibago,R1-Z,143.92,Locational Clearance,Bank Financing Requirement,9233.63
2024-07-01,U-761193,Benjamin Lopez,Tulos,ECT-Z,3523.33,Zoning Certificate,Business Permit Requirement,461.83
2024-07-02,U-063804,Prime Commercial Center,Poblacion A,,,Locational Clearance,Business Permit Requirement,12691.78
2024-07-03,U-085914,Chloe Cruz,Namunga,,,Locational Clearance,Bank Financing Requirement,5634.36
2024-07-04,U-498951,David Castillo,Mayuro,R2-Z,109.22,Locational Clearance,Bank Financing Requirement,19966.64
2024-07-04,U-444939,Victoria Gonzales,Cahigam,R2-Z,81.13,Locational Clearance,Residential Construction,10030.86
2024-07-05,U-238581,Daniel Rodriguez,Pinagsibaan,,,Locational Clearance,Warehouse/Factory Construction,4533.4
2024-07-05,U-667067,Batangas Gold Commercial Center,Poblacion B,,,Zoning Certificate,Subdivision Phase 1,473.7
2024-07-08,U-863107,Southern Luzon Farms Corp.,Putingkahoy,FZ,9923.7,Development Permit,Facility/Structure Construction,36027.38
2024-07-10,U-744928,Grace Reyes,Poblacion E,MR2-SZ,195.83,Locational Clearance,Subdivision Phase 1,2534.86
2024-07-10,U-180779,Christian Cruz,San Isidro,,,Zoning Certificate,Land Title Verification,270.7
2024-07-15,U-981867,Benjamin Ramos,Salao,,,Locational Clearance,Agribusiness Construction,5044.81
2024-07-15,U-994896,Christian Mercado,Quilib,BR2-SZ,155.58,Zoning Certificate,Residential Construction,424.06
2024-07-16,U-564798,Mark Alday,Macalamcam A,,,Locational Clearance,Business Permit Requirement,12916.59
2024-07-17,U-654383,Jose Lopez,Baybayin,R1-Z,226.73,Locational Clearance,Bank Financing Requirement,12555.35
2024-07-17,U-938985,Benjamin Bautista,Santa Cruz,R1-Z,278.34,Locational Clearance,Residential Construction,12038.49
2024-07-18,U-998833,Antonio Fernandez,Palakpak,,,Locational Clearance,Residential Construction,2535.71
2024-07-18,U-975184,Batangas Trading Corp.,Calantas,ECT-Z,3827.1,Locational Clearance,Business Permit Requirement,11147.86
2024-07-18,U-691885,Juan Sanchez,Bagong Pook,BR2-SZ,165.15,Locational Clearance,Subdivision Phase 1,8459.67
2024-07-18,U-055104,Benjamin Mercado,Putingkahoy,ECT-Z,6987.06,Locational Clearance,Business Permit Requirement,7918.76
2024-07-18,U-378679,Grace Sanchez,San Isidro,R1-Z,101.42,Zoning Certificate,Residential Construction,426.41
2024-07-19,U-420772,Teresa Castillo,Bagong Pook,C1-Z,390.62,Locational Clearance,Commercial Building Construction,1545.35
2024-07-22,U-648092,Batangas Gold Logistics Inc.,Bagong Pook,R1-Z,153.7,Zoning Certificate,Bank Financing Requirement,308.34
2024-07-23,U-780468,Mark Sanchez,Namuco,I1-Z,4406.59,Locational Clearance,Industrial Park Expansion,15540.43
2024-07-24,U-831621,Rosario Trading Corp.,Masaya,,,Locational Clearance,Land Title Verification,14498.11
2024-07-24,U-674017,David Perez,Poblacion A,R2-Z,158.1,Zoning Certificate,Bank Financing Requirement,294.09
2024-07-25,U-867605,Maria Perez,Leviste,R2-Z,232.09,Zoning Certificate,Subdivision Phase 1,415.78
2024-07-25,U-248440,Luzon Integrated Farms Corp.,Natu,R1-Z,238.69,Zoning Certificate,Residential Construction,485.6
2024-07-25,U-408173,Victoria Macalalad,Quilib,R2-Z,183.7,Zoning Certificate,Bank Financing Requirement,429.1
2024-07-26,U-668140,Batangas Gold Commercial Center,Colongan,,,Locational Clearance,Bank Financing Requirement,3356.79
2024-07-26,U-376615,Juan Rodriguez,Pinagsibaan,AgIndZ-PTR,8426.1,Locational Clearance,Residential Construction,7580.52
2024-07-26,U-577653,Prime Commercial Center,Bagong Pook,,,Zoning Certificate,Residential Construction,298.48
2024-07-29,U-098907,Batangas Gold Trading Corp.,Quilib,R2-Z,87.52,Locational Clearance,Subdivision Phase 1,8373.5
2024-07-29,U-630487,Ramon Gonzales,Bagong Pook,,,Zoning Certificate,Subdivision Phase 1,484.8
2024-07-30,U-748762,Luz Gonzales,Santa Cruz,GI-Z,1775.2,Locational Clearance,Environmental Compliance,1538.86
2024-07-31,U-864602,Emmanuel Perez,Quilib,C1-Z,191.4,Locational Clearance,Business Permit Requirement,3218.08
2024-08-01,U-599224,Daniel Perez,Mayuro,,,Locational Clearance,Bank Financing Requirement,7932.38
2024-08-01,U-774057,Jose Garcia,Pinagsibaan,,,Zoning Certificate,Environmental Compliance,407.95
2024-08-01,U-304661,Batangas Gold Holdings Inc.,Namuco,I2-Z,2619.07,Zoning Certificate,Warehouse/Factory Construction,460.98
2024-08-02,U-186820,Maria Torres,Alupay,,,Zoning Certificate,Facility/Structure Construction,445.14
2024-08-02,U-800604,Sofia Castillo,Poblacion E,,,Zoning Certificate,Commercial Building Construction,320.52
2024-08-02,U-903779,Southern Luzon Enterprises,Mabato,ECT-Z,2976.27,Zoning Certificate,Business Permit Requirement,422.72
2024-08-05,U-113204,Batangas Gold Commercial Center,Poblacion B,,,Locational Clearance,Residential Construction,12588.33
2024-08-05,U-423932,Batangas Trading Corp.,Santa Cruz,R1-Z,192.57,Locational Clearance,Subdivision Phase 1,6582.11
2024-08-06,U-026955,Danilo Bautista,Balibago,,,Zoning Certificate,Subdivision Phase 1,392.65
2024-08-07,U-955701,Southern Luzon Farms Corp.,Tulos,THSP-SZ,8014.26,Development Permit,General Property Clearance,44342.73
2024-08-07,U-316378,Jose Comia,Poblacion A,R1-Z,207.82,Locational Clearance,Residential Construction,19460.03
2024-08-07,U-031495,Jose Alday,San Carlos,,,Zoning Certificate,Warehouse/Factory Construction,278.29
2024-08-08,U-211526,Sofia Comia,Maalas-As,R1-Z,127.61,Zoning Certificate,Bank Financing Requirement,360.69
2024-08-12,U-497538,Corazon Torres,Pinagsibaan,,,Locational Clearance,Warehouse/Factory Construction,2702.01
2024-08-12,U-551242,Mark Comia,Alupay,,,Locational Clearance,Residential Construction,12564.44
2024-08-12,U-259662,Mark Castillo,Bagong Pook,R1-Z,297.08,Zoning Certificate,Residential Construction,410.85
2024-08-12,U-183658,Daniel Alday,Calantas,PDA-SZ,19676.9,Zoning Certificate,Farm Development Permit,415.56
2024-08-13,U-125559,Rosario Farms Corp.,Alupay,I1-Z,2331.42,Locational Clearance,Warehouse/Factory Construction,7354.83
2024-08-14,U-981800,Prime Realty & Development,Palakpak,PDA-SZ,9225.6,Locational Clearance,Agribusiness Construction,4773.5
2024-08-14,U-076075,Prime Commercial Center,Putingkahoy,,,Zoning Certificate,Subdivision Phase 1,469.32
2024-08-15,U-570707,Rosario Farms Corp.,Santa Cruz,C1-Z,272.13,Zoning Certificate,Business Permit Requirement,326.38
2024-08-16,U-125442,Luzon Integrated Farms Corp.,Putingkahoy,ECT-Z,2216.07,Locational Clearance,Commercial Complex Development,11889.79
2024-08-16,U-518663,Angel Comia,Santa Cruz,BR2-SZ,62.63,Zoning Certificate,Residential Construction,258.73
2024-08-19,U-344372,Sofia Gonzales,Mabato,,,Locational Clearance,Agribusiness Construction,6474.52
2024-08-19,U-657430,Chloe Ramos,San Roque,R1-Z,265.24,Locational Clearance,Residential Construction,6266.94
2024-08-20,U-098245,Prime Commercial Center,Bagong Pook,,,Locational Clearance,Residential Construction,10896.88
2024-08-20,U-695540,Emmanuel Rodriguez,Masaya,R1-Z,123.23,Locational Clearance,Subdivision Phase 1,14015.68
2024-08-20,U-188218,Maria Bautista,Putingkahoy,5491-APDA-SZ,1598.5,Locational Clearance,Farm Development Permit,11992.21
2024-08-21,U-073537,Agri-Ventures Commercial Center,Matamis,,,Locational Clearance,Subdivision Phase 1,13523.95
2024-08-21,U-120094,Grace Torres,Poblacion E,C2-Z,405.86,Locational Clearance,Commercial Building Construction,9082.8
2024-08-21,U-806912,Corazon Mendoza,Baybayin,,,Zoning Certificate,Business Permit Requirement,483.64
2024-08-21,U-243724,Sofia Bautista,San Roque,,,Zoning Certificate,Residential Construction,472.4
2024-08-22,U-058278,Benjamin Torres,Santa Cruz,C1-Z,209.93,Locational Clearance,Commercial Complex Development,1756.67
2024-08-22,U-012866,Prime Farms Corp.,Calantas,PTA-SZ-RA,19802.68,Locational Clearance,Residential Construction,10228.32
2024-08-22,U-230711,David Alday,Poblacion A,MR2-SZ,152.6,Zoning Certificate,Residential Construction,252.57
2024-08-27,U-815447,Mark Gonzales,San Jose,,,Locational Clearance,Subdivision Phase 1,7172.03
2024-08-28,U-071695,Chloe Macalalad,Namunga,R2-Z,238.6,Locational Clearance,Bank Financing Requirement,17270.95
2024-08-28,U-289145,Batangas Logistics Inc.,Itlugan,R1-Z,156.46,Zoning Certificate,Bank Financing Requirement,368.12
2024-08-30,U-541053,Prime Farms Corp.,Poblacion B,C1-Z,473.19,Zoning Certificate,Commercial Complex Development,337.67
2024-08-30,U-853018,Angel Castillo,Palakpak,R2-Z,246.29,Zoning Certificate,Residential Construction,417.13
2024-09-02,U-178148,Maria Torres,Alupay,,,Locational Clearance,Facility/Structure Construction,5914.31
2024-09-02,U-467268,Daniel Comia,San Carlos,,,Locational Clearance,General Property Clearance,11475.2
2024-09-02,U-196380,Teresa Mendoza,Leviste,R2-Z,184.52,Locational Clearance,Bank Financing Requirement,5206.98
2024-09-02,U-779697,Ramon Alday,San Roque,BR2-SZ,159.87,Locational Clearance,Residential Construction,20458.08
2024-09-02,U-595614,Agri-Ventures Logistics Inc.,Tulos,PDA-SZ,3365.9,Zoning Certificate,Agribusiness Construction,291.34
2024-09-03,U-564837,Batangas Holdings Inc.,Santa Cruz,R2-Z,186.23,Locational Clearance,Subdivision Phase 1,20490.95
2024-09-03,U-456830,Teresa Santos,Namuco,I3-Z,11812.36,Zoning Certificate,Warehouse/Factory Construction,496.87
2024-09-03,U-391706,Mark Cruz,San Roque,R1-Z,275.84,Zoning Certificate,Subdivision Phase 1,300.96
2024-09-04,U-426338,Corazon Lopez,San Roque,R2-Z,242.52,Locational Clearance,Bank Financing Requirement,9160.59
2024-09-05,U-545804,Luzon Integrated Trading Corp.,Quilib,R2-Z,182.23,Locational Clearance,Bank Financing Requirement,5424.66
2024-09-05,U-958383,Jose Ramos,Namuco,AgIndZ,6961.27,Zoning Certificate,Environmental Compliance,347.64
2024-09-06,U-989418,Jose Gonzales,San Roque,R1-Z,255.92,Locational Clearance,Residential Construction,13769.37
2024-09-06,U-195423,Luzon Integrated Farms Corp.,Alupay,AgIndZ-PTR,9987.08,Zoning Certificate,Bank Financing Requirement,410.28
2024-09-09,U-187785,Danilo Bautista,Balibago,,,Locational Clearance,Subdivision Phase 1,14088.52
2024-09-10,U-371953,Angel Alday,Matamis,R1-Z,296.09,Locational Clearance,Subdivision Phase 1,12539.35
2024-09-10,U-457299,Chloe Ramos,Palakpak,R1-Z,144.29,Locational Clearance,Residential Construction,20511.12
2024-09-10,U-330305,Antonio Alday,Baybayin,GI-Z,511.72,Locational Clearance,Warehouse/Factory Construction,19158.14
2024-09-11,U-370619,Corazon Alday,Maalas-As,R1-Z,132.85,Locational Clearance,Bank Financing Requirement,19507.57
2024-09-11,U-576266,Angel Cruz,Santa Cruz,,,Zoning Certificate,Residential Construction,340.49
2024-09-11,U-265396,Batangas Holdings Inc.,Pinagsibaan,PDA-SZ,15684.24,Zoning Certificate,Land Title Verification,439.95
2024-09-11,U-241083,Victoria Dimaculangan,San Roque,R1-Z,321.0,Zoning Certificate,Subdivision Phase 1,367.06
2024-09-12,U-326276,Ramon Rodriguez,Colongan,R2-Z,180.11,Locational Clearance,Residential Construction,3924.93
2024-09-12,U-383414,Batangas Gold Realty & Development,Bagong Pook,,,Zoning Certificate,Bank Financing Requirement,304.37
2024-09-16,U-306181,Mark Castillo,Alupay,I3-Z,8970.0,Locational Clearance,Environmental Compliance,8111.75
2024-09-16,U-491332,Chloe Dimaculangan,Pinagsibaan,AgIndZ-PTR,2465.44,Locational Clearance,Residential Construction,8819.2
2024-09-16,U-942479,Juan Comia,Matamis,PTA-SZ-RA,5170.74,Zoning Certificate,Bank Financing Requirement,475.81
2024-09-16,U-791148,Prime Farms Corp.,Mabunga,PTA-SZ-RA,6848.98,Zoning Certificate,Bank Financing Requirement,366.43
2024-09-16,U-665425,Juan Rodriguez,Alupay,AgIndZ,7405.22,Zoning Certificate,Warehouse/Factory Construction,354.52
2024-09-17,U-035972,Mark Macalalad,Santa Cruz,R1-Z,177.16,Development Permit,Residential Construction,50955.91
2024-09-17,U-832070,Victoria Comia,Baybayin,R1-Z,280.15,Locational Clearance,Bank Financing Requirement,16022.7
2024-09-17,U-310112,Batangas Realty & Development,Salao,,,Zoning Certificate,Subdivision Phase 1,285.74
2024-09-17,U-106047,Luz Alday,Cahigam,R1-Z,168.99,Zoning Certificate,Residential Construction,296.26
2024-09-19,U-213457,Batangas Gold Commercial Center,San Isidro,,,Locational Clearance,Land Title Verification,9117.06
2024-09-19,U-153615,Antonio Castillo,Quilib,BR2-SZ,159.01,Locational Clearance,Residential Construction,20118.17
2024-09-23,U-498205,Antonio Gonzales,Leviste,,,Zoning Certificate,Commercial Complex Development,332.28
2024-09-25,U-113685,Batangas Commercial Center,Namuco,I2-Z,4692.63,Development Permit,Environmental Compliance,50394.99
2024-09-25,U-960326,Ramon Sanchez,Santa Cruz,R1-Z,314.78,Locational Clearance,Subdivision Phase 1,9943.4
2024-09-25,U-497250,Ramon Bautista,Namuco,I2-Z,5383.48,Locational Clearance,Warehouse/Factory Construction,21715.84
2024-09-26,U-062948,Corazon Santos,San Carlos,UTS-Z,616.98,Zoning Certificate,Facility/Structure Construction,457.45
2024-09-27,U-236006,Sofia Bautista,San Roque,,,Locational Clearance,Residential Construction,11396.56
2024-09-27,U-287896,Agri-Ventures Enterprises,Masaya,R1-Z,282.74,Zoning Certificate,Bank Financing Requirement,277.02
2024-09-30,U-820907,Agri-Ventures Logistics Inc.,Mayuro,R1-Z,110.11,Locational Clearance,Bank Financing Requirement,13399.65
2024-09-30,U-952445,David Macalalad,Maalas-As,PTA-SZ-RA,19439.44,Locational Clearance,Bank Financing Requirement,9892.96
2024-09-30,U-127355,Antonio Cruz,Balibago,R1-Z,201.07,Locational Clearance,Bank Financing Requirement,15231.85
2024-10-01,U-803462,Corazon Perez,Nasi,R2-Z,132.72,Locational Clearance,Bank Financing Requirement,1526.75
2024-10-01,U-891390,Antonio Fernandez,San Roque,AgIndZ,5623.1,Zoning Certificate,Industrial Park Expansion,287.64
2024-10-02,U-904847,Victoria Fernandez,Poblacion D,C2-Z,778.64,Zoning Certificate,Business Permit Requirement,498.29
2024-10-03,U-747922,Southern Luzon Holdings Inc.,Balibago,,,Zoning Certificate,Land Title Verification,436.44
2024-10-03,U-760565,Corazon Cruz,Bulihan,R2-Z,232.7,Zoning Certificate,Subdivision Phase 1,312.89
2024-10-04,U-415790,Juan Macalalad,Pinagsibaan,I3-Z,7266.33,Locational Clearance,Industrial Park Expansion,5768.68
2024-10-04,U-986743,Batangas Gold Enterprises,Nasi,AgIndZ,3083.75,Locational Clearance,Environmental Compliance,8020.19
2024-10-04,U-602893,Benjamin Reyes,San Isidro,R2-Z,244.06,Locational Clearance,Subdivision Phase 1,6055.83
2024-10-04,U-614957,Jose Lopez,Nasi,R1-Z,199.68,Locational Clearance,Bank Financing Requirement,16700.33
2024-10-04,U-728392,Emmanuel Santos,Bayawang,AgIndZ-PTR,2626.48,Locational Clearance,Bank Financing Requirement,5644.49
2024-10-07,U-093826,Prime Enterprises,Quilib,C1-Z,163.87,Locational Clearance,Business Permit Requirement,2743.59
2024-10-07,U-035321,Jose Torres,Poblacion A,C1-Z,351.46,Locational Clearance,Commercial Complex Development,5251.68
2024-10-07,U-422562,Maria Castillo,Poblacion A,R1-Z,108.7,Locational Clearance,Residential Construction,6118.08
2024-10-08,U-134872,Rosario Holdings Inc.,Poblacion A,C1-Z,219.57,Locational Clearance,Commercial Building Construction,14710.75
2024-10-08,U-498309,Christian Mendoza,Nasi,PTA-SZ-RA,19398.57,Locational Clearance,Subdivision Phase 1,12135.54
2024-10-08,U-921635,Sofia Alday,Calantas,ECT-Z,7381.87,Locational Clearance,Business Permit Requirement,15899.86
2024-10-08,U-012244,Victoria Mercado,Masaya,R1-Z,307.46,Locational Clearance,Residential Construction,18093.9
2024-10-08,U-617465,Mark Mendoza,Poblacion A,,,Zoning Certificate,Bank Financing Requirement,296.97
2024-10-08,U-779211,David Mercado,San Isidro,,,Zoning Certificate,Industrial Park Expansion,344.34
2024-10-08,U-032491,Batangas Holdings Inc.,Putingkahoy,FR-SZ,22198.02,Zoning Certificate,Residential Construction,486.34
2024-10-09,U-524306,Sofia Castillo,Poblacion E,,,Locational Clearance,Business Permit Requirement,13542.13
2024-10-09,U-897168,David Perez,Mabato,ECT-Z,3086.04,Locational Clearance,Business Permit Requirement,12054.4
2024-10-09,U-003699,Prime Farms Corp.,Marilag,PTA-SZ-RA,10765.08,Locational Clearance,Subdivision Phase 1,6362.6
2024-10-10,U-748443,Chloe Mendoza,San Roque,R2-Z,161.66,Locational Clearance,Bank Financing Requirement,15789.04
2024-10-11,U-536877,Christian Cruz,San Isidro,,,Locational Clearance,Land Title Verification,14594.0
2024-10-11,U-774884,Batangas Commercial Center,Colongan,R1-Z,228.07,Locational Clearance,Bank Financing Requirement,7501.54
2024-10-14,U-143765,Antonio Rodriguez,Poblacion B,R1-Z,334.08,Development Permit,Residential Construction,58103.8
2024-10-14,U-750623,Danilo Mendoza,Santa Cruz,BR2-SZ,148.58,Locational Clearance,Bank Financing Requirement,6935.65
2024-10-15,U-932498,Chloe Cruz,Matamis,R2-Z,249.91,Development Permit,Residential Construction,75387.64
2024-10-15,U-030432,Mark Mercado,Namuco,PDA-SZ,11905.62,Locational Clearance,Farm Development Permit,12645.85
2024-10-15,U-217549,Batangas Commercial Center,Alupay,UTS-Z,1010.68,Locational Clearance,Facility/Structure Construction,10713.82
2024-10-15,U-497606,Antonio Comia,Santa Cruz,R1-Z,129.82,Zoning Certificate,Bank Financing Requirement,330.16
2024-10-16,U-522837,Angel Cruz,Santa Cruz,,,Locational Clearance,Residential Construction,13562.56
2024-10-17,U-481004,Mark Dimaculangan,Namuco,AgIndZ-PTR,6698.87,Locational Clearance,Bank Financing Requirement,7078.77
2024-10-17,U-430225,Emmanuel Sanchez,San Isidro,PDA-SZ,16049.13,Locational Clearance,Land Title Verification,2284.13
2024-10-17,U-339085,Antonio Torres,Namunga,BR2-SZ,97.39,Zoning Certificate,Subdivision Phase 1,257.92
2024-10-17,U-901948,Rosario Realty & Development,Leviste,R2-Z,227.72,Zoning Certificate,Residential Construction,270.82
2024-10-17,U-176621,Danilo Garcia,Tulos,ECT-Z,2667.67,Zoning Certificate,Commercial Building Construction,484.67
2024-10-17,U-785880,Mark Sanchez,Mayuro,C/MP-Z,2471.04,Zoning Certificate,Commercial Building Construction,435.22
2024-10-21,U-904377,Prime Holdings Inc.,Baybayin,AgIndZ,3497.82,Development Permit,Warehouse/Factory Construction,42504.81
2024-10-21,U-713712,Grace Comia,Bayawang,I1-Z,3849.08,Locational Clearance,Environmental Compliance,9291.76
2024-10-21,U-556966,Southern Luzon Farms Corp.,San Roque,C1-Z,364.94,Zoning Certificate,Commercial Building Construction,340.8
2024-10-21,U-524044,Prime Realty & Development,Quilib,BR2-SZ,80.31,Zoning Certificate,Subdivision Phase 1,424.14
2024-10-22,U-047486,Mark Garcia,Bagong Pook,C1-Z,265.35,Locational Clearance,Commercial Building Construction,5867.23
2024-10-22,U-845091,Sofia Perez,Matamis,PDA-SZ,6030.44,Locational Clearance,Land Title Verification,6568.32
2024-10-23,U-836475,Victoria Macalalad,Poblacion A,C1-Z,362.53,Locational Clearance,Business Permit Requirement,20048.98
2024-10-23,U-051837,Juan Reyes,Poblacion A,R1-Z,171.18,Locational Clearance,Residential Construction,16423.34
2024-10-24,U-295070,Angel Macalalad,San Isidro,C/MP-Z,1888.94,Locational Clearance,Business Permit Requirement,19384.42
2024-10-25,U-240061,Grace Rodriguez,Mavalor,R1-Z,100.73,Zoning Certificate,Residential Construction,321.38
2024-10-28,U-600853,Southern Luzon Holdings Inc.,Balibago,,,Locational Clearance,Agribusiness Construction,13365.05
2024-10-28,U-329944,Angel Bautista,San Carlos,AgIndZ-PTR,5786.14,Locational Clearance,Bank Financing Requirement,8853.8
2024-10-28,U-898791,Angel Sanchez,Poblacion B,R1-Z,256.56,Locational Clearance,Subdivision Phase 1,3071.28
2024-10-28,U-944621,Luzon Integrated Enterprises,Palakpak,,,Zoning Certificate,Residential Construction,267.07
2024-10-29,U-948340,Ramon Cruz,Mabato,ECT-Z,2477.1,Locational Clearance,Business Permit Requirement,14340.4
2024-10-29,U-648967,Luzon Integrated Enterprises,Santa Cruz,C1-Z,248.13,Locational Clearance,Commercial Building Construction,15755.63
2024-10-29,U-312940,Southern Luzon Holdings Inc.,Masaya,R1-Z,161.84,Zoning Certificate,Residential Construction,361.33
2024-10-30,U-536801,Maria Reyes,Santa Cruz,GI-Z,2378.25,Locational Clearance,Environmental Compliance,14590.8
2024-10-30,U-717554,Agri-Ventures Logistics Inc.,Itlugan,R1-Z,318.25,Zoning Certificate,Subdivision Phase 1,433.86
2024-10-30,U-958434,Antonio Torres,Quilib,C1-Z,460.92,Zoning Certificate,Business Permit Requirement,319.93
2024-10-30,U-903682,Emmanuel Santos,Timbugan,R1-Z,315.91,Zoning Certificate,Bank Financing Requirement,471.59
2024-10-31,U-843495,Jose Garcia,Pinagsibaan,,,Locational Clearance,Industrial Park Expansion,6772.38
2024-10-31,U-845730,Daniel Dimaculangan,Poblacion E,R2-Z,156.11,Locational Clearance,Subdivision Phase 1,13056.45
2024-10-31,U-408306,Jose Comia,Bagong Pook,R2-Z,107.44,Locational Clearance,Bank Financing Requirement,9127.9
2024-10-31,U-888790,Jose Sanchez,Antipolo,PTA-SZ-RA,13183.59,Locational Clearance,Bank Financing Requirement,9685.85
2024-10-31,U-345314,Rosario Logistics Inc.,Santa Cruz,R1-Z,122.42,Locational Clearance,Subdivision Phase 1,16288.76
2024-10-31,U-905869,Daniel Cruz,Poblacion B,R1-Z,199.3,Locational Clearance,Bank Financing Requirement,16976.26
2024-11-04,U-812751,Agri-Ventures Commercial Center,San Roque,BR2-SZ,129.93,Locational Clearance,Residential Construction,6337.02
2024-11-05,U-458886,Jose Alday,San Carlos,,,Locational Clearance,Industrial Park Expansion,14876.91
2024-11-05,U-817807,Ramon Alday,Balibago,R1-Z,233.99,Locational Clearance,Residential Construction,9247.91
2024-11-05,U-094809,Corazon Gonzales,Masaya,R2-Z,161.93,Locational Clearance,Residential Construction,11214.09
2024-11-05,U-048690,Sofia Fernandez,Marilag,C1-Z,168.6,Locational Clearance,Commercial Building Construction,12573.42
2024-11-05,U-131306,Mark Ramos,San Isidro,R1-Z,261.58,Locational Clearance,Subdivision Phase 1,12889.43
2024-11-05,U-877963,Mark Alday,Bulihan,PTA-SZ-RA,14984.63,Locational Clearance,Subdivision Phase 1,11184.36
2024-11-05,U-352661,Agri-Ventures Holdings Inc.,Poblacion A,R2-Z,243.44,Locational Clearance,Bank Financing Requirement,7844.03
2024-11-06,U-440567,Corazon Bautista,Alupay,I1-Z,1636.03,Locational Clearance,Industrial Park Expansion,10497.23
2024-11-06,U-303498,Batangas Realty & Development,Colongan,R1-Z,315.25,Locational Clearance,Bank Financing Requirement,10051.93
2024-11-06,U-942717,Emmanuel Mendoza,Santa Cruz,C1-Z,303.18,Locational Clearance,Business Permit Requirement,20539.55
2024-11-06,U-656359,Sofia Fernandez,Alupay,I1-Z,4094.6,Locational Clearance,Warehouse/Factory Construction,15364.85
2024-11-06,U-739392,Juan Lopez,Maalas-As,PTA-SZ-RA,6431.74,Locational Clearance,Residential Construction,9459.34
2024-11-06,U-872406,Batangas Gold Farms Corp.,Quilib,R1-Z,302.66,Zoning Certificate,Bank Financing Requirement,353.57
2024-11-06,U-062687,Corazon Comia,Macalamcam B,R2-Z,224.91,Zoning Certificate,Bank Financing Requirement,409.14
2024-11-07,U-452602,Corazon Mendoza,Baybayin,,,Locational Clearance,Commercial Building Construction,6736.1
2024-11-07,U-391131,Ramon Rodriguez,Maligaya,R1-Z,135.4,Locational Clearance,Subdivision Phase 1,10999.44
2024-11-07,U-909213,Antonio Mercado,Poblacion D,,,Zoning Certificate,Residential Construction,295.0
2024-11-07,U-382635,Jose Dimaculangan,Poblacion C,MR2-SZ,102.79,Zoning Certificate,Subdivision Phase 1,446.83
2024-11-08,U-182650,Prime Commercial Center,Putingkahoy,,,Locational Clearance,Residential Construction,2227.26
2024-11-08,U-759948,Ramon Gonzales,Bagong Pook,,,Locational Clearance,Residential Construction,2470.99
2024-11-08,U-064138,Ramon Macalalad,Alupay,UTS-Z,2263.69,Locational Clearance,General Property Clearance,8085.81
2024-11-11,U-492906,Prime Trading Corp.,Santa Cruz,R2-Z,114.34,Development Permit,Bank Financing Requirement,80380.83
2024-11-11,U-732847,Batangas Gold Realty & Development,Bagong Pook,,,Locational Clearance,Residential Construction,14097.23
2024-11-11,U-530414,Luz Santos,Nasi,R1-Z,174.38,Locational Clearance,Bank Financing Requirement,13422.25
2024-11-11,U-080672,Sofia Reyes,Pinagsibaan,UTS-Z,2811.04,Locational Clearance,General Property Clearance,16931.73
2024-11-11,U-294239,Angel Santos,Tulos,FZ,19467.0,Zoning Certificate,General Property Clearance,322.56
2024-11-12,U-409096,Agri-Ventures Holdings Inc.,Santa Cruz,R1-Z,150.33,Development Permit,Bank Financing Requirement,82622.94
2024-11-12,U-187089,Luz Fernandez,Baybayin,AgIndZ,7154.96,Locational Clearance,Warehouse/Factory Construction,16988.09
2024-11-12,U-055070,Victoria Fernandez,Calantas,ECT-Z,5774.32,Locational Clearance,Commercial Complex Development,6165.49
2024-11-12,U-235984,Southern Luzon Farms Corp.,Calantas,PDA-SZ,18436.51,Locational Clearance,Farm Development Permit,6093.65
2024-11-13,U-165635,Batangas Gold Enterprises,Bagong Pook,R2-Z,220.24,Development Permit,Subdivision Phase 1,77448.56
2024-11-13,U-030187,Grace Perez,San Jose,R2-Z,103.25,Locational Clearance,Bank Financing Requirement,21296.14
2024-11-13,U-270789,Jose Ramos,Pinagsibaan,I1-Z,2802.76,Locational Clearance,Environmental Compliance,17164.7
2024-11-13,U-935598,Grace Macalalad,Natu,PTA-SZ-RA,11097.21,Locational Clearance,Bank Financing Requirement,7028.82
2024-11-14,U-301051,Agri-Ventures Farms Corp.,Baybayin,R2-Z,94.35,Locational Clearance,Bank Financing Requirement,10448.2
2024-11-14,U-173491,Prime Trading Corp.,Namunga,,,Zoning Certificate,Subdivision Phase 1,466.17
2024-11-15,U-295147,Angel Comia,Tulos,ECT-Z,2329.3,Locational Clearance,Business Permit Requirement,16759.64
2024-11-15,U-929430,Teresa Gonzales,San Roque,R1-Z,130.01,Zoning Certificate,Subdivision Phase 1,476.24
2024-11-18,U-538883,Victoria Gonzales,Pinagsibaan,I2-Z,7569.79,Locational Clearance,Warehouse/Factory Construction,19460.41
2024-11-18,U-505411,Juan Cruz,Macalamcam A,PDA-SZ,5242.72,Locational Clearance,Agribusiness Construction,11385.77
2024-11-18,U-364993,Ramon Perez,Poblacion E,GI-Z,1912.56,Locational Clearance,Warehouse/Factory Construction,15193.01
2024-11-18,U-892850,Batangas Logistics Inc.,Baybayin,C1-Z,481.4,Zoning Certificate,Business Permit Requirement,372.66
2024-11-19,U-863833,Corazon Comia,San Carlos,UTS-Z,1447.13,Development Permit,Facility/Structure Construction,118378.4
2024-11-19,U-155352,Rosario Commercial Center,Cahigam,R1-Z,347.46,Locational Clearance,Subdivision Phase 1,14332.21
2024-11-19,U-405714,Juan Macalalad,Namuco,UTS-Z,1518.72,Locational Clearance,General Property Clearance,15617.96
2024-11-19,U-929452,Sofia Castillo,Santa Cruz,,,Zoning Certificate,Residential Construction,333.35
2024-11-19,U-009445,Antonio Ramos,Alupay,,,Zoning Certificate,Subdivision Phase 1,431.16
2024-11-19,U-756125,Luzon Integrated Farms Corp.,Nasi,,,Zoning Certificate,Bank Financing Requirement,274.5
2024-11-20,U-347948,Southern Luzon Enterprises,Bagong Pook,R1-Z,215.52,Locational Clearance,Residential Construction,14232.96
2024-11-20,U-194885,Maria Alday,Lumbangan,R2-Z,158.22,Locational Clearance,Residential Construction,12739.54
2024-11-20,U-097330,Rosario Commercial Center,San Carlos,,,Zoning Certificate,Warehouse/Factory Construction,381.42
2024-11-21,U-615524,Batangas Enterprises,Mayuro,PDA-SZ,9297.83,Development Permit,Agribusiness Construction,86316.75
2024-11-21,U-180535,Ramon Lopez,Cahigam,R1-Z,170.69,Locational Clearance,Bank Financing Requirement,7206.31
2024-11-21,U-120306,Grace Dimaculangan,Putingkahoy,ECT-Z,4264.07,Locational Clearance,Commercial Building Construction,20396.44
2024-11-21,U-864669,Luz Reyes,Salao,R1-Z,244.1,Zoning Certificate,Subdivision Phase 1,268.47
2024-11-22,U-640216,Prime Holdings Inc.,Bayawang,I2-Z,3412.52,Development Permit,Warehouse/Factory Construction,45980.66
2024-11-22,U-983606,Jose Ramos,Pinagsibaan,AgIndZ,5155.96,Locational Clearance,Industrial Park Expansion,9508.78
2024-11-25,U-758950,Grace Macalalad,Nasi,R1-Z,126.65,Locational Clearance,Bank Financing Requirement,10996.03
2024-11-25,U-342052,Sofia Fernandez,Poblacion A,C2-Z,376.58,Locational Clearance,Commercial Building Construction,17290.83
2024-11-25,U-565797,Grace Cruz,Cahigam,C1-Z,171.0,Locational Clearance,Business Permit Requirement,21780.9
2024-11-25,U-252165,Rosario Holdings Inc.,Quilib,R1-Z,145.6,Zoning Certificate,Bank Financing Requirement,252.27
2024-11-25,U-303560,Christian Garcia,Tulos,PTA-SZ-RA,17296.22,Zoning Certificate,Bank Financing Requirement,289.23
2024-11-26,U-940912,Luzon Integrated Enterprises,Palakpak,,,Locational Clearance,Residential Construction,3768.06
2024-11-26,U-240010,Jose Sanchez,Namuco,UTS-Z,1971.57,Locational Clearance,Facility/Structure Construction,7810.48
2024-11-26,U-478282,Mark Mercado,Alupay,AgIndZ,3321.0,Locational Clearance,Warehouse/Factory Construction,6190.97
2024-11-26,U-741878,Mark Castillo,Quilib,R1-Z,284.89,Locational Clearance,Bank Financing Requirement,2100.5
2024-11-26,U-301432,Maria Torres,Baybayin,R1-Z,183.56,Locational Clearance,Residential Construction,16000.92
2024-11-26,U-641977,Teresa Alday,Tulos,5491-APDA-SZ,2188.57,Locational Clearance,Farm Development Permit,2977.31
2024-11-26,U-828673,Emmanuel Santos,Bagong Pook,,,Zoning Certificate,Residential Construction,405.65
2024-11-26,U-293318,Chloe Reyes,Balibago,R1-Z,317.01,Zoning Certificate,Bank Financing Requirement,312.32
2024-11-26,U-435400,Batangas Gold Enterprises,Baybayin,R2-Z,101.89,Zoning Certificate,Subdivision Phase 1,438.19
2024-11-26,U-335479,Grace Rodriguez,Namunga,R2-Z,114.88,Zoning Certificate,Bank Financing Requirement,267.65
2024-11-27,U-900894,Luzon Integrated Farms Corp.,San Ignacio,C1-Z,260.97,Development Permit,Business Permit Requirement,42505.72
2024-11-27,U-966091,Antonio Gonzales,Leviste,,,Locational Clearance,Commercial Building Construction,2918.05
2024-11-27,U-885049,Prime Holdings Inc.,Poblacion A,C2-Z,558.89,Locational Clearance,Commercial Building Construction,19607.76
2024-11-27,U-028104,Chloe Comia,Matamis,R1-Z,229.87,Locational Clearance,Bank Financing Requirement,5367.0
2024-11-27,U-074936,Benjamin Mercado,Bagong Pook,,,Zoning Certificate,Subdivision Phase 1,331.23
2024-11-27,U-175764,Luz Torres,Tulos,,,Zoning Certificate,Farm Development Permit,347.7
2024-11-28,U-990144,David Mercado,San Isidro,,,Locational Clearance,Environmental Compliance,7978.95
2024-11-28,U-697907,Antonio Alday,Namunga,BR2-SZ,179.75,Locational Clearance,Subdivision Phase 1,8136.79
2024-11-28,U-136054,Daniel Reyes,Bagong Pook,C1-Z,429.35,Locational Clearance,Commercial Building Construction,7641.49
2024-11-28,U-799381,Sofia Dimaculangan,Pinagsibaan,,,Zoning Certificate,Bank Financing Requirement,286.28
2024-11-29,U-216712,Emmanuel Rodriguez,Santa Cruz,R2-Z,119.1,Locational Clearance,Bank Financing Requirement,21379.2
2024-11-29,U-451770,Juan Perez,Poblacion D,,,Zoning Certificate,Business Permit Requirement,369.12
2024-11-29,U-107272,Angel Santos,Timbugan,R1-Z,185.21,Zoning Certificate,Residential Construction,392.56
2024-12-02,U-929636,Luzon Integrated Commercial Center,Mabato,ECT-Z,7561.96,Locational Clearance,Business Permit Requirement,2035.31
2024-12-03,U-574217,Luzon Integrated Logistics Inc.,Poblacion B,R2-Z,138.81,Locational Clearance,Subdivision Phase 1,13915.22
2024-12-03,U-419727,Ramon Reyes,San Roque,BR2-SZ,129.66,Locational Clearance,Subdivision Phase 1,13207.97
2024-12-03,U-874252,Ramon Santos,Bagong Pook,R2-Z,221.69,Locational Clearance,Residential Construction,3895.67
2024-12-03,U-373500,Christian Cruz,Natu,R1-Z,294.53,Locational Clearance,Residential Construction,3048.26
2024-12-03,U-744943,Danilo Garcia,Quilib,R1-Z,315.5,Locational Clearance,Subdivision Phase 1,8367.43
2024-12-03,U-597353,Maria Castillo,San Carlos,AgIndZ,5015.9,Locational Clearance,Environmental Compliance,5513.5
2024-12-04,U-098688,Juan Torres,Tulos,ECT-Z,3669.91,Locational Clearance,Commercial Building Construction,5041.53
2024-12-04,U-552425,Batangas Gold Enterprises,San Roque,,,Zoning Certificate,Subdivision Phase 1,276.21
2024-12-05,U-269809,Teresa Santos,Alupay,PDA-SZ,13913.71,Locational Clearance,Agribusiness Construction,4586.9
2024-12-05,U-142549,Luzon Integrated Holdings Inc.,Baybayin,R1-Z,298.87,Zoning Certificate,Bank Financing Requirement,385.72
2024-12-06,U-810568,Prime Realty & Development,Santa Cruz,BR2-SZ,92.24,Locational Clearance,Subdivision Phase 1,5941.25
2024-12-09,U-816591,Luzon Integrated Trading Corp.,Poblacion A,R1-Z,242.93,Development Permit,Residential Construction,85407.22
2024-12-09,U-760701,Corazon Comia,Masaya,R1-Z,173.08,Locational Clearance,Subdivision Phase 1,8089.69
2024-12-09,U-219339,Batangas Commercial Center,Alupay,AgIndZ,4410.29,Zoning Certificate,Environmental Compliance,370.9
2024-12-10,U-842222,Prime Trading Corp.,Namunga,,,Locational Clearance,Bank Financing Requirement,11064.49
2024-12-10,U-850046,Corazon Perez,Itlugan,PDA-SZ,17456.24,Locational Clearance,Agribusiness Construction,11237.99
2024-12-10,U-896374,Christian Ramos,Calantas,ECT-Z,5970.7,Locational Clearance,Business Permit Requirement,16685.12
2024-12-10,U-343393,Antonio Torres,Poblacion C,C1-Z,212.29,Locational Clearance,Commercial Building Construction,12923.66
2024-12-11,U-809900,Agri-Ventures Commercial Center,Cahigam,R2-Z,104.55,Zoning Certificate,Subdivision Phase 1,458.77
2024-12-12,U-148029,Benjamin Macalalad,Alupay,I1-Z,3746.98,Locational Clearance,Warehouse/Factory Construction,21586.58
2024-12-13,U-682333,Emmanuel Castillo,Tulos,PTA-SZ-RA,6655.59,Locational Clearance,Subdivision Phase 1,18832.23
2024-12-13,U-242687,Teresa Reyes,Cahigam,R1-Z,305.28,Locational Clearance,Subdivision Phase 1,12159.52
2024-12-16,U-853682,Danilo Garcia,Santa Cruz,C1-Z,457.06,Locational Clearance,Commercial Complex Development,16200.13
2024-12-16,U-398191,Luz Gonzales,Balibago,GI-Z,1608.08,Locational Clearance,Industrial Park Expansion,6134.16
2024-12-16,U-554540,Ramon Mercado,San Carlos,CMRF,1941.23,Locational Clearance,General Property Clearance,7207.82
2024-12-19,U-603303,Mark Perez,Calantas,PDA-SZ,3562.98,Locational Clearance,Farm Development Permit,5184.98
2024-12-19,U-242042,Luzon Integrated Enterprises,Bagong Pook,R2-Z,156.33,Locational Clearance,Bank Financing Requirement,5912.25
2024-12-19,U-388429,Batangas Gold Logistics Inc.,Poblacion B,C2-Z,570.04,Locational Clearance,Commercial Building Construction,20622.29
2024-12-19,U-374683,Batangas Commercial Center,Poblacion A,,,Zoning Certificate,Bank Financing Requirement,398.26
2024-12-20,U-132197,Batangas Commercial Center,San Roque,BR2-SZ,155.63,Development Permit,Bank Financing Requirement,68489.14
2024-12-20,U-521827,Batangas Commercial Center,Itlugan,R1-Z,172.93,Locational Clearance,Subdivision Phase 1,18957.12
2024-12-20,U-730035,Luz Macalalad,Matamis,R1-Z,277.76,Locational Clearance,Residential Construction,13393.38
2024-12-20,U-859781,Chloe Gonzales,Pinagsibaan,UTS-Z,2997.56,Locational Clearance,General Property Clearance,13421.65
2024-12-20,U-116457,Angel Ramos,Balibago,,,Zoning Certificate,Bank Financing Requirement,397.36
2024-12-23,U-697084,Mark Mendoza,Poblacion A,,,Locational Clearance,Residential Construction,8706.48
2024-12-23,U-493486,Emmanuel Sanchez,Bagong Pook,BR2-SZ,83.04,Locational Clearance,Bank Financing Requirement,13700.33
2024-12-26,U-180575,David Santos,Poblacion C,C1-Z,263.49,Locational Clearance,Business Permit Requirement,8371.98
2024-12-26,U-753947,Danilo Alday,San Roque,R1-Z,296.18,Zoning Certificate,Subdivision Phase 1,304.3
2024-12-27,U-473710,Sofia Castillo,Santa Cruz,,,Locational Clearance,Subdivision Phase 1,4581.31
2024-12-27,U-528778,Benjamin Dimaculangan,Namuco,I2-Z,6164.66,Locational Clearance,Industrial Park Expansion,17114.16
2024-12-27,U-149500,Daniel Comia,Mayuro,R2-Z,191.91,Locational Clearance,Bank Financing Requirement,4889.09
2024-12-27,U-530361,Grace Alday,Marilag,R2-Z,122.5,Locational Clearance,Bank Financing Requirement,4199.84
2024-12-27,U-316588,Angel Mendoza,Namuco,CMRF,1462.58,Locational Clearance,Site Development Permit,3080.41
2024-12-27,U-193671,Christian Alday,Poblacion A,R1-Z,289.78,Zoning Certificate,Bank Financing Requirement,330.82
2024-12-27,U-837171,Mark Cruz,Poblacion A,C1-Z,416.27,Zoning Certificate,Commercial Building Construction,431.9
2025-01-02,U-322847,Batangas Logistics Inc.,Santa Cruz,R1-Z,326.49,Locational Clearance,Subdivision Phase 1,20677.88
2025-01-02,U-249221,Chloe Lopez,San Carlos,CMRF,1173.78,Locational Clearance,Facility/Structure Construction,5031.25
2025-01-02,U-175785,Sofia Alday,Namuco,I2-Z,2846.12,Locational Clearance,Environmental Compliance,3990.11
2025-01-02,U-266845,Emmanuel Rodriguez,Namuco,,,Zoning Certificate,Residential Construction,444.99
2025-01-02,U-906396,Batangas Gold Enterprises,Palakpak,R2-Z,200.33,Zoning Certificate,Subdivision Phase 1,487.9
2025-01-03,U-296512,Victoria Sanchez,Balibago,R1-Z,140.44,Locational Clearance,Bank Financing Requirement,6651.18
2025-01-03,U-978354,David Macalalad,San Jose,R2-Z,146.12,Locational Clearance,Bank Financing Requirement,3411.9
2025-01-03,U-142679,Batangas Gold Farms Corp.,Santa Cruz,,,Zoning Certificate,Residential Construction,320.64
2025-01-03,U-247945,Maria Gonzales,San Isidro,,,Zoning Certificate,Subdivision Phase 1,313.06
2025-01-03,U-201981,Ramon Fernandez,Natu,R1-Z,130.37,Zoning Certificate,Subdivision Phase 1,441.61
2025-01-03,U-973431,Juan Lopez,Quilib,R2-Z,247.45,Zoning Certificate,Bank Financing Requirement,357.0
2025-01-03,U-815873,Teresa Cruz,Santa Cruz,BR2-SZ,64.79,Zoning Certificate,Residential Construction,371.2
2025-01-03,U-935491,Prime Enterprises,Tulos,PTA-SZ-RA,19110.73,Zoning Certificate,Bank Financing Requirement,294.04
2025-01-06,U-394469,Batangas Realty & Development,Salao,,,Locational Clearance,Residential Construction,4470.28
2025-01-06,U-362440,Grace Garcia,Poblacion D,R1-Z,294.01,Locational Clearance,Residential Construction,16938.61
2025-01-06,U-370452,David Rodriguez,Calantas,,,Zoning Certificate,Bank Financing Requirement,407.65
2025-01-06,U-282143,Jose Santos,San Roque,,,Zoning Certificate,Bank Financing Requirement,488.32
2025-01-06,U-338332,Grace Torres,Pinagsibaan,,,Zoning Certificate,General Property Clearance,339.65
2025-01-06,U-951032,Prime Trading Corp.,Baybayin,R2-Z,159.07,Zoning Certificate,Bank Financing Requirement,294.33
2025-01-06,U-090616,Juan Torres,San Isidro,R1-Z,288.81,Zoning Certificate,Residential Construction,349.27
2025-01-06,U-218648,Agri-Ventures Enterprises,Antipolo,C/MP-Z,2481.46,Zoning Certificate,Commercial Complex Development,251.99
2025-01-07,U-690624,Agri-Ventures Trading Corp.,Leviste,C1-Z,412.19,Locational Clearance,Commercial Building Construction,21946.27
2025-01-07,U-832087,Sofia Comia,Bagong Pook,,,Zoning Certificate,Residential Construction,255.88
2025-01-07,U-098447,Prime Logistics Inc.,Santa Cruz,R2-Z,225.84,Zoning Certificate,Subdivision Phase 1,284.36
2025-01-07,U-642281,Ramon Castillo,Namuco,AgIndZ-PTR,5721.08,Zoning Certificate,Subdivision Phase 1,383.33
2025-01-07,U-560371,Corazon Gonzales,Santa Cruz,R2-Z,190.9,Zoning Certificate,Residential Construction,295.06
2025-01-07,U-729714,Luz Sanchez,Natu,R2-Z,189.39,Zoning Certificate,Residential Construction,359.33
2025-01-07,U-194980,Antonio Fernandez,Alupay,I1-Z,4582.82,Zoning Certificate,Industrial Park Expansion,398.04
2025-01-08,U-592586,Batangas Trading Corp.,Mayuro,C1-Z,170.34,Locational Clearance,Commercial Complex Development,16680.72
2025-01-08,U-683980,Antonio Dimaculangan,Quilib,BR2-SZ,135.85,Locational Clearance,Bank Financing Requirement,11638.16
2025-01-08,U-757235,Danilo Santos,Tulos,,,Zoning Certificate,Site Development Permit,412.74
2025-01-08,U-718041,Danilo Mercado,Leviste,,,Zoning Certificate,Residential Construction,340.48
2025-01-08,U-479560,Batangas Holdings Inc.,San Roque,,,Zoning Certificate,Subdivision Phase 1,407.48
2025-01-08,U-223897,Southern Luzon Enterprises,Salao,PDA-SZ,6516.83,Zoning Certificate,Agribusiness Construction,439.38
2025-01-08,U-958236,Rosario Enterprises,Poblacion A,C2-Z,767.36,Zoning Certificate,Commercial Complex Development,342.51
2025-01-08,U-264905,Grace Reyes,San Carlos,I2-Z,2222.17,Zoning Certificate,Warehouse/Factory Construction,314.03
2025-01-08,U-408411,Jose Torres,Alupay,AgIndZ-PGR,6746.32,Zoning Certificate,Bank Financing Requirement,371.08
2025-01-08,U-189853,Batangas Farms Corp.,Balibago,PTA-SZ-RA,4963.89,Zoning Certificate,Subdivision Phase 1,489.04
2025-01-08,U-234636,Teresa Dimaculangan,Namunga,R2-Z,196.14,Zoning Certificate,Bank Financing Requirement,329.55
2025-01-09,U-907721,Victoria Comia,Bagong Pook,R1-Z,243.09,Locational Clearance,Bank Financing Requirement,13261.8
2025-01-09,U-162867,Mark Sanchez,Balibago,R2-Z,170.41,Locational Clearance,Subdivision Phase 1,3177.08
2025-01-09,U-083861,Batangas Enterprises,Pinagsibaan,,,Zoning Certificate,Warehouse/Factory Construction,458.25
2025-01-09,U-415133,Emmanuel Macalalad,Namuco,I2-Z,6493.37,Zoning Certificate,Environmental Compliance,366.74
2025-01-09,U-026860,Corazon Mendoza,Pinagsibaan,UTS-Z,1474.41,Zoning Certificate,Site Development Permit,497.38
2025-01-09,U-291006,Benjamin Comia,Pinagsibaan,I3-Z,9994.21,Zoning Certificate,Environmental Compliance,387.24
2025-01-10,U-935500,Batangas Gold Realty & Development,Pinagsibaan,,,Zoning Certificate,General Property Clearance,361.37
2025-01-10,U-046813,Batangas Logistics Inc.,Matamis,R1-Z,325.08,Zoning Certificate,Subdivision Phase 1,396.48
2025-01-10,U-990485,Teresa Fernandez,Baybayin,R2-Z,135.07,Zoning Certificate,Residential Construction,332.52
2025-01-10,U-762407,Jose Dimaculangan,Nasi,R1-Z,111.64,Zoning Certificate,Subdivision Phase 1,484.37
2025-01-10,U-485230,David Rodriguez,Namuco,I2-Z,3261.54,Zoning Certificate,Industrial Park Expansion,356.71
2025-01-10,U-922488,Grace Comia,Balibago,PTA-SZ-RA,15879.12,Zoning Certificate,Subdivision Phase 1,482.2
2025-01-13,U-262796,Rosario Holdings Inc.,Masaya,R2-Z,190.69,Development Permit,Residential Construction,90058.64
2025-01-13,U-341342,Corazon Lopez,Mayuro,R2-Z,134.52,Locational Clearance,Subdivision Phase 1,11524.37
2025-01-13,U-042752,Antonio Comia,Pinagsibaan,I2-Z,4217.48,Locational Clearance,Environmental Compliance,20265.97
2025-01-13,U-840842,Sofia Castillo,Pinagsibaan,,,Zoning Certificate,Bank Financing Requirement,323.83
2025-01-13,U-483641,Emmanuel Cruz,San Roque,,,Zoning Certificate,Residential Construction,424.25
2025-01-13,U-360029,Corazon Bautista,Bagong Pook,,,Zoning Certificate,Bank Financing Requirement,430.22
2025-01-13,U-439269,Christian Bautista,Calantas,,,Zoning Certificate,Business Permit Requirement,313.42
2025-01-13,U-381758,Ramon Torres,Santa Cruz,,,Zoning Certificate,Commercial Building Construction,355.88
2025-01-13,U-663934,Daniel Rodriguez,San Isidro,GI-Z,2721.96,Zoning Certificate,Warehouse/Factory Construction,344.31
2025-01-13,U-366211,Rosario Commercial Center,Natu,R1-Z,151.95,Zoning Certificate,Subdivision Phase 1,469.87
2025-01-13,U-564262,Jose Garcia,Poblacion B,MR2-SZ,80.19,Zoning Certificate,Subdivision Phase 1,415.27
2025-01-14,U-368884,Juan Lopez,San Carlos,AgIndZ,4209.16,Locational Clearance,Environmental Compliance,5152.19
2025-01-14,U-648946,Emmanuel Macalalad,Bulihan,R2-Z,90.76,Locational Clearance,Residential Construction,11258.08
2025-01-14,U-153241,Batangas Realty & Development,Mayuro,R2-Z,192.38,Locational Clearance,Subdivision Phase 1,20513.98
2025-01-14,U-673488,Teresa Fernandez,Masaya,PDA-SZ,10888.93,Locational Clearance,Farm Development Permit,18829.71
2025-01-14,U-160237,Sofia Castillo,San Carlos,,,Zoning Certificate,Subdivision Phase 1,253.32
2025-01-14,U-339547,Teresa Lopez,Pinagsibaan,UTS-Z,2564.74,Zoning Certificate,Facility/Structure Construction,311.73
2025-01-14,U-096964,Luz Rodriguez,Pinagsibaan,AgIndZ,4260.9,Zoning Certificate,Industrial Park Expansion,337.34
2025-01-14,U-670079,Rosario Trading Corp.,Mabato,ECT-Z,2699.9,Zoning Certificate,Commercial Complex Development,483.35
2025-01-14,U-211430,Daniel Dimaculangan,Alupay,I2-Z,7723.42,Zoning Certificate,Industrial Park Expansion,461.4
2025-01-15,U-574437,Juan Perez,Bagong Pook,R2-Z,194.71,Locational Clearance,Bank Financing Requirement,18808.05
2025-01-15,U-691545,Juan Sanchez,Calantas,,,Zoning Certificate,Commercial Complex Development,487.65
2025-01-15,U-923966,Batangas Gold Holdings Inc.,Mabato,PDA-SZ,16470.31,Zoning Certificate,Land Title Verification,410.33
2025-01-15,U-327789,Benjamin Lopez,Mabunga,R2-Z,95.88,Zoning Certificate,Bank Financing Requirement,321.38
2025-01-15,U-247027,Christian Perez,Baybayin,R1-Z,210.62,Zoning Certificate,Subdivision Phase 1,287.64
2025-01-16,U-817661,Antonio Macalalad,Santa Cruz,R1-Z,208.62,Locational Clearance,Residential Construction,2671.95
2025-01-16,U-277518,Agri-Ventures Realty & Development,Tiquiwan,R1-Z,300.06,Locational Clearance,Residential Construction,13577.05
2025-01-16,U-495066,Teresa Garcia,Bagong Pook,GI-Z,1092.35,Zoning Certificate,Environmental Compliance,424.45
2025-01-16,U-921562,Corazon Alday,Calantas,PTA-SZ-RA,19311.12,Zoning Certificate,Bank Financing Requirement,415.38
2025-01-16,U-143741,Corazon Garcia,Bagong Pook,BR2-SZ,123.65,Zoning Certificate,Residential Construction,373.1
2025-01-17,U-370251,Danilo Macalalad,Balibago,,,Zoning Certificate,Bank Financing Requirement,346.91
2025-01-17,U-281226,Daniel Garcia,Namuco,,,Zoning Certificate,Warehouse/Factory Construction,464.67
2025-01-17,U-322624,Victoria Gonzales,Baybayin,PDA-SZ,14598.87,Zoning Certificate,Farm Development Permit,297.9
2025-01-17,U-320029,David Fernandez,Tulos,PDA-SZ,14772.24,Zoning Certificate,Farm Development Permit,483.19
2025-01-17,U-813712,Ramon Macalalad,Poblacion E,R1-Z,323.36,Zoning Certificate,Subdivision Phase 1,305.36
2025-01-20,U-669661,Benjamin Mercado,Bagong Pook,,,Locational Clearance,Residential Construction,13340.86
2025-01-20,U-596042,Victoria Castillo,Poblacion C,C1-Z,194.99,Locational Clearance,Commercial Complex Development,14829.48
2025-01-20,U-321212,Rosario Trading Corp.,Baybayin,PDA-SZ,4316.86,Locational Clearance,Land Title Verification,1710.93
2025-01-20,U-007762,Batangas Gold Commercial Center,Quilib,,,Zoning Certificate,Residential Construction,490.8
2025-01-20,U-503947,Danilo Fernandez,Balibago,,,Zoning Certificate,Environmental Compliance,286.07
2025-01-20,U-929513,Emmanuel Lopez,Bayawang,I2-Z,2873.94,Zoning Certificate,Environmental Compliance,423.31
2025-01-20,U-970975,Ramon Alday,Pinagsibaan,UTS-Z,1962.82,Zoning Certificate,Facility/Structure Construction,332.43
2025-01-20,U-668833,Luz Garcia,Bulihan,R2-Z,188.45,Zoning Certificate,Bank Financing Requirement,493.45
2025-01-20,U-138442,Luz Castillo,Alupay,I2-Z,3721.0,Zoning Certificate,Environmental Compliance,454.62
2025-01-20,U-153563,Southern Luzon Commercial Center,Quilib,BR2-SZ,154.91,Zoning Certificate,Subdivision Phase 1,448.21
2025-01-20,U-866383,Mark Castillo,Bagong Pook,R1-Z,179.1,Zoning Certificate,Residential Construction,419.18
2025-01-21,U-133886,Emmanuel Fernandez,Mabunga,R2-Z,196.27,Locational Clearance,Bank Financing Requirement,10555.27
2025-01-21,U-407823,Victoria Mendoza,Santa Cruz,,,Zoning Certificate,Residential Construction,307.68
2025-01-21,U-436779,Corazon Santos,Malaya,R2-Z,120.17,Zoning Certificate,Subdivision Phase 1,498.42
2025-01-21,U-147810,Sofia Alday,Calantas,PDA-SZ,6289.58,Zoning Certificate,Agribusiness Construction,452.39
2025-01-21,U-465444,Grace Torres,Calantas,FZ,20962.86,Zoning Certificate,General Property Clearance,270.05
2025-01-21,U-245352,Ramon Comia,Santa Cruz,BR2-SZ,139.37,Zoning Certificate,Subdivision Phase 1,449.38
2025-01-21,U-979600,Agri-Ventures Realty & Development,Poblacion A,GI-Z,816.69,Zoning Certificate,Warehouse/Factory Construction,391.7
2025-01-22,U-498193,Antonio Mercado,Poblacion D,,,Locational Clearance,Subdivision Phase 1,5973.26
2025-01-22,U-833511,Daniel Torres,San Jose,AgIndZ,6521.23,Locational Clearance,Industrial Park Expansion,10839.96
2025-01-22,U-122115,Victoria Comia,San Isidro,,,Zoning Certificate,Subdivision Phase 1,410.38
2025-01-22,U-304122,Christian Torres,Pinagsibaan,,,Zoning Certificate,Industrial Park Expansion,455.08
2025-01-22,U-389121,Angel Macalalad,Bagong Pook,,,Zoning Certificate,Subdivision Phase 1,289.98
2025-01-22,U-704269,Juan Reyes,Namuco,,,Zoning Certificate,Warehouse/Factory Construction,324.18
2025-01-22,U-988434,Benjamin Cruz,San Roque,C1-Z,347.98,Zoning Certificate,Commercial Complex Development,376.37
2025-01-23,U-868956,Daniel Mercado,San Carlos,I1-Z,4604.73,Locational Clearance,Industrial Park Expansion,20702.14
2025-01-23,U-083565,Ramon Ramos,San Carlos,I2-Z,2908.6,Locational Clearance,Industrial Park Expansion,13477.15
2025-01-23,U-080836,Agri-Ventures Commercial Center,San Roque,,,Zoning Certificate,Bank Financing Requirement,378.46
2025-01-23,U-755431,Emmanuel Lopez,Alupay,,,Zoning Certificate,Facility/Structure Construction,296.12
2025-01-23,U-337886,Rosario Holdings Inc.,Bayawang,I1-Z,3469.32,Zoning Certificate,Industrial Park Expansion,495.43
2025-01-23,U-970603,Rosario Logistics Inc.,San Roque,R2-Z,170.54,Zoning Certificate,Bank Financing Requirement,264.04
2025-01-23,U-280372,Prime Trading Corp.,Maalas-As,PDA-SZ,12283.66,Zoning Certificate,Farm Development Permit,263.22
2025-01-23,U-988737,Christian Dimaculangan,San Carlos,UTS-Z,2526.95,Zoning Certificate,Site Development Permit,464.84
2025-01-24,U-771837,Antonio Mercado,Bagong Pook,,,Zoning Certificate,Residential Construction,492.95
2025-01-24,U-386660,Juan Gonzales,Namuco,I1-Z,2916.42,Zoning Certificate,Industrial Park Expansion,316.26
2025-01-24,U-783650,Luz Bautista,Namunga,R2-Z,93.94,Zoning Certificate,Residential Construction,456.73
2025-01-24,U-454512,Benjamin Lopez,Calantas,5491-APDA-SZ,3650.79,Zoning Certificate,Land Title Verification,264.99
2025-01-24,U-077525,Grace Comia,Mabato,PDA-SZ,12322.57,Zoning Certificate,Land Title Verification,486.14
2025-01-24,U-963094,Angel Dimaculangan,Tiquiwan,R1-Z,250.47,Zoning Certificate,Subdivision Phase 1,413.28
2025-01-24,U-912970,Ramon Mendoza,Matamis,R1-Z,315.49,Zoning Certificate,Bank Financing Requirement,281.71
2025-01-24,U-379779,Victoria Dimaculangan,Alupay,AgIndZ-PTR,3761.09,Zoning Certificate,Bank Financing Requirement,256.61
2025-01-24,U-981566,Jose Ramos,Namuco,I3-Z,4525.51,Zoning Certificate,Industrial Park Expansion,467.09
2025-01-24,U-541695,Rosario Realty & Development,Bulihan,C/MP-Z,541.08,Zoning Certificate,Commercial Complex Development,337.19
2025-01-27,U-694033,Antonio Reyes,Pinagsibaan,I2-Z,6424.86,Locational Clearance,Warehouse/Factory Construction,12748.23
2025-01-27,U-994989,Maria Torres,Mabunga,R1-Z,329.38,Locational Clearance,Subdivision Phase 1,14860.05
2025-01-27,U-156710,Jose Reyes,Mabato,PTA-SZ-RA,15641.22,Locational Clearance,Bank Financing Requirement,20267.29
2025-01-27,U-742696,Luz Dimaculangan,Bagong Pook,BR2-SZ,146.52,Locational Clearance,Residential Construction,21777.69
2025-01-27,U-590539,Jose Mendoza,Itlugan,,,Zoning Certificate,Bank Financing Requirement,440.38
2025-01-27,U-599087,Jose Macalalad,Baybayin,,,Zoning Certificate,Residential Construction,305.48
2025-01-27,U-909478,Luz Mercado,Pinagsibaan,I3-Z,10543.73,Zoning Certificate,Industrial Park Expansion,499.34
2025-01-27,U-527048,Chloe Reyes,Namuco,I1-Z,2643.85,Zoning Certificate,Environmental Compliance,445.3
2025-01-27,U-532538,Prime Logistics Inc.,San Roque,C1-Z,395.43,Zoning Certificate,Commercial Building Construction,432.01
2025-01-27,U-317502,David Torres,Masaya,C1-Z,397.37,Zoning Certificate,Commercial Complex Development,290.39
2025-01-28,U-390219,Prime Trading Corp.,San Isidro,R2-Z,227.69,Development Permit,Subdivision Phase 1,96927.51
2025-01-28,U-096037,Antonio Ramos,Alupay,,,Locational Clearance,Bank Financing Requirement,14965.43
2025-01-28,U-510826,Corazon Torres,Santa Cruz,BR2-SZ,106.0,Locational Clearance,Residential Construction,2906.51
2025-01-28,U-037467,David Lopez,San Carlos,,,Zoning Certificate,General Property Clearance,434.19
2025-01-28,U-135570,Jose Reyes,Pinagsibaan,I1-Z,2142.5,Zoning Certificate,Warehouse/Factory Construction,352.59
2025-01-28,U-724875,Sofia Macalalad,Balibago,R1-Z,256.81,Zoning Certificate,Bank Financing Requirement,451.25
2025-01-28,U-512207,Christian Alday,Mayuro,R1-Z,149.71,Zoning Certificate,Residential Construction,293.83
2025-01-28,U-764522,Batangas Commercial Center,Mayuro,R1-Z,285.14,Zoning Certificate,Subdivision Phase 1,332.41
2025-01-30,U-566577,Angel Castillo,San Roque,,,Zoning Certificate,Environmental Compliance,464.94
2025-01-30,U-829464,Corazon Comia,Baybayin,PTA-SZ-RA,5066.2,Zoning Certificate,Subdivision Phase 1,273.85
2025-01-30,U-082335,Luzon Integrated Realty & Development,Bagong Pook,R2-Z,85.4,Zoning Certificate,Subdivision Phase 1,327.55
2025-01-30,U-265878,David Comia,San Isidro,R2-Z,112.96,Zoning Certificate,Bank Financing Requirement,273.48
2025-01-30,U-012271,Corazon Sanchez,Santa Cruz,R1-Z,112.26,Zoning Certificate,Bank Financing Requirement,371.7
2025-01-31,U-525347,Prime Logistics Inc.,Namuco,I2-Z,5552.42,Development Permit,Industrial Park Expansion,86333.46
2025-01-31,U-101781,Grace Garcia,Itlugan,PDA-SZ,17096.57,Locational Clearance,Agribusiness Construction,5637.04
2025-01-31,U-987718,Luz Perez,Santa Cruz,BR2-SZ,113.6,Locational Clearance,Subdivision Phase 1,6429.01
2025-01-31,U-498835,Antonio Mercado,Namunga,R1-Z,222.32,Locational Clearance,Subdivision Phase 1,21041.62
2025-01-31,U-645648,Emmanuel Reyes,Bagong Pook,R1-Z,197.88,Locational Clearance,Residential Construction,8274.13
2025-01-31,U-473305,Angel Ramos,Bagong Pook,R2-Z,115.9,Locational Clearance,Subdivision Phase 1,17452.1
2025-01-31,U-719188,Chloe Rodriguez,Quilib,,,Zoning Certificate,Environmental Compliance,452.97
2025-01-31,U-252972,Juan Bautista,San Isidro,,,Zoning Certificate,Residential Construction,356.78
2025-01-31,U-210338,Chloe Garcia,San Roque,,,Zoning Certificate,Subdivision Phase 1,276.73
2025-01-31,U-424052,Southern Luzon Trading Corp.,Poblacion B,C2-Z,414.18,Zoning Certificate,Business Permit Requirement,433.12
2025-01-31,U-942720,Emmanuel Garcia,Poblacion A,R1-Z,321.04,Zoning Certificate,Subdivision Phase 1,320.33
2025-01-31,U-338669,Southern Luzon Holdings Inc.,Poblacion A,C2-Z,450.66,Zoning Certificate,Commercial Complex Development,414.35
2025-01-31,U-352939,Angel Rodriguez,Macalamcam B,C/MP-Z,1524.67,Zoning Certificate,Business Permit Requirement,432.32
2025-01-31,U-361869,Luzon Integrated Trading Corp.,Poblacion B,MR2-SZ,181.59,Zoning Certificate,Residential Construction,435.06
2025-01-31,U-325249,Daniel Comia,Namuco,I1-Z,4373.91,Zoning Certificate,Warehouse/Factory Construction,454.48
2025-01-31,U-298317,Antonio Alday,Namunga,R2-Z,128.66,Zoning Certificate,Residential Construction,439.63
2025-02-03,U-846454,Rosario Holdings Inc.,Alupay,I2-Z,6835.0,Locational Clearance,Warehouse/Factory Construction,2623.92
2025-02-03,U-313520,David Perez,Bagong Pook,R2-Z,228.5,Locational Clearance,Subdivision Phase 1,3125.64
2025-02-03,U-819256,Sofia Ramos,Santa Cruz,,,Zoning Certificate,Residential Construction,346.51
2025-02-03,U-225576,Victoria Fernandez,Antipolo,,,Zoning Certificate,Residential Construction,486.96
2025-02-03,U-336402,Daniel Mendoza,Namuco,AgIndZ-PTR,9637.47,Zoning Certificate,Residential Construction,361.21
2025-02-03,U-734508,Christian Gonzales,Namuco,I2-Z,3389.18,Zoning Certificate,Industrial Park Expansion,259.75
2025-02-03,U-471309,Luzon Integrated Farms Corp.,Alupay,I2-Z,7180.45,Zoning Certificate,Environmental Compliance,434.65
2025-02-03,U-153525,Batangas Enterprises,Cahigam,R1-Z,320.76,Zoning Certificate,Bank Financing Requirement,361.22
2025-02-04,U-257833,Grace Santos,Macalamcam A,R1-Z,207.4,Locational Clearance,Bank Financing Requirement,9454.49
2025-02-04,U-382568,Mark Castillo,Pinagsibaan,UTS-Z,853.35,Locational Clearance,General Property Clearance,4567.77
2025-02-04,U-853074,Chloe Mercado,Colongan,R1-Z,161.68,Zoning Certificate,Subdivision Phase 1,393.76
2025-02-04,U-481519,Christian Sanchez,Santa Cruz,R1-Z,261.51,Zoning Certificate,Bank Financing Requirement,477.28
2025-02-04,U-459933,Jose Alday,Lumbangan,R2-Z,144.94,Zoning Certificate,Residential Construction,295.9
2025-02-04,U-284171,Benjamin Perez,San Jose,R1-Z,333.35,Zoning Certificate,Bank Financing Requirement,467.57
2025-02-05,U-976337,Benjamin Mendoza,Balibago,PTA-SZ-RA,13378.86,Locational Clearance,Subdivision Phase 1,21168.88
2025-02-05,U-284261,Juan Rodriguez,Tulos,ECT-Z,5726.11,Locational Clearance,Commercial Building Construction,3139.93
2025-02-05,U-262855,Teresa Gonzales,Poblacion B,R1-Z,102.4,Zoning Certificate,Residential Construction,327.98
2025-02-05,U-174509,Daniel Mendoza,San Carlos,I1-Z,2647.55,Zoning Certificate,Environmental Compliance,288.12
2025-02-05,U-141570,Batangas Gold Realty & Development,Bagong Pook,R2-Z,247.84,Zoning Certificate,Residential Construction,374.7
2025-02-05,U-507252,Prime Trading Corp.,Namuco,AgIndZ-PTR,6549.47,Zoning Certificate,Subdivision Phase 1,302.47
2025-02-06,U-771184,David Rodriguez,Calantas,,,Locational Clearance,Bank Financing Requirement,10718.5
2025-02-06,U-994249,Ramon Reyes,San Roque,BR2-SZ,144.04,Locational Clearance,Residential Construction,8928.09
2025-02-06,U-878373,Emmanuel Alday,San Carlos,,,Zoning Certificate,Environmental Compliance,310.51
2025-02-06,U-061852,Ramon Perez,Putingkahoy,,,Zoning Certificate,Commercial Building Construction,335.14
2025-02-06,U-308950,Grace Mercado,San Roque,C1-Z,203.13,Zoning Certificate,Commercial Complex Development,449.26
2025-02-07,U-319722,Emmanuel Cruz,San Roque,,,Locational Clearance,Bank Financing Requirement,10459.22
2025-02-07,U-352007,Batangas Holdings Inc.,San Roque,,,Locational Clearance,Bank Financing Requirement,10197.0
2025-02-07,U-938774,Corazon Bautista,Alupay,I1-Z,4629.99,Locational Clearance,Industrial Park Expansion,11990.03
2025-02-07,U-856354,Rosario Logistics Inc.,Baybayin,R2-Z,152.84,Locational Clearance,Residential Construction,10869.53
2025-02-07,U-043912,Rosario Farms Corp.,Santa Cruz,R1-Z,180.56,Locational Clearance,Subdivision Phase 1,5393.29
2025-02-07,U-692165,Emmanuel Sanchez,Bulihan,AgIndZ,4198.03,Locational Clearance,Environmental Compliance,10998.94
2025-02-07,U-073360,Maria Mercado,Marilag,,,Zoning Certificate,Subdivision Phase 1,493.61
2025-02-07,U-929791,Grace Sanchez,Matamis,PTA-SZ-RA,8614.99,Zoning Certificate,Residential Construction,303.44
2025-02-07,U-725678,Prime Logistics Inc.,San Carlos,AgIndZ,7822.19,Zoning Certificate,Warehouse/Factory Construction,473.81
2025-02-07,U-260104,Batangas Enterprises,Bagong Pook,BR2-SZ,96.88,Zoning Certificate,Residential Construction,416.86
2025-02-07,U-575706,Southern Luzon Trading Corp.,Bagong Pook,AgIndZ,4646.39,Zoning Certificate,Warehouse/Factory Construction,392.63
2025-02-10,U-156603,David Cruz,Namuco,I1-Z,4740.97,Locational Clearance,Warehouse/Factory Construction,15138.09
2025-02-10,U-365073,Christian Macalalad,Santa Cruz,R1-Z,132.58,Zoning Certificate,Subdivision Phase 1,396.3
2025-02-11,U-622198,Luzon Integrated Farms Corp.,Namunga,R2-Z,206.88,Development Permit,Subdivision Phase 1,58489.12
2025-02-11,U-755471,Sofia Gonzales,Leviste,R2-Z,86.81,Locational Clearance,Residential Construction,5806.67
2025-02-11,U-964170,Batangas Commercial Center,Natu,,,Zoning Certificate,Commercial Building Construction,428.7
2025-02-11,U-564246,Teresa Macalalad,Poblacion A,,,Zoning Certificate,Residential Construction,495.34
2025-02-11,U-452251,Ramon Lopez,Bagong Pook,,,Zoning Certificate,Subdivision Phase 1,382.16
2025-02-11,U-774855,David Dimaculangan,Itlugan,GI-Z,1856.59,Zoning Certificate,Warehouse/Factory Construction,365.71
2025-02-11,U-953623,Luzon Integrated Farms Corp.,Bagong Pook,R2-Z,83.51,Zoning Certificate,Bank Financing Requirement,478.57
2025-02-12,U-067405,Rosario Enterprises,Palakpak,R1-Z,167.22,Development Permit,Bank Financing Requirement,47596.85
2025-02-12,U-151648,Luz Mercado,Alupay,AgIndZ,4349.33,Locational Clearance,Industrial Park Expansion,3836.99
2025-02-12,U-394905,Ramon Fernandez,Calantas,FZ,5993.0,Locational Clearance,General Property Clearance,21872.51
2025-02-12,U-921099,Chloe Macalalad,Santa Cruz,,,Zoning Certificate,Residential Construction,300.08
2025-02-12,U-500337,Maria Rodriguez,Santa Cruz,,,Zoning Certificate,Bank Financing Requirement,320.12
2025-02-13,U-012182,Maria Gonzales,San Isidro,,,Locational Clearance,Bank Financing Requirement,7056.98
2025-02-13,U-891040,Luzon Integrated Farms Corp.,Nasi,,,Locational Clearance,Subdivision Phase 1,13540.16
2025-02-13,U-088848,David Comia,Mabunga,PDA-SZ,17207.46,Locational Clearance,Farm Development Permit,2831.91
2025-02-13,U-721700,David Comia,Poblacion A,R2-Z,221.49,Locational Clearance,Subdivision Phase 1,3391.27
2025-02-13,U-695199,Benjamin Santos,Lumbangan,,,Zoning Certificate,Subdivision Phase 1,351.13
2025-02-13,U-859897,Corazon Sanchez,Pinagsibaan,,,Zoning Certificate,General Property Clearance,446.17
2025-02-14,U-879663,Agri-Ventures Trading Corp.,Calantas,5491-APDA-SZ,3413.34,Locational Clearance,Land Title Verification,2134.77
2025-02-14,U-812855,Christian Fernandez,Quilib,GI-Z,896.99,Locational Clearance,Environmental Compliance,5607.43
2025-02-14,U-020685,Corazon Cruz,Tulos,PTA-SZ-RA,10290.37,Locational Clearance,Residential Construction,21607.73
2025-02-14,U-235058,Southern Luzon Holdings Inc.,Matamis,R1-Z,168.48,Locational Clearance,Subdivision Phase 1,8009.72
2025-02-14,U-184705,Christian Fernandez,Tulos,,,Zoning Certificate,Subdivision Phase 1,497.32
2025-02-14,U-072854,Batangas Holdings Inc.,Mavalor,R2-Z,94.23,Zoning Certificate,Bank Financing Requirement,332.36
2025-02-14,U-954107,Luzon Integrated Commercial Center,Maalas-As,R1-Z,253.04,Zoning Certificate,Residential Construction,328.85
2025-02-14,U-906727,Danilo Santos,Nasi,PTA-SZ-RA,17021.97,Zoning Certificate,Bank Financing Requirement,309.39
2025-02-14,U-543548,Juan Torres,Poblacion C,R2-Z,190.14,Zoning Certificate,Subdivision Phase 1,275.84
2025-02-17,U-897842,Sofia Castillo,San Carlos,,,Locational Clearance,Bank Financing Requirement,14546.34
2025-02-17,U-973467,Ramon Torres,Santa Cruz,,,Locational Clearance,Commercial Complex Development,12957.8
2025-02-17,U-139037,Jose Santos,San Roque,,,Locational Clearance,Subdivision Phase 1,10068.32
2025-02-17,U-532483,Batangas Enterprises,Tulos,PTA-SZ-RA,7513.3,Locational Clearance,Bank Financing Requirement,20221.06
2025-02-17,U-960406,Teresa Comia,Bulihan,C/MP-Z,2182.87,Locational Clearance,Commercial Complex Development,7148.68
2025-02-17,U-963391,Sofia Reyes,Santa Cruz,,,Zoning Certificate,Commercial Building Construction,410.39
2025-02-17,U-201449,Agri-Ventures Commercial Center,Tulos,,,Zoning Certificate,Commercial Building Construction,420.07
2025-02-17,U-570723,Luz Perez,Namunga,R1-Z,173.15,Zoning Certificate,Bank Financing Requirement,352.39
2025-02-17,U-558535,Southern Luzon Commercial Center,Alupay,AgIndZ-PTR,4120.13,Zoning Certificate,Subdivision Phase 1,448.63
2025-02-18,U-754731,Batangas Gold Farms Corp.,Santa Cruz,,,Locational Clearance,Subdivision Phase 1,12893.28
2025-02-18,U-178244,Agri-Ventures Realty & Development,Namunga,R1-Z,257.05,Locational Clearance,Bank Financing Requirement,5958.93
2025-02-18,U-030259,Christian Alday,San Roque,R1-Z,221.52,Locational Clearance,Residential Construction,6064.46
2025-02-18,U-965600,Emmanuel Lopez,Poblacion D,R1-Z,323.05,Zoning Certificate,Subdivision Phase 1,252.46
2025-02-18,U-574304,Teresa Cruz,Balibago,R2-Z,113.68,Zoning Certificate,Residential Construction,443.03
2025-02-18,U-669020,Antonio Mendoza,Poblacion E,R2-Z,81.26,Zoning Certificate,Bank Financing Requirement,451.05
2025-02-18,U-818243,Antonio Cruz,Leviste,R1-Z,205.21,Zoning Certificate,Bank Financing Requirement,473.22
2025-02-18,U-775673,Agri-Ventures Trading Corp.,Santa Cruz,R2-Z,150.65,Zoning Certificate,Residential Construction,325.1
2025-02-19,U-779769,Luzon Integrated Holdings Inc.,San Carlos,I3-Z,9471.35,Development Permit,Warehouse/Factory Construction,38296.82
2025-02-19,U-555296,Luz Torres,Tulos,,,Locational Clearance,Land Title Verification,4501.43
2025-02-19,U-304993,Benjamin Bautista,Mabato,PTA-SZ-RA,4098.05,Locational Clearance,Residential Construction,4036.21
2025-02-19,U-471879,Antonio Garcia,San Carlos,AgIndZ-PGR,2923.01,Locational Clearance,Residential Construction,21336.59
2025-02-19,U-345698,Chloe Bautista,Namuco,I1-Z,4922.48,Locational Clearance,Warehouse/Factory Construction,1830.2
2025-02-19,U-885059,Batangas Gold Enterprises,Poblacion A,C1-Z,393.9,Locational Clearance,Business Permit Requirement,12772.12
2025-02-19,U-602813,Antonio Torres,Pinagsibaan,AgIndZ,4276.24,Locational Clearance,Environmental Compliance,10361.34
2025-02-19,U-676100,Corazon Mercado,Pinagsibaan,,,Zoning Certificate,Industrial Park Expansion,391.24
2025-02-19,U-474861,Danilo Fernandez,Mabato,,,Zoning Certificate,Agribusiness Construction,459.32
2025-02-19,U-216485,Antonio Mercado,Calantas,PTA-SZ-RA,14587.1,Zoning Certificate,Bank Financing Requirement,275.47
2025-02-19,U-308885,Luz Sanchez,Salao,R1-Z,208.54,Zoning Certificate,Bank Financing Requirement,366.86
2025-02-20,U-493724,Batangas Gold Enterprises,San Roque,,,Locational Clearance,Residential Construction,2064.31
2025-02-20,U-996881,Christian Mendoza,Bagong Pook,,,Zoning Certificate,Residential Construction,487.49
2025-02-20,U-059481,Grace Ramos,Mavalor,R1-Z,255.7,Zoning Certificate,Residential Construction,428.7
2025-02-21,U-322628,Sofia Dimaculangan,Pinagsibaan,,,Locational Clearance,Bank Financing Requirement,10049.26
2025-02-21,U-651508,Batangas Gold Realty & Development,Pinagsibaan,,,Locational Clearance,Facility/Structure Construction,7896.21
2025-02-21,U-379202,Grace Perez,Alupay,,,Zoning Certificate,Warehouse/Factory Construction,448.39
2025-02-21,U-780404,Antonio Cruz,Alupay,,,Zoning Certificate,Site Development Permit,264.99
2025-02-21,U-456155,Christian Ramos,San Roque,T-Z,3948.96,Zoning Certificate,General Property Clearance,355.11
2025-02-21,U-146316,Angel Macalalad,Poblacion A,MR2-SZ,150.75,Zoning Certificate,Bank Financing Requirement,275.13
2025-02-24,U-009961,Emmanuel Lopez,Alupay,,,Locational Clearance,General Property Clearance,8693.61
2025-02-24,U-904900,Christian Alday,Leviste,,,Zoning Certificate,Subdivision Phase 1,337.35
2025-02-24,U-091661,Ramon Macalalad,Pinagsibaan,,,Zoning Certificate,Industrial Park Expansion,402.72
2025-02-24,U-244238,Teresa Mercado,Matamis,R2-Z,110.85,Zoning Certificate,Subdivision Phase 1,412.27
2025-02-24,U-591251,Grace Castillo,Mabunga,PTA-SZ-RA,5148.06,Zoning Certificate,Subdivision Phase 1,444.61
2025-02-24,U-796509,Teresa Cruz,San Roque,BR2-SZ,125.38,Zoning Certificate,Bank Financing Requirement,373.08
2025-02-24,U-189845,Ramon Alday,Quilib,AgIndZ,5226.41,Zoning Certificate,Industrial Park Expansion,322.53
2025-02-25,U-688068,Chloe Santos,San Roque,C1-Z,481.17,Locational Clearance,Commercial Building Construction,15489.07
2025-02-26,U-699772,Angel Torres,Putingkahoy,PTA-SZ-RA,18431.93,Locational Clearance,Residential Construction,17053.39
2025-02-26,U-023560,Prime Realty & Development,Tulos,PTA-SZ-RA,3196.64,Locational Clearance,Bank Financing Requirement,6829.7
2025-02-26,U-699491,Luzon Integrated Enterprises,Masaya,R1-Z,107.49,Locational Clearance,Bank Financing Requirement,21050.16
2025-02-26,U-301313,Maria Dimaculangan,Alupay,I2-Z,5528.66,Locational Clearance,Environmental Compliance,21451.88
2025-02-26,U-925906,Jose Fernandez,Mayuro,R2-Z,84.1,Zoning Certificate,Residential Construction,400.19
2025-02-26,U-658005,Rosario Farms Corp.,Poblacion A,C2-Z,572.73,Zoning Certificate,Commercial Complex Development,369.74
2025-02-26,U-072338,Chloe Mendoza,Alupay,I1-Z,1683.9,Zoning Certificate,Environmental Compliance,475.55
2025-02-26,U-419263,Grace Castillo,Poblacion B,R2-Z,209.6,Zoning Certificate,Subdivision Phase 1,475.25
2025-02-27,U-223036,Southern Luzon Enterprises,San Isidro,R2-Z,201.51,Locational Clearance,Bank Financing Requirement,12754.41
2025-02-27,U-529659,Jose Reyes,Macalamcam A,,,Zoning Certificate,Residential Construction,369.23
2025-02-27,U-824649,Agri-Ventures Enterprises,San Carlos,CMRF,706.43,Zoning Certificate,Site Development Permit,279.95
2025-02-28,U-005783,Mark Garcia,Tulos,PTA-SZ-RA,6286.73,Locational Clearance,Bank Financing Requirement,12261.02
2025-02-28,U-526542,Luzon Integrated Enterprises,San Carlos,AgIndZ,4306.16,Locational Clearance,Industrial Park Expansion,14479.35
2025-02-28,U-689901,Batangas Gold Realty & Development,Maligaya,,,Zoning Certificate,Bank Financing Requirement,413.53
2025-02-28,U-147759,Emmanuel Torres,Poblacion E,C1-Z,390.91,Zoning Certificate,Commercial Building Construction,426.24
2025-02-28,U-361524,Chloe Rodriguez,Bayawang,AgIndZ,4543.99,Zoning Certificate,Industrial Park Expansion,483.78
2025-02-28,U-108978,Corazon Mercado,Matamis,R2-Z,222.45,Zoning Certificate,Subdivision Phase 1,372.75
2025-02-28,U-610086,Batangas Gold Holdings Inc.,Santa Cruz,R2-Z,218.0,Zoning Certificate,Subdivision Phase 1,390.38
2025-02-28,U-285258,Antonio Gonzales,Antipolo,PDA-SZ,4689.64,Zoning Certificate,Agribusiness Construction,458.38
2025-03-03,U-224638,Southern Luzon Commercial Center,Malaya,R1-Z,324.28,Development Permit,Subdivision Phase 1,57977.39
2025-03-03,U-629060,Victoria Comia,San Isidro,,,Locational Clearance,Bank Financing Requirement,6351.59
2025-03-03,U-559909,Angel Macalalad,Bagong Pook,,,Locational Clearance,Bank Financing Requirement,7409.94
2025-03-03,U-327670,Rosario Commercial Center,San Carlos,,,Locational Clearance,Industrial Park Expansion,14238.93
2025-03-03,U-011510,Emmanuel Santos,Bagong Pook,,,Locational Clearance,Subdivision Phase 1,2028.28
2025-03-03,U-016204,Angel Ramos,Balibago,,,Locational Clearance,Subdivision Phase 1,9244.09
2025-03-03,U-260542,Christian Bautista,Masaya,R1-Z,127.77,Locational Clearance,Bank Financing Requirement,5327.02
2025-03-03,U-204283,David Reyes,Santa Cruz,BR2-SZ,131.0,Locational Clearance,Bank Financing Requirement,4213.98
2025-03-03,U-417629,Daniel Gonzales,Poblacion A,R1-Z,347.98,Locational Clearance,Residential Construction,6935.43
2025-03-03,U-180867,Benjamin Mendoza,Alupay,I1-Z,1812.69,Locational Clearance,Industrial Park Expansion,3193.78
2025-03-03,U-064902,Maria Rodriguez,Bagong Pook,BR2-SZ,112.85,Locational Clearance,Subdivision Phase 1,18320.1
2025-03-03,U-799072,Agri-Ventures Logistics Inc.,Santa Cruz,C1-Z,226.52,Locational Clearance,Commercial Complex Development,9145.71
2025-03-03,U-842351,Emmanuel Mercado,Mabato,PDA-SZ,6699.11,Locational Clearance,Farm Development Permit,4026.19
2025-03-03,U-384045,Sofia Mercado,Alupay,AgIndZ-PTR,2997.18,Locational Clearance,Bank Financing Requirement,16366.12
2025-03-03,U-477375,Mark Comia,Bagong Pook,GI-Z,3255.93,Zoning Certificate,Environmental Compliance,474.07
2025-03-04,U-685310,Batangas Gold Trading Corp.,Poblacion A,R1-Z,275.79,Development Permit,Subdivision Phase 1,42232.08
2025-03-04,U-578427,Batangas Trading Corp.,Colongan,C1-Z,163.26,Development Permit,Commercial Building Construction,49981.19
2025-03-04,U-841643,Grace Alday,Pinagsibaan,I3-Z,10259.37,Locational Clearance,Environmental Compliance,8499.39
2025-03-04,U-849327,Batangas Commercial Center,Cahigam,R1-Z,198.65,Locational Clearance,Residential Construction,21737.46
2025-03-04,U-850194,Jose Bautista,Bagong Pook,R1-Z,118.76,Locational Clearance,Residential Construction,4371.33
2025-03-04,U-802450,Sofia Castillo,Bagong Pook,R2-Z,156.83,Locational Clearance,Residential Construction,2560.75
2025-03-04,U-878681,Emmanuel Dimaculangan,Calantas,PDA-SZ,6949.35,Locational Clearance,Agribusiness Construction,11935.99
2025-03-04,U-690856,Sofia Gonzales,Mabato,FR-SZ,23614.66,Locational Clearance,Subdivision Phase 1,3032.42
2025-03-04,U-169137,David Castillo,Pinagsibaan,,,Zoning Certificate,Warehouse/Factory Construction,251.13
2025-03-04,U-875348,Maria Mendoza,Santa Cruz,R1-Z,314.84,Zoning Certificate,Residential Construction,283.68
2025-03-04,U-125353,Juan Cruz,Alupay,UTS-Z,1561.57,Zoning Certificate,General Property Clearance,257.24
2025-03-04,U-741063,Batangas Gold Trading Corp.,Poblacion B,R1-Z,305.22,Zoning Certificate,Bank Financing Requirement,292.08
2025-03-04,U-692783,Rosario Farms Corp.,Namunga,R1-Z,331.97,Zoning Certificate,Residential Construction,292.14
2025-03-05,U-635879,Batangas Commercial Center,Poblacion A,,,Locational Clearance,Bank Financing Requirement,9828.39
2025-03-05,U-484813,Danilo Fernandez,Balibago,,,Locational Clearance,Warehouse/Factory Construction,3249.07
2025-03-05,U-856808,Prime Realty & Development,Macalamcam B,GI-Z,3074.66,Locational Clearance,Industrial Park Expansion,8953.19
2025-03-05,U-682994,Antonio Torres,Mabunga,PTA-SZ-RA,11031.97,Locational Clearance,Residential Construction,4454.17
2025-03-05,U-287906,Luz Sanchez,Santa Cruz,BR2-SZ,78.39,Locational Clearance,Bank Financing Requirement,16470.25
2025-03-05,U-896199,Luz Bautista,San Roque,R2-Z,229.65,Locational Clearance,Residential Construction,11662.58
2025-03-05,U-990687,Maria Dimaculangan,Leviste,PTA-SZ-RA,6000.92,Locational Clearance,Subdivision Phase 1,8965.23
2025-03-05,U-265213,Southern Luzon Enterprises,Leviste,,,Zoning Certificate,Land Title Verification,361.11
2025-03-05,U-526010,Batangas Trading Corp.,Namunga,R2-Z,122.95,Zoning Certificate,Bank Financing Requirement,443.39
2025-03-05,U-141030,Teresa Macalalad,Alupay,AgIndZ,6434.57,Zoning Certificate,Warehouse/Factory Construction,392.34
2025-03-05,U-465716,David Bautista,Quilib,R1-Z,328.77,Zoning Certificate,Residential Construction,367.45
2025-03-06,U-978319,Prime Farms Corp.,Maalas-As,PTA-SZ-RA,10876.46,Locational Clearance,Residential Construction,4791.01
2025-03-06,U-179678,Antonio Alday,Quilib,T-Z,2924.96,Locational Clearance,Site Development Permit,17629.66
2025-03-06,U-610912,Christian Cruz,Namunga,R1-Z,130.94,Locational Clearance,Residential Construction,17388.35
2025-03-06,U-083817,Antonio Alday,Nasi,R1-Z,329.53,Locational Clearance,Subdivision Phase 1,12123.33
2025-03-06,U-477543,Ramon Dimaculangan,San Isidro,PDA-SZ,6822.06,Locational Clearance,Farm Development Permit,10470.52
2025-03-06,U-616517,Luz Ramos,Santa Cruz,R1-Z,124.28,Locational Clearance,Subdivision Phase 1,4535.19
2025-03-07,U-130462,Agri-Ventures Trading Corp.,Pinagsibaan,AgIndZ,5845.3,Development Permit,Industrial Park Expansion,119024.01
2025-03-07,U-501923,Juan Bautista,San Isidro,,,Locational Clearance,Residential Construction,5755.63
2025-03-07,U-218958,Victoria Mendoza,Santa Cruz,,,Locational Clearance,Residential Construction,5980.23
2025-03-07,U-364287,Prime Holdings Inc.,San Isidro,R1-Z,325.47,Locational Clearance,Subdivision Phase 1,8776.01
2025-03-07,U-761799,Batangas Gold Logistics Inc.,Tulos,PTA-SZ-RA,17193.47,Locational Clearance,Residential Construction,7528.14
2025-03-07,U-369150,Angel Santos,Quilib,BR2-SZ,120.07,Locational Clearance,Residential Construction,21652.27
2025-03-07,U-082991,Danilo Garcia,Namuco,AgIndZ,2464.46,Locational Clearance,Warehouse/Factory Construction,13919.57
2025-03-07,U-112969,Maria Sanchez,Quilib,R2-Z,138.8,Locational Clearance,Subdivision Phase 1,13097.68
2025-03-07,U-928143,Southern Luzon Logistics Inc.,San Carlos,I1-Z,2196.39,Zoning Certificate,Environmental Compliance,295.08
2025-03-07,U-445841,Agri-Ventures Enterprises,San Roque,C1-Z,448.1,Zoning Certificate,Commercial Complex Development,366.19
2025-03-10,U-807090,David Santos,Bayawang,UTS-Z,2264.84,Locational Clearance,Facility/Structure Construction,8831.17
2025-03-10,U-068129,Jose Santos,Tulos,THSP-SZ,6339.94,Locational Clearance,Facility/Structure Construction,3015.64
2025-03-10,U-364451,Luz Macalalad,San Roque,R1-Z,151.57,Locational Clearance,Bank Financing Requirement,18640.28
2025-03-10,U-118233,Chloe Fernandez,Pinagsibaan,I2-Z,4770.59,Locational Clearance,Warehouse/Factory Construction,11741.62
2025-03-10,U-573604,Teresa Torres,Calantas,5491-APDA-SZ,3215.84,Locational Clearance,Land Title Verification,14185.56
2025-03-10,U-853596,Maria Rodriguez,San Carlos,UTS-Z,1043.63,Locational Clearance,General Property Clearance,7261.53
2025-03-10,U-802059,Angel Gonzales,Calantas,PDA-SZ,17435.31,Locational Clearance,Agribusiness Construction,10028.87
2025-03-10,U-221821,David Mercado,Putingkahoy,ECT-Z,3097.39,Zoning Certificate,Business Permit Requirement,276.35
2025-03-11,U-441659,Jose Gonzales,San Carlos,PDA-SZ,7143.41,Locational Clearance,Farm Development Permit,6681.63
2025-03-11,U-343445,Rosario Trading Corp.,Bulihan,C1-Z,493.43,Locational Clearance,Commercial Building Construction,2789.11
2025-03-11,U-768754,David Perez,Bagong Pook,BR2-SZ,133.3,Locational Clearance,Subdivision Phase 1,6348.13
2025-03-11,U-027773,Mark Torres,Alupay,I1-Z,3554.19,Locational Clearance,Industrial Park Expansion,19309.81
2025-03-11,U-114321,Southern Luzon Trading Corp.,Antipolo,GI-Z,588.93,Locational Clearance,Industrial Park Expansion,14509.64
2025-03-11,U-809516,Luzon Integrated Logistics Inc.,Baybayin,R2-Z,128.14,Locational Clearance,Residential Construction,15873.96
2025-03-11,U-333312,Juan Gonzales,Bulihan,,,Zoning Certificate,Warehouse/Factory Construction,323.11
2025-03-11,U-279440,Angel Cruz,Itlugan,PDA-SZ,3933.69,Zoning Certificate,Land Title Verification,432.28
2025-03-12,U-553979,Grace Torres,Pinagsibaan,,,Locational Clearance,General Property Clearance,14765.56
2025-03-12,U-216525,Christian Reyes,Poblacion A,R2-Z,246.18,Locational Clearance,Bank Financing Requirement,2672.61
2025-03-12,U-329644,Teresa Cruz,Alupay,UTS-Z,1893.47,Locational Clearance,Facility/Structure Construction,16606.36
2025-03-12,U-813280,Juan Sanchez,Calantas,PTA-SZ-RA,8243.48,Locational Clearance,Subdivision Phase 1,19711.6
2025-03-12,U-506494,Benjamin Cruz,Namuco,UTS-Z,599.45,Zoning Certificate,General Property Clearance,330.33
2025-03-12,U-018591,Batangas Farms Corp.,Bagong Pook,R1-Z,205.08,Zoning Certificate,Subdivision Phase 1,495.51
2025-03-13,U-315044,Batangas Enterprises,Quilib,R1-Z,205.99,Development Permit,Bank Financing Requirement,57603.16
2025-03-13,U-721433,Sofia Comia,Bagong Pook,,,Locational Clearance,Subdivision Phase 1,10895.96
2025-03-13,U-352344,Angel Bautista,Matamis,R1-Z,182.69,Locational Clearance,Subdivision Phase 1,9219.28
2025-03-13,U-857793,Daniel Torres,Putingkahoy,PDA-SZ,6285.62,Locational Clearance,Agribusiness Construction,13876.28
2025-03-13,U-194166,Batangas Trading Corp.,Mabunga,R1-Z,240.61,Locational Clearance,Bank Financing Requirement,16853.41
2025-03-13,U-900915,Angel Gonzales,Bagong Pook,R1-Z,344.11,Locational Clearance,Residential Construction,21148.35
2025-03-13,U-972905,Luz Fernandez,Poblacion A,R1-Z,255.54,Locational Clearance,Residential Construction,12284.33
2025-03-13,U-842314,Jose Comia,Namunga,T-Z,5675.73,Locational Clearance,General Property Clearance,19511.33
2025-03-13,U-861373,Antonio Dimaculangan,Namuco,CMRF,1552.35,Locational Clearance,Site Development Permit,5240.92
2025-03-13,U-411268,Agri-Ventures Enterprises,Bayawang,UTS-Z,715.08,Locational Clearance,Site Development Permit,14642.38
2025-03-13,U-439330,Southern Luzon Realty & Development,Balibago,R1-Z,108.81,Locational Clearance,Bank Financing Requirement,14584.17
2025-03-13,U-964270,Mark Ramos,Poblacion A,C1-Z,152.52,Locational Clearance,Commercial Complex Development,6936.38
2025-03-13,U-457479,Danilo Torres,Tulos,PTA-SZ-RA,5910.2,Locational Clearance,Subdivision Phase 1,6009.3
2025-03-13,U-106568,Danilo Cruz,Tulos,PDA-SZ,5758.29,Zoning Certificate,Farm Development Permit,337.1
2025-03-13,U-170988,Luzon Integrated Farms Corp.,Marilag,C1-Z,307.35,Zoning Certificate,Commercial Building Construction,380.97
2025-03-13,U-427318,Agri-Ventures Enterprises,Palakpak,R2-Z,179.13,Zoning Certificate,Subdivision Phase 1,341.17
2025-03-13,U-327721,Christian Mercado,Santa Cruz,R2-Z,183.35,Zoning Certificate,Subdivision Phase 1,452.34
2025-03-14,U-247682,Batangas Enterprises,San Roque,BR2-SZ,135.25,Development Permit,Bank Financing Requirement,68263.34
2025-03-14,U-424477,Juan Perez,Poblacion D,,,Locational Clearance,Business Permit Requirement,8378.24
2025-03-14,U-549772,Luz Cruz,Santa Cruz,BR2-SZ,141.23,Locational Clearance,Subdivision Phase 1,21813.02
2025-03-14,U-668776,Daniel Mercado,Maligaya,PDA-SZ,11544.09,Locational Clearance,Farm Development Permit,12242.99
2025-03-14,U-286393,Benjamin Rodriguez,Palakpak,C1-Z,469.9,Locational Clearance,Commercial Building Construction,10754.9
2025-03-14,U-576408,Ramon Mercado,Mayuro,R2-Z,178.87,Locational Clearance,Residential Construction,10448.81
2025-03-14,U-711168,Angel Mendoza,Santa Cruz,C1-Z,180.41,Locational Clearance,Commercial Building Construction,15813.32
2025-03-14,U-602070,Prime Enterprises,Matamis,R1-Z,262.46,Locational Clearance,Subdivision Phase 1,13696.09
2025-03-14,U-526387,Chloe Alday,Tulos,PDA-SZ,14743.27,Locational Clearance,Land Title Verification,18761.78
2025-03-14,U-332845,Sofia Bautista,Baybayin,R1-Z,148.22,Zoning Certificate,Bank Financing Requirement,336.54
2025-03-17,U-829289,Danilo Macalalad,Balibago,,,Locational Clearance,Subdivision Phase 1,12944.08
2025-03-17,U-172594,David Ramos,Putingkahoy,FZ,22059.96,Locational Clearance,Facility/Structure Construction,2920.46
2025-03-17,U-110548,David Mendoza,Mayuro,R2-Z,224.69,Locational Clearance,Subdivision Phase 1,9098.24
2025-03-17,U-479595,Teresa Mercado,Alupay,I2-Z,7629.13,Locational Clearance,Industrial Park Expansion,6237.53
2025-03-17,U-078242,Juan Gonzales,San Roque,BR2-SZ,71.45,Locational Clearance,Residential Construction,14257.14
2025-03-17,U-632542,Daniel Reyes,Bagong Pook,C1-Z,277.63,Locational Clearance,Commercial Building Construction,19324.38
2025-03-17,U-332600,Benjamin Mercado,Santa Cruz,R1-Z,122.78,Locational Clearance,Subdivision Phase 1,12802.22
2025-03-17,U-078464,Christian Gonzales,Tiquiwan,AgIndZ,6187.09,Locational Clearance,Industrial Park Expansion,9238.48
2025-03-17,U-258851,Corazon Garcia,Bagong Pook,C1-Z,388.4,Locational Clearance,Commercial Building Construction,18995.75
2025-03-18,U-618636,Danilo Santos,Tulos,,,Locational Clearance,Facility/Structure Construction,5635.76
2025-03-18,U-660489,Chloe Rodriguez,Quilib,,,Locational Clearance,Industrial Park Expansion,6914.36
2025-03-18,U-239862,Emmanuel Rodriguez,Namuco,,,Locational Clearance,Bank Financing Requirement,2352.82
2025-03-18,U-978702,Christian Castillo,Mabato,PDA-SZ,18287.05,Locational Clearance,Farm Development Permit,18538.7
2025-03-18,U-314568,Sofia Ramos,Marilag,R1-Z,260.26,Locational Clearance,Subdivision Phase 1,7935.67
2025-03-18,U-691209,Prime Realty & Development,Antipolo,R1-Z,195.79,Locational Clearance,Bank Financing Requirement,2317.22
2025-03-18,U-105478,Benjamin Garcia,Tulos,FZ,10978.34,Locational Clearance,Facility/Structure Construction,9674.76
2025-03-18,U-953388,Luzon Integrated Holdings Inc.,San Roque,BR2-SZ,96.66,Locational Clearance,Residential Construction,17543.09
2025-03-18,U-901862,Corazon Bautista,Baybayin,GI-Z,2373.25,Zoning Certificate,Industrial Park Expansion,262.4
2025-03-19,U-573302,Luzon Integrated Holdings Inc.,Poblacion E,MR2-SZ,65.86,Development Permit,Residential Construction,50777.23
2025-03-19,U-080714,Mark Lopez,Bulihan,AgIndZ,5405.21,Locational Clearance,Environmental Compliance,6245.73
2025-03-19,U-077542,Daniel Castillo,San Ignacio,R1-Z,255.84,Zoning Certificate,Bank Financing Requirement,428.84
2025-03-19,U-102007,Emmanuel Alday,Poblacion D,R1-Z,183.28,Zoning Certificate,Residential Construction,493.48
2025-03-19,U-944780,David Garcia,Bagong Pook,BR2-SZ,72.08,Zoning Certificate,Residential Construction,398.79
2025-03-20,U-750049,Mark Garcia,Santa Cruz,BR2-SZ,71.2,Development Permit,Residential Construction,48253.95
2025-03-20,U-093471,Southern Luzon Trading Corp.,Macalamcam B,R2-Z,99.25,Locational Clearance,Residential Construction,17828.81
2025-03-20,U-275004,Christian Lopez,Putingkahoy,FZ,7715.03,Locational Clearance,Facility/Structure Construction,16794.76
2025-03-20,U-908516,Juan Fernandez,Antipolo,R2-Z,123.84,Locational Clearance,Residential Construction,15851.4
2025-03-20,U-910213,Daniel Mercado,San Roque,R1-Z,339.6,Locational Clearance,Bank Financing Requirement,16359.21
2025-03-20,U-546218,Grace Mendoza,Quilib,R1-Z,297.49,Locational Clearance,Subdivision Phase 1,18257.26
2025-03-20,U-032221,Mark Santos,Namuco,CMRF,1879.02,Zoning Certificate,Site Development Permit,422.71
2025-03-21,U-406266,Corazon Bautista,Bagong Pook,,,Locational Clearance,Subdivision Phase 1,4794.89
2025-03-21,U-492522,Teresa Alday,Bagong Pook,R1-Z,197.94,Locational Clearance,Residential Construction,10598.41
2025-03-21,U-188919,Victoria Mercado,Quilib,R1-Z,266.18,Locational Clearance,Residential Construction,6388.0
2025-03-21,U-427401,Prime Realty & Development,Tulos,PTA-SZ-RA,19359.26,Locational Clearance,Residential Construction,6961.54
2025-03-21,U-759345,Emmanuel Rodriguez,Pinagsibaan,CMRF,1595.07,Locational Clearance,General Property Clearance,13058.97
2025-03-21,U-607342,Prime Realty & Development,Bayawang,I1-Z,1589.0,Locational Clearance,Warehouse/Factory Construction,11491.26
2025-03-21,U-464975,Christian Mercado,Alupay,AgIndZ-PTR,5607.46,Locational Clearance,Bank Financing Requirement,21251.16
2025-03-21,U-270815,Southern Luzon Commercial Center,Quilib,,,Zoning Certificate,Bank Financing Requirement,418.09
2025-03-21,U-777695,Emmanuel Lopez,Namunga,T-Z,4058.46,Zoning Certificate,General Property Clearance,483.66
2025-03-21,U-464859,Emmanuel Comia,Colongan,R2-Z,94.99,Zoning Certificate,Bank Financing Requirement,483.75
2025-03-24,U-182540,Batangas Gold Commercial Center,Bulihan,C1-Z,183.33,Development Permit,Commercial Building Construction,111602.97
2025-03-24,U-450938,Grace Lopez,Macalamcam A,R2-Z,137.68,Locational Clearance,Subdivision Phase 1,9999.75
2025-03-24,U-461936,Benjamin Dimaculangan,Macalamcam A,R1-Z,335.42,Locational Clearance,Subdivision Phase 1,10803.73
2025-03-24,U-350603,Southern Luzon Enterprises,Bagong Pook,BR2-SZ,144.62,Zoning Certificate,Subdivision Phase 1,316.87
2025-03-25,U-322512,Batangas Gold Realty & Development,San Carlos,UTS-Z,2143.97,Development Permit,Site Development Permit,111778.26
2025-03-25,U-546604,Prime Farms Corp.,Bayawang,AgIndZ,7860.84,Development Permit,Industrial Park Expansion,51412.52
2025-03-25,U-459437,Batangas Gold Realty & Development,Maligaya,,,Locational Clearance,Residential Construction,9440.25
2025-03-25,U-922934,Chloe Macalalad,Santa Cruz,,,Locational Clearance,Bank Financing Requirement,11749.9
2025-03-25,U-972159,Sofia Lopez,Baybayin,C1-Z,227.72,Locational Clearance,Commercial Building Construction,8152.49
2025-03-25,U-039901,Daniel Perez,Tiquiwan,C/MP-Z,2516.55,Locational Clearance,Business Permit Requirement,6571.42
2025-03-25,U-522818,Chloe Sanchez,Calantas,FZ,20064.36,Locational Clearance,Site Development Permit,16144.63
2025-03-25,U-603944,David Cruz,Quilib,C1-Z,282.9,Locational Clearance,Commercial Complex Development,7484.97
2025-03-25,U-913794,Grace Reyes,Alupay,I1-Z,2108.97,Locational Clearance,Environmental Compliance,21794.02
2025-03-25,U-068273,Ramon Bautista,Namuco,AgIndZ-PTR,6297.05,Locational Clearance,Subdivision Phase 1,21160.06
2025-03-25,U-054493,Angel Lopez,Alupay,I1-Z,4746.14,Locational Clearance,Warehouse/Factory Construction,14814.59
2025-03-25,U-698632,Southern Luzon Realty & Development,Matamis,,,Zoning Certificate,Industrial Park Expansion,257.93
2025-03-25,U-383493,Emmanuel Rodriguez,San Roque,C1-Z,180.97,Zoning Certificate,Business Permit Requirement,474.96
2025-03-26,U-806447,Agri-Ventures Logistics Inc.,Santa Cruz,C1-Z,309.92,Development Permit,Commercial Building Construction,54642.65
2025-03-26,U-230148,Mark Macalalad,Poblacion B,C2-Z,524.28,Locational Clearance,Business Permit Requirement,4956.95
2025-03-26,U-348423,Benjamin Castillo,Quilib,BR2-SZ,144.69,Locational Clearance,Residential Construction,20298.28
2025-03-26,U-095522,Juan Macalalad,Tulos,FR-SZ,17117.89,Locational Clearance,Subdivision Phase 1,20551.34
2025-03-26,U-634797,Danilo Dimaculangan,Bagong Pook,R1-Z,262.09,Locational Clearance,Subdivision Phase 1,14247.23
2025-03-26,U-461590,Antonio Mendoza,Poblacion B,MR2-SZ,69.09,Locational Clearance,Residential Construction,10059.71
2025-03-26,U-254399,Jose Castillo,Itlugan,R2-Z,190.06,Locational Clearance,Bank Financing Requirement,12100.15
2025-03-26,U-443414,Corazon Macalalad,San Carlos,UTS-Z,1703.36,Locational Clearance,Facility/Structure Construction,6621.55
2025-03-26,U-680499,Angel Dimaculangan,Bagong Pook,BR2-SZ,172.51,Locational Clearance,Residential Construction,4079.78
2025-03-26,U-824835,Corazon Macalalad,Tulos,ECT-Z,5224.05,Locational Clearance,Commercial Building Construction,9491.24
2025-03-26,U-674227,Ramon Alday,Itlugan,R2-Z,239.29,Locational Clearance,Bank Financing Requirement,11695.1
2025-03-26,U-139620,Sofia Sanchez,Santa Cruz,,,Zoning Certificate,Subdivision Phase 1,287.92
2025-03-26,U-467519,Prime Logistics Inc.,Macalamcam A,R1-Z,227.84,Zoning Certificate,Subdivision Phase 1,328.65
2025-03-27,U-653742,Danilo Mercado,Leviste,,,Locational Clearance,Subdivision Phase 1,9702.74
2025-03-27,U-273544,Antonio Torres,Masaya,PDA-SZ,9656.17,Locational Clearance,Farm Development Permit,15572.77
2025-03-27,U-814661,Juan Lopez,Nasi,PDA-SZ,18125.54,Locational Clearance,Land Title Verification,6896.43
2025-03-27,U-944652,Christian Mercado,Tulos,5491-APDA-SZ,3409.35,Locational Clearance,Land Title Verification,2331.95
2025-03-27,U-609603,Sofia Perez,Maalas-As,R2-Z,205.33,Locational Clearance,Bank Financing Requirement,17993.26
2025-03-27,U-619875,Luz Alday,Balibago,R1-Z,325.41,Locational Clearance,Residential Construction,20076.71
2025-03-27,U-440094,Chloe Santos,Santa Cruz,R2-Z,203.18,Locational Clearance,Bank Financing Requirement,15784.92
2025-03-27,U-145435,Mark Castillo,Tiquiwan,R1-Z,147.89,Locational Clearance,Bank Financing Requirement,9643.89
2025-03-28,U-077131,Maria Mercado,Marilag,,,Locational Clearance,Residential Construction,2085.72
2025-03-28,U-682519,Mark Torres,Poblacion B,MR2-SZ,190.23,Locational Clearance,Residential Construction,4644.41
2025-03-28,U-042359,Christian Comia,Mavalor,PDA-SZ,9218.68,Locational Clearance,Agribusiness Construction,5845.34
2025-03-28,U-128227,Mark Fernandez,Bagong Pook,R1-Z,134.57,Locational Clearance,Residential Construction,10871.27
2025-03-31,U-341650,Emmanuel Gonzales,Santa Cruz,AgIndZ,4989.4,Locational Clearance,Warehouse/Factory Construction,17621.04
2025-03-31,U-449445,Chloe Castillo,Mayuro,R2-Z,122.05,Locational Clearance,Bank Financing Requirement,7974.17
2025-03-31,U-778111,Mark Bautista,Leviste,,,Zoning Certificate,Subdivision Phase 1,482.69
2025-03-31,U-049550,Chloe Bautista,Alupay,AgIndZ-PGR,6652.08,Zoning Certificate,Bank Financing Requirement,299.57
2025-03-31,U-979852,Grace Reyes,Salao,R2-Z,161.44,Zoning Certificate,Bank Financing Requirement,454.74
2025-04-02,U-569309,Sofia Ramos,Santa Cruz,,,Locational Clearance,Subdivision Phase 1,11002.59
2025-04-02,U-643200,Danilo Fernandez,Mabato,,,Locational Clearance,Land Title Verification,2917.73
2025-04-02,U-729322,Emmanuel Castillo,Maligaya,R1-Z,348.15,Locational Clearance,Bank Financing Requirement,13978.34
2025-04-02,U-299355,Luzon Integrated Enterprises,Bagong Pook,R1-Z,114.21,Locational Clearance,Bank Financing Requirement,13033.21
2025-04-02,U-570459,Teresa Fernandez,Poblacion E,R1-Z,142.46,Locational Clearance,Residential Construction,13572.46
2025-04-02,U-932999,Ramon Cruz,Calantas,ECT-Z,7331.83,Locational Clearance,Commercial Complex Development,7147.32
2025-04-02,U-874915,Corazon Ramos,San Jose,PDA-SZ,6243.96,Locational Clearance,Farm Development Permit,18796.91
2025-04-02,U-156926,Jose Comia,Putingkahoy,PDA-SZ,5672.5,Locational Clearance,Farm Development Permit,9847.29
2025-04-02,U-807570,Benjamin Macalalad,Alupay,AgIndZ-PGR,8867.91,Locational Clearance,Residential Construction,15485.65
2025-04-02,U-690815,Mark Macalalad,Poblacion E,R1-Z,130.03,Locational Clearance,Bank Financing Requirement,17005.26
2025-04-02,U-028412,Luz Lopez,Namuco,I2-Z,5464.45,Locational Clearance,Industrial Park Expansion,19713.2
2025-04-02,U-110990,David Perez,Balibago,C1-Z,438.82,Locational Clearance,Commercial Building Construction,19558.99
2025-04-02,U-080784,David Rodriguez,Namuco,AgIndZ-PTR,6680.93,Locational Clearance,Residential Construction,18199.99
2025-04-03,U-556719,Batangas Gold Farms Corp.,Bagong Pook,R1-Z,165.4,Development Permit,Subdivision Phase 1,92459.04
2025-04-03,U-250776,Benjamin Macalalad,Balibago,R2-Z,116.92,Locational Clearance,Subdivision Phase 1,12005.58
2025-04-03,U-102911,David Alday,Maligaya,AgIndZ,6396.94,Locational Clearance,Industrial Park Expansion,11368.56
2025-04-03,U-153139,Rosario Trading Corp.,Poblacion A,R1-Z,293.85,Locational Clearance,Bank Financing Requirement,1557.19
2025-04-03,U-881747,Victoria Torres,Masaya,R2-Z,231.17,Locational Clearance,Subdivision Phase 1,7357.3
2025-04-03,U-034321,Luzon Integrated Realty & Development,Pinagsibaan,I1-Z,4003.03,Locational Clearance,Environmental Compliance,19071.34
2025-04-03,U-282224,Jose Lopez,Marilag,R1-Z,108.81,Locational Clearance,Subdivision Phase 1,3877.92
2025-04-03,U-273007,Emmanuel Mendoza,Leviste,C1-Z,158.17,Locational Clearance,Commercial Complex Development,16792.95
2025-04-03,U-280945,Jose Dimaculangan,Namunga,R1-Z,158.49,Locational Clearance,Subdivision Phase 1,16223.38
2025-04-03,U-387165,Teresa Rodriguez,Mabunga,R2-Z,206.32,Locational Clearance,Subdivision Phase 1,7870.95
2025-04-03,U-147854,Chloe Santos,Bagong Pook,,,Zoning Certificate,Subdivision Phase 1,293.55
2025-04-03,U-655394,Sofia Reyes,Bagong Pook,BR2-SZ,177.79,Zoning Certificate,Bank Financing Requirement,444.82
2025-04-03,U-834429,Luzon Integrated Commercial Center,Matamis,R2-Z,243.41,Zoning Certificate,Subdivision Phase 1,285.29
2025-04-04,U-305605,Prime Holdings Inc.,Natu,R2-Z,131.02,Development Permit,Residential Construction,77521.62
2025-04-04,U-916095,Corazon Sanchez,Poblacion D,R1-Z,236.58,Locational Clearance,Residential Construction,7898.65
2025-04-04,U-789131,Batangas Logistics Inc.,Poblacion E,MR2-SZ,90.64,Locational Clearance,Bank Financing Requirement,20056.85
2025-04-04,U-483264,David Garcia,Poblacion B,R1-Z,262.93,Locational Clearance,Bank Financing Requirement,13107.1
2025-04-04,U-599543,Angel Dimaculangan,Colongan,R1-Z,338.2,Locational Clearance,Bank Financing Requirement,6124.91
2025-04-04,U-016038,Mark Mercado,Tulos,PTA-SZ-RA,6985.35,Locational Clearance,Residential Construction,15742.25
2025-04-04,U-302057,Rosario Holdings Inc.,Quilib,T-Z,4826.62,Locational Clearance,General Property Clearance,2744.56
2025-04-04,U-421313,Jose Ramos,Pinagsibaan,I2-Z,7834.18,Locational Clearance,Industrial Park Expansion,20332.01
2025-04-04,U-823252,Prime Logistics Inc.,Bagong Pook,R1-Z,305.54,Locational Clearance,Subdivision Phase 1,17847.63
2025-04-04,U-563404,Daniel Mendoza,Quilib,BR2-SZ,134.48,Zoning Certificate,Bank Financing Requirement,464.06
2025-04-07,U-609209,Luzon Integrated Logistics Inc.,Mayuro,R1-Z,236.22,Locational Clearance,Subdivision Phase 1,17687.13
2025-04-07,U-314121,Luzon Integrated Enterprises,Santa Cruz,C1-Z,486.33,Locational Clearance,Commercial Building Construction,20147.89
2025-04-07,U-856955,Chloe Bautista,Poblacion A,C1-Z,459.61,Locational Clearance,Commercial Complex Development,15616.85
2025-04-07,U-063852,Chloe Garcia,San Isidro,R1-Z,333.91,Locational Clearance,Residential Construction,15171.72
2025-04-07,U-280403,Daniel Torres,San Roque,R1-Z,225.01,Locational Clearance,Residential Construction,20331.65
2025-04-07,U-727967,Rosario Holdings Inc.,Alupay,AgIndZ-PTR,5486.29,Locational Clearance,Subdivision Phase 1,18888.73
2025-04-07,U-697253,Batangas Realty & Development,Bagong Pook,R1-Z,343.15,Locational Clearance,Bank Financing Requirement,18842.37
2025-04-07,U-105238,Luzon Integrated Holdings Inc.,Poblacion A,R2-Z,80.24,Locational Clearance,Subdivision Phase 1,7937.72
2025-04-07,U-368040,Luz Santos,Santa Cruz,C1-Z,154.0,Locational Clearance,Business Permit Requirement,11901.42
2025-04-08,U-127352,Sofia Castillo,Pinagsibaan,,,Locational Clearance,Subdivision Phase 1,3459.56
2025-04-08,U-318750,Jose Reyes,Macalamcam A,,,Locational Clearance,Subdivision Phase 1,4862.93
2025-04-08,U-942906,Christian Torres,Bagong Pook,T-Z,4548.61,Locational Clearance,Facility/Structure Construction,18500.51
2025-04-08,U-710771,Sofia Dimaculangan,Matamis,PDA-SZ,4872.18,Locational Clearance,Farm Development Permit,11188.74
2025-04-08,U-849712,Benjamin Reyes,San Isidro,GI-Z,1034.57,Locational Clearance,Environmental Compliance,2021.69
2025-04-08,U-739710,Maria Castillo,Alupay,I1-Z,4080.66,Locational Clearance,Industrial Park Expansion,7592.58
2025-04-08,U-108935,Benjamin Fernandez,Pinagsibaan,CMRF,642.49,Locational Clearance,General Property Clearance,16915.02
2025-04-08,U-905354,Juan Comia,Bagong Pook,R1-Z,175.86,Locational Clearance,Subdivision Phase 1,13735.15
2025-04-08,U-404774,Angel Santos,Antipolo,R2-Z,107.27,Locational Clearance,Bank Financing Requirement,12805.74
2025-04-08,U-140817,Angel Mercado,Tulos,THSP-SZ,7086.05,Zoning Certificate,Facility/Structure Construction,383.43
2025-04-10,U-770918,Luzon Integrated Commercial Center,Itlugan,GI-Z,1312.83,Development Permit,Environmental Compliance,108766.77
2025-04-10,U-937183,Christian Castillo,Mavalor,PDA-SZ,4445.04,Locational Clearance,Land Title Verification,21082.37
2025-04-10,U-098779,David Reyes,Bayawang,AgIndZ,3400.67,Locational Clearance,Industrial Park Expansion,3187.23
2025-04-10,U-770329,Juan Mendoza,Alupay,UTS-Z,1592.36,Locational Clearance,Facility/Structure Construction,5946.22
2025-04-10,U-165229,Danilo Cruz,San Isidro,R1-Z,114.58,Locational Clearance,Residential Construction,9145.77
2025-04-10,U-618589,Prime Holdings Inc.,Santa Cruz,BR2-SZ,63.77,Locational Clearance,Subdivision Phase 1,6760.17
2025-04-10,U-406050,Antonio Castillo,Baybayin,PTA-SZ-RA,12869.39,Locational Clearance,Subdivision Phase 1,13596.37
2025-04-10,U-938625,Danilo Castillo,Namuco,I1-Z,1667.8,Locational Clearance,Warehouse/Factory Construction,15911.93
2025-04-10,U-914386,Teresa Garcia,Maligaya,R2-Z,101.27,Locational Clearance,Bank Financing Requirement,5982.9
2025-04-10,U-350063,Maria Cruz,Leviste,,,Zoning Certificate,Residential Construction,410.26
2025-04-10,U-275646,Christian Comia,Bayawang,I2-Z,3939.94,Zoning Certificate,Warehouse/Factory Construction,286.61
2025-04-10,U-369408,Luz Santos,San Roque,R1-Z,241.41,Zoning Certificate,Subdivision Phase 1,364.09
2025-04-10,U-218310,Teresa Dimaculangan,Masaya,R1-Z,177.85,Zoning Certificate,Residential Construction,379.71
2025-04-11,U-354763,Emmanuel Macalalad,Pinagsibaan,AgIndZ,3990.2,Locational Clearance,Industrial Park Expansion,15013.55
2025-04-11,U-728438,Juan Garcia,Santa Cruz,R1-Z,177.23,Locational Clearance,Subdivision Phase 1,6381.92
2025-04-11,U-186213,Benjamin Perez,San Isidro,R1-Z,132.28,Locational Clearance,Subdivision Phase 1,15151.96
2025-04-11,U-323140,Antonio Mendoza,Santa Cruz,R1-Z,179.62,Locational Clearance,Subdivision Phase 1,16911.05
2025-04-11,U-750322,Batangas Gold Farms Corp.,Quilib,BR2-SZ,94.73,Locational Clearance,Bank Financing Requirement,19538.11
2025-04-14,U-905514,Danilo Fernandez,Santa Cruz,R1-Z,319.04,Locational Clearance,Residential Construction,2291.98
2025-04-14,U-675043,David Fernandez,Namuco,AgIndZ-PGR,9305.36,Locational Clearance,Bank Financing Requirement,13570.05
2025-04-14,U-624869,Maria Sanchez,Bayawang,AgIndZ-PGR,4896.9,Locational Clearance,Bank Financing Requirement,12102.05
2025-04-14,U-291653,Danilo Garcia,Mabato,5491-APDA-SZ,1812.48,Locational Clearance,Farm Development Permit,12765.83
2025-04-14,U-792790,Teresa Dimaculangan,Bulihan,R2-Z,198.79,Locational Clearance,Subdivision Phase 1,9487.11
2025-04-14,U-480628,Danilo Comia,Namunga,R1-Z,207.9,Locational Clearance,Subdivision Phase 1,13810.66
2025-04-14,U-349243,Grace Rodriguez,Santa Cruz,R1-Z,272.89,Locational Clearance,Subdivision Phase 1,1923.36
2025-04-14,U-634360,Luz Sanchez,San Roque,C1-Z,172.01,Locational Clearance,Business Permit Requirement,21835.01
2025-04-14,U-767303,Teresa Rodriguez,San Roque,BR2-SZ,61.71,Locational Clearance,Bank Financing Requirement,17556.22
2025-04-14,U-990363,Teresa Dimaculangan,Quilib,,,Zoning Certificate,Industrial Park Expansion,284.46
2025-04-14,U-382799,Mark Cruz,Santa Cruz,,,Zoning Certificate,Residential Construction,401.68
2025-04-15,U-206479,Chloe Reyes,Marilag,C1-Z,264.05,Development Permit,Commercial Complex Development,30307.43
2025-04-15,U-202766,Sofia Alday,San Isidro,R1-Z,104.95,Locational Clearance,Subdivision Phase 1,18601.56
2025-04-15,U-624566,Rosario Commercial Center,Cahigam,R2-Z,232.79,Locational Clearance,Residential Construction,21829.21
2025-04-15,U-455911,Jose Gonzales,Macalamcam B,GI-Z,1706.68,Locational Clearance,Industrial Park Expansion,16320.68
2025-04-15,U-222035,Maria Macalalad,Pinagsibaan,AgIndZ-PGR,8807.45,Locational Clearance,Bank Financing Requirement,2878.15
2025-04-15,U-829946,Angel Garcia,Mayuro,R1-Z,334.96,Locational Clearance,Residential Construction,21329.78
2025-04-15,U-712594,Southern Luzon Farms Corp.,Alupay,I3-Z,11622.4,Locational Clearance,Environmental Compliance,5985.44
2025-04-15,U-935842,Rosario Logistics Inc.,Santa Cruz,R1-Z,294.81,Locational Clearance,Residential Construction,5338.77
2025-04-15,U-990684,Benjamin Rodriguez,Poblacion D,R1-Z,297.26,Locational Clearance,Subdivision Phase 1,14761.29
2025-04-15,U-360160,Batangas Gold Holdings Inc.,Pinagsibaan,I3-Z,11957.05,Locational Clearance,Industrial Park Expansion,12073.26
2025-04-16,U-432984,Luzon Integrated Logistics Inc.,Namuco,I2-Z,2254.93,Development Permit,Environmental Compliance,35547.27
2025-04-16,U-961714,Christian Torres,Pinagsibaan,,,Locational Clearance,Environmental Compliance,5940.88
2025-04-16,U-466015,Juan Sanchez,Calantas,,,Locational Clearance,Commercial Complex Development,13024.98
2025-04-16,U-550396,Daniel Garcia,Namuco,,,Locational Clearance,Warehouse/Factory Construction,4993.88
2025-04-16,U-373757,Christian Bautista,Calantas,,,Locational Clearance,Commercial Building Construction,13160.6
2025-04-16,U-972654,Juan Gonzales,Bulihan,,,Locational Clearance,Warehouse/Factory Construction,6811.77
2025-04-16,U-171003,Victoria Fernandez,Antipolo,,,Locational Clearance,Bank Financing Requirement,5426.63
2025-04-16,U-983050,Juan Garcia,Mayuro,PDA-SZ,14841.22,Locational Clearance,Land Title Verification,4838.04
2025-04-16,U-121529,Rosario Logistics Inc.,Tulos,FZ,12989.43,Locational Clearance,Site Development Permit,9731.19
2025-04-16,U-720071,Daniel Fernandez,Poblacion A,C1-Z,495.39,Locational Clearance,Business Permit Requirement,20098.29
2025-04-16,U-388359,Sofia Bautista,San Carlos,AgIndZ,6043.04,Locational Clearance,Industrial Park Expansion,10234.16
2025-04-16,U-543317,David Ramos,Alupay,CMRF,1592.29,Locational Clearance,Site Development Permit,1909.52
2025-04-16,U-726993,Agri-Ventures Trading Corp.,Masaya,R1-Z,348.79,Locational Clearance,Bank Financing Requirement,13481.22
2025-04-16,U-015715,Prime Holdings Inc.,San Roque,R2-Z,190.4,Locational Clearance,Subdivision Phase 1,2565.77
2025-04-16,U-853543,David Dimaculangan,Namuco,CMRF,1184.28,Locational Clearance,Site Development Permit,20505.63
2025-04-16,U-941322,Juan Mercado,Putingkahoy,PDA-SZ,10127.52,Locational Clearance,Agribusiness Construction,19153.31
2025-04-16,U-026330,Angel Lopez,Balibago,R1-Z,163.51,Locational Clearance,Subdivision Phase 1,4665.39
2025-04-16,U-867988,Teresa Mendoza,Masaya,C/MP-Z,1740.12,Zoning Certificate,Commercial Complex Development,449.25
2025-04-21,U-997764,Mark Torres,Namuco,CMRF,453.48,Locational Clearance,General Property Clearance,6046.23
2025-04-21,U-036644,Prime Trading Corp.,Santa Cruz,BR2-SZ,178.55,Locational Clearance,Bank Financing Requirement,4657.88
2025-04-21,U-691484,Rosario Enterprises,Bagong Pook,R1-Z,348.58,Locational Clearance,Residential Construction,16559.79
2025-04-21,U-360320,Batangas Gold Realty & Development,Santa Cruz,R2-Z,129.26,Locational Clearance,Bank Financing Requirement,6577.61
2025-04-21,U-759202,Agri-Ventures Farms Corp.,Quilib,R2-Z,208.45,Locational Clearance,Subdivision Phase 1,14073.85
2025-04-21,U-545376,Juan Ramos,Bagong Pook,R1-Z,163.1,Locational Clearance,Bank Financing Requirement,9245.93
2025-04-21,U-722217,Rosario Commercial Center,Antipolo,R1-Z,104.67,Locational Clearance,Subdivision Phase 1,13859.03
2025-04-21,U-178571,Chloe Comia,Mabunga,PDA-SZ,5476.7,Locational Clearance,Agribusiness Construction,10980.27
2025-04-21,U-561617,Chloe Garcia,San Carlos,AgIndZ-PGR,6690.33,Locational Clearance,Residential Construction,14476.87
2025-04-21,U-563373,Juan Cruz,Matamis,WZ,2105.78,Locational Clearance,Facility/Structure Construction,16845.16
2025-04-21,U-612273,Mark Gonzales,Maligaya,R2-Z,233.24,Zoning Certificate,Bank Financing Requirement,345.74
2025-04-22,U-682040,Batangas Holdings Inc.,Santa Cruz,R2-Z,241.79,Development Permit,Subdivision Phase 1,87901.68
2025-04-22,U-196218,Christian Fernandez,Tulos,,,Locational Clearance,Residential Construction,3625.34
2025-04-22,U-630985,Corazon Bautista,Bagong Pook,R2-Z,231.11,Locational Clearance,Subdivision Phase 1,7540.38
2025-04-22,U-813150,Batangas Gold Commercial Center,Poblacion A,R1-Z,235.91,Locational Clearance,Subdivision Phase 1,11021.57
2025-04-22,U-272240,Rosario Enterprises,San Roque,R1-Z,187.52,Locational Clearance,Bank Financing Requirement,18605.56
2025-04-22,U-259824,Grace Rodriguez,Bagong Pook,R1-Z,123.94,Locational Clearance,Bank Financing Requirement,9275.64
2025-04-22,U-011359,Daniel Sanchez,Santa Cruz,R1-Z,144.36,Locational Clearance,Bank Financing Requirement,2724.99
2025-04-22,U-508876,Sofia Ramos,Poblacion A,R1-Z,217.26,Locational Clearance,Bank Financing Requirement,15771.49
2025-04-23,U-488793,Teresa Macalalad,Poblacion A,,,Locational Clearance,Bank Financing Requirement,3635.58
2025-04-23,U-243165,Benjamin Santos,Lumbangan,,,Locational Clearance,Bank Financing Requirement,14181.97
2025-04-23,U-753465,Jose Macalalad,Baybayin,,,Locational Clearance,Subdivision Phase 1,8568.12
2025-04-23,U-460000,Ramon Lopez,Bagong Pook,,,Locational Clearance,Bank Financing Requirement,14358.66
2025-04-23,U-445926,Prime Holdings Inc.,Namuco,AgIndZ,7728.55,Locational Clearance,Environmental Compliance,21122.99
2025-04-23,U-570769,David Dimaculangan,Poblacion B,R2-Z,244.49,Locational Clearance,Residential Construction,7554.46
2025-04-23,U-458597,Agri-Ventures Enterprises,Natu,R1-Z,277.96,Locational Clearance,Subdivision Phase 1,7413.96
2025-04-23,U-639450,Christian Sanchez,Putingkahoy,FZ,8736.91,Locational Clearance,General Property Clearance,3295.41
2025-04-23,U-581687,Teresa Torres,Namuco,UTS-Z,1214.64,Locational Clearance,Facility/Structure Construction,14508.46
2025-04-23,U-949912,Batangas Trading Corp.,Pinagsibaan,I2-Z,6757.6,Zoning Certificate,Industrial Park Expansion,408.35
2025-04-23,U-394127,Luzon Integrated Commercial Center,Santa Cruz,BR2-SZ,125.65,Zoning Certificate,Residential Construction,265.92
2025-04-24,U-525247,David Lopez,San Carlos,,,Locational Clearance,Facility/Structure Construction,8350.63
2025-04-24,U-758685,Chloe Macalalad,Itlugan,PDA-SZ,17340.56,Locational Clearance,Farm Development Permit,15619.63
2025-04-24,U-169861,Christian Ramos,Pinagsibaan,I2-Z,5234.81,Locational Clearance,Industrial Park Expansion,15641.67
2025-04-24,U-756538,Southern Luzon Farms Corp.,Bayawang,AgIndZ-PGR,9272.03,Locational Clearance,Subdivision Phase 1,18685.55
2025-04-24,U-523679,Ramon Macalalad,Namunga,BR2-SZ,171.63,Locational Clearance,Subdivision Phase 1,20401.96
2025-04-24,U-730497,Teresa Comia,Colongan,R2-Z,140.82,Locational Clearance,Subdivision Phase 1,12472.86
2025-04-24,U-247862,Batangas Gold Enterprises,Bayawang,AgIndZ-PTR,9292.64,Locational Clearance,Subdivision Phase 1,18629.36
2025-04-24,U-248544,Juan Dimaculangan,Alupay,CMRF,457.77,Locational Clearance,General Property Clearance,8592.07
2025-04-24,U-695171,Teresa Cruz,Macalamcam B,C1-Z,401.56,Locational Clearance,Commercial Building Construction,10130.86
2025-04-24,U-715674,Juan Torres,Bagong Pook,,,Zoning Certificate,Bank Financing Requirement,313.0
2025-04-25,U-859070,Luzon Integrated Enterprises,Namuco,CMRF,745.78,Development Permit,General Property Clearance,62442.22
2025-04-25,U-823226,Agri-Ventures Logistics Inc.,Baybayin,R2-Z,113.78,Development Permit,Residential Construction,118024.42
2025-04-25,U-987811,Juan Dimaculangan,Bagong Pook,C1-Z,170.09,Locational Clearance,Business Permit Requirement,8112.36
2025-04-25,U-220513,Luz Garcia,Lumbangan,R1-Z,188.63,Locational Clearance,Residential Construction,4676.97
2025-04-25,U-729095,Emmanuel Mercado,San Isidro,R2-Z,238.13,Locational Clearance,Bank Financing Requirement,1831.41
2025-04-25,U-701553,Batangas Farms Corp.,Masaya,PDA-SZ,8495.63,Locational Clearance,Farm Development Permit,13845.44
2025-04-25,U-707464,Luzon Integrated Farms Corp.,Leviste,C/MP-Z,1685.85,Locational Clearance,Commercial Building Construction,14262.86
2025-04-25,U-967373,Daniel Bautista,Alupay,I1-Z,4817.36,Locational Clearance,Industrial Park Expansion,18476.59
2025-04-25,U-289517,Emmanuel Mercado,Bagong Pook,GI-Z,3057.87,Locational Clearance,Industrial Park Expansion,1596.32
2025-04-25,U-684265,Benjamin Ramos,Natu,C1-Z,246.0,Locational Clearance,Business Permit Requirement,12189.81
2025-04-25,U-170216,Rosario Farms Corp.,Cahigam,R2-Z,99.81,Locational Clearance,Subdivision Phase 1,7041.49
2025-04-28,U-524796,Victoria Dimaculangan,Masaya,R2-Z,219.05,Locational Clearance,Subdivision Phase 1,4580.79
2025-04-28,U-532494,Daniel Alday,Itlugan,R2-Z,158.98,Locational Clearance,Residential Construction,2313.45
2025-04-28,U-611163,Emmanuel Castillo,Santa Cruz,R1-Z,332.12,Locational Clearance,Residential Construction,21113.3
2025-04-28,U-679591,Rosario Realty & Development,Lumbangan,R1-Z,219.55,Locational Clearance,Residential Construction,14614.89
2025-04-28,U-076734,Danilo Bautista,Quilib,R1-Z,196.81,Locational Clearance,Subdivision Phase 1,14201.81
2025-04-28,U-941117,Luzon Integrated Commercial Center,Poblacion B,MR2-SZ,108.08,Locational Clearance,Residential Construction,2637.01
2025-04-28,U-571239,Prime Holdings Inc.,Salao,PDA-SZ,10417.68,Locational Clearance,Agribusiness Construction,21067.0
2025-04-28,U-269434,David Torres,Palakpak,PDA-SZ,17589.9,Locational Clearance,Farm Development Permit,10554.49
2025-04-28,U-841462,David Fernandez,Bagong Pook,R2-Z,80.27,Locational Clearance,Residential Construction,8942.46
2025-04-28,U-177337,Grace Dimaculangan,San Roque,R1-Z,172.37,Locational Clearance,Subdivision Phase 1,12473.71
2025-04-28,U-239178,Benjamin Mercado,Santa Cruz,GI-Z,1484.49,Locational Clearance,Warehouse/Factory Construction,19026.47
2025-04-29,U-297974,Jose Mendoza,Itlugan,,,Locational Clearance,Bank Financing Requirement,3134.82
2025-04-29,U-799419,Batangas Gold Commercial Center,Quilib,,,Locational Clearance,Subdivision Phase 1,6976.18
2025-04-29,U-110513,Southern Luzon Farms Corp.,Pinagsibaan,AgIndZ,6735.82,Locational Clearance,Environmental Compliance,11694.09
2025-04-29,U-805162,Corazon Lopez,Masaya,R2-Z,187.77,Locational Clearance,Bank Financing Requirement,17208.47
2025-04-29,U-277977,Corazon Reyes,Alupay,UTS-Z,1426.19,Locational Clearance,General Property Clearance,21246.33
2025-04-29,U-417950,David Rodriguez,Masaya,GI-Z,2435.22,Locational Clearance,Industrial Park Expansion,15786.37
2025-04-29,U-997231,Grace Fernandez,Namuco,AgIndZ,7179.5,Locational Clearance,Warehouse/Factory Construction,4478.6
2025-04-29,U-314486,Corazon Santos,Alupay,I1-Z,3684.65,Locational Clearance,Environmental Compliance,13092.1
2025-04-29,U-016157,Emmanuel Garcia,Santa Cruz,R2-Z,94.44,Locational Clearance,Subdivision Phase 1,16212.72
2025-04-29,U-232122,Victoria Castillo,Bulihan,R1-Z,167.27,Locational Clearance,Residential Construction,10254.49
2025-04-29,U-642695,David Santos,Poblacion E,C1-Z,437.89,Locational Clearance,Commercial Complex Development,20196.36
2025-04-29,U-221287,Danilo Ramos,San Isidro,C1-Z,159.6,Locational Clearance,Business Permit Requirement,5248.43
2025-04-29,U-402711,David Ramos,Bagong Pook,BR2-SZ,100.04,Zoning Certificate,Bank Financing Requirement,353.51
2025-04-30,U-199996,Antonio Mercado,Bagong Pook,,,Locational Clearance,Residential Construction,10991.22
2025-04-30,U-016664,Batangas Enterprises,Pinagsibaan,,,Locational Clearance,Environmental Compliance,8136.24
2025-04-30,U-703541,Antonio Comia,Bagong Pook,AgIndZ,4571.99,Locational Clearance,Industrial Park Expansion,19543.41
2025-04-30,U-603283,Grace Comia,San Roque,R2-Z,94.94,Locational Clearance,Subdivision Phase 1,10822.43
2025-04-30,U-693142,Juan Gonzales,Balibago,R2-Z,94.35,Locational Clearance,Residential Construction,1675.46
2025-04-30,U-545708,Agri-Ventures Commercial Center,Tulos,5491-APDA-SZ,3210.32,Locational Clearance,Farm Development Permit,10589.63
2025-04-30,U-346023,Juan Garcia,Namunga,R1-Z,157.31,Locational Clearance,Subdivision Phase 1,13515.56
2025-04-30,U-132543,Danilo Torres,Quilib,R1-Z,141.61,Locational Clearance,Residential Construction,12175.49
2025-04-30,U-756781,Grace Macalalad,Bagong Pook,PDA-SZ,7237.6,Locational Clearance,Farm Development Permit,6066.35
2025-04-30,U-720386,Jose Bautista,Santa Cruz,T-Z,3836.65,Locational Clearance,Site Development Permit,2449.9
2025-04-30,U-627554,David Mercado,Santa Cruz,R1-Z,316.7,Locational Clearance,Subdivision Phase 1,15211.18
2025-05-02,U-015313,Rosario Logistics Inc.,Quilib,R2-Z,188.25,Development Permit,Subdivision Phase 1,31912.15
2025-05-02,U-479547,Rosario Realty & Development,Quilib,R1-Z,231.05,Locational Clearance,Subdivision Phase 1,13261.82
2025-05-02,U-281244,Corazon Torres,Pinagsibaan,AgIndZ-PGR,9632.56,Locational Clearance,Bank Financing Requirement,16265.85
2025-05-02,U-733849,Mark Dimaculangan,Namunga,R2-Z,209.54,Locational Clearance,Residential Construction,7942.16
2025-05-02,U-160896,Benjamin Sanchez,Santa Cruz,BR2-SZ,71.87,Locational Clearance,Residential Construction,17402.65
2025-05-02,U-933808,David Mercado,Baybayin,C1-Z,406.24,Locational Clearance,Commercial Complex Development,13239.6
2025-05-02,U-242678,Corazon Cruz,Alupay,AgIndZ-PGR,9439.72,Locational Clearance,Residential Construction,6654.38
2025-05-02,U-635243,Danilo Lopez,Bulihan,R2-Z,180.1,Locational Clearance,Subdivision Phase 1,9211.02
2025-05-02,U-003560,Jose Gonzales,Itlugan,,,Zoning Certificate,Agribusiness Construction,391.64
2025-05-02,U-481053,Benjamin Perez,Antipolo,R1-Z,167.42,Zoning Certificate,Residential Construction,471.43
2025-05-02,U-813661,Daniel Dimaculangan,San Isidro,PTA-SZ-RA,8172.85,Zoning Certificate,Residential Construction,315.52
2025-05-05,U-527532,Prime Farms Corp.,San Roque,R1-Z,190.35,Development Permit,Residential Construction,83793.14
2025-05-05,U-924213,Juan Cruz,San Roque,R1-Z,104.46,Locational Clearance,Residential Construction,17298.05
2025-05-05,U-925027,Danilo Santos,Leviste,R1-Z,115.52,Locational Clearance,Residential Construction,8933.75
2025-05-05,U-990843,Maria Castillo,Namuco,I1-Z,3466.15,Locational Clearance,Environmental Compliance,11297.37
2025-05-05,U-437770,Batangas Trading Corp.,Poblacion B,C1-Z,160.53,Locational Clearance,Business Permit Requirement,21574.45
2025-05-05,U-972837,Southern Luzon Enterprises,Tulos,PDA-SZ,11970.47,Locational Clearance,Land Title Verification,8853.83
2025-05-05,U-556922,Mark Mercado,Namuco,I1-Z,3908.59,Locational Clearance,Industrial Park Expansion,1721.03
2025-05-06,U-728230,Chloe Garcia,San Roque,,,Locational Clearance,Residential Construction,13308.77
2025-05-06,U-474842,Corazon Sanchez,Pinagsibaan,,,Locational Clearance,General Property Clearance,4761.79
2025-05-06,U-168479,Jose Mercado,Cahigam,R1-Z,226.55,Locational Clearance,Residential Construction,10185.46
2025-05-06,U-031617,Angel Garcia,San Isidro,R2-Z,217.19,Locational Clearance,Residential Construction,14485.84
2025-05-06,U-678897,Antonio Lopez,Pinagsibaan,I1-Z,3377.57,Locational Clearance,Industrial Park Expansion,9908.8
2025-05-06,U-626987,Danilo Fernandez,Poblacion B,R1-Z,343.7,Locational Clearance,Residential Construction,10718.74
2025-05-06,U-024860,Danilo Mercado,Alupay,AgIndZ,4441.87,Locational Clearance,Industrial Park Expansion,5829.25
2025-05-06,U-373058,Teresa Dimaculangan,Mabato,PTA-SZ-RA,12203.72,Locational Clearance,Bank Financing Requirement,3961.8
2025-05-06,U-517062,David Cruz,Bagong Pook,R1-Z,225.35,Locational Clearance,Subdivision Phase 1,10291.94
2025-05-06,U-444237,Agri-Ventures Logistics Inc.,Natu,R2-Z,191.07,Locational Clearance,Subdivision Phase 1,17095.77
2025-05-06,U-218778,Agri-Ventures Farms Corp.,Leviste,R2-Z,182.44,Locational Clearance,Subdivision Phase 1,20793.48
2025-05-06,U-712782,Danilo Bautista,Colongan,PTA-SZ-RA,9086.64,Locational Clearance,Bank Financing Requirement,13318.48
2025-05-06,U-653349,Luzon Integrated Commercial Center,Quilib,R2-Z,232.55,Zoning Certificate,Subdivision Phase 1,416.47
2025-05-07,U-908515,Juan Reyes,Namuco,,,Locational Clearance,Industrial Park Expansion,1936.8
2025-05-07,U-586495,Emmanuel Castillo,San Roque,R2-Z,222.97,Locational Clearance,Bank Financing Requirement,13060.96
2025-05-07,U-099570,Benjamin Sanchez,Salao,PDA-SZ,14282.06,Locational Clearance,Farm Development Permit,7561.2
2025-05-07,U-331535,Sofia Comia,Marilag,R1-Z,137.81,Locational Clearance,Residential Construction,19449.15
2025-05-07,U-534203,Victoria Rodriguez,Matamis,R1-Z,256.17,Locational Clearance,Bank Financing Requirement,8252.61
2025-05-07,U-252922,Christian Torres,Baybayin,R1-Z,315.9,Locational Clearance,Bank Financing Requirement,6808.25
2025-05-07,U-284210,Batangas Logistics Inc.,San Isidro,R2-Z,86.93,Locational Clearance,Residential Construction,16442.68
2025-05-08,U-007587,Ramon Perez,Putingkahoy,,,Locational Clearance,Commercial Complex Development,2019.02
2025-05-08,U-163783,Corazon Mercado,Pinagsibaan,,,Locational Clearance,Warehouse/Factory Construction,10363.3
2025-05-08,U-185724,Sofia Sanchez,Santa Cruz,,,Locational Clearance,Residential Construction,13459.14
2025-05-08,U-455176,Daniel Cruz,Matamis,R1-Z,100.36,Locational Clearance,Subdivision Phase 1,4486.42
2025-05-08,U-845961,David Reyes,Quilib,R1-Z,127.49,Locational Clearance,Bank Financing Requirement,7657.56
2025-05-08,U-161498,Sofia Fernandez,Mabunga,R1-Z,111.28,Locational Clearance,Subdivision Phase 1,18649.02
2025-05-08,U-489976,Antonio Mendoza,Itlugan,R2-Z,96.45,Locational Clearance,Bank Financing Requirement,17915.8
2025-05-08,U-508235,Luzon Integrated Logistics Inc.,San Jose,R1-Z,334.0,Locational Clearance,Bank Financing Requirement,7496.4
2025-05-08,U-711218,Rosario Farms Corp.,Masaya,R2-Z,212.02,Locational Clearance,Subdivision Phase 1,19065.46
2025-05-08,U-038549,Grace Macalalad,Namuco,CMRF,1869.72,Zoning Certificate,Facility/Structure Construction,384.92
2025-05-09,U-149686,Victoria Fernandez,Namunga,R2-Z,132.29,Locational Clearance,Subdivision Phase 1,8403.74
2025-05-09,U-617965,Danilo Dimaculangan,Alupay,I2-Z,5616.64,Locational Clearance,Industrial Park Expansion,6931.62
2025-05-09,U-828553,Luzon Integrated Logistics Inc.,Macalamcam A,PTA-SZ-RA,17476.72,Locational Clearance,Subdivision Phase 1,6600.4
2025-05-09,U-344787,Emmanuel Cruz,Colongan,PDA-SZ,18344.76,Locational Clearance,Agribusiness Construction,3442.52
2025-05-09,U-539200,Teresa Gonzales,Santa Cruz,R1-Z,286.69,Zoning Certificate,Residential Construction,301.42
2025-05-13,U-488085,Grace Garcia,Alupay,UTS-Z,623.02,Locational Clearance,Facility/Structure Construction,5424.34
2025-05-13,U-925093,Danilo Comia,Cahigam,AgIndZ,7029.23,Locational Clearance,Environmental Compliance,11147.08
2025-05-13,U-154422,Juan Gonzales,Mabunga,R2-Z,157.82,Locational Clearance,Bank Financing Requirement,15941.16
2025-05-13,U-732344,Victoria Gonzales,Antipolo,R2-Z,100.37,Locational Clearance,Subdivision Phase 1,16583.66
2025-05-13,U-033655,Batangas Holdings Inc.,Alupay,CMRF,1817.89,Locational Clearance,Facility/Structure Construction,19248.85
2025-05-13,U-399730,Sofia Garcia,Namuco,I3-Z,8221.97,Locational Clearance,Environmental Compliance,5104.43
2025-05-14,U-569670,Batangas Commercial Center,Natu,,,Locational Clearance,Business Permit Requirement,13443.04
2025-05-14,U-524495,Teresa Rodriguez,Santa Cruz,R1-Z,299.31,Locational Clearance,Bank Financing Requirement,15023.51
2025-05-14,U-355258,Southern Luzon Realty & Development,Poblacion D,R2-Z,213.48,Locational Clearance,Residential Construction,20210.07
2025-05-14,U-714310,Prime Farms Corp.,Poblacion E,C2-Z,588.0,Locational Clearance,Business Permit Requirement,15124.69
2025-05-14,U-234801,Luz Fernandez,Antipolo,R2-Z,192.97,Locational Clearance,Residential Construction,7149.21
2025-05-14,U-497661,Juan Dimaculangan,Poblacion A,R2-Z,128.99,Locational Clearance,Subdivision Phase 1,2219.17
2025-05-14,U-511259,Batangas Realty & Development,Calantas,FR-SZ,12241.94,Locational Clearance,Bank Financing Requirement,8606.91
2025-05-14,U-723912,Chloe Garcia,Poblacion A,R1-Z,335.87,Locational Clearance,Residential Construction,12801.6
2025-05-14,U-528819,Rosario Commercial Center,Bagong Pook,R2-Z,191.07,Locational Clearance,Subdivision Phase 1,9588.86
2025-05-14,U-333480,Prime Logistics Inc.,Matamis,PDA-SZ,13771.82,Locational Clearance,Agribusiness Construction,20781.57
2025-05-15,U-001319,Angel Gonzales,San Isidro,PDA-SZ,12740.79,Development Permit,Farm Development Permit,47689.41
2025-05-15,U-997204,Agri-Ventures Commercial Center,San Roque,,,Locational Clearance,Bank Financing Requirement,13546.47
2025-05-15,U-737190,Rosario Realty & Development,Colongan,C1-Z,254.77,Locational Clearance,Business Permit Requirement,3945.25
2025-05-15,U-781361,Luzon Integrated Enterprises,Bulihan,R2-Z,101.81,Locational Clearance,Subdivision Phase 1,19863.54
2025-05-15,U-272590,Ramon Fernandez,Mabato,PDA-SZ,9569.77,Locational Clearance,Agribusiness Construction,12090.17
2025-05-15,U-653606,Luzon Integrated Trading Corp.,Baybayin,R2-Z,87.64,Locational Clearance,Subdivision Phase 1,16172.97
2025-05-15,U-931050,Juan Castillo,Calantas,5491-APDA-SZ,4766.5,Locational Clearance,Land Title Verification,18550.14
2025-05-15,U-628184,Corazon Santos,San Ignacio,PDA-SZ,18120.69,Locational Clearance,Farm Development Permit,6573.46
2025-05-15,U-805755,Corazon Macalalad,Itlugan,C1-Z,413.89,Locational Clearance,Commercial Complex Development,19127.19
2025-05-15,U-010684,Juan Fernandez,Marilag,,,Zoning Certificate,Commercial Building Construction,383.18
2025-05-15,U-353067,Luzon Integrated Holdings Inc.,Putingkahoy,PDA-SZ,11350.09,Zoning Certificate,Agribusiness Construction,337.26
2025-05-15,U-178333,David Gonzales,Maalas-As,R1-Z,336.74,Zoning Certificate,Residential Construction,340.8
2025-05-16,U-266939,Emmanuel Alday,San Carlos,,,Locational Clearance,Environmental Compliance,9335.94
2025-05-16,U-503754,Southern Luzon Realty & Development,Namuco,AgIndZ-PGR,5555.84,Locational Clearance,Bank Financing Requirement,11846.04
2025-05-16,U-802353,Mark Cruz,Baybayin,R1-Z,112.17,Locational Clearance,Bank Financing Requirement,2241.29
2025-05-16,U-394727,Maria Cruz,Poblacion A,R2-Z,172.4,Locational Clearance,Residential Construction,21334.06
2025-05-16,U-325798,Rosario Holdings Inc.,Mabunga,R2-Z,204.2,Locational Clearance,Residential Construction,13976.04
2025-05-16,U-947502,Corazon Mendoza,Itlugan,R1-Z,202.79,Locational Clearance,Bank Financing Requirement,10331.54
2025-05-16,U-324469,Grace Bautista,San Roque,,,Zoning Certificate,Residential Construction,429.91
2025-05-19,U-653092,Ramon Macalalad,Pinagsibaan,,,Locational Clearance,Industrial Park Expansion,8975.46
2025-05-19,U-994326,Maria Rodriguez,Santa Cruz,,,Locational Clearance,Subdivision Phase 1,9342.63
2025-05-19,U-197519,Victoria Santos,Tulos,PDA-SZ,2963.89,Locational Clearance,Farm Development Permit,8382.59
2025-05-19,U-718948,Daniel Mendoza,Calantas,PDA-SZ,3817.38,Locational Clearance,Agribusiness Construction,7732.15
2025-05-19,U-601754,Grace Gonzales,Santa Cruz,R1-Z,292.48,Locational Clearance,Bank Financing Requirement,6277.01
2025-05-19,U-947082,Grace Comia,Tulos,THSP-SZ,9040.24,Locational Clearance,Site Development Permit,5007.12
2025-05-19,U-533992,Christian Mendoza,Santa Cruz,BR2-SZ,164.8,Locational Clearance,Subdivision Phase 1,4127.86
2025-05-19,U-220268,Teresa Macalalad,Pinagsibaan,I1-Z,4258.29,Locational Clearance,Environmental Compliance,20674.71
2025-05-19,U-844142,Benjamin Macalalad,Masaya,R2-Z,210.06,Locational Clearance,Subdivision Phase 1,3772.51
2025-05-19,U-251679,Antonio Macalalad,Lumbangan,PDA-SZ,10294.47,Locational Clearance,Farm Development Permit,9055.47
2025-05-19,U-068147,Juan Mercado,Poblacion B,MR2-SZ,82.48,Locational Clearance,Bank Financing Requirement,15417.46
2025-05-19,U-846110,Southern Luzon Enterprises,Santa Cruz,R1-Z,124.02,Locational Clearance,Subdivision Phase 1,1620.13
2025-05-19,U-310467,Prime Realty & Development,Santa Cruz,,,Zoning Certificate,Subdivision Phase 1,323.29
2025-05-19,U-788871,Corazon Castillo,Bagong Pook,,,Zoning Certificate,Industrial Park Expansion,498.88
2025-05-20,U-842277,Antonio Cruz,Alupay,,,Locational Clearance,General Property Clearance,9799.16
2025-05-20,U-869450,Maria Macalalad,San Isidro,C/MP-Z,2700.6,Locational Clearance,Commercial Building Construction,4274.27
2025-05-20,U-517564,Grace Gonzales,San Roque,R1-Z,232.63,Locational Clearance,Residential Construction,18370.0
2025-05-20,U-951708,Sofia Santos,Pinagsibaan,I1-Z,1936.81,Locational Clearance,Warehouse/Factory Construction,2254.66
2025-05-20,U-548386,Teresa Lopez,San Roque,T-Z,1900.26,Locational Clearance,Site Development Permit,15623.31
2025-05-21,U-888835,Angel Castillo,San Roque,,,Locational Clearance,Warehouse/Factory Construction,11782.28
2025-05-21,U-536514,Batangas Logistics Inc.,Quilib,R2-Z,240.71,Locational Clearance,Bank Financing Requirement,17690.33
2025-05-21,U-804211,Chloe Castillo,Bagong Pook,GI-Z,1883.47,Locational Clearance,Industrial Park Expansion,5262.67
2025-05-21,U-590120,Batangas Commercial Center,Maalas-As,R2-Z,183.42,Locational Clearance,Residential Construction,7673.15
2025-05-21,U-743925,Prime Farms Corp.,Palakpak,C/MP-Z,2571.01,Locational Clearance,Commercial Complex Development,15043.97
2025-05-21,U-163748,Maria Lopez,Alupay,I3-Z,6370.45,Locational Clearance,Warehouse/Factory Construction,3395.02
2025-05-21,U-399518,Batangas Gold Realty & Development,Poblacion D,R1-Z,322.45,Locational Clearance,Subdivision Phase 1,9934.74
2025-05-21,U-393333,David Mendoza,Namunga,R1-Z,334.55,Locational Clearance,Residential Construction,17827.63
2025-05-21,U-147841,Rosario Enterprises,Namuco,AgIndZ-PGR,7556.89,Locational Clearance,Residential Construction,9038.51
2025-05-21,U-425159,Corazon Gonzales,Matamis,R1-Z,266.92,Zoning Certificate,Subdivision Phase 1,326.27
2025-05-21,U-976424,Prime Realty & Development,Poblacion D,R2-Z,188.91,Zoning Certificate,Subdivision Phase 1,327.26
2025-05-22,U-072205,Agri-Ventures Farms Corp.,Alupay,I1-Z,3253.64,Development Permit,Warehouse/Factory Construction,62373.16
2025-05-22,U-034750,Batangas Farms Corp.,San Roque,BR2-SZ,73.97,Development Permit,Subdivision Phase 1,71377.5
2025-05-22,U-624191,Sofia Reyes,Santa Cruz,,,Locational Clearance,Business Permit Requirement,12970.85
2025-05-22,U-762487,Angel Cruz,San Carlos,I2-Z,7416.82,Locational Clearance,Warehouse/Factory Construction,9944.28
2025-05-22,U-509846,Daniel Mercado,Bagong Pook,C1-Z,498.42,Locational Clearance,Commercial Building Construction,9801.88
2025-05-22,U-603799,Christian Garcia,Poblacion A,C1-Z,240.63,Locational Clearance,Business Permit Requirement,14636.47
2025-05-22,U-071909,Angel Lopez,Cahigam,C/MP-Z,748.14,Locational Clearance,Commercial Building Construction,4640.99
2025-05-22,U-041596,Corazon Garcia,Balibago,C/MP-Z,2076.49,Locational Clearance,Commercial Complex Development,2936.95
2025-05-22,U-637753,Antonio Torres,Alupay,CMRF,1896.84,Locational Clearance,Facility/Structure Construction,1644.83
2025-05-22,U-983938,Danilo Cruz,Namuco,I2-Z,3554.82,Locational Clearance,Industrial Park Expansion,8861.15
2025-05-22,U-522241,Batangas Enterprises,Quilib,R1-Z,315.62,Locational Clearance,Bank Financing Requirement,3143.71
2025-05-22,U-748173,Grace Santos,Pinagsibaan,I2-Z,7362.7,Zoning Certificate,Warehouse/Factory Construction,264.17
2025-05-23,U-082952,Batangas Farms Corp.,Mayuro,C1-Z,241.33,Locational Clearance,Business Permit Requirement,15248.82
2025-05-23,U-241715,Luzon Integrated Commercial Center,Poblacion A,C2-Z,730.47,Locational Clearance,Business Permit Requirement,14643.96
2025-05-26,U-836364,Luzon Integrated Holdings Inc.,Matamis,R1-Z,120.92,Development Permit,Bank Financing Requirement,73332.18
2025-05-26,U-831580,Batangas Gold Logistics Inc.,San Jose,R2-Z,228.33,Locational Clearance,Bank Financing Requirement,21571.5
2025-05-26,U-025375,Juan Santos,Cahigam,C/MP-Z,1675.79,Locational Clearance,Commercial Building Construction,7084.98
2025-05-26,U-340821,Ramon Dimaculangan,Poblacion B,R1-Z,173.68,Locational Clearance,Bank Financing Requirement,21057.56
2025-05-26,U-037692,Victoria Comia,Masaya,R1-Z,254.54,Locational Clearance,Bank Financing Requirement,5529.62
2025-05-26,U-199959,Luzon Integrated Holdings Inc.,San Roque,R1-Z,345.52,Locational Clearance,Bank Financing Requirement,21242.57
2025-05-26,U-435964,Ramon Alday,San Isidro,R2-Z,165.95,Locational Clearance,Residential Construction,7042.12
2025-05-26,U-950007,Sofia Sanchez,San Isidro,R2-Z,132.68,Locational Clearance,Bank Financing Requirement,21152.63
2025-05-26,U-189808,Antonio Bautista,Baybayin,R2-Z,91.58,Locational Clearance,Subdivision Phase 1,2402.55
2025-05-26,U-025445,Chloe Fernandez,Pinagsibaan,I1-Z,4679.67,Locational Clearance,Environmental Compliance,21001.78
2025-05-26,U-307766,Danilo Comia,Namunga,,,Zoning Certificate,Subdivision Phase 1,373.34
2025-05-26,U-438542,Ramon Mendoza,Quilib,BR2-SZ,139.04,Zoning Certificate,Residential Construction,299.4
2025-05-27,U-189988,Daniel Macalalad,Mabato,5491-APDA-SZ,3547.7,Development Permit,Land Title Verification,54908.74
2025-05-27,U-276140,Maria Cruz,Leviste,,,Locational Clearance,Bank Financing Requirement,4989.14
2025-05-27,U-503114,Batangas Gold Holdings Inc.,Bagong Pook,R1-Z,334.39,Locational Clearance,Residential Construction,16560.34
2025-05-27,U-504161,Prime Logistics Inc.,Leviste,R1-Z,330.01,Locational Clearance,Residential Construction,2779.34
2025-05-27,U-366784,Grace Mendoza,Poblacion A,C2-Z,206.13,Locational Clearance,Commercial Complex Development,6436.21
2025-05-27,U-801634,Emmanuel Mendoza,Tulos,PTA-SZ-RA,13237.9,Locational Clearance,Residential Construction,21621.77
2025-05-27,U-261042,Rosario Trading Corp.,San Carlos,CMRF,1879.68,Locational Clearance,General Property Clearance,4161.54
2025-05-27,U-244384,Sofia Dimaculangan,Bagong Pook,R1-Z,337.48,Locational Clearance,Subdivision Phase 1,10558.02
2025-05-27,U-731325,Chloe Comia,Timbugan,R1-Z,108.47,Locational Clearance,Subdivision Phase 1,21393.43
2025-05-27,U-227307,Luzon Integrated Commercial Center,Alupay,I2-Z,2680.06,Locational Clearance,Warehouse/Factory Construction,18168.82
2025-05-27,U-629180,Luz Santos,Masaya,R2-Z,160.27,Locational Clearance,Subdivision Phase 1,7931.16
2025-05-27,U-741142,Daniel Lopez,Alupay,I2-Z,3448.41,Zoning Certificate,Environmental Compliance,276.4
2025-05-28,U-092415,Danilo Garcia,Colongan,R1-Z,190.21,Locational Clearance,Subdivision Phase 1,21183.19
2025-05-28,U-115276,Emmanuel Mendoza,Bagong Pook,C1-Z,453.49,Locational Clearance,Business Permit Requirement,15342.04
2025-05-28,U-412163,Corazon Rodriguez,Poblacion B,R2-Z,127.68,Locational Clearance,Residential Construction,14927.08
2025-05-28,U-798424,Emmanuel Fernandez,Leviste,R1-Z,341.1,Locational Clearance,Residential Construction,16117.97
2025-05-28,U-714124,Juan Perez,Baybayin,R2-Z,207.01,Locational Clearance,Residential Construction,8775.47
2025-05-28,U-916665,David Comia,San Roque,R1-Z,252.17,Locational Clearance,Subdivision Phase 1,20332.04
2025-05-28,U-859696,Luz Lopez,Malaya,R1-Z,255.96,Zoning Certificate,Subdivision Phase 1,395.46
2025-05-29,U-587884,Juan Torres,Namuco,AgIndZ,7799.98,Development Permit,Industrial Park Expansion,96727.55
2025-05-29,U-493111,Agri-Ventures Commercial Center,Tulos,,,Locational Clearance,Commercial Building Construction,8798.31
2025-05-29,U-169231,Victoria Rodriguez,Santa Cruz,R1-Z,180.52,Locational Clearance,Residential Construction,10620.97
2025-05-29,U-395671,Rosario Logistics Inc.,Poblacion C,C1-Z,321.93,Locational Clearance,Business Permit Requirement,8656.94
2025-05-29,U-726360,Luzon Integrated Realty & Development,Matamis,R2-Z,90.84,Locational Clearance,Residential Construction,14251.79
2025-05-29,U-754891,Benjamin Sanchez,Namuco,UTS-Z,2501.08,Locational Clearance,Site Development Permit,10037.47
2025-05-29,U-309307,Christian Lopez,Namunga,R2-Z,170.45,Locational Clearance,Residential Construction,7835.76
2025-05-29,U-776320,Christian Garcia,Bagong Pook,R1-Z,330.04,Locational Clearance,Residential Construction,21622.69
2025-05-29,U-515296,Mark Dimaculangan,San Roque,R2-Z,107.01,Locational Clearance,Subdivision Phase 1,19401.16
2025-05-30,U-629642,Mark Bautista,Leviste,,,Locational Clearance,Bank Financing Requirement,4949.48
2025-05-30,U-202465,Luzon Integrated Realty & Development,Baybayin,PTA-SZ-RA,11504.2,Locational Clearance,Residential Construction,11607.31
2025-05-30,U-799288,Juan Cruz,Santa Cruz,T-Z,2480.79,Locational Clearance,General Property Clearance,11214.79
2025-05-30,U-551510,Sofia Sanchez,Calantas,5491-APDA-SZ,4717.89,Locational Clearance,Farm Development Permit,4761.3
2025-05-30,U-595381,Christian Castillo,Santa Cruz,R2-Z,210.12,Locational Clearance,Residential Construction,11897.05
2025-05-30,U-506133,Ramon Santos,Namuco,I3-Z,6887.39,Locational Clearance,Warehouse/Factory Construction,5485.37
2025-05-30,U-181739,Daniel Comia,Balibago,R2-Z,113.56,Locational Clearance,Bank Financing Requirement,20011.42
2025-06-02,U-248388,Southern Luzon Enterprises,Leviste,,,Locational Clearance,Land Title Verification,3152.95
2025-06-02,U-290502,Juan Torres,Bagong Pook,,,Locational Clearance,Subdivision Phase 1,2827.27
2025-06-02,U-421485,Agri-Ventures Enterprises,Mabunga,R1-Z,147.95,Locational Clearance,Bank Financing Requirement,20230.12
2025-06-02,U-648364,Chloe Cruz,Macalamcam B,R1-Z,246.99,Locational Clearance,Residential Construction,19865.6
2025-06-02,U-697019,Grace Cruz,Masaya,R2-Z,236.27,Zoning Certificate,Subdivision Phase 1,433.04
2025-06-03,U-454008,Batangas Logistics Inc.,Bagong Pook,R1-Z,343.11,Locational Clearance,Residential Construction,4757.18
2025-06-03,U-210174,Chloe Mercado,San Carlos,,,Zoning Certificate,Bank Financing Requirement,396.89
2025-06-04,U-548325,Southern Luzon Trading Corp.,Quilib,R2-Z,247.1,Development Permit,Bank Financing Requirement,46364.8
2025-06-04,U-231716,Batangas Gold Enterprises,Namunga,R1-Z,130.07,Locational Clearance,Subdivision Phase 1,2958.59
2025-06-04,U-804396,Corazon Bautista,Balibago,PDA-SZ,9888.2,Locational Clearance,Land Title Verification,18800.26
2025-06-04,U-408809,Danilo Santos,Lumbangan,PDA-SZ,2750.38,Locational Clearance,Farm Development Permit,19617.94
2025-06-04,U-553151,Agri-Ventures Enterprises,San Carlos,I1-Z,3986.27,Locational Clearance,Warehouse/Factory Construction,13455.17
2025-06-04,U-979617,David Gonzales,Palakpak,R1-Z,212.06,Zoning Certificate,Residential Construction,273.51
2025-06-04,U-441677,Emmanuel Alday,San Carlos,AgIndZ-PTR,7557.39,Zoning Certificate,Residential Construction,281.05
2025-06-05,U-029456,Grace Perez,Alupay,,,Locational Clearance,Industrial Park Expansion,14600.35
2025-06-05,U-089485,Mark Cruz,Santa Cruz,,,Locational Clearance,Subdivision Phase 1,13308.63
2025-06-05,U-434064,Emmanuel Cruz,Namunga,C1-Z,421.2,Zoning Certificate,Commercial Building Construction,367.28
2025-06-05,U-570734,Corazon Mendoza,Mabato,PDA-SZ,18231.88,Zoning Certificate,Land Title Verification,302.81
2025-06-10,U-488969,Chloe Santos,Bagong Pook,,,Locational Clearance,Residential Construction,5246.08
2025-06-10,U-269028,Christian Mendoza,Bagong Pook,,,Locational Clearance,Bank Financing Requirement,11214.45
2025-06-10,U-667608,Victoria Gonzales,Namunga,C1-Z,320.7,Locational Clearance,Commercial Building Construction,3642.15
2025-06-10,U-968810,Mark Perez,Santa Cruz,R2-Z,139.49,Locational Clearance,Residential Construction,6209.18
2025-06-10,U-708810,Jose Cruz,Poblacion D,C2-Z,567.09,Locational Clearance,Commercial Complex Development,6841.28
2025-06-11,U-418179,Southern Luzon Commercial Center,Quilib,,,Locational Clearance,Subdivision Phase 1,2953.9
2025-06-11,U-863804,Sofia Perez,Namunga,R1-Z,167.31,Locational Clearance,Residential Construction,16308.16
2025-06-11,U-277855,Batangas Farms Corp.,Pinagsibaan,I2-Z,6740.92,Locational Clearance,Warehouse/Factory Construction,17796.27
2025-06-11,U-773141,Maria Bautista,Poblacion A,,,Zoning Certificate,Commercial Complex Development,391.74
2025-06-11,U-584035,Sofia Santos,San Carlos,,,Zoning Certificate,Environmental Compliance,495.71
2025-06-11,U-873838,Teresa Reyes,Poblacion B,R2-Z,184.28,Zoning Certificate,Subdivision Phase 1,332.08
2025-06-13,U-047413,Luzon Integrated Realty & Development,Quilib,R2-Z,151.44,Development Permit,Subdivision Phase 1,53562.2
2025-06-13,U-421889,Prime Realty & Development,Santa Cruz,,,Locational Clearance,Residential Construction,9796.03
2025-06-13,U-354460,Juan Gonzales,Bulihan,R1-Z,138.9,Locational Clearance,Residential Construction,1636.03
2025-06-16,U-404950,Grace Macalalad,Poblacion E,MR2-SZ,67.01,Locational Clearance,Bank Financing Requirement,8313.74
2025-06-16,U-547448,Juan Rodriguez,Alupay,AgIndZ-PGR,5801.04,Locational Clearance,Subdivision Phase 1,14026.29
2025-06-16,U-532765,David Fernandez,Poblacion A,C2-Z,300.11,Locational Clearance,Commercial Complex Development,20772.57
2025-06-16,U-640435,Maria Comia,Bagong Pook,BR2-SZ,74.81,Zoning Certificate,Bank Financing Requirement,380.04
2025-06-16,U-724159,Maria Fernandez,Poblacion E,C1-Z,487.79,Zoning Certificate,Commercial Complex Development,353.89
2025-06-18,U-391735,Christian Lopez,Alupay,I1-Z,1906.44,Locational Clearance,Environmental Compliance,10775.6
2025-06-18,U-118552,Rosario Logistics Inc.,Quilib,BR2-SZ,158.5,Locational Clearance,Subdivision Phase 1,9398.52
2025-06-18,U-686808,Grace Dimaculangan,Masaya,PDA-SZ,14751.67,Locational Clearance,Land Title Verification,14875.16
2025-06-18,U-183995,Antonio Rodriguez,Balibago,C1-Z,423.0,Zoning Certificate,Commercial Complex Development,470.5
2025-06-18,U-852965,Sofia Alday,Balibago,PDA-SZ,16661.72,Zoning Certificate,Agribusiness Construction,275.99
2025-06-19,U-442977,Christian Alday,Leviste,,,Locational Clearance,Residential Construction,4317.08
2025-06-19,U-195208,Jose Gonzales,Itlugan,,,Locational Clearance,Agribusiness Construction,8415.22
2025-06-19,U-014702,Maria Reyes,Santa Cruz,R1-Z,189.17,Locational Clearance,Bank Financing Requirement,20259.67
2025-06-19,U-093010,Benjamin Perez,San Roque,R1-Z,235.32,Zoning Certificate,Subdivision Phase 1,273.38
2025-06-20,U-348155,Chloe Gonzales,Bagong Pook,R1-Z,343.39,Locational Clearance,Bank Financing Requirement,1846.06
2025-06-20,U-422621,Danilo Gonzales,Leviste,R1-Z,238.36,Locational Clearance,Subdivision Phase 1,14598.2
2025-06-20,U-199252,Benjamin Santos,Alupay,,,Zoning Certificate,Subdivision Phase 1,327.4
2025-06-23,U-129057,Grace Mercado,Balibago,C1-Z,272.62,Locational Clearance,Commercial Complex Development,10618.29
2025-06-23,U-902168,Grace Comia,Mabato,PDA-SZ,11614.54,Locational Clearance,Farm Development Permit,17012.65
2025-06-24,U-810401,Daniel Fernandez,San Isidro,PTA-SZ-RA,4774.19,Development Permit,Residential Construction,118442.86
2025-06-24,U-198465,Rosario Holdings Inc.,Pinagsibaan,AgIndZ,4412.75,Locational Clearance,Environmental Compliance,18511.58
2025-06-24,U-720524,Benjamin Santos,Poblacion E,R1-Z,123.96,Locational Clearance,Residential Construction,20325.03
2025-06-24,U-799454,Mark Bautista,Quilib,R1-Z,185.99,Locational Clearance,Residential Construction,8644.7
2025-06-24,U-406201,Luzon Integrated Realty & Development,Santa Cruz,,,Zoning Certificate,Bank Financing Requirement,469.3
2025-06-25,U-815580,Grace Lopez,Antipolo,C1-Z,187.92,Locational Clearance,Business Permit Requirement,21492.89
2025-06-25,U-858802,Benjamin Sanchez,San Isidro,R1-Z,274.41,Locational Clearance,Bank Financing Requirement,6966.81
2025-06-25,U-893866,Maria Dimaculangan,Mabato,ECT-Z,2927.32,Locational Clearance,Commercial Building Construction,5055.98
2025-06-25,U-753809,Danilo Torres,Salao,R1-Z,130.29,Locational Clearance,Bank Financing Requirement,20280.59
2025-06-25,U-890035,Victoria Santos,Balibago,PTA-SZ-RA,19219.21,Locational Clearance,Subdivision Phase 1,4759.44
2025-06-25,U-515068,Emmanuel Macalalad,Palakpak,R2-Z,82.91,Locational Clearance,Residential Construction,7364.55
2025-06-26,U-235763,Batangas Gold Logistics Inc.,Macalamcam A,C1-Z,264.93,Locational Clearance,Business Permit Requirement,15860.85
2025-06-26,U-109928,Luzon Integrated Farms Corp.,Santa Cruz,R2-Z,87.81,Locational Clearance,Bank Financing Requirement,11739.42
2025-06-26,U-941395,Mark Ramos,Namunga,BR2-SZ,107.91,Locational Clearance,Bank Financing Requirement,14103.13
2025-06-26,U-953533,Angel Perez,Poblacion A,,,Zoning Certificate,Residential Construction,440.48
2025-06-27,U-156450,David Castillo,Pinagsibaan,,,Locational Clearance,Environmental Compliance,8753.22
2025-06-27,U-436385,Ramon Rodriguez,San Jose,GI-Z,963.96,Locational Clearance,Industrial Park Expansion,19210.24
2025-06-27,U-762143,Chloe Santos,Cahigam,R2-Z,183.91,Locational Clearance,Subdivision Phase 1,3687.32
2025-06-27,U-833155,David Comia,Santa Cruz,,,Zoning Certificate,Residential Construction,255.62
2025-06-27,U-709619,Chloe Cruz,Pinagsibaan,,,Zoning Certificate,Environmental Compliance,267.01
2025-06-27,U-085676,Emmanuel Sanchez,Poblacion D,R1-Z,133.68,Zoning Certificate,Bank Financing Requirement,450.61
2025-06-27,U-725748,Corazon Alday,Quilib,R1-Z,262.85,Zoning Certificate,Subdivision Phase 1,439.08
2025-06-30,U-474256,Agri-Ventures Logistics Inc.,Bulihan,R1-Z,281.15,Zoning Certificate,Subdivision Phase 1,407.96
2025-07-01,U-691297,Luzon Integrated Realty & Development,Alupay,I3-Z,5493.16,Locational Clearance,Warehouse/Factory Construction,13065.71
2025-07-01,U-929614,Daniel Lopez,Poblacion E,C2-Z,714.54,Locational Clearance,Commercial Complex Development,20655.3
2025-07-01,U-596341,Juan Ramos,Santa Cruz,BR2-SZ,72.2,Locational Clearance,Subdivision Phase 1,3843.38
2025-07-02,U-159541,Teresa Cruz,Cahigam,R1-Z,147.79,Locational Clearance,Residential Construction,12002.32
2025-07-03,U-794888,Benjamin Garcia,Nasi,R1-Z,315.55,Zoning Certificate,Residential Construction,436.29
2025-07-04,U-656161,Rosario Holdings Inc.,Colongan,R2-Z,192.19,Development Permit,Subdivision Phase 1,50726.45
2025-07-04,U-915818,Grace Perez,Santa Cruz,R1-Z,115.32,Zoning Certificate,Residential Construction,396.72
2025-07-08,U-132837,Chloe Mercado,San Carlos,,,Locational Clearance,Bank Financing Requirement,14317.68
2025-07-09,U-326819,Teresa Sanchez,Bagong Pook,R2-Z,146.07,Locational Clearance,Subdivision Phase 1,8139.08
2025-07-10,U-832001,Luzon Integrated Holdings Inc.,Poblacion A,,,Zoning Certificate,Bank Financing Requirement,260.51
2025-07-11,U-493128,Southern Luzon Realty & Development,Matamis,,,Locational Clearance,Warehouse/Factory Construction,7881.68
2025-07-11,U-152394,Mark Dimaculangan,Santa Cruz,R2-Z,189.35,Zoning Certificate,Bank Financing Requirement,486.74
2025-07-15,U-316219,Sofia Castillo,Santa Cruz,GI-Z,2927.21,Zoning Certificate,Environmental Compliance,422.45
2025-07-16,U-178356,Maria Bautista,Poblacion A,,,Locational Clearance,Commercial Building Construction,10391.6
2025-07-16,U-396628,Southern Luzon Realty & Development,Poblacion A,C1-Z,284.22,Locational Clearance,Commercial Complex Development,15335.82
2025-07-17,U-903302,Benjamin Alday,Mayuro,PTA-SZ-RA,6796.85,Locational Clearance,Bank Financing Requirement,9816.62
2025-07-18,U-517637,Agri-Ventures Enterprises,Poblacion E,C2-Z,305.61,Locational Clearance,Business Permit Requirement,16114.7
2025-07-21,U-744478,Luz Alday,Balibago,R2-Z,236.86,Locational Clearance,Residential Construction,8681.33
2025-07-21,U-175911,Daniel Garcia,Lumbangan,R2-Z,145.73,Zoning Certificate,Bank Financing Requirement,411.77
2025-07-22,U-479193,Benjamin Ramos,Putingkahoy,FZ,29940.28,Locational Clearance,General Property Clearance,16120.36
2025-07-25,U-532672,Ramon Ramos,Bagong Pook,R1-Z,290.81,Locational Clearance,Bank Financing Requirement,11355.19
2025-07-28,U-518498,Luzon Integrated Enterprises,Quilib,BR2-SZ,75.08,Locational Clearance,Subdivision Phase 1,21223.95
2025-07-29,U-724597,Teresa Dimaculangan,Quilib,,,Locational Clearance,Warehouse/Factory Construction,7246.61
2025-07-29,U-732204,Jose Bautista,Alupay,I1-Z,3081.41,Locational Clearance,Environmental Compliance,16970.24
2025-07-30,U-043061,Angel Fernandez,Santa Cruz,BR2-SZ,143.62,Development Permit,Bank Financing Requirement,28042.19
2025-07-30,U-528358,Corazon Castillo,Bagong Pook,,,Locational Clearance,Warehouse/Factory Construction,5174.47
2025-07-30,U-969709,David Macalalad,San Isidro,AgIndZ,2379.84,Locational Clearance,Industrial Park Expansion,2678.99
2025-07-30,U-207341,Sofia Mercado,Mayuro,R2-Z,116.49,Locational Clearance,Bank Financing Requirement,16366.96
2025-07-30,U-099090,Juan Cruz,Tiquiwan,R1-Z,154.38,Locational Clearance,Residential Construction,11758.57
2025-07-31,U-377667,David Comia,Poblacion A,C1-Z,281.34,Zoning Certificate,Business Permit Requirement,466.35
2025-08-01,U-425260,Emmanuel Comia,Namunga,R2-Z,237.85,Development Permit,Subdivision Phase 1,39585.37
2025-08-01,U-331708,Victoria Bautista,Nasi,R1-Z,273.91,Locational Clearance,Residential Construction,20970.4
2025-08-01,U-762583,Angel Macalalad,Pinagsibaan,UTS-Z,2676.85,Zoning Certificate,Site Development Permit,275.36
2025-08-04,U-557408,Prime Logistics Inc.,Santa Cruz,BR2-SZ,160.35,Development Permit,Residential Construction,84060.1
2025-08-04,U-834384,Benjamin Santos,Alupay,,,Locational Clearance,Residential Construction,12788.9
2025-08-04,U-485097,Batangas Gold Trading Corp.,Mabunga,R1-Z,122.58,Locational Clearance,Bank Financing Requirement,17647.1
2025-08-04,U-390274,David Alday,Tulos,ECT-Z,5438.89,Locational Clearance,Business Permit Requirement,20481.52
2025-08-04,U-475689,Emmanuel Castillo,Bagong Pook,,,Zoning Certificate,Residential Construction,437.33
2025-08-05,U-469108,Batangas Gold Commercial Center,Baybayin,PTA-SZ-RA,10404.2,Locational Clearance,Subdivision Phase 1,15225.12
2025-08-05,U-141443,Angel Comia,Leviste,C1-Z,428.09,Locational Clearance,Business Permit Requirement,12868.62
2025-08-05,U-345120,Chloe Castillo,Bulihan,PDA-SZ,2515.57,Locational Clearance,Agribusiness Construction,21584.24
2025-08-05,U-953771,Antonio Torres,Poblacion A,C1-Z,482.73,Zoning Certificate,Commercial Building Construction,454.74
2025-08-07,U-954919,Maria Santos,Mayuro,R2-Z,138.7,Locational Clearance,Bank Financing Requirement,11711.82
2025-08-08,U-324909,Teresa Ramos,Baybayin,R1-Z,115.95,Locational Clearance,Bank Financing Requirement,2085.02
2025-08-08,U-029639,Luz Castillo,Mayuro,R1-Z,241.25,Locational Clearance,Residential Construction,11890.73
2025-08-08,U-566383,Luzon Integrated Logistics Inc.,San Isidro,R1-Z,157.2,Zoning Certificate,Subdivision Phase 1,399.67
2025-08-08,U-408958,Batangas Holdings Inc.,Masaya,R1-Z,128.96,Zoning Certificate,Subdivision Phase 1,286.89
2025-08-11,U-497302,David Comia,Santa Cruz,,,Locational Clearance,Residential Construction,11590.27
2025-08-11,U-707047,Juan Fernandez,Marilag,,,Locational Clearance,Business Permit Requirement,5646.27
2025-08-11,U-583053,Prime Farms Corp.,Balibago,PTA-SZ-RA,19983.16,Locational Clearance,Subdivision Phase 1,18844.17
2025-08-13,U-206026,Grace Bautista,San Roque,,,Locational Clearance,Bank Financing Requirement,7139.62
2025-08-13,U-964487,Antonio Lopez,Bulihan,R2-Z,119.37,Locational Clearance,Subdivision Phase 1,18111.96
2025-08-14,U-544906,Danilo Comia,Namunga,,,Locational Clearance,Subdivision Phase 1,11471.64
2025-08-14,U-080959,Daniel Torres,Santa Cruz,,,Zoning Certificate,Bank Financing Requirement,376.64
2025-08-15,U-391619,Victoria Bautista,Namuco,CMRF,1713.68,Zoning Certificate,Facility/Structure Construction,323.47
2025-08-18,U-244556,Chloe Bautista,Poblacion E,C1-Z,207.97,Locational Clearance,Commercial Complex Development,17492.92
2025-08-18,U-817365,Mark Perez,Tulos,,,Zoning Certificate,Subdivision Phase 1,293.59
2025-08-22,U-089179,Benjamin Alday,Poblacion A,R2-Z,95.83,Zoning Certificate,Bank Financing Requirement,463.23
2025-08-26,U-985112,Chloe Dimaculangan,Pinagsibaan,AgIndZ-PTR,3435.23,Development Permit,Subdivision Phase 1,118942.92
2025-08-28,U-576999,Corazon Mendoza,Pinagsibaan,,,Zoning Certificate,Environmental Compliance,267.86
2025-08-28,U-163679,Rosario Trading Corp.,San Jose,R1-Z,343.73,Zoning Certificate,Bank Financing Requirement,411.99
2025-09-01,U-189921,Luz Santos,Alupay,AgIndZ,6994.87,Locational Clearance,Industrial Park Expansion,2931.16
2025-09-01,U-454635,Corazon Garcia,San Isidro,R2-Z,221.46,Locational Clearance,Bank Financing Requirement,10758.6
2025-09-02,U-245951,Corazon Mercado,Tulos,PDA-SZ,13368.93,Locational Clearance,Land Title Verification,4952.16
2025-09-02,U-810689,David Fernandez,San Carlos,I1-Z,2416.32,Locational Clearance,Warehouse/Factory Construction,5720.66
2025-09-02,U-058849,Luz Comia,Alupay,UTS-Z,1647.91,Zoning Certificate,General Property Clearance,451.01
2025-09-03,U-771595,Angel Cruz,Masaya,R1-Z,159.86,Locational Clearance,Bank Financing Requirement,21346.51
2025-09-03,U-507802,Juan Sanchez,Masaya,R1-Z,188.56,Locational Clearance,Residential Construction,2742.7
2025-09-03,U-623645,Prime Trading Corp.,Tulos,ECT-Z,7656.16,Locational Clearance,Business Permit Requirement,20853.48
2025-09-04,U-195748,Angel Fernandez,Maalas-As,PDA-SZ,18360.34,Locational Clearance,Farm Development Permit,18420.76
2025-09-05,U-823311,Southern Luzon Holdings Inc.,Poblacion B,R1-Z,206.79,Locational Clearance,Subdivision Phase 1,7196.06
2025-09-08,U-938623,Maria Reyes,San Isidro,R2-Z,205.74,Zoning Certificate,Subdivision Phase 1,457.2
2025-09-08,U-175139,Batangas Gold Realty & Development,Alupay,AgIndZ,4581.16,Zoning Certificate,Environmental Compliance,280.59
2025-09-08,U-569529,Ramon Mercado,Poblacion E,C1-Z,452.24,Zoning Certificate,Business Permit Requirement,280.83
2025-09-09,U-256986,Grace Ramos,San Isidro,PTA-SZ-RA,4472.23,Locational Clearance,Residential Construction,4888.19
2025-09-09,U-611611,Sofia Cruz,Tulos,5491-APDA-SZ,3728.01,Locational Clearance,Farm Development Permit,11913.36
2025-09-09,U-881788,Chloe Lopez,Nasi,R2-Z,132.38,Locational Clearance,Bank Financing Requirement,2583.13
2025-09-09,U-756992,Southern Luzon Logistics Inc.,San Roque,,,Zoning Certificate,Residential Construction,396.73
2025-09-10,U-271091,Luzon Integrated Trading Corp.,Bagong Pook,R1-Z,123.18,Development Permit,Residential Construction,95816.6
2025-09-10,U-639280,Batangas Gold Logistics Inc.,Pinagsibaan,I2-Z,6139.53,Locational Clearance,Environmental Compliance,11992.0
2025-09-10,U-337313,David Mendoza,San Carlos,UTS-Z,1105.24,Locational Clearance,Facility/Structure Construction,9073.03
2025-09-12,U-567821,Victoria Macalalad,Namuco,UTS-Z,1129.06,Locational Clearance,Facility/Structure Construction,11768.98
2025-09-15,U-881869,Emmanuel Castillo,Bagong Pook,,,Locational Clearance,Subdivision Phase 1,7229.7
2025-09-15,U-256383,Emmanuel Castillo,Alupay,I2-Z,6408.21,Locational Clearance,Environmental Compliance,19556.13
2025-09-15,U-293009,Antonio Lopez,Leviste,R2-Z,135.94,Zoning Certificate,Subdivision Phase 1,275.23
2025-09-15,U-998819,Emmanuel Perez,San Isidro,PTA-SZ-RA,10773.88,Zoning Certificate,Subdivision Phase 1,361.02
2025-09-16,U-253511,Chloe Cruz,Poblacion D,R2-Z,220.64,Locational Clearance,Bank Financing Requirement,20540.68
2025-09-16,U-800161,Luz Lopez,Namunga,GI-Z,1640.42,Zoning Certificate,Warehouse/Factory Construction,383.53
2025-09-18,U-286491,Batangas Trading Corp.,Poblacion D,GI-Z,3471.06,Development Permit,Environmental Compliance,28251.36
2025-09-18,U-336343,Maria Reyes,Poblacion E,R1-Z,316.89,Locational Clearance,Subdivision Phase 1,6001.34
2025-09-19,U-495247,Grace Garcia,Santa Cruz,R1-Z,334.73,Locational Clearance,Residential Construction,5617.53
2025-09-23,U-326339,Luzon Integrated Realty & Development,Santa Cruz,,,Locational Clearance,Subdivision Phase 1,8428.09
2025-09-23,U-227399,Christian Bautista,Antipolo,PTA-SZ-RA,7236.93,Locational Clearance,Subdivision Phase 1,11729.88
2025-09-23,U-959357,Grace Lopez,Poblacion B,C1-Z,360.29,Zoning Certificate,Commercial Complex Development,397.33
2025-09-24,U-814499,Grace Mercado,Salao,PDA-SZ,8412.68,Locational Clearance,Farm Development Permit,2680.18
2025-09-24,U-831106,Luz Mendoza,Namuco,I2-Z,4291.74,Locational Clearance,Industrial Park Expansion,12915.76
2025-09-25,U-583870,Victoria Gonzales,Poblacion A,C2-Z,572.58,Zoning Certificate,Commercial Complex Development,393.11
2025-09-26,U-900378,Sofia Santos,San Carlos,,,Locational Clearance,Environmental Compliance,4895.81
2025-09-26,U-492139,Prime Farms Corp.,Poblacion E,,,Zoning Certificate,Business Permit Requirement,311.14
2025-09-26,U-018690,Mark Fernandez,Poblacion E,MR2-SZ,110.31,Zoning Certificate,Residential Construction,385.46
2025-09-29,U-553821,Christian Torres,Namunga,R1-Z,305.26,Locational Clearance,Bank Financing Requirement,13875.21
2025-09-29,U-220483,Sofia Rodriguez,Namuco,PDA-SZ,18660.61,Locational Clearance,Land Title Verification,17058.87
2025-09-30,U-482824,Batangas Gold Trading Corp.,Poblacion A,R1-Z,185.13,Locational Clearance,Subdivision Phase 1,7368.13
2025-09-30,U-055322,Danilo Alday,Quilib,R1-Z,312.68,Locational Clearance,Residential Construction,19441.3
2025-09-30,U-558318,Prime Logistics Inc.,Bagong Pook,,,Zoning Certificate,Facility/Structure Construction,250.26
2025-09-30,U-817485,Mark Comia,Bayawang,,,Zoning Certificate,Warehouse/Factory Construction,334.31
2025-10-01,U-725059,Angel Gonzales,Quilib,R1-Z,281.36,Locational Clearance,Residential Construction,3278.82
2025-10-01,U-946667,Juan Ramos,Antipolo,R1-Z,118.49,Locational Clearance,Residential Construction,6106.07
2025-10-01,U-994373,Angel Macalalad,Balibago,PDA-SZ,12201.72,Locational Clearance,Farm Development Permit,21582.43
2025-10-01,U-303950,Maria Reyes,Bagong Pook,R1-Z,120.88,Zoning Certificate,Bank Financing Requirement,328.99
2025-10-01,U-806185,Teresa Cruz,Balibago,AgIndZ,6656.04,Zoning Certificate,Industrial Park Expansion,292.22
2025-10-01,U-414745,Maria Cruz,Quilib,BR2-SZ,144.56,Zoning Certificate,Subdivision Phase 1,259.09
2025-10-02,U-268494,Rosario Holdings Inc.,Putingkahoy,ECT-Z,4888.15,Locational Clearance,Business Permit Requirement,16086.06
2025-10-02,U-434689,Juan Alday,Tulos,FZ,18718.2,Locational Clearance,Facility/Structure Construction,5352.96
2025-10-02,U-466404,Corazon Comia,Pinagsibaan,I2-Z,6375.53,Locational Clearance,Warehouse/Factory Construction,16837.69
2025-10-02,U-496309,Maria Perez,Marilag,R2-Z,190.99,Locational Clearance,Residential Construction,15179.46
2025-10-02,U-818998,Antonio Rodriguez,San Roque,R1-Z,284.41,Locational Clearance,Subdivision Phase 1,3865.06
2025-10-03,U-331056,Grace Comia,Santa Cruz,C1-Z,404.87,Locational Clearance,Commercial Building Construction,8693.19
2025-10-03,U-218036,Grace Comia,Baybayin,R1-Z,134.8,Locational Clearance,Bank Financing Requirement,15240.63
2025-10-03,U-730011,Christian Castillo,Balibago,R1-Z,159.09,Locational Clearance,Bank Financing Requirement,8025.36
2025-10-03,U-794695,Rosario Commercial Center,Salao,R1-Z,218.52,Locational Clearance,Residential Construction,14937.97
2025-10-06,U-700302,Christian Cruz,Namunga,R1-Z,117.21,Locational Clearance,Residential Construction,13723.78
2025-10-06,U-526034,Maria Rodriguez,Palakpak,R1-Z,120.43,Zoning Certificate,Subdivision Phase 1,476.66
2025-10-07,U-176322,Mark Perez,Tulos,,,Locational Clearance,Bank Financing Requirement,7047.95
2025-10-07,U-570536,Benjamin Garcia,Bulihan,PTA-SZ-RA,6519.32,Locational Clearance,Subdivision Phase 1,14017.71
2025-10-07,U-353066,Danilo Macalalad,Bayawang,I1-Z,4381.82,Zoning Certificate,Environmental Compliance,489.4
2025-10-08,U-342226,Chloe Cruz,Pinagsibaan,,,Locational Clearance,Warehouse/Factory Construction,6534.33
2025-10-08,U-481254,Jose Bautista,Alupay,I3-Z,7005.22,Locational Clearance,Warehouse/Factory Construction,11445.81
2025-10-09,U-251372,Angel Perez,Poblacion A,,,Locational Clearance,Subdivision Phase 1,12756.96
2025-10-09,U-097332,Benjamin Torres,Santa Cruz,R2-Z,125.44,Locational Clearance,Subdivision Phase 1,13136.87
2025-10-10,U-082466,Christian Mercado,Santa Cruz,C1-Z,248.13,Locational Clearance,Commercial Complex Development,13503.67
2025-10-10,U-719145,Agri-Ventures Trading Corp.,San Roque,R2-Z,206.16,Locational Clearance,Bank Financing Requirement,20372.02
2025-10-10,U-575908,Chloe Mendoza,Nasi,,,Zoning Certificate,Subdivision Phase 1,439.84
2025-10-13,U-515257,Luz Comia,Calantas,5491-APDA-SZ,1426.31,Locational Clearance,Agribusiness Construction,9844.0
2025-10-13,U-595991,Daniel Cruz,Santa Cruz,BR2-SZ,155.2,Locational Clearance,Subdivision Phase 1,6314.59
2025-10-13,U-997957,Antonio Bautista,Poblacion E,R1-Z,336.65,Locational Clearance,Residential Construction,2109.51
2025-10-13,U-737561,Prime Holdings Inc.,Quilib,R1-Z,112.39,Locational Clearance,Bank Financing Requirement,20180.23
2025-10-14,U-299588,Agri-Ventures Commercial Center,Namuco,UTS-Z,1609.38,Locational Clearance,Facility/Structure Construction,6547.04
2025-10-14,U-583066,David Lopez,Pinagsibaan,I1-Z,4067.34,Locational Clearance,Industrial Park Expansion,14792.7
2025-10-14,U-962745,Angel Lopez,San Carlos,UTS-Z,2929.09,Locational Clearance,Facility/Structure Construction,14602.59
2025-10-14,U-876423,Luzon Integrated Realty & Development,San Roque,T-Z,2590.86,Zoning Certificate,General Property Clearance,277.06
2025-10-14,U-735693,Ramon Comia,San Carlos,AgIndZ-PTR,3456.15,Zoning Certificate,Bank Financing Requirement,354.88
2025-10-15,U-138317,Angel Mercado,Natu,R1-Z,249.13,Locational Clearance,Residential Construction,20876.05
2025-10-15,U-099236,Prime Commercial Center,Pinagsibaan,I3-Z,6476.48,Locational Clearance,Warehouse/Factory Construction,6559.63
2025-10-15,U-295551,Corazon Cruz,Pinagsibaan,I1-Z,3300.3,Locational Clearance,Warehouse/Factory Construction,4664.26
2025-10-15,U-003620,Benjamin Ramos,Poblacion D,PR-Z,937.38,Zoning Certificate,Bank Financing Requirement,458.04
2025-10-15,U-144698,Sofia Comia,Antipolo,R1-Z,343.48,Zoning Certificate,Residential Construction,267.82
2025-10-16,U-714459,Mark Lopez,Namuco,UTS-Z,2862.69,Locational Clearance,General Property Clearance,12520.46
2025-10-16,U-269133,Batangas Enterprises,Quilib,R1-Z,274.12,Locational Clearance,Subdivision Phase 1,14470.78
2025-10-17,U-959019,Southern Luzon Commercial Center,Bagong Pook,R1-Z,274.12,Development Permit,Residential Construction,66674.12
2025-10-17,U-219880,Chloe Perez,Santa Cruz,BR2-SZ,175.02,Locational Clearance,Residential Construction,3447.11
2025-10-17,U-879569,Mark Gonzales,Tulos,,,Zoning Certificate,Residential Construction,395.65
2025-10-20,U-020835,Juan Bautista,Tulos,FZ,9771.41,Locational Clearance,Site Development Permit,14216.72
2025-10-20,U-963162,David Torres,Namunga,BR2-SZ,61.17,Locational Clearance,Residential Construction,14575.93
2025-10-21,U-423239,Prime Realty & Development,Baybayin,R1-Z,180.51,Locational Clearance,Bank Financing Requirement,17214.37
2025-10-21,U-741360,Southern Luzon Commercial Center,Namunga,R1-Z,187.48,Locational Clearance,Subdivision Phase 1,3243.57
2025-10-21,U-384581,Grace Rodriguez,Tulos,PDA-SZ,11423.48,Locational Clearance,Agribusiness Construction,2428.45
2025-10-22,U-091504,Batangas Gold Logistics Inc.,San Carlos,AgIndZ-PTR,2186.36,Locational Clearance,Bank Financing Requirement,16424.87
2025-10-22,U-307669,Antonio Bautista,Alupay,AgIndZ,5390.34,Locational Clearance,Industrial Park Expansion,13543.77
2025-10-22,U-285975,Batangas Enterprises,Tulos,FZ,29605.74,Locational Clearance,General Property Clearance,20118.27
2025-10-22,U-603731,Batangas Gold Logistics Inc.,Quilib,BR2-SZ,129.82,Locational Clearance,Bank Financing Requirement,5775.51
2025-10-22,U-436206,Mark Macalalad,Santa Cruz,R2-Z,109.62,Locational Clearance,Subdivision Phase 1,3679.76
2025-10-22,U-761585,Benjamin Comia,Quilib,,,Zoning Certificate,Business Permit Requirement,407.44
2025-10-22,U-796918,Christian Alday,Alupay,,,Zoning Certificate,Facility/Structure Construction,431.44
2025-10-23,U-617170,Luzon Integrated Holdings Inc.,Poblacion A,,,Locational Clearance,Residential Construction,13918.61
2025-10-23,U-047414,Victoria Bautista,San Carlos,I3-Z,6416.74,Locational Clearance,Environmental Compliance,11194.34
2025-10-23,U-863514,Southern Luzon Commercial Center,Itlugan,R2-Z,196.79,Locational Clearance,Subdivision Phase 1,12627.32
2025-10-24,U-971811,Mark Comia,Bayawang,,,Locational Clearance,Industrial Park Expansion,11998.62
2025-10-24,U-744851,Batangas Holdings Inc.,San Carlos,CMRF,1824.2,Locational Clearance,General Property Clearance,12785.53
2025-10-24,U-616054,Victoria Gonzales,Balibago,PDA-SZ,4811.89,Zoning Certificate,Agribusiness Construction,296.08
2025-10-27,U-611025,Angel Dimaculangan,Pinagsibaan,I2-Z,5690.73,Zoning Certificate,Warehouse/Factory Construction,349.19
2025-10-28,U-793374,Angel Macalalad,Marilag,R2-Z,160.86,Locational Clearance,Residential Construction,3206.71
2025-10-28,U-033541,Mark Santos,Santa Cruz,BR2-SZ,152.8,Locational Clearance,Bank Financing Requirement,5680.31
2025-10-28,U-362592,Teresa Reyes,Bulihan,PTA-SZ-RA,12827.65,Zoning Certificate,Subdivision Phase 1,359.61
2025-10-29,U-590256,Prime Farms Corp.,Poblacion E,,,Locational Clearance,Business Permit Requirement,3100.82
2025-10-29,U-903212,Luzon Integrated Realty & Development,San Roque,R1-Z,147.88,Locational Clearance,Subdivision Phase 1,18428.54
2025-10-29,U-489635,Danilo Fernandez,Poblacion D,C1-Z,164.93,Locational Clearance,Business Permit Requirement,16759.22
2025-10-30,U-830146,Benjamin Alday,San Isidro,R2-Z,139.8,Locational Clearance,Residential Construction,18493.46
2025-10-30,U-168381,Jose Fernandez,Santa Cruz,C1-Z,416.67,Locational Clearance,Commercial Complex Development,1752.08
2025-10-30,U-924998,Southern Luzon Realty & Development,Alupay,I1-Z,4698.95,Zoning Certificate,Industrial Park Expansion,269.07
2025-11-03,U-883631,Grace Alday,Calantas,PTA-SZ-RA,8067.18,Locational Clearance,Residential Construction,12917.14
2025-11-03,U-192332,Sofia Reyes,San Carlos,I2-Z,7748.18,Locational Clearance,Warehouse/Factory Construction,21878.44
2025-11-03,U-618314,Corazon Castillo,Alupay,AgIndZ-PTR,4582.93,Locational Clearance,Residential Construction,14000.26
2025-11-03,U-069525,Maria Mendoza,Pinagsibaan,UTS-Z,2950.35,Locational Clearance,General Property Clearance,3671.01
2025-11-04,U-417823,Antonio Mercado,Quilib,R2-Z,240.37,Locational Clearance,Subdivision Phase 1,16003.45
2025-11-04,U-376990,Agri-Ventures Logistics Inc.,Quilib,C1-Z,492.36,Locational Clearance,Commercial Building Construction,9851.1
2025-11-04,U-834953,Sofia Mendoza,Alupay,UTS-Z,2399.82,Locational Clearance,Site Development Permit,15989.64
2025-11-05,U-383469,Prime Realty & Development,Mavalor,PTA-SZ-RA,15832.35,Development Permit,Residential Construction,33270.66
2025-11-05,U-573650,Prime Logistics Inc.,Bagong Pook,,,Locational Clearance,Facility/Structure Construction,5411.87
2025-11-05,U-186032,Grace Ramos,Alupay,UTS-Z,2173.49,Locational Clearance,General Property Clearance,17470.93
2025-11-05,U-764940,Corazon Perez,Namuco,I3-Z,5299.98,Locational Clearance,Warehouse/Factory Construction,1898.3
2025-11-05,U-798225,Batangas Enterprises,San Carlos,I1-Z,2007.51,Zoning Certificate,Warehouse/Factory Construction,431.54
2025-11-06,U-228701,Daniel Macalalad,San Roque,C1-Z,173.3,Locational Clearance,Commercial Complex Development,15264.63
2025-11-06,U-414927,Emmanuel Mercado,Alupay,I1-Z,3137.26,Locational Clearance,Environmental Compliance,18832.01
2025-11-06,U-519700,Emmanuel Mendoza,Masaya,R1-Z,324.78,Locational Clearance,Bank Financing Requirement,16381.57
2025-11-06,U-836413,Maria Rodriguez,San Roque,R2-Z,227.64,Locational Clearance,Subdivision Phase 1,3154.47
2025-11-06,U-707079,Prime Realty & Development,San Roque,R2-Z,173.41,Zoning Certificate,Residential Construction,313.17
2025-11-06,U-554425,Batangas Holdings Inc.,Mayuro,R1-Z,314.97,Zoning Certificate,Subdivision Phase 1,310.42
2025-11-07,U-930851,David Rodriguez,Pinagsibaan,I2-Z,3158.21,Locational Clearance,Industrial Park Expansion,15677.35
2025-11-10,U-181576,Ramon Torres,Maligaya,,,Zoning Certificate,Land Title Verification,366.5
2025-11-11,U-083704,Prime Enterprises,Bayawang,UTS-Z,2753.62,Locational Clearance,General Property Clearance,20477.61
2025-11-11,U-824575,Teresa Garcia,Tulos,FZ,11033.34,Locational Clearance,Site Development Permit,11983.17
2025-11-11,U-738080,Grace Lopez,Namuco,CMRF,1466.32,Locational Clearance,Site Development Permit,19117.28
2025-11-11,U-010394,Juan Sanchez,Palakpak,R2-Z,161.51,Locational Clearance,Residential Construction,21373.18
2025-11-11,U-816921,Batangas Enterprises,San Roque,,,Zoning Certificate,Subdivision Phase 1,452.52
2025-11-11,U-742684,Emmanuel Reyes,Quilib,R1-Z,140.02,Zoning Certificate,Residential Construction,444.21
2025-11-12,U-066491,Jose Rodriguez,Bagong Pook,C1-Z,318.66,Locational Clearance,Commercial Complex Development,18317.18
2025-11-12,U-775098,Batangas Gold Enterprises,Bagong Pook,AgIndZ,4276.66,Locational Clearance,Industrial Park Expansion,10840.93
2025-11-12,U-767521,Batangas Gold Farms Corp.,Santa Cruz,,,Zoning Certificate,Agribusiness Construction,313.12
2025-11-12,U-142795,Ramon Lopez,Cahigam,PDA-SZ,8709.96,Zoning Certificate,Agribusiness Construction,478.73
2025-11-13,U-553739,Daniel Torres,Santa Cruz,,,Locational Clearance,Residential Construction,9073.14
2025-11-13,U-608075,Benjamin Santos,Tulos,5491-APDA-SZ,2118.66,Locational Clearance,Agribusiness Construction,10685.74
2025-11-13,U-647864,Emmanuel Reyes,Alupay,CMRF,644.41,Locational Clearance,Site Development Permit,20857.91
2025-11-13,U-734584,Chloe Fernandez,Bagong Pook,C1-Z,295.41,Zoning Certificate,Commercial Building Construction,496.22
2025-11-14,U-743871,Sofia Mercado,Baybayin,R1-Z,102.43,Locational Clearance,Subdivision Phase 1,14982.09
2025-11-14,U-870158,Benjamin Mercado,Poblacion E,R2-Z,175.4,Locational Clearance,Residential Construction,11662.57
2025-11-14,U-274511,Danilo Comia,Namuco,,,Zoning Certificate,General Property Clearance,480.92
2025-11-14,U-514248,Ramon Dimaculangan,Poblacion C,GI-Z,2133.93,Zoning Certificate,Warehouse/Factory Construction,417.31
2025-11-17,U-716448,Juan Lopez,Bagong Pook,R2-Z,207.8,Locational Clearance,Subdivision Phase 1,11507.5
2025-11-18,U-186687,Chloe Sanchez,Pinagsibaan,AgIndZ,3785.68,Locational Clearance,Warehouse/Factory Construction,14416.82
2025-11-18,U-544346,Christian Dimaculangan,Masaya,PTA-SZ-RA,12470.58,Locational Clearance,Bank Financing Requirement,15105.88
2025-11-18,U-129769,Danilo Macalalad,Putingkahoy,PTA-SZ-RA,3645.11,Locational Clearance,Subdivision Phase 1,6525.89
2025-11-18,U-736787,Teresa Mendoza,Leviste,R2-Z,193.88,Locational Clearance,Residential Construction,4344.28
2025-11-18,U-948882,Jose Fernandez,Maligaya,R2-Z,205.35,Locational Clearance,Bank Financing Requirement,17600.56
2025-11-18,U-245636,Corazon Gonzales,Masaya,C1-Z,490.74,Locational Clearance,Business Permit Requirement,16602.47
2025-11-18,U-514390,Corazon Gonzales,Antipolo,R2-Z,164.94,Zoning Certificate,Subdivision Phase 1,416.65
2025-11-19,U-805378,Benjamin Comia,Quilib,,,Locational Clearance,Commercial Complex Development,13465.97
2025-11-19,U-999136,Southern Luzon Logistics Inc.,San Roque,,,Locational Clearance,Bank Financing Requirement,5206.18
2025-11-19,U-061771,Angel Comia,Quilib,C1-Z,339.14,Locational Clearance,Commercial Building Construction,21716.73
2025-11-19,U-829188,Prime Commercial Center,Bagong Pook,BR2-SZ,167.41,Locational Clearance,Bank Financing Requirement,21594.65
2025-11-20,U-770410,Ramon Bautista,San Isidro,PDA-SZ,14186.09,Locational Clearance,Land Title Verification,10954.89
2025-11-20,U-362477,Sofia Bautista,Poblacion B,C2-Z,370.11,Locational Clearance,Business Permit Requirement,13685.34
2025-11-20,U-435256,Batangas Gold Trading Corp.,Poblacion A,R2-Z,208.98,Locational Clearance,Bank Financing Requirement,8527.1
2025-11-20,U-638592,Mark Mendoza,Namuco,AgIndZ-PGR,4385.72,Locational Clearance,Residential Construction,7397.88
2025-11-21,U-226085,Sofia Dimaculangan,Baybayin,R1-Z,228.26,Locational Clearance,Subdivision Phase 1,16090.65
2025-11-21,U-085849,Prime Commercial Center,Pinagsibaan,I2-Z,3670.25,Locational Clearance,Environmental Compliance,17665.32
2025-11-24,U-342892,Southern Luzon Logistics Inc.,San Carlos,UTS-Z,505.97,Locational Clearance,General Property Clearance,1759.44
2025-11-24,U-217335,Christian Mercado,Timbugan,R1-Z,209.92,Locational Clearance,Residential Construction,1520.89
2025-11-24,U-724382,Ramon Reyes,Natu,AgIndZ,7559.05,Locational Clearance,Warehouse/Factory Construction,3071.19
2025-11-24,U-458975,Mark Castillo,Santa Cruz,C1-Z,171.64,Locational Clearance,Commercial Complex Development,11423.92
2025-11-24,U-888027,Agri-Ventures Commercial Center,Santa Cruz,,,Zoning Certificate,Bank Financing Requirement,399.75
2025-11-25,U-661030,Ramon Castillo,San Jose,R1-Z,235.97,Locational Clearance,Subdivision Phase 1,14045.41
2025-11-25,U-005529,Antonio Santos,San Roque,R1-Z,167.27,Locational Clearance,Subdivision Phase 1,10886.3
2025-11-25,U-908801,Victoria Perez,Poblacion E,MR2-SZ,117.46,Locational Clearance,Bank Financing Requirement,2360.1
2025-11-25,U-606685,Jose Perez,Santa Cruz,BR2-SZ,122.69,Locational Clearance,Residential Construction,7183.64
2025-11-25,U-590114,Maria Ramos,Pinagsibaan,UTS-Z,1847.21,Locational Clearance,General Property Clearance,16360.58
2025-11-26,U-865511,Prime Realty & Development,San Carlos,AgIndZ-PGR,4903.75,Development Permit,Subdivision Phase 1,80068.08
2025-11-26,U-503081,Batangas Holdings Inc.,Poblacion A,C1-Z,489.11,Development Permit,Business Permit Requirement,86299.31
2025-11-26,U-685685,Victoria Rodriguez,Bulihan,PDA-SZ,13511.99,Locational Clearance,Land Title Verification,12315.1
2025-11-26,U-190309,Teresa Ramos,Tulos,PDA-SZ,17233.55,Locational Clearance,Land Title Verification,5647.12
2025-11-26,U-760233,Prime Realty & Development,Alupay,AgIndZ,7184.91,Locational Clearance,Environmental Compliance,19474.27
2025-11-26,U-487637,Jose Bautista,Poblacion A,C1-Z,494.03,Locational Clearance,Commercial Complex Development,18196.14
2025-11-26,U-055399,Benjamin Garcia,Baybayin,C/MP-Z,2404.25,Locational Clearance,Commercial Building Construction,15464.69
2025-11-26,U-488364,Danilo Mercado,Macalamcam A,R1-Z,258.06,Zoning Certificate,Subdivision Phase 1,251.27
2025-11-27,U-777192,Grace Gonzales,Pinagsibaan,UTS-Z,1945.71,Locational Clearance,Site Development Permit,18407.24
2025-11-27,U-373605,Victoria Torres,San Isidro,R1-Z,139.22,Locational Clearance,Bank Financing Requirement,8640.53
2025-11-27,U-238208,Sofia Sanchez,Tiquiwan,AgIndZ,5336.78,Zoning Certificate,Environmental Compliance,401.8
2025-12-01,U-410019,Mark Dimaculangan,Tulos,5491-APDA-SZ,3209.21,Locational Clearance,Farm Development Permit,10799.4
2025-12-02,U-931623,Corazon Mendoza,Pinagsibaan,,,Locational Clearance,Industrial Park Expansion,11401.64
2025-12-02,U-917645,Luzon Integrated Logistics Inc.,Bagong Pook,R2-Z,221.58,Locational Clearance,Bank Financing Requirement,13864.2
2025-12-02,U-434805,Rosario Realty & Development,Quilib,GI-Z,2863.55,Locational Clearance,Environmental Compliance,17562.31
2025-12-02,U-124399,Corazon Gonzales,Malaya,,,Zoning Certificate,Residential Construction,262.25
2025-12-03,U-052812,Antonio Castillo,Antipolo,R2-Z,213.16,Locational Clearance,Subdivision Phase 1,19644.68
2025-12-03,U-734753,Sofia Fernandez,Matamis,,,Zoning Certificate,Residential Construction,383.83
2025-12-03,U-904484,Mark Fernandez,Pinagsibaan,I3-Z,10075.1,Zoning Certificate,Warehouse/Factory Construction,482.74
2025-12-04,U-245744,Antonio Reyes,San Roque,R2-Z,99.61,Locational Clearance,Residential Construction,3618.6
2025-12-05,U-265416,Christian Alday,Alupay,,,Locational Clearance,General Property Clearance,1853.13
2025-12-05,U-668210,Angel Perez,Maalas-As,GI-Z,2972.63,Locational Clearance,Environmental Compliance,6235.74
2025-12-05,U-371152,Prime Farms Corp.,Alupay,I1-Z,2923.81,Locational Clearance,Warehouse/Factory Construction,12447.15
2025-12-05,U-611788,Victoria Castillo,Bagong Pook,BR2-SZ,131.5,Zoning Certificate,Bank Financing Requirement,409.21
2025-12-09,U-752923,Antonio Mendoza,Maligaya,R1-Z,284.84,Locational Clearance,Subdivision Phase 1,14083.6
2025-12-09,U-890500,Sofia Alday,Santa Cruz,R2-Z,231.6,Locational Clearance,Residential Construction,3542.66
2025-12-09,U-313607,Corazon Cruz,Bagong Pook,BR2-SZ,85.41,Locational Clearance,Subdivision Phase 1,3995.2
2025-12-09,U-132134,Jose Castillo,Poblacion A,MR2-SZ,121.81,Locational Clearance,Residential Construction,10770.83
2025-12-09,U-166173,Benjamin Perez,Cahigam,PDA-SZ,11727.64,Zoning Certificate,Land Title Verification,334.99
2025-12-10,U-972488,Agri-Ventures Commercial Center,Alupay,AgIndZ-PGR,7142.38,Locational Clearance,Subdivision Phase 1,15141.55
2025-12-10,U-956118,David Lopez,Calantas,PTA-SZ-RA,4934.6,Locational Clearance,Subdivision Phase 1,8000.5
2025-12-10,U-351888,Jose Garcia,Mayuro,R1-Z,217.85,Locational Clearance,Residential Construction,7844.26
2025-12-10,U-275525,Mark Mendoza,Leviste,C/MP-Z,2756.89,Locational Clearance,Commercial Building Construction,4573.1
2025-12-10,U-210389,Batangas Gold Realty & Development,Putingkahoy,5491-APDA-SZ,1108.34,Locational Clearance,Land Title Verification,8953.53
2025-12-10,U-671033,Emmanuel Mercado,San Roque,C1-Z,497.94,Locational Clearance,Commercial Building Construction,20300.67
2025-12-11,U-720880,Chloe Mendoza,Nasi,,,Locational Clearance,Subdivision Phase 1,6009.04
2025-12-11,U-998884,Luz Bautista,Poblacion E,R2-Z,143.23,Zoning Certificate,Subdivision Phase 1,349.38
2025-12-12,U-730644,Corazon Garcia,Bagong Pook,R1-Z,288.05,Locational Clearance,Residential Construction,3836.02
2025-12-12,U-870342,Teresa Torres,Nasi,R1-Z,217.04,Locational Clearance,Subdivision Phase 1,14331.69
2025-12-12,U-759558,David Alday,Antipolo,,,Zoning Certificate,Farm Development Permit,327.84
2025-12-12,U-160252,Emmanuel Macalalad,Poblacion D,,,Zoning Certificate,Business Permit Requirement,358.34
2025-12-15,U-659531,Luz Fernandez,Alupay,AgIndZ-PTR,9280.33,Locational Clearance,Bank Financing Requirement,20204.68
2025-12-15,U-807949,Agri-Ventures Logistics Inc.,Baybayin,PDA-SZ,9417.29,Locational Clearance,Agribusiness Construction,11667.5
2025-12-15,U-985257,Teresa Macalalad,Mayuro,AgIndZ,5043.69,Locational Clearance,Industrial Park Expansion,1935.59
2025-12-15,U-850506,Southern Luzon Holdings Inc.,Balibago,R2-Z,192.86,Locational Clearance,Bank Financing Requirement,20143.56
2025-12-15,U-962089,Grace Cruz,Poblacion A,R1-Z,110.34,Zoning Certificate,Bank Financing Requirement,438.7
2025-12-16,U-006893,Batangas Farms Corp.,Timbugan,R1-Z,334.37,Locational Clearance,Subdivision Phase 1,9667.66
2025-12-16,U-085447,Angel Ramos,Lumbangan,R2-Z,220.51,Zoning Certificate,Bank Financing Requirement,306.14
2025-12-17,U-563135,Sofia Bautista,Alupay,I3-Z,6321.5,Locational Clearance,Industrial Park Expansion,5040.83
2025-12-17,U-856579,Rosario Trading Corp.,Pinagsibaan,AgIndZ,6971.81,Locational Clearance,Industrial Park Expansion,10363.2
2025-12-17,U-357674,Batangas Gold Realty & Development,Nasi,,,Zoning Certificate,Bank Financing Requirement,496.52
2025-12-17,U-990238,Agri-Ventures Commercial Center,Namuco,,,Zoning Certificate,General Property Clearance,389.62
2025-12-17,U-938644,Christian Ramos,Antipolo,PTA-SZ-RA,3584.99,Zoning Certificate,Bank Financing Requirement,433.33
2025-12-18,U-387396,Mark Fernandez,Calantas,PDA-SZ,19673.8,Locational Clearance,Agribusiness Construction,5471.67
2025-12-18,U-277366,Sofia Macalalad,Matamis,R2-Z,85.82,Locational Clearance,Bank Financing Requirement,13030.0
2025-12-18,U-537550,Mark Lopez,Maligaya,,,Zoning Certificate,Bank Financing Requirement,360.21
2025-12-19,U-543979,Batangas Gold Holdings Inc.,Masaya,AgIndZ,3228.4,Zoning Certificate,Industrial Park Expansion,376.72
2025-12-22,U-589591,Christian Mendoza,Namuco,PDA-SZ,3147.87,Zoning Certificate,Farm Development Permit,490.31
2025-12-23,U-127413,Batangas Holdings Inc.,Baybayin,R1-Z,295.74,Locational Clearance,Subdivision Phase 1,10299.4
2025-12-23,U-781356,Batangas Trading Corp.,Poblacion E,C2-Z,423.43,Locational Clearance,Business Permit Requirement,8038.37
2025-12-23,U-433854,Grace Perez,Nasi,R1-Z,311.09,Locational Clearance,Residential Construction,15622.42
2025-12-23,U-603918,David Macalalad,Bayawang,AgIndZ-PGR,9924.09,Locational Clearance,Residential Construction,11195.43
2025-12-23,U-650983,Jose Mendoza,Poblacion A,,,Zoning Certificate,Residential Construction,496.91
2025-12-26,U-808489,David Castillo,Balibago,R2-Z,235.07,Locational Clearance,Subdivision Phase 1,6877.5
2025-12-26,U-912454,Daniel Perez,Masaya,R1-Z,313.07,Locational Clearance,Subdivision Phase 1,10911.99
2025-12-26,U-273144,Juan Rodriguez,Tulos,PTA-SZ-RA,11429.11,Locational Clearance,Bank Financing Requirement,14487.77
2025-12-29,U-647606,Luzon Integrated Commercial Center,Alupay,UTS-Z,1361.62,Locational Clearance,General Property Clearance,16034.31
2025-12-29,U-184253,Antonio Reyes,Matamis,R2-Z,144.3,Zoning Certificate,Residential Construction,294.69
2025-12-29,U-799171,Teresa Fernandez,Mayuro,R1-Z,236.72,Zoning Certificate,Residential Construction,404.91
2026-01-02,U-340009,Batangas Trading Corp.,Masaya,R2-Z,175.47,Locational Clearance,Residential Construction,16071.55
2026-01-02,U-756982,Corazon Sanchez,Lumbangan,,,Zoning Certificate,Bank Financing Requirement,269.67
2026-01-02,U-504045,Prime Enterprises,San Carlos,,,Zoning Certificate,General Property Clearance,482.82
2026-01-02,U-067838,Victoria Torres,Cahigam,,,Zoning Certificate,Residential Construction,477.8
2026-01-02,U-292424,Prime Realty & Development,San Carlos,CMRF,643.12,Zoning Certificate,General Property Clearance,325.24
2026-01-02,U-675082,Batangas Commercial Center,Tulos,PDA-SZ,19750.71,Zoning Certificate,Farm Development Permit,445.22
2026-01-02,U-518447,Chloe Cruz,Antipolo,R1-Z,310.28,Zoning Certificate,Subdivision Phase 1,352.6
2026-01-02,U-693009,Angel Perez,San Isidro,R1-Z,265.81,Zoning Certificate,Subdivision Phase 1,364.13
2026-01-05,U-536158,Ramon Torres,Maligaya,,,Locational Clearance,Farm Development Permit,5989.89
2026-01-05,U-730580,Daniel Castillo,Tulos,PTA-SZ-RA,17386.42,Locational Clearance,Bank Financing Requirement,18685.85
2026-01-05,U-676790,Agri-Ventures Logistics Inc.,Pinagsibaan,AgIndZ,4327.12,Locational Clearance,Industrial Park Expansion,15685.96
2026-01-05,U-801677,Southern Luzon Realty & Development,Calantas,,,Zoning Certificate,General Property Clearance,271.28
2026-01-05,U-994926,Ramon Mendoza,Tulos,,,Zoning Certificate,Commercial Building Construction,381.37
2026-01-05,U-145627,Juan Perez,San Carlos,UTS-Z,694.41,Zoning Certificate,General Property Clearance,255.02
2026-01-05,U-624912,Daniel Alday,Mabunga,C1-Z,409.3,Zoning Certificate,Business Permit Requirement,446.36
2026-01-05,U-210457,Mark Mercado,Namuco,I3-Z,3082.44,Zoning Certificate,Environmental Compliance,460.38
2026-01-06,U-637830,Mark Rodriguez,Quilib,R2-Z,154.09,Locational Clearance,Residential Construction,9153.69
2026-01-06,U-244424,Batangas Gold Commercial Center,Maalas-As,PDA-SZ,17451.41,Locational Clearance,Agribusiness Construction,13490.07
2026-01-06,U-913989,Batangas Gold Holdings Inc.,Putingkahoy,,,Zoning Certificate,Agribusiness Construction,380.02
2026-01-06,U-497154,Juan Lopez,San Isidro,GI-Z,3736.69,Zoning Certificate,Industrial Park Expansion,293.03
2026-01-06,U-369211,Batangas Trading Corp.,Calantas,ECT-Z,6133.42,Zoning Certificate,Business Permit Requirement,486.53
2026-01-07,U-786116,Ramon Castillo,Bulihan,PTA-SZ-RA,13761.05,Locational Clearance,Bank Financing Requirement,8063.38
2026-01-07,U-066119,Jose Castillo,Alupay,I1-Z,4407.19,Locational Clearance,Industrial Park Expansion,4390.85
2026-01-07,U-529130,Corazon Bautista,Poblacion C,R1-Z,260.55,Zoning Certificate,Residential Construction,376.97
2026-01-07,U-357234,Juan Rodriguez,Mabunga,R1-Z,331.61,Zoning Certificate,Bank Financing Requirement,473.69
2026-01-07,U-147958,Danilo Ramos,Calantas,PDA-SZ,7408.89,Zoning Certificate,Land Title Verification,274.17
2026-01-07,U-076752,Luz Lopez,Bagong Pook,R2-Z,232.67,Zoning Certificate,Bank Financing Requirement,426.59
2026-01-07,U-924910,David Macalalad,Tulos,PDA-SZ,10707.91,Zoning Certificate,Land Title Verification,268.24
2026-01-07,U-379111,Antonio Garcia,Santa Cruz,BR2-SZ,102.09,Zoning Certificate,Bank Financing Requirement,438.95
2026-01-08,U-173185,Chloe Santos,Antipolo,,,Zoning Certificate,Bank Financing Requirement,281.94
2026-01-08,U-699958,Agri-Ventures Trading Corp.,Namunga,,,Zoning Certificate,Subdivision Phase 1,477.49
2026-01-08,U-773658,Victoria Reyes,Poblacion C,R2-Z,100.85,Zoning Certificate,Bank Financing Requirement,298.43
2026-01-08,U-811385,Antonio Alday,Quilib,BR2-SZ,135.23,Zoning Certificate,Subdivision Phase 1,479.86
2026-01-08,U-917901,David Castillo,Mayuro,R2-Z,86.93,Zoning Certificate,Bank Financing Requirement,261.4
2026-01-09,U-530643,David Alday,Antipolo,,,Locational Clearance,Land Title Verification,3151.61
2026-01-09,U-010768,Rosario Farms Corp.,Bagong Pook,R2-Z,85.33,Locational Clearance,Residential Construction,21455.93
2026-01-09,U-981492,Batangas Gold Trading Corp.,Bagong Pook,C1-Z,221.45,Locational Clearance,Business Permit Requirement,11177.95
2026-01-09,U-931739,Grace Fernandez,Matamis,R2-Z,99.39,Locational Clearance,Bank Financing Requirement,20393.31
2026-01-09,U-972733,Grace Mendoza,San Roque,BR2-SZ,136.35,Locational Clearance,Bank Financing Requirement,20116.92
2026-01-09,U-576677,Batangas Commercial Center,San Carlos,AgIndZ,2065.72,Locational Clearance,Environmental Compliance,21011.45
2026-01-09,U-076622,Juan Cruz,Poblacion E,C1-Z,252.11,Locational Clearance,Business Permit Requirement,8621.49
2026-01-09,U-993691,Mark Torres,Poblacion C,R2-Z,227.1,Zoning Certificate,Residential Construction,369.1
2026-01-12,U-744102,Mark Gonzales,Tulos,,,Locational Clearance,Bank Financing Requirement,11874.85
2026-01-12,U-408918,Teresa Comia,Palakpak,R1-Z,145.58,Locational Clearance,Residential Construction,12405.85
2026-01-12,U-309697,Corazon Mendoza,Bagong Pook,T-Z,1873.25,Locational Clearance,Site Development Permit,4065.77
2026-01-12,U-566568,Luzon Integrated Logistics Inc.,San Roque,AgIndZ,6922.11,Zoning Certificate,Environmental Compliance,442.5
2026-01-12,U-751649,Jose Macalalad,Calantas,5491-APDA-SZ,2175.37,Zoning Certificate,Farm Development Permit,412.94
2026-01-12,U-527139,Grace Fernandez,Antipolo,R2-Z,91.49,Zoning Certificate,Residential Construction,473.89
2026-01-12,U-081736,David Ramos,Antipolo,R2-Z,138.76,Zoning Certificate,Residential Construction,302.4
2026-01-13,U-476251,Angel Sanchez,Mabunga,R1-Z,115.6,Locational Clearance,Subdivision Phase 1,2756.6
2026-01-13,U-083998,David Alday,Calantas,FZ,6095.08,Locational Clearance,Site Development Permit,14753.89
2026-01-13,U-910753,Antonio Mercado,Poblacion B,R2-Z,242.54,Locational Clearance,Subdivision Phase 1,10758.8
2026-01-13,U-106009,Rosario Holdings Inc.,Baybayin,R1-Z,141.89,Zoning Certificate,Bank Financing Requirement,256.87
2026-01-13,U-823152,Batangas Gold Holdings Inc.,Bayawang,I2-Z,5298.25,Zoning Certificate,Environmental Compliance,262.81
2026-01-13,U-604744,Sofia Macalalad,Poblacion A,MR2-SZ,162.18,Zoning Certificate,Subdivision Phase 1,310.34
2026-01-13,U-196989,Antonio Rodriguez,San Roque,R1-Z,331.65,Zoning Certificate,Residential Construction,420.0
2026-01-13,U-683085,Chloe Torres,Quilib,R1-Z,109.06,Zoning Certificate,Subdivision Phase 1,259.16
2026-01-13,U-494601,Agri-Ventures Logistics Inc.,Bagong Pook,BR2-SZ,65.81,Zoning Certificate,Subdivision Phase 1,463.41
2026-01-13,U-493716,Emmanuel Rodriguez,Tulos,5491-APDA-SZ,3377.46,Zoning Certificate,Land Title Verification,351.54
2026-01-13,U-686865,Benjamin Santos,Alupay,PDA-SZ,4489.68,Zoning Certificate,Land Title Verification,497.6
2026-01-14,U-276668,Christian Ramos,Santa Cruz,R2-Z,110.51,Locational Clearance,Subdivision Phase 1,14289.7
2026-01-14,U-372539,Southern Luzon Enterprises,Bagong Pook,R1-Z,293.15,Locational Clearance,Bank Financing Requirement,19600.84
2026-01-14,U-535499,Grace Perez,Maalas-As,R1-Z,152.76,Locational Clearance,Bank Financing Requirement,14359.86
2026-01-14,U-646245,Luzon Integrated Logistics Inc.,Namunga,R1-Z,164.23,Locational Clearance,Subdivision Phase 1,15493.63
2026-01-14,U-224351,Jose Cruz,San Roque,,,Zoning Certificate,Bank Financing Requirement,440.28
2026-01-14,U-010265,Luzon Integrated Realty & Development,San Carlos,,,Zoning Certificate,Bank Financing Requirement,378.27
2026-01-14,U-888285,Luzon Integrated Commercial Center,San Carlos,,,Zoning Certificate,Warehouse/Factory Construction,346.28
2026-01-14,U-034905,Daniel Ramos,Marilag,PTA-SZ-RA,17941.34,Zoning Certificate,Residential Construction,390.08
2026-01-14,U-462442,Ramon Dimaculangan,Bayawang,I2-Z,5675.79,Zoning Certificate,Industrial Park Expansion,321.85
2026-01-14,U-598376,Luzon Integrated Trading Corp.,Alupay,I2-Z,6606.38,Zoning Certificate,Warehouse/Factory Construction,357.43
2026-01-15,U-434077,Luzon Integrated Trading Corp.,San Carlos,AgIndZ-PGR,7609.14,Locational Clearance,Bank Financing Requirement,15411.42
2026-01-15,U-273903,Maria Castillo,Santa Cruz,R1-Z,322.09,Locational Clearance,Residential Construction,11535.95
2026-01-15,U-886385,David Reyes,Natu,PTA-SZ-RA,7525.48,Locational Clearance,Subdivision Phase 1,1824.7
2026-01-15,U-222554,Emmanuel Perez,Santa Cruz,C1-Z,484.71,Locational Clearance,Commercial Complex Development,19776.63
2026-01-15,U-014700,Teresa Reyes,San Carlos,I3-Z,5260.83,Locational Clearance,Industrial Park Expansion,10385.12
2026-01-15,U-756062,Grace Dimaculangan,Alupay,PDA-SZ,13152.2,Locational Clearance,Farm Development Permit,8333.92
2026-01-15,U-065102,Southern Luzon Commercial Center,Palakpak,AgIndZ,7168.1,Zoning Certificate,Industrial Park Expansion,413.05
2026-01-16,U-430502,David Perez,Baybayin,R1-Z,348.83,Locational Clearance,Subdivision Phase 1,16872.74
2026-01-16,U-791894,Benjamin Perez,Alupay,,,Zoning Certificate,General Property Clearance,257.42
2026-01-16,U-324773,Benjamin Torres,Alupay,,,Zoning Certificate,Warehouse/Factory Construction,390.77
2026-01-16,U-010664,Maria Perez,Masaya,R2-Z,87.24,Zoning Certificate,Bank Financing Requirement,256.42
2026-01-16,U-561124,Christian Mercado,Cahigam,R2-Z,141.25,Zoning Certificate,Bank Financing Requirement,444.22
2026-01-16,U-339943,Emmanuel Dimaculangan,San Carlos,UTS-Z,589.48,Zoning Certificate,Site Development Permit,315.24
2026-01-16,U-500448,Corazon Lopez,San Roque,GI-Z,506.28,Zoning Certificate,Industrial Park Expansion,285.63
2026-01-19,U-551087,Rosario Farms Corp.,Balibago,R1-Z,174.55,Locational Clearance,Residential Construction,9381.28
2026-01-19,U-370666,Antonio Dimaculangan,Alupay,,,Zoning Certificate,General Property Clearance,488.27
2026-01-19,U-537109,Angel Alday,Tulos,,,Zoning Certificate,Bank Financing Requirement,332.91
2026-01-19,U-638709,Benjamin Macalalad,Santa Cruz,R2-Z,189.26,Zoning Certificate,Bank Financing Requirement,319.42
2026-01-19,U-970490,Grace Fernandez,Itlugan,R2-Z,175.44,Zoning Certificate,Residential Construction,455.55
2026-01-19,U-465557,Jose Mendoza,Pinagsibaan,I2-Z,5615.14,Zoning Certificate,Industrial Park Expansion,341.02
2026-01-19,U-995834,Teresa Bautista,Santa Cruz,BR2-SZ,153.26,Zoning Certificate,Bank Financing Requirement,393.65
2026-01-20,U-069675,Antonio Dimaculangan,Alupay,AgIndZ-PGR,5390.31,Locational Clearance,Subdivision Phase 1,17983.71
2026-01-20,U-044184,Luzon Integrated Trading Corp.,Masaya,R2-Z,221.14,Locational Clearance,Bank Financing Requirement,2259.17
2026-01-20,U-785573,David Torres,Antipolo,R1-Z,315.66,Locational Clearance,Subdivision Phase 1,19134.86
2026-01-20,U-223781,Angel Ramos,Poblacion B,,,Zoning Certificate,Commercial Complex Development,300.24
2026-01-20,U-986865,Agri-Ventures Holdings Inc.,Namuco,,,Zoning Certificate,Industrial Park Expansion,428.49
2026-01-20,U-640629,Christian Cruz,Pinagsibaan,I3-Z,3038.48,Zoning Certificate,Warehouse/Factory Construction,279.09
2026-01-20,U-648905,Teresa Bautista,Salao,R1-Z,209.27,Zoning Certificate,Bank Financing Requirement,397.73
2026-01-21,U-227786,Corazon Gonzales,Malaya,,,Locational Clearance,Residential Construction,4477.66
2026-01-21,U-563032,Christian Fernandez,Bagong Pook,R2-Z,249.43,Locational Clearance,Residential Construction,18199.65
2026-01-21,U-236333,Antonio Alday,Quilib,BR2-SZ,114.6,Locational Clearance,Bank Financing Requirement,11939.19
2026-01-21,U-471109,Batangas Realty & Development,San Carlos,I1-Z,3020.2,Locational Clearance,Warehouse/Factory Construction,7431.47
2026-01-21,U-899206,Batangas Gold Trading Corp.,Pinagsibaan,UTS-Z,1218.45,Locational Clearance,General Property Clearance,7022.38
2026-01-21,U-549931,Juan Perez,Matamis,,,Zoning Certificate,Bank Financing Requirement,462.96
2026-01-21,U-701093,Corazon Comia,Alupay,,,Zoning Certificate,Agribusiness Construction,474.66
2026-01-21,U-129742,Juan Dimaculangan,Bayawang,AgIndZ,6187.14,Zoning Certificate,Environmental Compliance,407.53
2026-01-21,U-657587,Teresa Garcia,Masaya,PTA-SZ-RA,8393.07,Zoning Certificate,Bank Financing Requirement,313.97
2026-01-21,U-765576,Juan Bautista,Namuco,AgIndZ,7744.68,Zoning Certificate,Environmental Compliance,371.97
2026-01-21,U-062174,Batangas Enterprises,Baybayin,R1-Z,103.92,Zoning Certificate,Bank Financing Requirement,471.42
2026-01-21,U-274248,Mark Gonzales,Poblacion B,R1-Z,109.05,Zoning Certificate,Bank Financing Requirement,308.75
2026-01-22,U-522797,Jose Santos,Bagong Pook,R1-Z,220.8,Locational Clearance,Bank Financing Requirement,2099.1
2026-01-22,U-862291,Rosario Enterprises,Masaya,,,Zoning Certificate,Residential Construction,427.42
2026-01-22,U-255088,Christian Rodriguez,Bagong Pook,,,Zoning Certificate,Residential Construction,454.76
2026-01-22,U-089043,Teresa Rodriguez,San Carlos,I3-Z,4329.41,Zoning Certificate,Industrial Park Expansion,262.18
2026-01-22,U-346253,Christian Gonzales,Tulos,PTA-SZ-RA,17533.54,Zoning Certificate,Bank Financing Requirement,434.53
2026-01-22,U-970440,Angel Santos,Poblacion A,MR2-SZ,101.65,Zoning Certificate,Residential Construction,371.4
2026-01-22,U-914113,Rosario Realty & Development,Nasi,PDA-SZ,15840.33,Zoning Certificate,Agribusiness Construction,432.84
2026-01-23,U-426869,Maria Garcia,Poblacion A,R1-Z,167.22,Locational Clearance,Bank Financing Requirement,20056.35
2026-01-23,U-508778,Danilo Dimaculangan,Santa Cruz,R1-Z,191.51,Locational Clearance,Bank Financing Requirement,10704.72
2026-01-23,U-918328,Victoria Ramos,Mavalor,,,Zoning Certificate,Bank Financing Requirement,265.38
2026-01-23,U-828368,Agri-Ventures Realty & Development,San Isidro,,,Zoning Certificate,Subdivision Phase 1,369.68
2026-01-23,U-581295,Ramon Mercado,Masaya,,,Zoning Certificate,Agribusiness Construction,453.11
2026-01-23,U-301387,Sofia Reyes,Santa Cruz,R2-Z,186.9,Zoning Certificate,Residential Construction,396.78
2026-01-23,U-747125,Emmanuel Dimaculangan,Tulos,FR-SZ,7928.73,Zoning Certificate,Subdivision Phase 1,277.47
2026-01-26,U-192199,Mark Castillo,Bayawang,,,Zoning Certificate,Environmental Compliance,281.03
2026-01-26,U-362872,Prime Realty & Development,Poblacion B,,,Zoning Certificate,Residential Construction,424.71
2026-01-26,U-434508,Ramon Mercado,Cahigam,R1-Z,308.9,Zoning Certificate,Bank Financing Requirement,317.34
2026-01-26,U-713027,Batangas Gold Farms Corp.,Macalamcam B,R2-Z,133.01,Zoning Certificate,Subdivision Phase 1,259.24
2026-01-26,U-537665,Juan Rodriguez,Poblacion C,C2-Z,675.09,Zoning Certificate,Business Permit Requirement,491.85
2026-01-26,U-679676,Victoria Rodriguez,Tulos,5491-APDA-SZ,4529.91,Zoning Certificate,Land Title Verification,365.7
2026-01-27,U-342689,Emmanuel Mendoza,Tulos,THSP-SZ,9245.09,Locational Clearance,General Property Clearance,18744.49
2026-01-27,U-400373,Luz Gonzales,Natu,R1-Z,150.63,Locational Clearance,Bank Financing Requirement,11817.42
2026-01-27,U-393077,Antonio Sanchez,Pinagsibaan,,,Zoning Certificate,Land Title Verification,485.83
2026-01-27,U-837240,Mark Garcia,Nasi,R1-Z,105.0,Zoning Certificate,Bank Financing Requirement,277.94
2026-01-27,U-241270,Antonio Santos,Mabato,ECT-Z,6907.97,Zoning Certificate,Commercial Building Construction,478.66
2026-01-27,U-613125,Batangas Logistics Inc.,Bagong Pook,BR2-SZ,163.43,Zoning Certificate,Bank Financing Requirement,325.99
2026-01-27,U-003358,Luz Torres,Masaya,R2-Z,103.93,Zoning Certificate,Residential Construction,464.3
2026-01-27,U-796688,Angel Bautista,Baybayin,GI-Z,2724.42,Zoning Certificate,Warehouse/Factory Construction,463.29
2026-01-27,U-307187,Emmanuel Garcia,Masaya,PTA-SZ-RA,11514.76,Zoning Certificate,Bank Financing Requirement,376.53
2026-01-28,U-964821,Batangas Enterprises,San Roque,,,Locational Clearance,Subdivision Phase 1,7901.77
2026-01-28,U-166297,Grace Mercado,Quilib,,,Zoning Certificate,Commercial Complex Development,413.4
2026-01-28,U-967877,Batangas Gold Enterprises,Santa Cruz,,,Zoning Certificate,Warehouse/Factory Construction,301.63
2026-01-28,U-900121,Prime Realty & Development,Calantas,,,Zoning Certificate,Bank Financing Requirement,363.31
2026-01-28,U-225148,Juan Alday,Pinagsibaan,I1-Z,2869.21,Zoning Certificate,Environmental Compliance,411.56
2026-01-28,U-070058,Antonio Fernandez,Leviste,R1-Z,283.0,Zoning Certificate,Bank Financing Requirement,309.49
2026-01-28,U-915644,Teresa Torres,Alupay,UTS-Z,2592.86,Zoning Certificate,General Property Clearance,352.32
2026-01-28,U-173682,Juan Cruz,Santa Cruz,C1-Z,341.3,Zoning Certificate,Commercial Complex Development,419.58
2026-01-29,U-546737,Grace Garcia,Quilib,BR2-SZ,84.7,Locational Clearance,Residential Construction,15103.93
2026-01-29,U-598005,Rosario Trading Corp.,Santa Cruz,C1-Z,463.44,Locational Clearance,Business Permit Requirement,5131.09
2026-01-29,U-893725,Corazon Rodriguez,Poblacion D,C1-Z,309.72,Locational Clearance,Business Permit Requirement,1778.18
2026-01-29,U-513229,Benjamin Bautista,San Roque,,,Zoning Certificate,Facility/Structure Construction,467.27
2026-01-29,U-662487,Luzon Integrated Farms Corp.,Poblacion B,,,Zoning Certificate,Bank Financing Requirement,467.48
2026-01-29,U-237466,Angel Mercado,San Isidro,PDA-SZ,6896.45,Zoning Certificate,Agribusiness Construction,498.62
2026-01-30,U-841715,Sofia Fernandez,Matamis,,,Locational Clearance,Bank Financing Requirement,13554.96
2026-01-30,U-928249,Agri-Ventures Farms Corp.,Calantas,ECT-Z,5407.11,Locational Clearance,Commercial Complex Development,7846.88
2026-01-30,U-670428,Jose Garcia,Santa Cruz,,,Zoning Certificate,Environmental Compliance,293.41
2026-01-30,U-764638,Mark Mendoza,Poblacion A,R2-Z,158.31,Zoning Certificate,Residential Construction,268.81
2026-01-30,U-575357,Daniel Cruz,Poblacion A,R2-Z,96.36,Zoning Certificate,Residential Construction,328.0
2026-01-30,U-746259,Antonio Santos,Baybayin,R1-Z,349.45,Zoning Certificate,Subdivision Phase 1,317.83
2026-01-30,U-902349,Prime Realty & Development,Alupay,AgIndZ,4362.86,Zoning Certificate,Environmental Compliance,354.39
2026-01-30,U-146219,Danilo Sanchez,Poblacion A,R1-Z,149.43,Zoning Certificate,Residential Construction,397.06
2026-02-02,U-194603,Maria Mercado,Mabunga,C1-Z,393.71,Locational Clearance,Commercial Complex Development,4328.82
2026-02-02,U-414614,Emmanuel Dimaculangan,Poblacion C,R1-Z,306.62,Locational Clearance,Bank Financing Requirement,2478.74
2026-02-02,U-763159,Teresa Torres,Pinagsibaan,,,Zoning Certificate,Industrial Park Expansion,362.65
2026-02-02,U-101865,Victoria Dimaculangan,Poblacion E,R2-Z,108.98,Zoning Certificate,Bank Financing Requirement,395.01
2026-02-02,U-867706,Sofia Macalalad,Bagong Pook,R1-Z,254.83,Zoning Certificate,Bank Financing Requirement,493.91
2026-02-02,U-397046,Luz Rodriguez,Poblacion B,R1-Z,196.78,Zoning Certificate,Subdivision Phase 1,488.93
2026-02-02,U-634842,Benjamin Castillo,Tiquiwan,R2-Z,130.06,Zoning Certificate,Residential Construction,339.45
2026-02-03,U-938147,Chloe Mercado,Alupay,AgIndZ-PGR,3226.54,Locational Clearance,Residential Construction,19592.38
2026-02-03,U-761408,Christian Bautista,San Isidro,R1-Z,197.99,Locational Clearance,Subdivision Phase 1,14561.57
2026-02-03,U-341315,Chloe Rodriguez,Maligaya,R1-Z,236.94,Zoning Certificate,Residential Construction,351.62
2026-02-03,U-938702,Prime Trading Corp.,Poblacion A,R2-Z,182.95,Zoning Certificate,Subdivision Phase 1,483.18
2026-02-03,U-764061,Chloe Santos,Malaya,PTA-SZ-RA,18796.96,Zoning Certificate,Bank Financing Requirement,252.38
2026-02-03,U-295420,Batangas Enterprises,Poblacion E,C2-Z,689.66,Zoning Certificate,Commercial Building Construction,292.12
2026-02-03,U-121849,Ramon Torres,Namunga,BR2-SZ,66.32,Zoning Certificate,Bank Financing Requirement,420.95
2026-02-03,U-158754,Benjamin Gonzales,Matamis,R2-Z,112.88,Zoning Certificate,Bank Financing Requirement,414.8
2026-02-04,U-598789,Mark Mercado,Mabato,5491-APDA-SZ,3053.13,Locational Clearance,Agribusiness Construction,7243.28
2026-02-04,U-019440,Agri-Ventures Enterprises,Balibago,,,Zoning Certificate,Subdivision Phase 1,450.76
2026-02-04,U-276974,Batangas Gold Farms Corp.,San Roque,R1-Z,197.55,Zoning Certificate,Subdivision Phase 1,304.49
2026-02-04,U-027833,Sofia Perez,Namunga,R2-Z,243.74,Zoning Certificate,Subdivision Phase 1,430.04
2026-02-04,U-700652,Antonio Bautista,Macalamcam A,R1-Z,196.48,Zoning Certificate,Residential Construction,498.47
2026-02-04,U-601902,David Garcia,Quilib,R2-Z,123.61,Zoning Certificate,Residential Construction,278.59
2026-02-04,U-702739,Antonio Comia,Masaya,PTA-SZ-RA,16788.04,Zoning Certificate,Residential Construction,437.2
2026-02-04,U-073870,Danilo Macalalad,Poblacion A,R1-Z,178.68,Zoning Certificate,Subdivision Phase 1,398.41
2026-02-05,U-563477,Danilo Perez,San Carlos,UTS-Z,2366.32,Locational Clearance,Site Development Permit,10866.05
2026-02-05,U-894466,Mark Rodriguez,Cahigam,R2-Z,204.01,Locational Clearance,Bank Financing Requirement,18133.96
2026-02-05,U-011207,Victoria Torres,Namuco,,,Zoning Certificate,Industrial Park Expansion,394.28
2026-02-05,U-487634,Christian Mercado,Masaya,,,Zoning Certificate,Warehouse/Factory Construction,292.16
2026-02-05,U-664838,Grace Perez,Alupay,,,Zoning Certificate,Industrial Park Expansion,366.61
2026-02-05,U-332782,Chloe Lopez,Poblacion E,R1-Z,246.86,Zoning Certificate,Subdivision Phase 1,393.37
2026-02-05,U-038161,Batangas Gold Holdings Inc.,Pinagsibaan,UTS-Z,2259.64,Zoning Certificate,Facility/Structure Construction,358.02
2026-02-06,U-116680,Prime Enterprises,San Carlos,,,Locational Clearance,Site Development Permit,9135.29
2026-02-06,U-312202,Agri-Ventures Commercial Center,Namuco,,,Locational Clearance,Site Development Permit,4256.94
2026-02-06,U-312236,David Sanchez,Poblacion E,R1-Z,142.18,Locational Clearance,Subdivision Phase 1,2418.9
2026-02-06,U-296778,David Santos,Santa Cruz,BR2-SZ,74.52,Locational Clearance,Residential Construction,16763.23
2026-02-06,U-746413,Rosario Holdings Inc.,Alupay,I2-Z,5430.27,Locational Clearance,Environmental Compliance,10354.39
2026-02-06,U-687594,Teresa Mendoza,Maligaya,R2-Z,180.34,Locational Clearance,Subdivision Phase 1,13394.75
2026-02-06,U-994962,Maria Alday,San Isidro,,,Zoning Certificate,Commercial Building Construction,484.38
2026-02-06,U-260518,Antonio Mendoza,Palakpak,,,Zoning Certificate,Commercial Complex Development,300.19
2026-02-06,U-868822,Angel Fernandez,Quilib,,,Zoning Certificate,Subdivision Phase 1,338.81
2026-02-06,U-032629,Luz Lopez,San Isidro,,,Zoning Certificate,Residential Construction,492.19
2026-02-06,U-056417,Luz Comia,San Roque,R1-Z,197.15,Zoning Certificate,Residential Construction,411.75
2026-02-06,U-694421,Batangas Gold Realty & Development,Masaya,R2-Z,143.05,Zoning Certificate,Bank Financing Requirement,409.51
2026-02-09,U-991408,Batangas Gold Trading Corp.,Cahigam,,,Zoning Certificate,Subdivision Phase 1,456.4
2026-02-09,U-646112,Batangas Gold Logistics Inc.,Bagong Pook,R2-Z,97.9,Zoning Certificate,Residential Construction,325.11
2026-02-09,U-768345,Ramon Garcia,Alupay,AgIndZ-PGR,8828.72,Zoning Certificate,Bank Financing Requirement,387.46
2026-02-09,U-220640,Sofia Alday,Alupay,AgIndZ-PTR,8570.48,Zoning Certificate,Bank Financing Requirement,251.75
2026-02-09,U-693703,Grace Alday,Calantas,PTA-SZ-RA,15697.29,Zoning Certificate,Subdivision Phase 1,370.35
2026-02-09,U-979687,Daniel Fernandez,Nasi,R1-Z,195.37,Zoning Certificate,Residential Construction,479.25
2026-02-10,U-569230,Corazon Santos,San Roque,,,Zoning Certificate,Residential Construction,365.63
2026-02-10,U-802595,Rosario Logistics Inc.,San Carlos,,,Zoning Certificate,Subdivision Phase 1,331.95
2026-02-10,U-542241,Daniel Santos,Bagong Pook,R2-Z,203.4,Zoning Certificate,Residential Construction,477.5
2026-02-10,U-623977,Benjamin Mercado,Quilib,C1-Z,182.46,Zoning Certificate,Commercial Building Construction,366.97
2026-02-11,U-386099,Chloe Santos,Antipolo,,,Locational Clearance,Residential Construction,10808.72
2026-02-11,U-364519,Southern Luzon Holdings Inc.,Matamis,R2-Z,124.6,Locational Clearance,Bank Financing Requirement,21366.94
2026-02-11,U-379232,Jose Lopez,Quilib,BR2-SZ,144.86,Locational Clearance,Subdivision Phase 1,16083.03
2026-02-11,U-059642,Batangas Farms Corp.,Quilib,C1-Z,303.28,Locational Clearance,Commercial Building Construction,12535.4
2026-02-11,U-862815,Grace Mendoza,San Carlos,UTS-Z,2550.71,Zoning Certificate,Site Development Permit,496.21
2026-02-11,U-182066,Ramon Alday,Leviste,PDA-SZ,15412.32,Zoning Certificate,Agribusiness Construction,370.91
2026-02-11,U-925562,Antonio Comia,Poblacion C,R1-Z,261.23,Zoning Certificate,Subdivision Phase 1,353.75
2026-02-12,U-131520,Christian Rodriguez,Masaya,R1-Z,135.94,Development Permit,Residential Construction,101493.69
2026-02-12,U-349399,Victoria Torres,Cahigam,,,Locational Clearance,Bank Financing Requirement,12487.41
2026-02-12,U-067659,Danilo Garcia,San Isidro,R2-Z,205.74,Locational Clearance,Subdivision Phase 1,9329.05
2026-02-12,U-739338,Mark Ramos,Poblacion E,R2-Z,153.16,Locational Clearance,Residential Construction,11095.18
2026-02-12,U-627144,Sofia Macalalad,Alupay,,,Zoning Certificate,Environmental Compliance,483.44
2026-02-12,U-855551,Mark Castillo,Quilib,C1-Z,315.91,Zoning Certificate,Commercial Complex Development,379.77
2026-02-12,U-707203,Mark Rodriguez,San Roque,BR2-SZ,174.52,Zoning Certificate,Residential Construction,296.53
2026-02-12,U-174593,Emmanuel Perez,Salao,R2-Z,186.93,Zoning Certificate,Bank Financing Requirement,336.35
2026-02-12,U-138331,Southern Luzon Trading Corp.,Colongan,R1-Z,312.82,Zoning Certificate,Residential Construction,353.83
2026-02-13,U-864166,Mark Garcia,San Roque,C1-Z,379.02,Locational Clearance,Business Permit Requirement,18683.38
2026-02-13,U-075424,David Sanchez,Tulos,PDA-SZ,6555.7,Locational Clearance,Land Title Verification,4918.64
2026-02-13,U-488453,Mark Reyes,Macalamcam B,PDA-SZ,5409.25,Locational Clearance,Farm Development Permit,17545.02
2026-02-13,U-087286,Christian Reyes,Poblacion A,C1-Z,254.3,Locational Clearance,Commercial Complex Development,6801.19
2026-02-13,U-578298,Antonio Sanchez,San Carlos,AgIndZ,3555.11,Locational Clearance,Environmental Compliance,18537.65
2026-02-13,U-919706,Corazon Sanchez,Poblacion A,C1-Z,476.95,Locational Clearance,Business Permit Requirement,17555.78
2026-02-13,U-937864,Benjamin Santos,Quilib,,,Zoning Certificate,Residential Construction,424.3
2026-02-13,U-362675,Emmanuel Torres,Bulihan,C1-Z,287.16,Zoning Certificate,Commercial Complex Development,349.63
2026-02-13,U-412151,Teresa Fernandez,Pinagsibaan,I2-Z,3639.79,Zoning Certificate,Warehouse/Factory Construction,368.08
2026-02-13,U-124676,Danilo Fernandez,Baybayin,R2-Z,98.35,Zoning Certificate,Residential Construction,320.92
2026-02-13,U-852486,Rosario Farms Corp.,Leviste,C/MP-Z,1819.93,Zoning Certificate,Commercial Building Construction,310.02
2026-02-16,U-293106,Grace Sanchez,Palakpak,,,Zoning Certificate,Subdivision Phase 1,353.61
2026-02-16,U-125537,Sofia Fernandez,Masaya,,,Zoning Certificate,Subdivision Phase 1,418.35
2026-02-16,U-443386,Batangas Gold Holdings Inc.,Poblacion B,R1-Z,223.88,Zoning Certificate,Subdivision Phase 1,292.39
2026-02-16,U-174965,Batangas Gold Commercial Center,Bayawang,AgIndZ,4247.71,Zoning Certificate,Industrial Park Expansion,277.43
2026-02-16,U-468422,Chloe Mercado,San Isidro,R1-Z,136.08,Zoning Certificate,Bank Financing Requirement,481.89
2026-02-18,U-137009,Grace Cruz,Macalamcam A,PDA-SZ,5635.92,Locational Clearance,Agribusiness Construction,15569.39
2026-02-18,U-394561,Sofia Torres,Balibago,R2-Z,178.4,Locational Clearance,Bank Financing Requirement,11547.91
2026-02-18,U-465942,Batangas Gold Logistics Inc.,Pinagsibaan,I1-Z,3830.08,Locational Clearance,Environmental Compliance,15781.49
2026-02-18,U-382888,Daniel Bautista,Malaya,,,Zoning Certificate,Business Permit Requirement,459.95
2026-02-18,U-676765,Angel Perez,Bagong Pook,,,Zoning Certificate,Residential Construction,473.08
2026-02-18,U-513307,Prime Commercial Center,Calantas,,,Zoning Certificate,Residential Construction,431.86
2026-02-18,U-633522,Christian Cruz,Poblacion E,R2-Z,205.99,Zoning Certificate,Bank Financing Requirement,469.42
2026-02-19,U-775000,Danilo Comia,Namuco,,,Locational Clearance,General Property Clearance,3973.65
2026-02-19,U-065397,Batangas Gold Farms Corp.,Santa Cruz,,,Locational Clearance,Farm Development Permit,6873.15
2026-02-19,U-361629,Jose Bautista,Mayuro,PTA-SZ-RA,18896.42,Locational Clearance,Bank Financing Requirement,5423.41
2026-02-19,U-778649,Chloe Mercado,Calantas,PDA-SZ,7576.33,Locational Clearance,Agribusiness Construction,7210.34
2026-02-19,U-581844,Corazon Castillo,Pinagsibaan,AgIndZ-PGR,6498.7,Locational Clearance,Bank Financing Requirement,13973.83
2026-02-19,U-859267,Emmanuel Mendoza,Palakpak,R2-Z,174.51,Locational Clearance,Bank Financing Requirement,19173.76
2026-02-19,U-406863,Batangas Enterprises,Matamis,C1-Z,444.52,Locational Clearance,Commercial Building Construction,17320.86
2026-02-19,U-041576,Emmanuel Macalalad,Itlugan,,,Zoning Certificate,Farm Development Permit,333.49
2026-02-19,U-444627,Jose Alday,Calantas,PDA-SZ,3819.76,Zoning Certificate,Farm Development Permit,351.27
2026-02-19,U-697535,Luzon Integrated Logistics Inc.,Santa Cruz,R2-Z,100.35,Zoning Certificate,Subdivision Phase 1,414.1
2026-02-19,U-940509,Batangas Gold Commercial Center,Masaya,AgIndZ,2072.92,Zoning Certificate,Warehouse/Factory Construction,436.5
2026-02-19,U-458273,Jose Macalalad,Mabato,PTA-SZ-RA,3021.36,Zoning Certificate,Residential Construction,396.77
2026-02-19,U-188320,Benjamin Rodriguez,Namuco,I3-Z,9423.82,Zoning Certificate,Industrial Park Expansion,253.84
2026-02-20,U-056555,Corazon Sanchez,Lumbangan,,,Locational Clearance,Bank Financing Requirement,9940.94
2026-02-20,U-823839,Maria Perez,Quilib,R2-Z,106.96,Locational Clearance,Residential Construction,15037.37
2026-02-20,U-109762,Agri-Ventures Trading Corp.,Baybayin,,,Zoning Certificate,Bank Financing Requirement,419.0
2026-02-20,U-521887,Jose Ramos,Poblacion A,,,Zoning Certificate,Subdivision Phase 1,306.58
2026-02-20,U-627263,Danilo Cruz,San Isidro,R2-Z,230.16,Zoning Certificate,Bank Financing Requirement,269.0
2026-02-20,U-021022,Benjamin Rodriguez,Tulos,5491-APDA-SZ,1094.13,Zoning Certificate,Land Title Verification,256.25
2026-02-20,U-220809,Antonio Lopez,Masaya,C1-Z,173.74,Zoning Certificate,Business Permit Requirement,397.31
2026-02-20,U-788103,David Torres,Masaya,R1-Z,189.12,Zoning Certificate,Residential Construction,333.75
2026-02-20,U-092586,Benjamin Alday,Leviste,R1-Z,227.2,Zoning Certificate,Bank Financing Requirement,346.84
2026-02-23,U-290980,Batangas Gold Realty & Development,Nasi,,,Locational Clearance,Residential Construction,2069.3
2026-02-23,U-846044,Christian Rodriguez,Bagong Pook,,,Locational Clearance,Bank Financing Requirement,9661.27
2026-02-23,U-385237,Luzon Integrated Commercial Center,Poblacion D,C1-Z,313.62,Locational Clearance,Commercial Complex Development,14691.85
2026-02-23,U-182516,Luz Comia,Poblacion B,R2-Z,134.24,Locational Clearance,Residential Construction,16595.26
2026-02-23,U-229750,Christian Dimaculangan,San Carlos,AgIndZ,3553.38,Locational Clearance,Warehouse/Factory Construction,5304.22
2026-02-23,U-504068,Sofia Fernandez,Tulos,FZ,10698.04,Locational Clearance,General Property Clearance,20617.37
2026-02-23,U-239888,Corazon Gonzales,Bayawang,CMRF,1669.12,Locational Clearance,Site Development Permit,8082.56
2026-02-23,U-667187,Batangas Realty & Development,Santa Cruz,R1-Z,155.84,Locational Clearance,Bank Financing Requirement,21213.92
2026-02-23,U-109655,Batangas Gold Logistics Inc.,San Isidro,,,Zoning Certificate,Subdivision Phase 1,311.84
2026-02-23,U-911764,Teresa Bautista,Poblacion B,,,Zoning Certificate,Warehouse/Factory Construction,365.22
2026-02-23,U-660687,Agri-Ventures Enterprises,Antipolo,R1-Z,282.21,Zoning Certificate,Residential Construction,486.97
2026-02-23,U-682412,Angel Dimaculangan,Quilib,GI-Z,955.59,Zoning Certificate,Environmental Compliance,452.3
2026-02-23,U-504526,Victoria Castillo,Santa Cruz,R2-Z,229.1,Zoning Certificate,Residential Construction,263.67
2026-02-23,U-035846,Danilo Gonzales,Namuco,I2-Z,5520.52,Zoning Certificate,Environmental Compliance,474.32
2026-02-23,U-205422,Teresa Cruz,Macalamcam A,R1-Z,336.6,Zoning Certificate,Bank Financing Requirement,275.33
2026-02-23,U-413208,Luzon Integrated Commercial Center,Calantas,PTA-SZ-RA,19767.1,Zoning Certificate,Residential Construction,288.5
2026-02-24,U-286563,Danilo Bautista,Santa Cruz,R1-Z,337.17,Locational Clearance,Residential Construction,18647.62
2026-02-24,U-223631,Corazon Cruz,Maligaya,PDA-SZ,4917.39,Locational Clearance,Agribusiness Construction,8738.12
2026-02-24,U-969257,Danilo Sanchez,Masaya,GI-Z,673.12,Locational Clearance,Industrial Park Expansion,6028.21
2026-02-24,U-167061,Corazon Castillo,Santa Cruz,,,Zoning Certificate,Commercial Complex Development,283.88
2026-02-24,U-606030,Daniel Perez,Quilib,,,Zoning Certificate,Bank Financing Requirement,312.67
2026-02-24,U-686271,Sofia Gonzales,Tulos,,,Zoning Certificate,Business Permit Requirement,428.17
2026-02-24,U-625008,Agri-Ventures Commercial Center,San Carlos,I2-Z,6588.1,Zoning Certificate,Environmental Compliance,268.61
2026-02-24,U-494142,Corazon Torres,Mabato,5491-APDA-SZ,4416.81,Zoning Certificate,Agribusiness Construction,259.67
2026-02-25,U-268262,Prime Trading Corp.,Poblacion A,C1-Z,445.82,Development Permit,Commercial Building Construction,65293.94
2026-02-25,U-367005,Mark Cruz,Namuco,I1-Z,1597.38,Development Permit,Environmental Compliance,96504.82
2026-02-25,U-797682,Angel Alday,Tulos,,,Locational Clearance,Subdivision Phase 1,9634.15
2026-02-25,U-638201,Christian Santos,Bayawang,AgIndZ-PGR,4125.37,Locational Clearance,Subdivision Phase 1,12654.58
2026-02-25,U-586528,Mark Mendoza,Poblacion D,MR2-SZ,73.96,Locational Clearance,Subdivision Phase 1,15262.7
2026-02-25,U-826946,Jose Ramos,Santa Cruz,,,Zoning Certificate,Subdivision Phase 1,358.46
2026-02-25,U-817280,David Mendoza,Calantas,,,Zoning Certificate,Land Title Verification,424.45
2026-02-25,U-437710,Victoria Mercado,Quilib,,,Zoning Certificate,Bank Financing Requirement,301.2
2026-02-25,U-397460,Teresa Comia,San Isidro,,,Zoning Certificate,Farm Development Permit,478.9
2026-02-25,U-971154,Southern Luzon Realty & Development,Bayawang,AgIndZ,3789.24,Zoning Certificate,Environmental Compliance,383.05
2026-02-25,U-924785,Ramon Rodriguez,Poblacion B,MR2-SZ,126.74,Zoning Certificate,Residential Construction,335.35
2026-02-25,U-974546,Luzon Integrated Trading Corp.,Marilag,R2-Z,149.66,Zoning Certificate,Subdivision Phase 1,463.73
2026-02-26,U-550307,Rosario Enterprises,Masaya,,,Locational Clearance,Subdivision Phase 1,8684.47
2026-02-26,U-417301,Grace Castillo,San Roque,R2-Z,223.7,Locational Clearance,Bank Financing Requirement,9804.81
2026-02-26,U-320341,Ramon Fernandez,Itlugan,,,Zoning Certificate,Residential Construction,462.61
2026-02-26,U-833644,Juan Bautista,Tulos,PTA-SZ-RA,4173.32,Zoning Certificate,Bank Financing Requirement,300.62
2026-02-26,U-759647,Batangas Commercial Center,Bulihan,R2-Z,224.31,Zoning Certificate,Residential Construction,252.41
2026-02-26,U-329478,Christian Sanchez,Poblacion D,R1-Z,287.36,Zoning Certificate,Subdivision Phase 1,256.33
2026-02-27,U-978957,Luzon Integrated Holdings Inc.,Baybayin,R1-Z,167.28,Development Permit,Subdivision Phase 1,109121.89
2026-02-27,U-925063,Prime Trading Corp.,Poblacion D,,,Zoning Certificate,Subdivision Phase 1,364.33
2026-02-27,U-034067,Corazon Gonzales,Marilag,,,Zoning Certificate,Business Permit Requirement,273.76
2026-02-27,U-280153,Jose Garcia,Namuco,UTS-Z,2471.09,Zoning Certificate,General Property Clearance,309.95
2026-02-27,U-227402,Rosario Realty & Development,Quilib,BR2-SZ,121.19,Zoning Certificate,Subdivision Phase 1,311.4
2026-02-27,U-131267,Chloe Garcia,Tulos,PTA-SZ-RA,8057.73,Zoning Certificate,Subdivision Phase 1,476.17
2026-02-27,U-689767,Prime Trading Corp.,Quilib,R2-Z,244.58,Zoning Certificate,Bank Financing Requirement,489.17
2026-02-27,U-335484,Rosario Logistics Inc.,San Isidro,R2-Z,164.41,Zoning Certificate,Bank Financing Requirement,321.89
2026-02-27,U-182958,Juan Fernandez,Bagong Pook,R1-Z,166.4,Zoning Certificate,Bank Financing Requirement,270.37
2026-02-27,U-712340,Maria Garcia,Matamis,PDA-SZ,10716.74,Zoning Certificate,Land Title Verification,251.62
2026-03-02,U-263714,Batangas Trading Corp.,Santa Cruz,R2-Z,204.25,Development Permit,Bank Financing Requirement,95802.52
2026-03-02,U-770607,Jose Sanchez,Quilib,C1-Z,455.29,Locational Clearance,Commercial Complex Development,14173.23
2026-03-02,U-981365,Danilo Dimaculangan,Mayuro,R2-Z,117.7,Locational Clearance,Residential Construction,12475.61
2026-03-02,U-399486,Maria Comia,Santa Cruz,C1-Z,208.89,Locational Clearance,Commercial Complex Development,2657.57
2026-03-02,U-039859,Chloe Comia,Bayawang,AgIndZ,6508.5,Locational Clearance,Industrial Park Expansion,21839.23
2026-03-02,U-956724,Benjamin Macalalad,Santa Cruz,R1-Z,186.09,Locational Clearance,Subdivision Phase 1,9536.15
2026-03-02,U-158017,Corazon Gonzales,Quilib,R1-Z,300.67,Locational Clearance,Residential Construction,16763.15
2026-03-02,U-667890,Juan Santos,San Carlos,I3-Z,11221.68,Locational Clearance,Environmental Compliance,19398.56
2026-03-02,U-847930,David Rodriguez,Santa Cruz,R2-Z,180.52,Locational Clearance,Bank Financing Requirement,18747.12
2026-03-02,U-589773,Daniel Cruz,Balibago,PDA-SZ,13056.0,Locational Clearance,Agribusiness Construction,6645.54
2026-03-02,U-554553,Rosario Trading Corp.,Namuco,,,Zoning Certificate,Environmental Compliance,292.37
2026-03-03,U-532467,Jose Garcia,Santa Cruz,,,Locational Clearance,Environmental Compliance,2401.67
2026-03-03,U-821678,Ramon Macalalad,Alupay,I1-Z,3588.77,Locational Clearance,Industrial Park Expansion,16705.97
2026-03-03,U-745204,Southern Luzon Enterprises,Alupay,I1-Z,2216.88,Locational Clearance,Environmental Compliance,5464.01
2026-03-03,U-614822,Rosario Trading Corp.,Namuco,I1-Z,3302.46,Locational Clearance,Environmental Compliance,18043.98
2026-03-03,U-050000,Angel Perez,Namuco,I2-Z,7112.89,Locational Clearance,Environmental Compliance,17389.24
2026-03-03,U-241672,Luz Macalalad,San Isidro,R2-Z,183.19,Locational Clearance,Bank Financing Requirement,2693.95
2026-03-03,U-202586,Maria Santos,Santa Cruz,R2-Z,180.23,Locational Clearance,Subdivision Phase 1,9513.11
2026-03-03,U-624779,David Torres,San Roque,C1-Z,371.78,Locational Clearance,Business Permit Requirement,16559.43
2026-03-03,U-924072,Maria Rodriguez,Poblacion B,MR2-SZ,80.24,Locational Clearance,Residential Construction,15276.87
2026-03-03,U-029817,Christian Mercado,Alupay,,,Zoning Certificate,Environmental Compliance,394.95
2026-03-03,U-376567,David Dimaculangan,Natu,R1-Z,126.95,Zoning Certificate,Subdivision Phase 1,323.84
2026-03-04,U-454022,Agri-Ventures Holdings Inc.,San Carlos,I1-Z,4165.36,Development Permit,Warehouse/Factory Construction,97632.17
2026-03-04,U-044454,Victoria Ramos,Mavalor,,,Locational Clearance,Bank Financing Requirement,8143.74
2026-03-04,U-799696,Emmanuel Macalalad,Poblacion D,,,Locational Clearance,Commercial Building Construction,3820.72
2026-03-04,U-414301,Agri-Ventures Trading Corp.,Namunga,,,Locational Clearance,Bank Financing Requirement,13524.36
2026-03-04,U-663862,Sofia Lopez,San Carlos,I3-Z,4245.57,Locational Clearance,Warehouse/Factory Construction,17157.28
2026-03-04,U-720317,Maria Torres,Bagong Pook,R1-Z,151.14,Locational Clearance,Residential Construction,6801.94
2026-03-04,U-916648,Prime Realty & Development,Baybayin,GI-Z,836.63,Locational Clearance,Industrial Park Expansion,11104.41
2026-03-04,U-491837,Chloe Torres,Poblacion A,C2-Z,398.44,Locational Clearance,Commercial Complex Development,21200.39
2026-03-04,U-453851,Daniel Castillo,Tulos,PDA-SZ,5107.81,Locational Clearance,Land Title Verification,8636.83
2026-03-04,U-439797,Jose Castillo,Itlugan,R2-Z,89.66,Locational Clearance,Residential Construction,14970.28
2026-03-04,U-473270,Victoria Comia,Santa Cruz,R2-Z,127.28,Locational Clearance,Residential Construction,10711.88
2026-03-04,U-321414,David Torres,Calantas,PDA-SZ,15068.38,Locational Clearance,Farm Development Permit,20436.65
2026-03-05,U-924075,Batangas Gold Realty & Development,Quilib,C1-Z,444.85,Development Permit,Commercial Complex Development,48960.77
2026-03-05,U-448407,Victoria Rodriguez,Namunga,BR2-SZ,114.82,Locational Clearance,Residential Construction,21792.52
2026-03-05,U-126152,Angel Sanchez,Pinagsibaan,I1-Z,3805.51,Locational Clearance,Warehouse/Factory Construction,2636.94
2026-03-05,U-675676,Emmanuel Alday,Baybayin,R1-Z,328.24,Locational Clearance,Residential Construction,21318.19
2026-03-05,U-742077,Benjamin Dimaculangan,San Isidro,R1-Z,150.96,Locational Clearance,Residential Construction,5155.94
2026-03-05,U-439374,David Perez,Baybayin,,,Zoning Certificate,Residential Construction,364.64
2026-03-05,U-203718,Luz Bautista,Namuco,I3-Z,3463.32,Zoning Certificate,Industrial Park Expansion,322.41
2026-03-06,U-471772,Batangas Realty & Development,Poblacion B,C2-Z,700.5,Development Permit,Commercial Complex Development,85746.21
2026-03-06,U-535973,Agri-Ventures Holdings Inc.,Namuco,,,Locational Clearance,Environmental Compliance,7438.79
2026-03-06,U-854913,Jose Garcia,San Isidro,R2-Z,127.39,Locational Clearance,Bank Financing Requirement,13563.29
2026-03-06,U-746484,David Macalalad,Quilib,R2-Z,141.75,Locational Clearance,Residential Construction,2523.54
2026-03-06,U-133153,Maria Garcia,San Isidro,PTA-SZ-RA,19173.54,Locational Clearance,Residential Construction,18868.26
2026-03-06,U-869178,Rosario Commercial Center,Poblacion A,R1-Z,293.87,Locational Clearance,Subdivision Phase 1,9273.48
2026-03-06,U-970298,Mark Lopez,Mabunga,,,Zoning Certificate,Residential Construction,423.47
2026-03-06,U-797791,Daniel Torres,Nasi,AgIndZ,3476.51,Zoning Certificate,Warehouse/Factory Construction,335.85
2026-03-09,U-313925,Southern Luzon Realty & Development,Calantas,,,Locational Clearance,Site Development Permit,12220.2
2026-03-09,U-734763,Luzon Integrated Commercial Center,San Carlos,,,Locational Clearance,Environmental Compliance,3723.31
2026-03-09,U-736780,Southern Luzon Logistics Inc.,Bagong Pook,C1-Z,393.27,Locational Clearance,Commercial Building Construction,17366.76
2026-03-09,U-068184,Jose Reyes,Maligaya,R1-Z,142.67,Locational Clearance,Subdivision Phase 1,10144.66
2026-03-09,U-029148,Luzon Integrated Logistics Inc.,Bagong Pook,R2-Z,116.3,Locational Clearance,Residential Construction,5558.29
2026-03-09,U-893100,Batangas Gold Trading Corp.,Quilib,BR2-SZ,175.02,Locational Clearance,Subdivision Phase 1,10553.36
2026-03-09,U-421617,Juan Dimaculangan,San Isidro,R2-Z,242.65,Locational Clearance,Subdivision Phase 1,8312.98
2026-03-09,U-344750,Teresa Torres,Masaya,R1-Z,347.29,Locational Clearance,Bank Financing Requirement,19736.43
2026-03-09,U-570322,Victoria Fernandez,Salao,PDA-SZ,18747.25,Locational Clearance,Agribusiness Construction,14748.86
2026-03-09,U-706139,Teresa Garcia,Masaya,R1-Z,292.66,Zoning Certificate,Bank Financing Requirement,345.6
2026-03-09,U-384086,Sofia Cruz,Namuco,UTS-Z,1884.27,Zoning Certificate,Site Development Permit,398.87
2026-03-09,U-183068,Mark Cruz,Baybayin,R2-Z,117.9,Zoning Certificate,Residential Construction,471.16
2026-03-09,U-147180,Maria Comia,Quilib,BR2-SZ,115.3,Zoning Certificate,Subdivision Phase 1,294.89
2026-03-10,U-909725,Southern Luzon Realty & Development,Pinagsibaan,UTS-Z,1897.07,Development Permit,Site Development Permit,99912.93
2026-03-10,U-082093,Agri-Ventures Commercial Center,Santa Cruz,,,Locational Clearance,Residential Construction,13087.03
2026-03-10,U-587113,Angel Sanchez,Namuco,AgIndZ-PTR,9197.48,Locational Clearance,Bank Financing Requirement,13682.58
2026-03-10,U-102158,Luz Bautista,Baybayin,R1-Z,315.63,Locational Clearance,Bank Financing Requirement,6860.69
2026-03-10,U-676698,Angel Rodriguez,Masaya,AgIndZ,2352.09,Locational Clearance,Warehouse/Factory Construction,10225.04
2026-03-10,U-197569,David Cruz,Matamis,R1-Z,125.07,Locational Clearance,Subdivision Phase 1,21487.15
2026-03-10,U-231141,Southern Luzon Realty & Development,Mabunga,R1-Z,290.65,Locational Clearance,Subdivision Phase 1,1915.57
2026-03-10,U-441829,Luz Garcia,Santa Cruz,C1-Z,419.63,Locational Clearance,Commercial Complex Development,9490.05
2026-03-10,U-642385,Christian Comia,Santa Cruz,,,Zoning Certificate,Bank Financing Requirement,297.58
2026-03-10,U-961253,Luz Fernandez,Salao,PTA-SZ-RA,7443.5,Zoning Certificate,Subdivision Phase 1,257.42
2026-03-10,U-565658,Grace Mendoza,Calantas,PTA-SZ-RA,12028.15,Zoning Certificate,Residential Construction,356.92
2026-03-10,U-892024,Rosario Farms Corp.,Timbugan,C1-Z,233.88,Zoning Certificate,Commercial Building Construction,468.16
2026-03-11,U-630149,Juan Sanchez,Cahigam,R1-Z,178.54,Development Permit,Subdivision Phase 1,73964.49
2026-03-11,U-180195,Grace Mercado,Quilib,,,Locational Clearance,Commercial Building Construction,8732.67
2026-03-11,U-120617,Corazon Santos,San Roque,,,Locational Clearance,Bank Financing Requirement,10579.02
2026-03-11,U-478692,Rosario Logistics Inc.,San Carlos,,,Locational Clearance,Subdivision Phase 1,2457.52
2026-03-11,U-073435,Christian Comia,Natu,R2-Z,196.0,Locational Clearance,Bank Financing Requirement,16618.07
2026-03-11,U-739284,Benjamin Garcia,Quilib,R2-Z,145.29,Locational Clearance,Bank Financing Requirement,3792.84
2026-03-11,U-709571,Christian Gonzales,Namunga,R1-Z,148.26,Locational Clearance,Residential Construction,1847.34
2026-03-11,U-276825,Benjamin Santos,Tulos,5491-APDA-SZ,1212.68,Locational Clearance,Agribusiness Construction,20754.75
2026-03-11,U-543346,Antonio Cruz,Bagong Pook,R1-Z,191.72,Locational Clearance,Subdivision Phase 1,19541.28
2026-03-11,U-236208,David Santos,Tulos,ECT-Z,4557.3,Locational Clearance,Commercial Building Construction,6495.09
2026-03-11,U-403828,Victoria Macalalad,Balibago,R2-Z,171.91,Locational Clearance,Bank Financing Requirement,17026.73
2026-03-11,U-620470,Corazon Mendoza,Timbugan,R2-Z,179.26,Zoning Certificate,Subdivision Phase 1,370.27
2026-03-12,U-798572,Jose Mendoza,Poblacion A,,,Locational Clearance,Residential Construction,13244.82
2026-03-12,U-425581,Mark Castillo,Bayawang,,,Locational Clearance,Environmental Compliance,11318.95
2026-03-12,U-472874,Angel Ramos,Poblacion B,,,Locational Clearance,Commercial Building Construction,9433.66
2026-03-12,U-128987,David Mercado,Antipolo,R2-Z,121.53,Locational Clearance,Subdivision Phase 1,19765.49
2026-03-12,U-318060,David Gonzales,Quilib,C1-Z,310.48,Locational Clearance,Commercial Building Construction,5555.91
2026-03-12,U-713438,Luzon Integrated Trading Corp.,Baybayin,PDA-SZ,4954.83,Locational Clearance,Agribusiness Construction,19200.34
2026-03-13,U-048788,Sofia Macalalad,Alupay,,,Locational Clearance,Environmental Compliance,7354.05
2026-03-13,U-682382,Rosario Commercial Center,Namunga,BR2-SZ,70.25,Locational Clearance,Bank Financing Requirement,5846.18
2026-03-13,U-096761,Victoria Cruz,Namuco,I1-Z,1815.07,Locational Clearance,Environmental Compliance,8102.08
2026-03-13,U-021749,David Dimaculangan,Poblacion D,C2-Z,722.6,Locational Clearance,Commercial Complex Development,20889.61
2026-03-13,U-081221,Benjamin Fernandez,Macalamcam B,R2-Z,210.83,Locational Clearance,Residential Construction,8818.63
2026-03-13,U-360788,Batangas Gold Logistics Inc.,Masaya,R1-Z,312.92,Locational Clearance,Bank Financing Requirement,19133.81
2026-03-13,U-250327,Christian Mendoza,San Roque,R1-Z,175.88,Locational Clearance,Residential Construction,8880.76
2026-03-13,U-483541,Corazon Ramos,Santa Cruz,BR2-SZ,68.54,Locational Clearance,Subdivision Phase 1,8297.08
2026-03-13,U-576901,Agri-Ventures Realty & Development,Tulos,FZ,8401.78,Zoning Certificate,General Property Clearance,444.59
2026-03-16,U-860244,Benjamin Bautista,San Roque,,,Locational Clearance,Facility/Structure Construction,4922.7
2026-03-16,U-803503,Benjamin Fernandez,San Roque,R1-Z,243.94,Locational Clearance,Subdivision Phase 1,5410.36
2026-03-16,U-350458,Agri-Ventures Holdings Inc.,Poblacion A,C2-Z,679.35,Locational Clearance,Commercial Complex Development,7944.19
2026-03-16,U-965885,Sofia Fernandez,Bagong Pook,R1-Z,250.1,Locational Clearance,Subdivision Phase 1,16778.25
2026-03-16,U-290722,Southern Luzon Realty & Development,Macalamcam A,R1-Z,212.04,Locational Clearance,Subdivision Phase 1,11512.98
2026-03-16,U-266842,Victoria Macalalad,San Isidro,R1-Z,114.35,Locational Clearance,Bank Financing Requirement,6221.68
2026-03-16,U-699007,Agri-Ventures Logistics Inc.,Poblacion C,R1-Z,335.07,Zoning Certificate,Residential Construction,284.06
2026-03-17,U-705577,Rosario Trading Corp.,Namunga,R2-Z,214.76,Locational Clearance,Residential Construction,7151.03
2026-03-17,U-669619,Antonio Mercado,Timbugan,R1-Z,107.59,Locational Clearance,Subdivision Phase 1,5679.71
2026-03-17,U-281322,Batangas Commercial Center,Bulihan,R2-Z,244.98,Locational Clearance,Subdivision Phase 1,13488.8
2026-03-17,U-340532,Luz Ramos,San Roque,R1-Z,204.22,Locational Clearance,Residential Construction,17867.51
2026-03-17,U-824311,Antonio Bautista,Poblacion B,C2-Z,536.39,Locational Clearance,Business Permit Requirement,11932.49
2026-03-17,U-627396,Teresa Santos,San Carlos,AgIndZ-PGR,8094.93,Locational Clearance,Subdivision Phase 1,4025.66
2026-03-17,U-553551,Luzon Integrated Holdings Inc.,Bagong Pook,C1-Z,410.33,Locational Clearance,Business Permit Requirement,4013.73
2026-03-17,U-254010,Sofia Fernandez,Leviste,R2-Z,191.02,Locational Clearance,Bank Financing Requirement,17738.86
2026-03-17,U-562613,Corazon Sanchez,San Carlos,I1-Z,2076.6,Locational Clearance,Industrial Park Expansion,17123.29
2026-03-17,U-394706,Agri-Ventures Commercial Center,Namunga,,,Zoning Certificate,Environmental Compliance,466.27
2026-03-17,U-108048,Agri-Ventures Farms Corp.,San Isidro,R1-Z,137.57,Zoning Certificate,Subdivision Phase 1,309.14
2026-03-18,U-900036,David Mendoza,Calantas,,,Locational Clearance,Agribusiness Construction,3876.01
2026-03-18,U-893416,Chloe Fernandez,San Carlos,I1-Z,2416.51,Locational Clearance,Environmental Compliance,13291.23
2026-03-18,U-048283,David Alday,San Roque,R1-Z,266.55,Locational Clearance,Subdivision Phase 1,18316.22
2026-03-18,U-628974,Sofia Perez,Colongan,PDA-SZ,19730.68,Locational Clearance,Land Title Verification,5644.42
2026-03-18,U-203514,Luz Perez,San Carlos,I2-Z,3554.18,Locational Clearance,Environmental Compliance,18982.93
2026-03-18,U-936424,Christian Mercado,Poblacion E,C2-Z,709.6,Locational Clearance,Business Permit Requirement,20642.27
2026-03-18,U-888048,Agri-Ventures Enterprises,Santa Cruz,,,Zoning Certificate,Subdivision Phase 1,415.76
2026-03-18,U-344576,Antonio Reyes,Bulihan,R1-Z,119.7,Zoning Certificate,Residential Construction,461.08
2026-03-19,U-066966,Luzon Integrated Realty & Development,Santa Cruz,C1-Z,238.22,Development Permit,Business Permit Requirement,108799.52
2026-03-19,U-121686,Juan Perez,Matamis,,,Locational Clearance,Bank Financing Requirement,10978.35
2026-03-19,U-325782,Rosario Enterprises,Masaya,R1-Z,328.42,Locational Clearance,Residential Construction,17630.97
2026-03-19,U-234324,David Gonzales,Antipolo,C1-Z,261.54,Locational Clearance,Commercial Building Construction,17040.63
2026-03-19,U-376773,Batangas Holdings Inc.,Pinagsibaan,AgIndZ,7948.65,Locational Clearance,Environmental Compliance,20198.17
2026-03-19,U-752414,Southern Luzon Logistics Inc.,Namuco,I1-Z,4943.34,Locational Clearance,Industrial Park Expansion,2944.09
2026-03-19,U-248181,Prime Farms Corp.,Alupay,UTS-Z,1001.15,Locational Clearance,Site Development Permit,20711.69
2026-03-19,U-133757,Danilo Mendoza,San Roque,R2-Z,122.55,Zoning Certificate,Bank Financing Requirement,349.45
2026-03-19,U-773117,Agri-Ventures Farms Corp.,Mabunga,R1-Z,200.84,Zoning Certificate,Subdivision Phase 1,351.66
2026-03-23,U-146114,Agri-Ventures Commercial Center,San Carlos,AgIndZ,3227.36,Development Permit,Environmental Compliance,63152.6
2026-03-23,U-835860,Benjamin Torres,Alupay,,,Locational Clearance,Environmental Compliance,7200.7
2026-03-23,U-039609,Jose Ramos,Poblacion A,,,Locational Clearance,Residential Construction,10448.4
2026-03-23,U-710658,Luz Bautista,Malaya,C1-Z,249.53,Locational Clearance,Commercial Complex Development,20140.44
2026-03-23,U-412712,Benjamin Garcia,Tulos,FZ,22914.67,Locational Clearance,General Property Clearance,9141.36
2026-03-23,U-851684,Jose Cruz,Baybayin,R2-Z,182.77,Locational Clearance,Residential Construction,2095.79
2026-03-23,U-963284,Chloe Fernandez,Baybayin,R2-Z,205.66,Locational Clearance,Bank Financing Requirement,8986.2
2026-03-23,U-251164,Daniel Lopez,Leviste,AgIndZ,3510.64,Zoning Certificate,Warehouse/Factory Construction,406.14
2026-03-23,U-499129,Prime Realty & Development,San Roque,C1-Z,415.01,Zoning Certificate,Commercial Complex Development,323.05
2026-03-24,U-024036,Benjamin Dimaculangan,San Roque,R2-Z,145.59,Development Permit,Residential Construction,94234.45
2026-03-24,U-233821,Benjamin Sanchez,Tiquiwan,R1-Z,185.25,Locational Clearance,Bank Financing Requirement,14645.29
2026-03-24,U-985236,Batangas Holdings Inc.,San Carlos,I1-Z,3433.46,Locational Clearance,Environmental Compliance,3905.7
2026-03-24,U-712425,Antonio Macalalad,Masaya,,,Zoning Certificate,Commercial Complex Development,414.18
2026-03-24,U-765510,Antonio Gonzales,Alupay,CMRF,744.86,Zoning Certificate,Site Development Permit,281.39
2026-03-24,U-037668,Mark Reyes,Mayuro,R1-Z,192.44,Zoning Certificate,Residential Construction,336.18
2026-03-25,U-783447,Prime Holdings Inc.,Santa Cruz,C1-Z,490.81,Development Permit,Business Permit Requirement,74497.77
2026-03-25,U-194783,Daniel Bautista,Malaya,,,Locational Clearance,Commercial Building Construction,11560.19
2026-03-25,U-119128,Teresa Bautista,Poblacion B,,,Locational Clearance,Warehouse/Factory Construction,8758.34
2026-03-25,U-692564,Mark Lopez,Maligaya,,,Locational Clearance,Bank Financing Requirement,10653.28
2026-03-25,U-550756,Danilo Reyes,Quilib,C1-Z,243.31,Locational Clearance,Commercial Complex Development,18328.38
2026-03-25,U-556831,Batangas Gold Realty & Development,Namunga,BR2-SZ,155.69,Locational Clearance,Subdivision Phase 1,13389.5
2026-03-25,U-556641,Corazon Castillo,San Roque,R1-Z,209.45,Locational Clearance,Bank Financing Requirement,9636.29
2026-03-25,U-816217,Benjamin Comia,Poblacion B,R1-Z,169.14,Locational Clearance,Subdivision Phase 1,11037.36
2026-03-25,U-614995,Grace Macalalad,Namuco,I2-Z,6213.19,Locational Clearance,Environmental Compliance,14292.95
2026-03-25,U-569859,Corazon Torres,Mabato,PTA-SZ-RA,15799.12,Locational Clearance,Subdivision Phase 1,13334.58
2026-03-25,U-867795,Mark Comia,Masaya,R2-Z,116.9,Zoning Certificate,Residential Construction,298.01
2026-03-26,U-732590,Rosario Commercial Center,Santa Cruz,R1-Z,159.43,Development Permit,Bank Financing Requirement,99914.59
2026-03-26,U-002369,Corazon Comia,Palakpak,R1-Z,242.77,Locational Clearance,Subdivision Phase 1,8071.07
2026-03-26,U-177592,Southern Luzon Trading Corp.,Santa Cruz,R2-Z,209.63,Locational Clearance,Bank Financing Requirement,15542.96
2026-03-26,U-292811,Chloe Perez,Namuco,I1-Z,3195.58,Locational Clearance,Warehouse/Factory Construction,16040.44
2026-03-26,U-543290,Benjamin Gonzales,Quilib,R2-Z,211.72,Locational Clearance,Bank Financing Requirement,11152.36
2026-03-26,U-185863,Batangas Trading Corp.,Poblacion B,R2-Z,99.47,Zoning Certificate,Bank Financing Requirement,481.42
2026-03-27,U-705072,Agri-Ventures Enterprises,San Carlos,I1-Z,2564.78,Locational Clearance,Environmental Compliance,3957.04
2026-03-30,U-084792,Luz Mercado,Bagong Pook,R2-Z,231.76,Development Permit,Bank Financing Requirement,64630.74
2026-03-30,U-070408,Batangas Gold Logistics Inc.,San Isidro,,,Locational Clearance,Residential Construction,4506.6
2026-03-30,U-653918,Ramon Fernandez,Itlugan,,,Locational Clearance,Residential Construction,11282.2
2026-03-30,U-069411,Christian Torres,San Carlos,PDA-SZ,8096.29,Locational Clearance,Land Title Verification,20524.95
2026-03-30,U-763292,Corazon Dimaculangan,Poblacion B,R1-Z,198.66,Locational Clearance,Bank Financing Requirement,5010.75
2026-03-30,U-365247,Rosario Trading Corp.,Santa Cruz,R1-Z,215.82,Locational Clearance,Bank Financing Requirement,19576.98
2026-03-30,U-225620,Southern Luzon Enterprises,Alupay,CMRF,1463.76,Locational Clearance,Site Development Permit,9632.52
2026-03-30,U-741233,Mark Comia,Quilib,BR2-SZ,138.49,Locational Clearance,Residential Construction,21969.02
2026-03-30,U-234454,Corazon Sanchez,Leviste,R2-Z,211.35,Locational Clearance,Bank Financing Requirement,18394.11
2026-03-30,U-622790,Prime Logistics Inc.,Pinagsibaan,AgIndZ,4268.4,Locational Clearance,Industrial Park Expansion,18277.89
2026-03-31,U-445398,Ramon Mendoza,Tulos,,,Locational Clearance,Business Permit Requirement,13683.49
2026-03-31,U-035976,Batangas Trading Corp.,Quilib,BR2-SZ,121.28,Locational Clearance,Residential Construction,3743.41
2026-03-31,U-716061,Antonio Macalalad,Namunga,BR2-SZ,75.39,Locational Clearance,Subdivision Phase 1,3390.47
2026-03-31,U-060702,Chloe Dimaculangan,Tulos,FZ,20854.48,Locational Clearance,Facility/Structure Construction,17868.43
2026-03-31,U-234244,Angel Cruz,Quilib,GI-Z,699.35,Locational Clearance,Industrial Park Expansion,9669.42
2026-03-31,U-490849,Teresa Reyes,Bagong Pook,R2-Z,122.21,Locational Clearance,Bank Financing Requirement,10134.18
2026-03-31,U-469936,Teresa Macalalad,San Carlos,I1-Z,4738.92,Locational Clearance,Environmental Compliance,8965.72
2026-03-31,U-602570,Teresa Dimaculangan,Pinagsibaan,,,Zoning Certificate,Residential Construction,387.18
2026-04-01,U-422441,Prime Commercial Center,Palakpak,R2-Z,122.33,Development Permit,Bank Financing Requirement,40014.72
2026-04-01,U-524642,Sofia Gonzales,Tulos,,,Locational Clearance,Business Permit Requirement,10836.67
2026-04-01,U-161539,Luzon Integrated Enterprises,Calantas,5491-APDA-SZ,4237.09,Locational Clearance,Farm Development Permit,20666.92
2026-04-01,U-809814,Grace Cruz,Maalas-As,R1-Z,325.01,Locational Clearance,Subdivision Phase 1,7127.07
2026-04-01,U-671472,Chloe Macalalad,Santa Cruz,C1-Z,352.79,Locational Clearance,Business Permit Requirement,6567.71
2026-04-01,U-158208,Angel Macalalad,Matamis,GI-Z,2828.14,Locational Clearance,Environmental Compliance,8169.09
2026-04-01,U-196796,Angel Torres,Baybayin,PTA-SZ-RA,17793.94,Locational Clearance,Residential Construction,5519.04
2026-04-01,U-028274,Sofia Bautista,Pinagsibaan,AgIndZ,4707.42,Locational Clearance,Industrial Park Expansion,5439.82
2026-04-01,U-646446,Ramon Reyes,San Carlos,CMRF,1866.93,Zoning Certificate,Facility/Structure Construction,300.66
2026-04-06,U-363587,Prime Enterprises,Santa Cruz,R1-Z,159.46,Development Permit,Subdivision Phase 1,92065.09
2026-04-06,U-514381,Luzon Integrated Realty & Development,Namunga,R2-Z,91.31,Development Permit,Bank Financing Requirement,57006.57
2026-04-06,U-153423,Corazon Alday,Bulihan,R1-Z,201.77,Locational Clearance,Residential Construction,3874.42
2026-04-06,U-773779,Jose Reyes,Poblacion A,R2-Z,194.32,Locational Clearance,Subdivision Phase 1,16587.02
2026-04-06,U-117789,Maria Lopez,San Carlos,CMRF,559.39,Zoning Certificate,Site Development Permit,283.01
2026-04-06,U-383471,Prime Farms Corp.,Balibago,C1-Z,341.22,Zoning Certificate,Business Permit Requirement,380.85
2026-04-06,U-808715,Prime Holdings Inc.,Quilib,BR2-SZ,66.23,Zoning Certificate,Bank Financing Requirement,483.73
2026-04-07,U-652091,Batangas Gold Commercial Center,Colongan,R2-Z,117.82,Development Permit,Subdivision Phase 1,64906.0
2026-04-07,U-189941,Southern Luzon Commercial Center,Pinagsibaan,AgIndZ-PGR,2861.33,Development Permit,Bank Financing Requirement,90864.2
2026-04-07,U-022944,Luzon Integrated Realty & Development,San Carlos,,,Locational Clearance,Subdivision Phase 1,5887.8
2026-04-07,U-798053,Luz Lopez,San Isidro,,,Locational Clearance,Subdivision Phase 1,5142.24
2026-04-07,U-616301,Luz Garcia,San Carlos,I2-Z,3661.35,Locational Clearance,Industrial Park Expansion,10633.19
2026-04-07,U-677175,Teresa Gonzales,Macalamcam A,R1-Z,113.53,Locational Clearance,Bank Financing Requirement,16983.22
2026-04-07,U-925043,Ramon Sanchez,Poblacion A,C1-Z,275.08,Locational Clearance,Business Permit Requirement,20648.13
2026-04-07,U-094073,Rosario Farms Corp.,San Carlos,CMRF,1477.6,Locational Clearance,Site Development Permit,6332.24
2026-04-07,U-260667,Teresa Cruz,Namunga,GI-Z,1530.33,Locational Clearance,Environmental Compliance,20721.06
2026-04-07,U-212336,Antonio Sanchez,Tiquiwan,PDA-SZ,15773.36,Locational Clearance,Agribusiness Construction,7076.65
2026-04-07,U-478919,Angel Fernandez,Bagong Pook,R2-Z,210.23,Locational Clearance,Bank Financing Requirement,6220.77
2026-04-07,U-826768,Daniel Sanchez,Alupay,I1-Z,3647.78,Zoning Certificate,Industrial Park Expansion,261.52
2026-04-08,U-243196,Batangas Enterprises,Bagong Pook,BR2-SZ,96.04,Development Permit,Bank Financing Requirement,47812.97
2026-04-08,U-528448,Batangas Gold Enterprises,Santa Cruz,,,Locational Clearance,Environmental Compliance,6581.41
2026-04-08,U-230070,Angel Mendoza,Santa Cruz,R2-Z,91.66,Locational Clearance,Bank Financing Requirement,17599.11
2026-04-08,U-975195,Sofia Sanchez,San Carlos,I1-Z,2923.33,Locational Clearance,Industrial Park Expansion,17563.54
2026-04-08,U-635432,Grace Reyes,Leviste,PTA-SZ-RA,17031.18,Locational Clearance,Subdivision Phase 1,5398.03
2026-04-08,U-930190,Ramon Dimaculangan,Tulos,5491-APDA-SZ,2269.48,Locational Clearance,Agribusiness Construction,12327.73
2026-04-08,U-586736,Batangas Trading Corp.,Antipolo,R2-Z,161.89,Locational Clearance,Subdivision Phase 1,10345.69
2026-04-08,U-002199,Mark Bautista,Namuco,I2-Z,2113.8,Locational Clearance,Industrial Park Expansion,16601.56
2026-04-08,U-669630,Jose Garcia,Quilib,BR2-SZ,151.42,Locational Clearance,Subdivision Phase 1,21050.22
2026-04-08,U-441095,Teresa Fernandez,Baybayin,,,Zoning Certificate,Warehouse/Factory Construction,340.27
2026-04-08,U-510466,Corazon Garcia,Baybayin,C1-Z,439.57,Zoning Certificate,Commercial Building Construction,271.42
2026-04-10,U-120888,Prime Holdings Inc.,Tiquiwan,R1-Z,134.88,Development Permit,Subdivision Phase 1,105873.46
2026-04-10,U-330747,Sofia Santos,San Isidro,PDA-SZ,13731.93,Development Permit,Agribusiness Construction,61990.35
2026-04-10,U-096593,Batangas Gold Holdings Inc.,Putingkahoy,,,Locational Clearance,Farm Development Permit,9016.17
2026-04-10,U-580522,David Perez,Baybayin,,,Locational Clearance,Residential Construction,12505.41
2026-04-10,U-319904,Daniel Perez,San Roque,R2-Z,93.26,Locational Clearance,Subdivision Phase 1,17561.5
2026-04-10,U-949859,Luz Rodriguez,Poblacion D,C1-Z,182.2,Locational Clearance,Commercial Building Construction,19577.02
2026-04-10,U-202328,Emmanuel Dimaculangan,Bagong Pook,C1-Z,258.56,Locational Clearance,Business Permit Requirement,9494.64
2026-04-10,U-822427,Maria Rodriguez,San Isidro,PDA-SZ,13872.64,Locational Clearance,Land Title Verification,4096.0
2026-04-10,U-864495,Batangas Holdings Inc.,Bagong Pook,BR2-SZ,156.19,Locational Clearance,Bank Financing Requirement,20478.49
2026-04-10,U-910914,Batangas Commercial Center,Alupay,AgIndZ-PTR,2410.16,Locational Clearance,Subdivision Phase 1,2650.49
2026-04-10,U-750051,Angel Macalalad,Namuco,AgIndZ,7282.58,Locational Clearance,Industrial Park Expansion,8836.83
2026-04-10,U-615164,Chloe Mendoza,Santa Cruz,BR2-SZ,86.06,Locational Clearance,Bank Financing Requirement,5578.37
2026-04-10,U-783629,Ramon Macalalad,Masaya,R1-Z,284.93,Locational Clearance,Bank Financing Requirement,7377.49
2026-04-10,U-229039,Southern Luzon Trading Corp.,Namuco,I2-Z,6437.03,Zoning Certificate,Warehouse/Factory Construction,280.25
2026-04-13,U-796200,Rosario Realty & Development,Masaya,AgIndZ,5078.39,Development Permit,Warehouse/Factory Construction,112596.97
2026-04-13,U-343965,Luz Rodriguez,Poblacion C,C1-Z,380.81,Locational Clearance,Commercial Complex Development,14896.96
2026-04-13,U-898031,Danilo Torres,Alupay,AgIndZ-PTR,8128.33,Locational Clearance,Residential Construction,6704.61
2026-04-13,U-272769,Angel Torres,San Jose,R1-Z,126.88,Locational Clearance,Bank Financing Requirement,8875.97
2026-04-13,U-757236,Danilo Lopez,Bagong Pook,C1-Z,156.42,Locational Clearance,Commercial Complex Development,1737.95
2026-04-13,U-466690,Victoria Macalalad,Bagong Pook,R1-Z,273.82,Locational Clearance,Bank Financing Requirement,18298.27
2026-04-13,U-660962,Danilo Ramos,Baybayin,AgIndZ,5763.48,Locational Clearance,Environmental Compliance,14794.25
2026-04-13,U-518633,Daniel Mendoza,Matamis,PTA-SZ-RA,3194.72,Locational Clearance,Subdivision Phase 1,16594.65
2026-04-13,U-923149,Emmanuel Rodriguez,Santa Cruz,R2-Z,116.96,Locational Clearance,Bank Financing Requirement,1621.17
2026-04-13,U-947965,Danilo Reyes,Poblacion E,R2-Z,115.25,Locational Clearance,Bank Financing Requirement,4966.05
2026-04-13,U-564154,Batangas Gold Holdings Inc.,Namuco,I1-Z,4286.2,Locational Clearance,Environmental Compliance,9784.74
2026-04-14,U-965327,Danilo Mendoza,Masaya,R1-Z,150.98,Development Permit,Bank Financing Requirement,97363.48
2026-04-14,U-268043,Prime Commercial Center,Calantas,,,Locational Clearance,Subdivision Phase 1,6746.1
2026-04-14,U-991101,Prime Realty & Development,Calantas,,,Locational Clearance,Residential Construction,5434.55
2026-04-14,U-188473,Ramon Cruz,Masaya,R1-Z,280.89,Locational Clearance,Residential Construction,15229.93
2026-04-14,U-526428,Angel Garcia,Poblacion A,R2-Z,147.52,Locational Clearance,Bank Financing Requirement,10660.53
2026-04-14,U-568336,Mark Lopez,Salao,R1-Z,114.39,Locational Clearance,Bank Financing Requirement,19193.51
2026-04-14,U-819226,Angel Perez,Namunga,R1-Z,140.62,Locational Clearance,Subdivision Phase 1,13643.57
2026-04-14,U-866367,Sofia Perez,Baybayin,R1-Z,319.39,Locational Clearance,Bank Financing Requirement,8299.69
2026-04-14,U-992885,Maria Dimaculangan,Calantas,PTA-SZ-RA,4536.61,Locational Clearance,Subdivision Phase 1,20201.85
2026-04-14,U-936880,Batangas Gold Commercial Center,Nasi,PDA-SZ,15251.28,Locational Clearance,Agribusiness Construction,3205.51
2026-04-14,U-451874,Danilo Garcia,Tulos,ECT-Z,3882.2,Locational Clearance,Business Permit Requirement,17763.28
2026-04-14,U-895442,Emmanuel Santos,Calantas,FR-SZ,19306.76,Zoning Certificate,Bank Financing Requirement,286.95
2026-04-15,U-699051,Luzon Integrated Realty & Development,Baybayin,R1-Z,155.7,Development Permit,Residential Construction,57268.68
2026-04-15,U-011358,Agri-Ventures Farms Corp.,Santa Cruz,GI-Z,1362.07,Development Permit,Industrial Park Expansion,60287.44
2026-04-15,U-985793,Batangas Gold Holdings Inc.,Santa Cruz,C1-Z,376.03,Development Permit,Commercial Building Construction,57929.99
2026-04-15,U-776240,Benjamin Santos,Quilib,,,Locational Clearance,Subdivision Phase 1,7894.65
2026-04-15,U-140922,Emmanuel Fernandez,Namuco,I2-Z,4105.02,Locational Clearance,Warehouse/Factory Construction,17146.18
2026-04-15,U-856662,Angel Cruz,Poblacion A,MR2-SZ,192.52,Locational Clearance,Subdivision Phase 1,7787.23
2026-04-15,U-639596,Prime Commercial Center,Macalamcam B,C1-Z,317.42,Locational Clearance,Business Permit Requirement,5385.69
2026-04-15,U-006580,Victoria Ramos,Mabunga,R2-Z,90.14,Locational Clearance,Subdivision Phase 1,2572.3
2026-04-15,U-099676,Maria Reyes,San Isidro,C1-Z,265.94,Locational Clearance,Commercial Complex Development,7354.47
2026-04-15,U-820405,Antonio Rodriguez,San Isidro,R1-Z,337.48,Locational Clearance,Subdivision Phase 1,9725.79
2026-04-15,U-617568,Southern Luzon Logistics Inc.,Pinagsibaan,,,Zoning Certificate,Warehouse/Factory Construction,477.88
2026-04-16,U-202604,Jose Cruz,San Roque,,,Locational Clearance,Subdivision Phase 1,3923.2
2026-04-16,U-498732,Mark Lopez,Mabunga,,,Locational Clearance,Subdivision Phase 1,7407.74
2026-04-16,U-048409,Luzon Integrated Commercial Center,San Jose,C1-Z,251.75,Locational Clearance,Business Permit Requirement,21299.52
2026-04-16,U-828583,Batangas Logistics Inc.,San Roque,R2-Z,225.53,Locational Clearance,Bank Financing Requirement,11056.83
2026-04-16,U-386382,David Ramos,Nasi,PDA-SZ,17797.62,Locational Clearance,Farm Development Permit,3921.35
2026-04-16,U-568341,Luz Mercado,San Carlos,PDA-SZ,3971.62,Locational Clearance,Land Title Verification,11658.73
2026-04-16,U-432558,Juan Fernandez,Poblacion B,C1-Z,471.05,Locational Clearance,Commercial Building Construction,11652.99
2026-04-16,U-388832,Teresa Cruz,Bagong Pook,R2-Z,191.08,Locational Clearance,Subdivision Phase 1,8248.16
2026-04-16,U-529555,Batangas Gold Farms Corp.,Namunga,AgIndZ,2896.01,Locational Clearance,Industrial Park Expansion,15865.39
2026-04-16,U-544064,Luz Garcia,Poblacion A,,,Zoning Certificate,Residential Construction,290.69
2026-04-17,U-865124,Jose Garcia,Putingkahoy,5491-APDA-SZ,1894.46,Locational Clearance,Land Title Verification,7544.43
2026-04-17,U-395413,Corazon Sanchez,Santa Cruz,R2-Z,85.1,Locational Clearance,Residential Construction,19312.69
2026-04-17,U-837713,Christian Dimaculangan,Santa Cruz,BR2-SZ,179.64,Locational Clearance,Bank Financing Requirement,5402.48
2026-04-17,U-573280,Grace Castillo,Tulos,PDA-SZ,16651.89,Locational Clearance,Agribusiness Construction,10763.54
2026-04-17,U-886961,Batangas Gold Commercial Center,Salao,R2-Z,168.01,Locational Clearance,Bank Financing Requirement,15573.25
2026-04-17,U-824621,Danilo Reyes,Pinagsibaan,UTS-Z,2788.73,Locational Clearance,General Property Clearance,8341.33
2026-04-17,U-249657,Teresa Mendoza,Bulihan,R1-Z,304.62,Locational Clearance,Residential Construction,3146.19
2026-04-17,U-320417,Rosario Enterprises,Poblacion D,GI-Z,2739.63,Locational Clearance,Environmental Compliance,6480.45
2026-04-17,U-850287,Maria Castillo,Calantas,PDA-SZ,18125.53,Locational Clearance,Agribusiness Construction,12486.5
2026-04-17,U-551635,Corazon Garcia,Santa Cruz,C1-Z,278.03,Locational Clearance,Business Permit Requirement,14815.2
2026-04-17,U-154364,Agri-Ventures Logistics Inc.,Macalamcam B,R1-Z,315.97,Locational Clearance,Subdivision Phase 1,18525.72
2026-04-17,U-673379,Sofia Cruz,Baybayin,R2-Z,157.51,Locational Clearance,Subdivision Phase 1,8761.04
2026-04-20,U-577987,Batangas Gold Farms Corp.,Itlugan,R1-Z,123.83,Development Permit,Bank Financing Requirement,67787.35
2026-04-20,U-680380,Batangas Farms Corp.,Bagong Pook,R2-Z,95.09,Development Permit,Subdivision Phase 1,108024.83
2026-04-20,U-358904,Antonio Macalalad,Masaya,,,Locational Clearance,Commercial Complex Development,9567.05
2026-04-20,U-514858,Prime Trading Corp.,Poblacion D,,,Locational Clearance,Bank Financing Requirement,3948.64
2026-04-20,U-337373,Angel Perez,Bagong Pook,,,Locational Clearance,Subdivision Phase 1,4998.75
2026-04-20,U-297125,Southern Luzon Logistics Inc.,Mabunga,PDA-SZ,17667.75,Locational Clearance,Agribusiness Construction,10387.91
2026-04-20,U-427428,Chloe Alday,Bayawang,I1-Z,3912.1,Locational Clearance,Industrial Park Expansion,20000.96
2026-04-20,U-078592,Daniel Torres,Santa Cruz,R1-Z,183.74,Locational Clearance,Residential Construction,1677.4
2026-04-20,U-268384,David Perez,Baybayin,R1-Z,118.06,Locational Clearance,Subdivision Phase 1,6562.64
2026-04-20,U-101785,Maria Lopez,Alupay,UTS-Z,1725.79,Locational Clearance,Site Development Permit,2592.91
2026-04-20,U-156373,Mark Mendoza,Leviste,R2-Z,82.14,Locational Clearance,Subdivision Phase 1,18234.6
2026-04-20,U-634724,Angel Gonzales,San Isidro,C1-Z,486.92,Locational Clearance,Commercial Building Construction,15629.9
2026-04-21,U-807956,Southern Luzon Farms Corp.,San Carlos,I1-Z,2311.06,Development Permit,Environmental Compliance,83997.56
2026-04-21,U-774594,Luz Dimaculangan,Quilib,R1-Z,225.65,Development Permit,Subdivision Phase 1,71522.62
2026-04-21,U-031561,Emmanuel Macalalad,Itlugan,,,Locational Clearance,Land Title Verification,2577.59
2026-04-21,U-780992,Antonio Mendoza,Alupay,I2-Z,7812.66,Locational Clearance,Environmental Compliance,12743.86
2026-04-21,U-264987,Prime Holdings Inc.,Nasi,R1-Z,210.01,Locational Clearance,Residential Construction,10807.68
2026-04-21,U-068243,Emmanuel Gonzales,Calantas,PTA-SZ-RA,13680.66,Locational Clearance,Subdivision Phase 1,4865.05
2026-04-21,U-303928,David Lopez,Palakpak,R2-Z,82.45,Locational Clearance,Residential Construction,5895.53
2026-04-21,U-057741,Antonio Rodriguez,Poblacion D,R2-Z,221.98,Locational Clearance,Residential Construction,11587.48
2026-04-21,U-410279,Daniel Lopez,Poblacion D,R1-Z,224.09,Locational Clearance,Subdivision Phase 1,19958.89
2026-04-21,U-384645,Rosario Commercial Center,San Isidro,C1-Z,485.34,Locational Clearance,Commercial Complex Development,1635.19
2026-04-21,U-442748,Luz Bautista,Poblacion A,R1-Z,312.63,Locational Clearance,Bank Financing Requirement,5682.94
2026-04-21,U-217621,Prime Farms Corp.,Mabunga,R1-Z,114.72,Locational Clearance,Residential Construction,14610.83
2026-04-21,U-022467,Batangas Holdings Inc.,Poblacion B,C2-Z,444.19,Zoning Certificate,Business Permit Requirement,450.71
2026-04-22,U-815843,Danilo Bautista,Tulos,PDA-SZ,15580.08,Locational Clearance,Farm Development Permit,20370.94
2026-04-22,U-823870,Southern Luzon Realty & Development,Tiquiwan,R2-Z,148.98,Locational Clearance,Bank Financing Requirement,15841.67
2026-04-22,U-282225,Jose Torres,Mabunga,PDA-SZ,10335.45,Locational Clearance,Agribusiness Construction,21371.9
2026-04-22,U-307282,Prime Realty & Development,Leviste,PTA-SZ-RA,7070.37,Locational Clearance,Residential Construction,13338.24
2026-04-22,U-691819,Jose Dimaculangan,Namuco,I2-Z,5990.64,Locational Clearance,Warehouse/Factory Construction,12580.16
2026-04-22,U-274338,Daniel Gonzales,Timbugan,R2-Z,186.85,Locational Clearance,Bank Financing Requirement,21504.47
2026-04-22,U-613701,Chloe Fernandez,Colongan,R1-Z,282.39,Zoning Certificate,Subdivision Phase 1,464.87
2026-04-23,U-559751,Corazon Gonzales,Marilag,,,Locational Clearance,Commercial Building Construction,9150.35
2026-04-23,U-600904,Luz Alday,Balibago,R1-Z,257.01,Locational Clearance,Residential Construction,10893.83
2026-04-23,U-310253,Christian Cruz,Bulihan,PDA-SZ,12540.38,Locational Clearance,Land Title Verification,5314.11
2026-04-23,U-664286,Sofia Macalalad,Tiquiwan,R1-Z,294.5,Locational Clearance,Subdivision Phase 1,12447.28
2026-04-23,U-562357,Luz Dimaculangan,San Jose,R1-Z,180.38,Locational Clearance,Residential Construction,8019.18
2026-04-23,U-179133,Daniel Rodriguez,Bagong Pook,,,Zoning Certificate,Bank Financing Requirement,279.5
2026-04-24,U-211123,Christian Mercado,Masaya,,,Locational Clearance,Warehouse/Factory Construction,2567.62
2026-04-24,U-674989,Daniel Gonzales,Alupay,I1-Z,4523.72,Locational Clearance,Environmental Compliance,19436.56
2026-04-24,U-970759,Juan Gonzales,Colongan,GI-Z,3704.11,Locational Clearance,Environmental Compliance,13859.32
2026-04-24,U-537565,Angel Santos,Balibago,R1-Z,203.7,Locational Clearance,Subdivision Phase 1,18850.05
2026-04-24,U-353716,Juan Cruz,San Isidro,R1-Z,271.88,Locational Clearance,Subdivision Phase 1,19541.7
2026-04-24,U-156542,Jose Rodriguez,San Roque,R1-Z,318.02,Locational Clearance,Bank Financing Requirement,1701.22
2026-04-24,U-007150,Grace Alday,Santa Cruz,C1-Z,183.59,Locational Clearance,Business Permit Requirement,21693.16
2026-04-24,U-329842,Batangas Farms Corp.,Calantas,ECT-Z,3568.23,Locational Clearance,Commercial Complex Development,9332.18
2026-04-24,U-956689,Ramon Fernandez,Itlugan,R2-Z,183.47,Locational Clearance,Residential Construction,10039.77
2026-04-24,U-806077,Teresa Bautista,Poblacion B,R1-Z,232.49,Zoning Certificate,Residential Construction,342.25
2026-04-27,U-486473,Antonio Mendoza,Palakpak,,,Locational Clearance,Business Permit Requirement,3070.51
2026-04-27,U-154942,Grace Perez,Alupay,,,Locational Clearance,Warehouse/Factory Construction,13280.44
2026-04-27,U-597450,Batangas Gold Enterprises,San Carlos,I1-Z,2418.0,Locational Clearance,Industrial Park Expansion,21636.7
2026-04-27,U-183241,Angel Mendoza,Alupay,I2-Z,7493.03,Locational Clearance,Warehouse/Factory Construction,7632.47
2026-04-27,U-305504,David Mendoza,Pinagsibaan,PDA-SZ,14614.74,Locational Clearance,Land Title Verification,10034.59
2026-04-27,U-178606,Juan Lopez,Santa Cruz,R1-Z,236.64,Locational Clearance,Residential Construction,5407.73
2026-04-27,U-268166,Maria Comia,Malaya,R2-Z,216.03,Locational Clearance,Bank Financing Requirement,6704.04
2026-04-27,U-590433,Chloe Gonzales,Poblacion E,R2-Z,132.93,Locational Clearance,Bank Financing Requirement,3393.93
2026-04-27,U-022874,Luzon Integrated Enterprises,Namuco,AgIndZ-PGR,3664.18,Locational Clearance,Bank Financing Requirement,19428.93
2026-04-27,U-195620,Angel Lopez,Quilib,R1-Z,161.83,Locational Clearance,Bank Financing Requirement,16207.04
2026-04-27,U-995168,Teresa Mendoza,Namuco,I1-Z,3618.6,Locational Clearance,Industrial Park Expansion,15329.02
2026-04-27,U-650083,Danilo Bautista,Poblacion A,R1-Z,251.5,Locational Clearance,Subdivision Phase 1,2909.14
2026-04-27,U-065263,Jose Gonzales,Santa Cruz,C1-Z,343.25,Zoning Certificate,Commercial Building Construction,389.96
2026-04-27,U-053280,Corazon Mercado,Pinagsibaan,UTS-Z,914.35,Zoning Certificate,Facility/Structure Construction,291.49
2026-04-28,U-813259,Rosario Holdings Inc.,Pinagsibaan,AgIndZ,3870.41,Development Permit,Industrial Park Expansion,111709.18
2026-04-28,U-884704,Agri-Ventures Commercial Center,Namunga,,,Locational Clearance,Environmental Compliance,3659.93
2026-04-28,U-009153,Ramon Mercado,Masaya,,,Locational Clearance,Farm Development Permit,9427.91
2026-04-28,U-354627,Sofia Torres,Baybayin,PTA-SZ-RA,14841.96,Locational Clearance,Residential Construction,7813.77
2026-04-28,U-123073,Victoria Comia,Santa Cruz,GI-Z,1862.96,Locational Clearance,Warehouse/Factory Construction,21343.65
2026-04-28,U-274674,Rosario Enterprises,San Isidro,R2-Z,217.34,Locational Clearance,Subdivision Phase 1,15626.56
2026-04-28,U-529514,Ramon Garcia,San Carlos,I1-Z,4962.61,Locational Clearance,Industrial Park Expansion,20598.97
2026-04-28,U-667430,Maria Comia,Bagong Pook,R2-Z,222.28,Locational Clearance,Bank Financing Requirement,12911.32
2026-04-28,U-138858,David Bautista,Macalamcam A,R1-Z,267.73,Locational Clearance,Bank Financing Requirement,7246.37
2026-04-28,U-754479,Victoria Alday,Poblacion E,MR2-SZ,83.5,Locational Clearance,Subdivision Phase 1,5291.33
2026-04-28,U-733459,Teresa Lopez,Pinagsibaan,I1-Z,2300.54,Locational Clearance,Warehouse/Factory Construction,20444.22
2026-04-28,U-656597,Batangas Holdings Inc.,Matamis,PTA-SZ-RA,4715.21,Locational Clearance,Residential Construction,1886.98
2026-04-28,U-409805,Luzon Integrated Holdings Inc.,Mabunga,R2-Z,182.14,Locational Clearance,Bank Financing Requirement,15767.97
2026-04-28,U-425254,Prime Enterprises,Namunga,BR2-SZ,122.15,Zoning Certificate,Residential Construction,401.65
2026-04-29,U-164757,Agri-Ventures Trading Corp.,Baybayin,,,Locational Clearance,Subdivision Phase 1,13507.41
2026-04-29,U-443394,Christian Comia,Santa Cruz,,,Locational Clearance,Bank Financing Requirement,13806.04
2026-04-29,U-340391,Grace Gonzales,Namunga,R2-Z,171.94,Locational Clearance,Residential Construction,15361.32
2026-04-29,U-154498,Batangas Holdings Inc.,Baybayin,R1-Z,246.05,Locational Clearance,Bank Financing Requirement,13128.65
2026-04-29,U-016749,Daniel Castillo,Poblacion A,C2-Z,586.76,Locational Clearance,Commercial Building Construction,20178.93
2026-04-29,U-592238,Prime Trading Corp.,San Carlos,PDA-SZ,14999.35,Locational Clearance,Farm Development Permit,17720.87
2026-04-29,U-676487,Juan Torres,Palakpak,R2-Z,236.54,Locational Clearance,Subdivision Phase 1,3535.61
2026-04-29,U-264985,Grace Cruz,Cahigam,R1-Z,337.72,Locational Clearance,Subdivision Phase 1,2192.16
2026-04-29,U-153995,Jose Castillo,Calantas,FZ,26571.99,Locational Clearance,Site Development Permit,21461.89
2026-04-29,U-991899,Rosario Holdings Inc.,Palakpak,PTA-SZ-RA,10247.58,Locational Clearance,Residential Construction,15913.66
2026-04-29,U-737161,Agri-Ventures Enterprises,Pinagsibaan,AgIndZ-PTR,7580.17,Locational Clearance,Subdivision Phase 1,12909.76
2026-04-30,U-148353,Batangas Gold Enterprises,Pinagsibaan,CMRF,878.23,Development Permit,General Property Clearance,77779.04
2026-04-30,U-569293,Benjamin Perez,Alupay,,,Locational Clearance,Site Development Permit,2392.07
2026-04-30,U-266343,Agri-Ventures Enterprises,Balibago,,,Locational Clearance,Subdivision Phase 1,8183.43
2026-04-30,U-676963,Prime Realty & Development,Poblacion B,,,Locational Clearance,Bank Financing Requirement,12781.26
2026-04-30,U-487022,Sofia Ramos,Poblacion D,R2-Z,245.08,Locational Clearance,Subdivision Phase 1,21728.3
2026-04-30,U-216669,Corazon Castillo,Poblacion C,C1-Z,304.54,Locational Clearance,Business Permit Requirement,14219.69
2026-04-30,U-367087,Maria Mercado,San Carlos,I1-Z,2457.32,Locational Clearance,Industrial Park Expansion,9029.94
2026-04-30,U-373379,Corazon Santos,Tiquiwan,R1-Z,219.15,Locational Clearance,Bank Financing Requirement,21118.69
2026-04-30,U-530710,Mark Gonzales,Tulos,PDA-SZ,13852.38,Locational Clearance,Land Title Verification,10207.04
2026-04-30,U-405734,Teresa Macalalad,Cahigam,,,Zoning Certificate,Residential Construction,339.81
2026-04-30,U-144693,Christian Fernandez,Putingkahoy,PDA-SZ,12172.35,Zoning Certificate,Land Title Verification,358.1
2026-04-30,U-811557,Victoria Macalalad,San Carlos,UTS-Z,2972.16,Zoning Certificate,Facility/Structure Construction,464.88
2026-05-04,U-329475,Batangas Gold Commercial Center,Bagong Pook,R1-Z,221.73,Development Permit,Residential Construction,102290.43
2026-05-04,U-658285,Agri-Ventures Trading Corp.,Poblacion A,C1-Z,306.76,Development Permit,Commercial Complex Development,26001.77
2026-05-04,U-440278,Emmanuel Santos,San Isidro,AgIndZ,5263.13,Locational Clearance,Warehouse/Factory Construction,6359.86
2026-05-04,U-770042,Luzon Integrated Holdings Inc.,Masaya,R1-Z,253.07,Locational Clearance,Bank Financing Requirement,5076.68
2026-05-04,U-807491,Angel Comia,Leviste,R2-Z,122.63,Locational Clearance,Subdivision Phase 1,20934.97
2026-05-04,U-316167,Angel Rodriguez,Alupay,I2-Z,2895.85,Locational Clearance,Warehouse/Factory Construction,13026.13
2026-05-04,U-542529,Agri-Ventures Trading Corp.,Colongan,R1-Z,208.53,Locational Clearance,Bank Financing Requirement,18835.34
2026-05-04,U-477502,Benjamin Macalalad,Namuco,AgIndZ,5690.51,Locational Clearance,Industrial Park Expansion,12138.4
2026-05-04,U-664683,Angel Alday,Santa Cruz,R1-Z,292.97,Locational Clearance,Subdivision Phase 1,2107.58
2026-05-04,U-032607,Batangas Gold Realty & Development,Alupay,I2-Z,4131.69,Zoning Certificate,Industrial Park Expansion,458.39
2026-05-05,U-419483,Luzon Integrated Farms Corp.,Poblacion B,,,Locational Clearance,Bank Financing Requirement,9906.0
2026-05-05,U-291002,Rosario Trading Corp.,Bagong Pook,R1-Z,285.66,Locational Clearance,Residential Construction,20393.68
2026-05-05,U-731853,Batangas Gold Farms Corp.,Balibago,R1-Z,169.96,Locational Clearance,Subdivision Phase 1,4038.69
2026-05-05,U-208091,Teresa Ramos,Masaya,R1-Z,336.25,Locational Clearance,Residential Construction,21954.41
2026-05-06,U-435902,Christian Rodriguez,Timbugan,R2-Z,89.09,Locational Clearance,Subdivision Phase 1,4204.38
2026-05-06,U-613534,Teresa Sanchez,Namunga,R2-Z,215.69,Locational Clearance,Bank Financing Requirement,9833.18
2026-05-06,U-451798,Batangas Gold Enterprises,Bagong Pook,R2-Z,161.83,Locational Clearance,Bank Financing Requirement,15868.12
2026-05-07,U-584860,Teresa Fernandez,Baybayin,,,Locational Clearance,Warehouse/Factory Construction,6048.97
2026-05-07,U-576704,Ramon Comia,Tiquiwan,R1-Z,129.57,Locational Clearance,Bank Financing Requirement,9888.48
2026-05-07,U-438520,Luz Macalalad,Santa Cruz,R1-Z,265.5,Locational Clearance,Subdivision Phase 1,8283.28
2026-05-07,U-208788,Prime Realty & Development,Colongan,R1-Z,314.72,Locational Clearance,Subdivision Phase 1,18424.1
2026-05-07,U-779518,Jose Lopez,Alupay,I2-Z,7586.32,Locational Clearance,Industrial Park Expansion,7417.4
2026-05-07,U-564651,Corazon Fernandez,Mabunga,R1-Z,278.72,Locational Clearance,Subdivision Phase 1,13412.09
2026-05-07,U-130058,Christian Dimaculangan,Leviste,R2-Z,102.62,Locational Clearance,Bank Financing Requirement,3819.95
2026-05-07,U-478968,Juan Comia,Tulos,ECT-Z,1815.05,Locational Clearance,Business Permit Requirement,6673.6
2026-05-07,U-717666,Sofia Torres,Poblacion A,C1-Z,389.15,Locational Clearance,Commercial Complex Development,17396.86
2026-05-07,U-702491,Luz Gonzales,Mabato,ECT-Z,1906.57,Locational Clearance,Commercial Building Construction,7449.88
2026-05-08,U-053770,Angel Castillo,Pinagsibaan,AgIndZ,4531.94,Locational Clearance,Industrial Park Expansion,7886.23
2026-05-08,U-083156,Victoria Cruz,Tulos,PTA-SZ-RA,3938.82,Locational Clearance,Bank Financing Requirement,10609.36
2026-05-08,U-071315,Juan Dimaculangan,Pinagsibaan,I2-Z,7086.24,Zoning Certificate,Industrial Park Expansion,332.84
2026-05-08,U-061490,Teresa Perez,Tulos,FR-SZ,20569.5,Zoning Certificate,Subdivision Phase 1,380.6
2026-05-11,U-558870,Antonio Dimaculangan,Alupay,,,Locational Clearance,General Property Clearance,7452.03
2026-05-11,U-856142,Sofia Fernandez,Masaya,,,Locational Clearance,Residential Construction,5482.35
2026-05-11,U-099757,Batangas Gold Commercial Center,San Isidro,R1-Z,340.78,Locational Clearance,Bank Financing Requirement,20002.14
2026-05-11,U-315511,Victoria Dimaculangan,Poblacion A,R1-Z,251.6,Locational Clearance,Subdivision Phase 1,18859.56
2026-05-11,U-898383,Daniel Gonzales,Poblacion B,GI-Z,1875.05,Locational Clearance,Industrial Park Expansion,21107.66
2026-05-11,U-830308,Batangas Commercial Center,Bagong Pook,R2-Z,112.38,Locational Clearance,Bank Financing Requirement,6176.29
2026-05-11,U-414611,Jose Macalalad,Leviste,R2-Z,119.01,Locational Clearance,Residential Construction,20237.9
2026-05-11,U-725404,Batangas Farms Corp.,Santa Cruz,R1-Z,262.07,Locational Clearance,Bank Financing Requirement,17697.35
2026-05-11,U-142988,Daniel Reyes,Bulihan,C1-Z,209.03,Locational Clearance,Commercial Building Construction,17863.79
2026-05-11,U-407541,Sofia Gonzales,San Roque,R1-Z,177.67,Locational Clearance,Subdivision Phase 1,2401.55
2026-05-11,U-439204,Luzon Integrated Trading Corp.,Leviste,R1-Z,239.78,Locational Clearance,Subdivision Phase 1,8720.36
2026-05-11,U-766455,Teresa Dimaculangan,Quilib,R1-Z,318.58,Locational Clearance,Subdivision Phase 1,21736.52
2026-05-11,U-845674,Batangas Gold Realty & Development,Balibago,R1-Z,149.27,Locational Clearance,Subdivision Phase 1,5020.7
2026-05-11,U-434909,Maria Sanchez,Quilib,R2-Z,189.92,Locational Clearance,Subdivision Phase 1,19164.53
2026-05-12,U-693764,Grace Sanchez,Palakpak,,,Locational Clearance,Residential Construction,13647.82
2026-05-12,U-626998,Rosario Trading Corp.,Namuco,,,Locational Clearance,Warehouse/Factory Construction,4057.99
2026-05-12,U-346293,Southern Luzon Logistics Inc.,Poblacion B,GI-Z,2941.77,Locational Clearance,Warehouse/Factory Construction,8202.12
2026-05-12,U-014843,Ramon Torres,Mayuro,R1-Z,229.69,Locational Clearance,Residential Construction,1784.66
2026-05-12,U-858327,Victoria Dimaculangan,Balibago,R1-Z,140.66,Locational Clearance,Bank Financing Requirement,15369.44
2026-05-12,U-419151,Danilo Dimaculangan,Leviste,C1-Z,213.16,Locational Clearance,Commercial Complex Development,19996.6
2026-05-12,U-595411,Ramon Fernandez,Alupay,I3-Z,8233.4,Locational Clearance,Warehouse/Factory Construction,14276.43
2026-05-12,U-525666,Daniel Sanchez,San Roque,R2-Z,114.85,Locational Clearance,Subdivision Phase 1,11257.54
2026-05-12,U-434574,Luz Alday,Putingkahoy,PDA-SZ,3355.92,Locational Clearance,Agribusiness Construction,10719.07
2026-05-12,U-524898,Batangas Trading Corp.,Alupay,I3-Z,6746.08,Locational Clearance,Industrial Park Expansion,17668.58
2026-05-13,U-748491,Batangas Gold Holdings Inc.,Bagong Pook,R2-Z,148.07,Development Permit,Subdivision Phase 1,44397.71
2026-05-13,U-830895,Victoria Torres,Namuco,,,Locational Clearance,Warehouse/Factory Construction,10010.92
2026-05-13,U-651615,Agri-Ventures Realty & Development,San Isidro,,,Locational Clearance,Residential Construction,13015.7
2026-05-13,U-893353,Teresa Torres,Pinagsibaan,,,Locational Clearance,Industrial Park Expansion,6408.37
2026-05-13,U-865162,Corazon Comia,Alupay,,,Locational Clearance,Land Title Verification,12991.77
2026-05-13,U-836018,Batangas Gold Enterprises,Balibago,R2-Z,248.39,Locational Clearance,Bank Financing Requirement,20762.81
2026-05-13,U-366526,Danilo Bautista,Calantas,PTA-SZ-RA,4754.28,Locational Clearance,Residential Construction,15484.27
2026-05-13,U-665612,David Bautista,Bagong Pook,R1-Z,343.69,Locational Clearance,Bank Financing Requirement,4017.09
2026-05-13,U-174310,Juan Castillo,San Carlos,I2-Z,2981.41,Locational Clearance,Environmental Compliance,20403.34
2026-05-13,U-214601,David Rodriguez,Bagong Pook,R1-Z,312.21,Locational Clearance,Bank Financing Requirement,13127.16
2026-05-13,U-543278,Corazon Comia,Bagong Pook,BR2-SZ,99.25,Locational Clearance,Bank Financing Requirement,1637.38
2026-05-13,U-441787,Rosario Logistics Inc.,Mabunga,R2-Z,227.94,Locational Clearance,Bank Financing Requirement,20102.45
2026-05-13,U-061435,Sofia Rodriguez,Balibago,R1-Z,203.05,Locational Clearance,Subdivision Phase 1,4820.29
2026-05-14,U-408486,Ramon Reyes,Santa Cruz,BR2-SZ,74.7,Locational Clearance,Bank Financing Requirement,5414.52
2026-05-14,U-149940,David Cruz,Santa Cruz,R2-Z,137.09,Locational Clearance,Subdivision Phase 1,12752.08
2026-05-14,U-014233,Angel Ramos,Maligaya,R1-Z,320.87,Locational Clearance,Subdivision Phase 1,20026.88
2026-05-14,U-861732,Ramon Perez,Mabunga,R1-Z,272.99,Locational Clearance,Bank Financing Requirement,2891.46
2026-05-14,U-572782,Teresa Fernandez,San Roque,BR2-SZ,145.85,Locational Clearance,Bank Financing Requirement,11229.44
2026-05-14,U-035967,Emmanuel Garcia,Bayawang,AgIndZ-PGR,2623.1,Locational Clearance,Subdivision Phase 1,21654.42
2026-05-14,U-350426,Benjamin Reyes,Mabato,PTA-SZ-RA,6257.58,Zoning Certificate,Residential Construction,346.05
2026-05-15,U-363256,Antonio Sanchez,Pinagsibaan,,,Locational Clearance,Agribusiness Construction,5545.44
2026-05-15,U-028034,Victoria Alday,Colongan,C1-Z,447.57,Locational Clearance,Business Permit Requirement,10514.24
2026-05-18,U-422345,Luzon Integrated Trading Corp.,Quilib,BR2-SZ,80.49,Development Permit,Residential Construction,27902.49
2026-05-18,U-130567,Teresa Comia,San Isidro,,,Locational Clearance,Land Title Verification,11150.52
2026-05-18,U-138489,Jose Ramos,Masaya,R1-Z,322.17,Locational Clearance,Residential Construction,7300.18
2026-05-18,U-390360,Agri-Ventures Enterprises,San Ignacio,R1-Z,313.77,Locational Clearance,Bank Financing Requirement,8382.46
2026-05-18,U-723127,Sofia Dimaculangan,Tiquiwan,PDA-SZ,5578.08,Locational Clearance,Agribusiness Construction,6275.93
2026-05-18,U-151545,David Perez,San Carlos,AgIndZ-PGR,9416.3,Locational Clearance,Residential Construction,10273.66
2026-05-18,U-232973,Sofia Dimaculangan,Bayawang,AgIndZ-PGR,3468.21,Locational Clearance,Residential Construction,20292.11
2026-05-18,U-695822,Antonio Ramos,Palakpak,PDA-SZ,19885.4,Locational Clearance,Farm Development Permit,21728.04
2026-05-18,U-879813,David Fernandez,Pinagsibaan,,,Zoning Certificate,Industrial Park Expansion,268.58
2026-05-18,U-247366,Daniel Sanchez,Calantas,5491-APDA-SZ,3822.91,Zoning Certificate,Agribusiness Construction,406.61
2026-05-19,U-691097,Angel Fernandez,Quilib,,,Locational Clearance,Residential Construction,12746.99
2026-05-19,U-990700,Batangas Gold Trading Corp.,Cahigam,,,Locational Clearance,Residential Construction,11669.27
2026-05-19,U-663066,Maria Cruz,Tulos,FR-SZ,17464.35,Locational Clearance,Residential Construction,20414.5
2026-05-19,U-883574,Danilo Mercado,Bagong Pook,C1-Z,466.7,Locational Clearance,Business Permit Requirement,6249.26
2026-05-19,U-445507,Mark Macalalad,Namuco,I2-Z,7301.57,Locational Clearance,Environmental Compliance,5495.34
2026-05-20,U-880515,Southern Luzon Trading Corp.,San Carlos,UTS-Z,2310.39,Development Permit,General Property Clearance,34197.16
2026-05-20,U-913231,Teresa Dimaculangan,Pinagsibaan,,,Locational Clearance,Residential Construction,7719.2
2026-05-20,U-988987,Mark Bautista,Quilib,R2-Z,149.06,Locational Clearance,Subdivision Phase 1,9036.79
2026-05-20,U-276738,Chloe Santos,Santa Cruz,C1-Z,323.07,Locational Clearance,Commercial Complex Development,4290.45
2026-05-20,U-045264,Chloe Rodriguez,Poblacion D,C2-Z,381.61,Locational Clearance,Commercial Building Construction,1599.36
2026-05-20,U-568822,Ramon Mendoza,Palakpak,C1-Z,284.38,Locational Clearance,Commercial Building Construction,6182.86
2026-05-20,U-777916,Mark Cruz,Leviste,R1-Z,245.61,Locational Clearance,Subdivision Phase 1,2165.54
2026-05-20,U-086974,Juan Macalalad,Bagong Pook,C1-Z,363.45,Locational Clearance,Business Permit Requirement,2321.13
2026-05-20,U-703994,Corazon Garcia,Santa Cruz,R2-Z,212.27,Locational Clearance,Subdivision Phase 1,4797.02
2026-05-21,U-747837,Jose Santos,Quilib,BR2-SZ,146.39,Development Permit,Residential Construction,86816.47
2026-05-21,U-981952,Batangas Enterprises,San Carlos,I1-Z,1737.56,Development Permit,Industrial Park Expansion,105028.03
2026-05-21,U-356097,Teresa Dimaculangan,Bagong Pook,R1-Z,206.95,Locational Clearance,Residential Construction,13607.44
2026-05-21,U-402398,Ramon Ramos,Pinagsibaan,AgIndZ-PTR,8023.87,Locational Clearance,Bank Financing Requirement,15434.63
2026-05-21,U-032150,Teresa Castillo,Bayawang,I1-Z,3516.67,Locational Clearance,Warehouse/Factory Construction,18659.73
2026-05-21,U-502668,Daniel Mendoza,Santa Cruz,C1-Z,487.19,Locational Clearance,Commercial Building Construction,2426.65
2026-05-21,U-611510,Angel Mercado,Pinagsibaan,AgIndZ,3258.47,Locational Clearance,Warehouse/Factory Construction,5025.51
2026-05-21,U-021797,Luzon Integrated Holdings Inc.,Macalamcam B,R1-Z,164.94,Locational Clearance,Subdivision Phase 1,17466.14
2026-05-21,U-067505,Batangas Logistics Inc.,Mayuro,PTA-SZ-RA,15538.27,Locational Clearance,Subdivision Phase 1,9082.69
2026-05-22,U-126839,David Fernandez,Poblacion B,R1-Z,293.94,Locational Clearance,Bank Financing Requirement,9972.25
2026-05-22,U-302953,Batangas Gold Holdings Inc.,Mabato,5491-APDA-SZ,1845.21,Locational Clearance,Farm Development Permit,15623.77
2026-05-22,U-074552,Batangas Gold Farms Corp.,Poblacion E,C2-Z,459.72,Locational Clearance,Commercial Complex Development,9794.48
2026-05-22,U-373617,Christian Lopez,Itlugan,R2-Z,244.94,Locational Clearance,Residential Construction,5450.63
2026-05-22,U-884882,Maria Reyes,Bulihan,R1-Z,290.1,Locational Clearance,Subdivision Phase 1,18258.65
2026-05-22,U-214768,Emmanuel Mendoza,Poblacion E,MR2-SZ,94.68,Locational Clearance,Residential Construction,9030.43
2026-05-22,U-145822,Christian Macalalad,Calantas,PTA-SZ-RA,9940.84,Locational Clearance,Subdivision Phase 1,14511.62
2026-05-22,U-240918,Ramon Torres,Bulihan,R2-Z,217.49,Locational Clearance,Subdivision Phase 1,7621.08
2026-05-22,U-760766,Juan Castillo,Cahigam,R2-Z,117.92,Locational Clearance,Residential Construction,5627.42
2026-05-22,U-291086,Corazon Perez,Calantas,5491-APDA-SZ,3739.57,Zoning Certificate,Agribusiness Construction,451.69
2026-05-22,U-938777,Grace Santos,Namuco,I2-Z,3583.01,Zoning Certificate,Industrial Park Expansion,291.32
2026-05-25,U-348134,Jose Reyes,Poblacion A,C2-Z,574.45,Locational Clearance,Business Permit Requirement,9585.89
2026-05-25,U-572301,Angel Torres,Namuco,AgIndZ-PGR,3200.27,Locational Clearance,Residential Construction,20320.83
2026-05-25,U-734336,Batangas Trading Corp.,Tulos,PDA-SZ,4024.52,Locational Clearance,Agribusiness Construction,18763.4
2026-05-25,U-727449,Teresa Fernandez,Palakpak,AgIndZ,2842.3,Locational Clearance,Environmental Compliance,4957.45
2026-05-25,U-575311,Agri-Ventures Commercial Center,San Isidro,GI-Z,1949.9,Locational Clearance,Environmental Compliance,16557.05
2026-05-25,U-513066,Teresa Comia,Poblacion A,MR2-SZ,110.58,Locational Clearance,Bank Financing Requirement,21831.87
2026-05-25,U-674210,Maria Alday,Bulihan,R1-Z,137.02,Locational Clearance,Subdivision Phase 1,13327.35
2026-05-25,U-546918,Danilo Mendoza,Bulihan,R2-Z,141.31,Locational Clearance,Residential Construction,13464.72
2026-05-25,U-500544,Luz Castillo,Palakpak,R2-Z,192.67,Zoning Certificate,Residential Construction,358.14
2026-05-26,U-303384,Agri-Ventures Enterprises,Balibago,R2-Z,195.6,Development Permit,Bank Financing Requirement,56829.57
2026-05-26,U-032042,Daniel Rodriguez,Bagong Pook,,,Locational Clearance,Residential Construction,4019.16
2026-05-26,U-500036,Southern Luzon Commercial Center,Bagong Pook,C1-Z,312.99,Locational Clearance,Commercial Complex Development,5262.94
2026-05-26,U-893198,Rosario Logistics Inc.,Itlugan,PDA-SZ,15424.49,Locational Clearance,Land Title Verification,19354.73
2026-05-26,U-323240,David Mendoza,San Isidro,R1-Z,257.99,Zoning Certificate,Bank Financing Requirement,421.97
2026-05-26,U-651463,Emmanuel Comia,San Isidro,R2-Z,123.76,Zoning Certificate,Bank Financing Requirement,486.51
2026-05-28,U-754592,Agri-Ventures Logistics Inc.,Balibago,R2-Z,91.26,Development Permit,Bank Financing Requirement,74745.72
2026-05-28,U-876553,Jose Ramos,Santa Cruz,,,Locational Clearance,Bank Financing Requirement,9503.59
2026-05-28,U-251859,Maria Alday,San Isidro,,,Locational Clearance,Commercial Building Construction,9315.22
2026-05-28,U-499960,Juan Sanchez,San Jose,R1-Z,129.26,Locational Clearance,Residential Construction,15198.23
2026-05-28,U-884509,Daniel Sanchez,Santa Cruz,R1-Z,191.31,Locational Clearance,Subdivision Phase 1,1636.37
2026-05-28,U-888912,Ramon Santos,Poblacion C,C1-Z,426.48,Locational Clearance,Commercial Complex Development,8182.24
2026-05-28,U-016348,Teresa Gonzales,Quilib,R2-Z,196.54,Locational Clearance,Residential Construction,19667.94
2026-05-28,U-056535,Antonio Bautista,Mabato,PDA-SZ,8065.68,Locational Clearance,Farm Development Permit,8488.34
2026-05-28,U-289618,Juan Dimaculangan,Balibago,R1-Z,171.06,Locational Clearance,Bank Financing Requirement,11342.94
2026-05-28,U-628018,Prime Logistics Inc.,San Ignacio,R2-Z,214.58,Locational Clearance,Residential Construction,16839.93
2026-05-28,U-583506,Christian Ramos,Marilag,R1-Z,241.88,Locational Clearance,Subdivision Phase 1,19098.03
2026-05-28,U-048929,Southern Luzon Trading Corp.,Poblacion A,C2-Z,272.89,Locational Clearance,Commercial Building Construction,9870.34
2026-05-28,U-266924,Emmanuel Dimaculangan,Poblacion B,GI-Z,3426.25,Locational Clearance,Warehouse/Factory Construction,1932.05
2026-05-28,U-279571,Emmanuel Comia,Tulos,PDA-SZ,10771.97,Locational Clearance,Agribusiness Construction,3376.89
2026-05-28,U-434116,Batangas Gold Commercial Center,Poblacion A,C2-Z,628.34,Zoning Certificate,Business Permit Requirement,415.3
2026-05-29,U-610867,Southern Luzon Farms Corp.,Quilib,R1-Z,315.17,Development Permit,Bank Financing Requirement,77101.81
2026-05-29,U-936313,Daniel Perez,Quilib,,,Locational Clearance,Bank Financing Requirement,8368.82
2026-05-29,U-197083,Chloe Sanchez,Quilib,C1-Z,260.99,Locational Clearance,Commercial Complex Development,21641.92
2026-05-29,U-611512,Mark Bautista,Cahigam,R1-Z,128.19,Locational Clearance,Residential Construction,15914.33
2026-05-29,U-802694,Chloe Santos,Santa Cruz,R1-Z,242.19,Locational Clearance,Residential Construction,16656.35
2026-05-29,U-074167,Benjamin Rodriguez,Nasi,R1-Z,286.6,Locational Clearance,Residential Construction,10811.05
2026-05-29,U-468399,Prime Holdings Inc.,Poblacion C,R1-Z,198.26,Locational Clearance,Residential Construction,4629.3
2026-05-29,U-867021,David Santos,San Roque,AgIndZ,3442.24,Locational Clearance,Industrial Park Expansion,16804.44
2026-05-29,U-532555,Teresa Santos,Pinagsibaan,UTS-Z,2652.87,Locational Clearance,Facility/Structure Construction,2863.69
2026-05-29,U-367341,Rosario Realty & Development,Bagong Pook,BR2-SZ,176.81,Zoning Certificate,Residential Construction,441.51
2026-06-01,U-439097,Daniel Mendoza,Santa Cruz,C1-Z,472.84,Locational Clearance,Business Permit Requirement,1709.48
2026-06-01,U-601729,Danilo Mercado,Santa Cruz,C1-Z,303.89,Locational Clearance,Commercial Building Construction,4273.29
2026-06-01,U-734113,Sofia Cruz,Poblacion E,MR2-SZ,180.46,Locational Clearance,Residential Construction,14397.39
2026-06-01,U-514206,Benjamin Santos,Bagong Pook,T-Z,2939.95,Zoning Certificate,Facility/Structure Construction,368.84
2026-06-01,U-905450,Ramon Alday,Pinagsibaan,UTS-Z,1955.68,Zoning Certificate,General Property Clearance,417.08
2026-06-02,U-078387,Luz Garcia,Poblacion A,,,Locational Clearance,Subdivision Phase 1,9993.35
2026-06-02,U-733167,Maria Dimaculangan,Putingkahoy,PTA-SZ-RA,3324.54,Locational Clearance,Subdivision Phase 1,2594.85
2026-06-02,U-211184,Emmanuel Mendoza,San Carlos,I3-Z,4485.66,Locational Clearance,Environmental Compliance,15492.03
2026-06-03,U-438473,Batangas Gold Commercial Center,Quilib,R2-Z,198.77,Locational Clearance,Subdivision Phase 1,11049.96
2026-06-03,U-065627,Sofia Reyes,San Roque,BR2-SZ,102.95,Locational Clearance,Bank Financing Requirement,19255.65
2026-06-03,U-252388,Sofia Mercado,Quilib,R2-Z,166.93,Locational Clearance,Bank Financing Requirement,8399.2
2026-06-03,U-811370,Luzon Integrated Trading Corp.,Nasi,R1-Z,203.16,Locational Clearance,Bank Financing Requirement,8956.5
2026-06-03,U-845802,Benjamin Sanchez,Mavalor,R2-Z,168.34,Locational Clearance,Residential Construction,4890.37
2026-06-03,U-793626,Agri-Ventures Holdings Inc.,Colongan,GI-Z,1419.79,Locational Clearance,Industrial Park Expansion,6705.58
2026-06-03,U-360592,Daniel Garcia,Poblacion A,MR2-SZ,60.2,Zoning Certificate,Residential Construction,415.8
2026-06-03,U-195413,Antonio Lopez,San Isidro,R1-Z,276.59,Zoning Certificate,Bank Financing Requirement,266.6
2026-06-04,U-925511,Batangas Enterprises,Namunga,R2-Z,228.96,Development Permit,Residential Construction,42387.03
2026-06-04,U-941580,Luz Macalalad,Bagong Pook,BR2-SZ,149.16,Locational Clearance,Residential Construction,9907.21
2026-06-04,U-781815,Antonio Sanchez,Salao,PDA-SZ,3890.09,Locational Clearance,Agribusiness Construction,15910.82
2026-06-04,U-460603,Sofia Mendoza,Namunga,R2-Z,122.63,Locational Clearance,Subdivision Phase 1,12192.92
2026-06-04,U-288271,Batangas Gold Realty & Development,Bagong Pook,R1-Z,193.08,Locational Clearance,Residential Construction,21716.52
2026-06-05,U-267215,Agri-Ventures Commercial Center,Tulos,PTA-SZ-RA,13809.13,Development Permit,Subdivision Phase 1,50789.49
2026-06-05,U-327985,Benjamin Reyes,Namuco,PDA-SZ,8281.27,Locational Clearance,Farm Development Permit,12994.51
2026-06-05,U-084639,Antonio Gonzales,Tiquiwan,R2-Z,171.45,Locational Clearance,Residential Construction,6735.43
2026-06-05,U-895112,Juan Garcia,Bagong Pook,R2-Z,205.02,Locational Clearance,Residential Construction,4962.0
2026-06-05,U-223453,Victoria Lopez,Quilib,R2-Z,225.05,Locational Clearance,Subdivision Phase 1,19866.83
2026-06-08,U-932442,Agri-Ventures Enterprises,Santa Cruz,,,Locational Clearance,Subdivision Phase 1,7290.46
2026-06-08,U-552915,Victoria Santos,Poblacion A,C2-Z,341.47,Locational Clearance,Commercial Building Construction,1739.2
2026-06-08,U-077303,Antonio Mendoza,Poblacion A,C1-Z,446.81,Locational Clearance,Commercial Building Construction,17459.81
2026-06-08,U-956389,Luz Comia,Pinagsibaan,AgIndZ,3831.36,Zoning Certificate,Warehouse/Factory Construction,343.6
2026-06-10,U-029014,Ramon Perez,Bagong Pook,R1-Z,341.32,Locational Clearance,Residential Construction,15419.36
2026-06-10,U-257001,Batangas Logistics Inc.,Alupay,AgIndZ,6911.1,Locational Clearance,Industrial Park Expansion,16514.29
2026-06-10,U-046693,Rosario Commercial Center,Namuco,UTS-Z,865.14,Locational Clearance,General Property Clearance,16321.86
2026-06-11,U-803711,Corazon Castillo,Santa Cruz,,,Locational Clearance,Commercial Building Construction,2892.15
2026-06-11,U-718046,Chloe Santos,Pinagsibaan,I3-Z,8277.07,Locational Clearance,Industrial Park Expansion,20911.77
2026-06-11,U-490539,Sofia Mendoza,San Carlos,AgIndZ,4482.15,Locational Clearance,Industrial Park Expansion,19366.05
2026-06-11,U-748621,Juan Lopez,Alupay,I2-Z,4521.73,Zoning Certificate,Environmental Compliance,450.25
2026-06-11,U-380122,Grace Dimaculangan,San Roque,R1-Z,248.13,Zoning Certificate,Subdivision Phase 1,328.28
2026-06-15,U-818921,Christian Mercado,Alupay,,,Locational Clearance,Industrial Park Expansion,12213.84
2026-06-15,U-877551,David Fernandez,Pinagsibaan,,,Locational Clearance,Warehouse/Factory Construction,12935.35
2026-06-15,U-870750,Victoria Mercado,Quilib,,,Locational Clearance,Subdivision Phase 1,10330.53
2026-06-15,U-467919,Jose Dimaculangan,Mabunga,PDA-SZ,15194.34,Locational Clearance,Agribusiness Construction,11642.87
2026-06-15,U-411207,Victoria Perez,Marilag,C1-Z,314.48,Locational Clearance,Business Permit Requirement,8127.03
2026-06-15,U-955606,Daniel Dimaculangan,Tiquiwan,PDA-SZ,10661.51,Locational Clearance,Farm Development Permit,21729.7
2026-06-15,U-748397,Victoria Comia,Matamis,GI-Z,602.74,Locational Clearance,Warehouse/Factory Construction,5845.43
2026-06-15,U-908537,Ramon Alday,Mayuro,R1-Z,254.85,Zoning Certificate,Residential Construction,398.89
2026-06-16,U-500033,Batangas Gold Logistics Inc.,Nasi,R2-Z,87.98,Development Permit,Bank Financing Requirement,56425.62
2026-06-16,U-332719,Luz Cruz,Cahigam,R2-Z,218.57,Locational Clearance,Subdivision Phase 1,4511.83
2026-06-18,U-213327,Chloe Lopez,Baybayin,R2-Z,187.55,Locational Clearance,Subdivision Phase 1,4956.13
2026-06-18,U-295915,Agri-Ventures Trading Corp.,San Jose,R2-Z,215.02,Locational Clearance,Bank Financing Requirement,9622.66
2026-06-18,U-544366,Mark Macalalad,San Carlos,I2-Z,2489.44,Zoning Certificate,Industrial Park Expansion,339.6
2026-06-19,U-315477,Prime Trading Corp.,Quilib,GI-Z,2306.5,Development Permit,Warehouse/Factory Construction,94570.88
2026-06-19,U-594702,David Gonzales,Balibago,R1-Z,301.54,Development Permit,Bank Financing Requirement,86115.02
2026-06-19,U-180276,Christian Santos,Calantas,PTA-SZ-RA,5325.47,Locational Clearance,Subdivision Phase 1,12262.03
2026-06-19,U-238376,David Reyes,Calantas,PDA-SZ,17435.66,Locational Clearance,Agribusiness Construction,20898.58
2026-06-19,U-379751,Prime Realty & Development,Alupay,I1-Z,3183.33,Zoning Certificate,Industrial Park Expansion,427.71
2026-06-22,U-497543,Prime Logistics Inc.,Namuco,AgIndZ-PGR,9128.79,Locational Clearance,Subdivision Phase 1,7901.21
2026-06-22,U-919695,Antonio Santos,Calantas,ECT-Z,5241.35,Locational Clearance,Commercial Complex Development,2863.86
2026-06-22,U-180226,Juan Gonzales,San Carlos,AgIndZ,5147.39,Locational Clearance,Warehouse/Factory Construction,18453.75
2026-06-22,U-239653,Daniel Bautista,Poblacion B,C2-Z,466.56,Locational Clearance,Commercial Complex Development,19951.57
2026-06-22,U-841994,Southern Luzon Realty & Development,Alupay,AgIndZ-PGR,7412.89,Zoning Certificate,Residential Construction,413.73
2026-06-23,U-032608,Teresa Macalalad,Cahigam,,,Locational Clearance,Residential Construction,14695.49
2026-06-23,U-249532,Luz Rodriguez,San Roque,BR2-SZ,122.25,Locational Clearance,Subdivision Phase 1,13953.84
2026-06-23,U-698350,Daniel Fernandez,Namuco,I2-Z,7523.26,Locational Clearance,Environmental Compliance,18899.85
2026-06-23,U-920419,Maria Bautista,Bagong Pook,R2-Z,201.59,Zoning Certificate,Residential Construction,388.31
2026-06-24,U-968027,Antonio Bautista,San Carlos,AgIndZ,2872.07,Development Permit,Industrial Park Expansion,75526.5
2026-06-24,U-613910,Christian Torres,Poblacion A,R2-Z,215.14,Locational Clearance,Subdivision Phase 1,21734.21
2026-06-25,U-665069,Southern Luzon Logistics Inc.,Pinagsibaan,,,Locational Clearance,Environmental Compliance,14680.28
2026-06-25,U-312000,Luz Castillo,Poblacion C,MR2-SZ,138.28,Locational Clearance,Residential Construction,7599.26
2026-06-25,U-140246,Teresa Lopez,Nasi,PDA-SZ,11436.82,Locational Clearance,Farm Development Permit,13163.71
2026-06-25,U-334520,Corazon Santos,Itlugan,R2-Z,195.07,Locational Clearance,Bank Financing Requirement,5387.94
2026-06-25,U-598999,Angel Rodriguez,Santa Cruz,R1-Z,243.2,Zoning Certificate,Subdivision Phase 1,377.29
2026-06-26,U-865555,David Castillo,Poblacion A,R2-Z,181.97,Locational Clearance,Residential Construction,12683.07
2026-06-26,U-809693,Benjamin Mercado,Pinagsibaan,I1-Z,4845.24,Locational Clearance,Industrial Park Expansion,12880.89
2026-06-29,U-839811,Batangas Commercial Center,Alupay,I1-Z,2773.44,Locational Clearance,Industrial Park Expansion,3233.37
2026-06-29,U-820551,Christian Comia,Baybayin,PTA-SZ-RA,17897.41,Locational Clearance,Bank Financing Requirement,15640.38
2026-06-29,U-760961,Emmanuel Mendoza,Namunga,R2-Z,123.08,Locational Clearance,Subdivision Phase 1,21302.31
2026-06-29,U-612250,Juan Sanchez,Poblacion B,C1-Z,238.01,Zoning Certificate,Commercial Complex Development,337.0
2026-06-30,U-333094,Chloe Gonzales,Quilib,R1-Z,295.42,Development Permit,Subdivision Phase 1,45412.74
2026-06-30,U-070608,Corazon Castillo,San Roque,BR2-SZ,62.46,Locational Clearance,Bank Financing Requirement,10484.58
2026-06-30,U-821022,Luzon Integrated Farms Corp.,Santa Cruz,R1-Z,214.23,Locational Clearance,Residential Construction,12252.82
2026-06-30,U-386690,Christian Lopez,Leviste,R1-Z,341.57,Locational Clearance,Subdivision Phase 1,7364.4
