{
  "type": "FeatureCollection",
  "generator": "overpass-turbo",
  "copyright": "The data included in this document is from www.openstreetmap.org. The data is made available under ODbL.",
  "timestamp": "2026-05-14T05:22:01Z",
  "features": [
    {
      "type": "Feature",
      "properties": {
        "@id": "relation/11259955",
        "admin_level": "10",
        "boundary": "administrative",
        "name": "Pinagsibaan",
        "postal_code": "4225",
        "type": "boundary"
      },
      "geometry": {
        "type": "Polygon",
        "coordinates": [
          [
            [
              121.3030797,
              13.8284814
            ],
            [
              121.3032755,
              13.8283134
            ],
            [
              121.303423,
              13.828415
            ],
            [
              121.3034552,
              13.8288239
            ],
            [
              121.3037449,
              13.8292041
            ],
            [
              121.3039219,
              13.8299698
            ],
            [
              121.3041902,
              13.8301157
            ],
            [
              121.3052416,
              13.8301157
            ],
            [
              121.3056439,
              13.8300271
            ],
            [
              121.3063681,
              13.8300844
            ],
            [
              121.3068134,
              13.830647
            ],
            [
              121.3070494,
              13.8312877
            ],
            [
              121.307221,
              13.8315794
            ],
            [
              121.3079935,
              13.8321576
            ],
            [
              121.3088089,
              13.832517
            ],
            [
              121.3089806,
              13.8330639
            ],
            [
              121.309104,
              13.8335691
            ],
            [
              121.3095868,
              13.83384
            ],
            [
              121.3104182,
              13.8338556
            ],
            [
              121.3107455,
              13.8335066
            ],
            [
              121.3110083,
              13.8333035
            ],
            [
              121.3113141,
              13.8332202
            ],
            [
              121.3115716,
              13.8333452
            ],
            [
              121.311813,
              13.8337515
            ],
            [
              121.3121349,
              13.83384
            ],
            [
              121.3124835,
              13.8337515
            ],
            [
              121.312784,
              13.8337567
            ],
            [
              121.3131165,
              13.8339754
            ],
            [
              121.3134599,
              13.834064
            ],
            [
              121.3144523,
              13.8341682
            ],
            [
              121.3147366,
              13.834288
            ],
            [
              121.3151282,
              13.834288
            ],
            [
              121.3157129,
              13.834413
            ],
            [
              121.3161099,
              13.8343713
            ],
            [
              121.3165069,
              13.8342046
            ],
            [
              121.3183951,
              13.8349443
            ],
            [
              121.3184059,
              13.8353349
            ],
            [
              121.3186741,
              13.8354756
            ],
            [
              121.3193178,
              13.8352985
            ],
            [
              121.3197952,
              13.8353506
            ],
            [
              121.3200903,
              13.8353922
            ],
            [
              121.3201868,
              13.8355693
            ],
            [
              121.3201332,
              13.8362178
            ],
            [
              121.3201815,
              13.8364184
            ],
            [
              121.3204658,
              13.8364652
            ],
            [
              121.3207984,
              13.8365017
            ],
            [
              121.3209325,
              13.8367673
            ],
            [
              121.3209057,
              13.8369653
            ],
            [
              121.320439,
              13.8373403
            ],
            [
              121.320498,
              13.8376268
            ],
            [
              121.3207662,
              13.8377205
            ],
            [
              121.3211739,
              13.837783
            ],
            [
              121.3220644,
              13.8387987
            ],
            [
              121.3219571,
              13.8394498
            ],
            [
              121.3222521,
              13.8402728
            ],
            [
              121.3220805,
              13.8413718
            ],
            [
              121.3219786,
              13.8418146
            ],
            [
              121.3218605,
              13.8421792
            ],
            [
              121.3208628,
              13.8426271
            ],
            [
              121.3206911,
              13.8434188
            ],
            [
              121.3210452,
              13.8439605
            ],
            [
              121.321485,
              13.8439501
            ],
            [
              121.3217962,
              13.8440855
            ],
            [
              121.3218176,
              13.8443564
            ],
            [
              121.3216406,
              13.844596
            ],
            [
              121.3213724,
              13.8449137
            ],
            [
              121.3214689,
              13.8451637
            ],
            [
              121.3218552,
              13.8453043
            ],
            [
              121.3224077,
              13.8450751
            ],
            [
              121.322794,
              13.8448616
            ],
            [
              121.3232017,
              13.8449033
            ],
            [
              121.3232446,
              13.8453356
            ],
            [
              121.3231426,
              13.8456273
            ],
            [
              121.3229388,
              13.8458564
            ],
            [
              121.3230568,
              13.8461325
            ],
            [
              121.3236576,
              13.846346
            ],
            [
              121.3241458,
              13.846195
            ],
            [
              121.3245267,
              13.8458043
            ],
            [
              121.3247466,
              13.8457314
            ],
            [
              121.3255942,
              13.8460648
            ],
            [
              121.3261145,
              13.8460544
            ],
            [
              121.3263667,
              13.8460648
            ],
            [
              121.3266241,
              13.8461012
            ],
            [
              121.3269889,
              13.8464033
            ],
            [
              121.3272089,
              13.8465023
            ],
            [
              121.3274342,
              13.8464606
            ],
            [
              121.3276273,
              13.8461481
            ],
            [
              121.327799,
              13.8460179
            ],
            [
              121.3280296,
              13.8460127
            ],
            [
              121.328786,
              13.8464554
            ],
            [
              121.3292634,
              13.846195
            ],
            [
              121.3310444,
              13.8462314
            ],
            [
              121.3312429,
              13.8461481
            ],
            [
              121.3313448,
              13.8457002
            ],
            [
              121.3314199,
              13.8455595
            ],
            [
              121.3316774,
              13.8454866
            ],
            [
              121.3330883,
              13.8463564
            ],
            [
              121.3333458,
              13.8463408
            ],
            [
              121.3336676,
              13.8460335
            ],
            [
              121.3340217,
              13.8460335
            ],
            [
              121.3343543,
              13.8462471
            ],
            [
              121.3345581,
              13.8465492
            ],
            [
              121.3347727,
              13.8466585
            ],
            [
              121.334939,
              13.8466325
            ],
            [
              121.3352394,
              13.846544
            ],
            [
              121.3357989,
              13.8465304
            ],
            [
              121.3324384,
              13.8542154
            ],
            [
              121.3321522,
              13.8541691
            ],
            [
              121.3318813,
              13.8542056
            ],
            [
              121.3315809,
              13.8542577
            ],
            [
              121.3306206,
              13.8545181
            ],
            [
              121.3304114,
              13.8545337
            ],
            [
              121.3302559,
              13.8544347
            ],
            [
              121.3302129,
              13.8542629
            ],
            [
              121.3302505,
              13.8540233
            ],
            [
              121.330449,
              13.8537733
            ],
            [
              121.3304865,
              13.8535858
            ],
            [
              121.3304919,
              13.8534035
            ],
            [
              121.3305241,
              13.8529087
            ],
            [
              121.3303471,
              13.8528254
            ],
            [
              121.3301218,
              13.8527837
            ],
            [
              121.3293976,
              13.852716
            ],
            [
              121.329006,
              13.8528097
            ],
            [
              121.3286734,
              13.8530024
            ],
            [
              121.3278472,
              13.8534868
            ],
            [
              121.3275093,
              13.8536014
            ],
            [
              121.3272303,
              13.8535285
            ],
            [
              121.3259965,
              13.8527837
            ],
            [
              121.325621,
              13.8526222
            ],
            [
              121.3253367,
              13.8526951
            ],
            [
              121.3250363,
              13.8531639
            ],
            [
              121.3247949,
              13.8533254
            ],
            [
              121.3244569,
              13.8533149
            ],
            [
              121.3236254,
              13.8527785
            ],
            [
              121.3233894,
              13.852716
            ],
            [
              121.3231909,
              13.852742
            ],
            [
              121.3228208,
              13.8528358
            ],
            [
              121.3225794,
              13.8527941
            ],
            [
              121.3224131,
              13.8526847
            ],
            [
              121.3221234,
              13.852216
            ],
            [
              121.3217908,
              13.8520701
            ],
            [
              121.3213724,
              13.852091
            ],
            [
              121.3206643,
              13.8524295
            ],
            [
              121.3203531,
              13.8525024
            ],
            [
              121.3200903,
              13.8523931
            ],
            [
              121.3199347,
              13.8522681
            ],
            [
              121.3197899,
              13.8521951
            ],
            [
              121.319645,
              13.8521795
            ],
            [
              121.3194036,
              13.8521795
            ],
            [
              121.3191783,
              13.8520962
            ],
            [
              121.3190603,
              13.8519868
            ],
            [
              121.3181698,
              13.8511326
            ],
            [
              121.3179499,
              13.8510441
            ],
            [
              121.3177782,
              13.8510857
            ],
            [
              121.3176227,
              13.8513514
            ],
            [
              121.3175261,
              13.8513878
            ],
            [
              121.317392,
              13.8513774
            ],
            [
              121.3173383,
              13.8513201
            ],
            [
              121.3172793,
              13.8512108
            ],
            [
              121.3172525,
              13.8509035
            ],
            [
              121.3171935,
              13.8507524
            ],
            [
              121.3170648,
              13.8506534
            ],
            [
              121.3168609,
              13.8505571
            ],
            [
              121.3167858,
              13.8502446
            ],
            [
              121.3167858,
              13.8501274
            ],
            [
              121.3168126,
              13.8500232
            ],
            [
              121.3169038,
              13.8499243
            ],
            [
              121.3169897,
              13.8498592
            ],
            [
              121.3170326,
              13.8497654
            ],
            [
              121.3170218,
              13.8496118
            ],
            [
              121.3170299,
              13.8495232
            ],
            [
              121.3170674,
              13.8494347
            ],
            [
              121.3172042,
              13.849281
            ],
            [
              121.3172954,
              13.8491768
            ],
            [
              121.3173169,
              13.8489815
            ],
            [
              121.3171345,
              13.8482992
            ],
            [
              121.3170326,
              13.8480909
            ],
            [
              121.3166892,
              13.8479867
            ],
            [
              121.3151121,
              13.8482419
            ],
            [
              121.3149136,
              13.8481534
            ],
            [
              121.3148063,
              13.848018
            ],
            [
              121.314683,
              13.8476898
            ],
            [
              121.314581,
              13.8475232
            ],
            [
              121.3143396,
              13.8474034
            ],
            [
              121.3132426,
              13.8470804
            ],
            [
              121.3129637,
              13.8469711
            ],
            [
              121.3128135,
              13.8468122
            ],
            [
              121.312505,
              13.8461715
            ],
            [
              121.3122877,
              13.84582
            ],
            [
              121.3119015,
              13.8455075
            ],
            [
              121.3111907,
              13.8451897
            ],
            [
              121.3110512,
              13.845122
            ],
            [
              121.3109225,
              13.8449553
            ],
            [
              121.3106972,
              13.8442105
            ],
            [
              121.3104826,
              13.8439866
            ],
            [
              121.310268,
              13.8438928
            ],
            [
              121.3097906,
              13.8439084
            ],
            [
              121.3096726,
              13.8438303
            ],
            [
              121.3096082,
              13.8436792
            ],
            [
              121.3094848,
              13.8434136
            ],
            [
              121.3093024,
              13.8433563
            ],
            [
              121.3090074,
              13.8433355
            ],
            [
              121.3082188,
              13.8434449
            ],
            [
              121.3080364,
              13.8432157
            ],
            [
              121.3080633,
              13.8428667
            ],
            [
              121.3080502,
              13.8424613
            ],
            [
              121.3080418,
              13.8422
            ],
            [
              121.3078701,
              13.841976
            ],
            [
              121.3076502,
              13.8418354
            ],
            [
              121.306572,
              13.8413979
            ],
            [
              121.3063842,
              13.8414343
            ],
            [
              121.3061589,
              13.841502
            ],
            [
              121.3057619,
              13.8417
            ],
            [
              121.3055044,
              13.8416739
            ],
            [
              121.3051718,
              13.8415281
            ],
            [
              121.3043886,
              13.8408978
            ],
            [
              121.3041097,
              13.8407937
            ],
            [
              121.3037556,
              13.8407728
            ],
            [
              121.3030475,
              13.8407833
            ],
            [
              121.3027954,
              13.8406947
            ],
            [
              121.3026291,
              13.8405541
            ],
            [
              121.3022751,
              13.840252
            ],
            [
              121.301921,
              13.8401218
            ],
            [
              121.3016903,
              13.8401165
            ],
            [
              121.3012773,
              13.8401218
            ],
            [
              121.3011485,
              13.8400645
            ],
            [
              121.3010144,
              13.8399811
            ],
            [
              121.3007677,
              13.8396582
            ],
            [
              121.3004297,
              13.8394446
            ],
            [
              121.3000756,
              13.8391946
            ],
            [
              121.2997806,
              13.83883
            ],
            [
              121.2995392,
              13.8384237
            ],
            [
              121.2993085,
              13.838106
            ],
            [
              121.2992315,
              13.8380868
            ],
            [
              121.3014156,
              13.8271761
            ],
            [
              121.3015884,
              13.8275529
            ],
            [
              121.3014945,
              13.8276102
            ],
            [
              121.3014328,
              13.8276727
            ],
            [
              121.3015133,
              13.8277274
            ],
            [
              121.3016984,
              13.8277456
            ],
            [
              121.3017882,
              13.8277964
            ],
            [
              121.3018915,
              13.8278902
            ],
            [
              121.302318,
              13.8286832
            ],
            [
              121.3024145,
              13.8288343
            ],
            [
              121.3025916,
              13.8289775
            ],
            [
              121.3028008,
              13.8288786
            ],
            [
              121.3030221,
              13.8285243
            ],
            [
              121.3030797,
              13.8284814
            ]
          ]
        ]
      },
      "id": "relation/11259955"
    },
    {
      "type": "Feature",
      "properties": {
        "@id": "relation/11259956",
        "admin_level": "10",
        "boundary": "administrative",
        "name": "Salao",
        "postal_code": "4225",
        "type": "boundary"
      },
      "geometry": {
        "type": "Polygon",
        "coordinates": [
          [
            [
              121.3424653,
              13.8472471
            ],
            [
              121.3430168,
              13.8470082
            ],
            [
              121.3433179,
              13.8469807
            ],
            [
              121.3435703,
              13.8470518
            ],
            [
              121.3437393,
              13.8471403
            ],
            [
              121.3437742,
              13.8472784
            ],
            [
              121.3435613,
              13.8473954
            ],
            [
              121.3435336,
              13.8475161
            ],
            [
              121.3436739,
              13.8476073
            ],
            [
              121.3438283,
              13.8476837
            ],
            [
              121.3440971,
              13.8476926
            ],
            [
              121.3443562,
              13.8477812
            ],
            [
              121.3446664,
              13.8478376
            ],
            [
              121.3450868,
              13.8478803
            ],
            [
              121.3452823,
              13.8479468
            ],
            [
              121.3458298,
              13.8483265
            ],
            [
              121.3460351,
              13.8484119
            ],
            [
              121.3462502,
              13.8485258
            ],
            [
              121.346462,
              13.8486301
            ],
            [
              121.346789,
              13.848906
            ],
            [
              121.3470089,
              13.8490649
            ],
            [
              121.3471643,
              13.8492487
            ],
            [
              121.3472964,
              13.8493245
            ],
            [
              121.347482,
              13.8493611
            ],
            [
              121.3479122,
              13.8493611
            ],
            [
              121.3481273,
              13.8493801
            ],
            [
              121.3483521,
              13.8493801
            ],
            [
              121.3485672,
              13.8493611
            ],
            [
              121.3488137,
              13.8493053
            ],
            [
              121.3489583,
              13.8493421
            ],
            [
              121.3491342,
              13.8494466
            ],
            [
              121.3497306,
              13.8501015
            ],
            [
              121.3498479,
              13.8502534
            ],
            [
              121.3499457,
              13.8504338
            ],
            [
              121.3500337,
              13.8506046
            ],
            [
              121.3501217,
              13.8508989
            ],
            [
              121.3502488,
              13.8510982
            ],
            [
              121.3504247,
              13.8511931
            ],
            [
              121.3510309,
              13.8514399
            ],
            [
              121.3515295,
              13.8517722
            ],
            [
              121.3517446,
              13.851943
            ],
            [
              121.3520085,
              13.8520474
            ],
            [
              121.3522138,
              13.8520854
            ],
            [
              121.3523898,
              13.8521993
            ],
            [
              121.352556,
              13.8523512
            ],
            [
              121.3527515,
              13.8524271
            ],
            [
              121.3529666,
              13.8524271
            ],
            [
              121.3531719,
              13.8524366
            ],
            [
              121.3533088,
              13.8526075
            ],
            [
              121.3533284,
              13.8527973
            ],
            [
              121.3535949,
              13.8530457
            ],
            [
              121.3538172,
              13.8532529
            ],
            [
              121.3539932,
              13.8533479
            ],
            [
              121.3542082,
              13.8533763
            ],
            [
              121.3546091,
              13.8535377
            ],
            [
              121.3548339,
              13.8535852
            ],
            [
              121.3552446,
              13.8537275
            ],
            [
              121.3556552,
              13.8537845
            ],
            [
              121.35588,
              13.8538509
            ],
            [
              121.3559876,
              13.8540123
            ],
            [
              121.3561049,
              13.854392
            ],
            [
              121.3563297,
              13.8549425
            ],
            [
              121.3564764,
              13.8550944
            ],
            [
              121.3565937,
              13.8552558
            ],
            [
              121.3567599,
              13.8554076
            ],
            [
              121.3570141,
              13.8555405
            ],
            [
              121.357151,
              13.8557493
            ],
            [
              121.3572292,
              13.8559202
            ],
            [
              121.3573813,
              13.8562961
            ],
            [
              121.3573813,
              13.8565645
            ],
            [
              121.357326,
              13.8568464
            ],
            [
              121.357326,
              13.8571149
            ],
            [
              121.3574781,
              13.8573565
            ],
            [
              121.357644,
              13.8575713
            ],
            [
              121.3579343,
              13.857625
            ],
            [
              121.3582247,
              13.857625
            ],
            [
              121.3584874,
              13.8577592
            ],
            [
              121.3586118,
              13.8580009
            ],
            [
              121.3587639,
              13.8582693
            ],
            [
              121.3588745,
              13.8585244
            ],
            [
              121.3589713,
              13.8587794
            ],
            [
              121.3590127,
              13.8590479
            ],
            [
              121.3590957,
              13.859303
            ],
            [
              121.359234,
              13.8595446
            ],
            [
              121.3594275,
              13.8597728
            ],
            [
              121.3596902,
              13.8599339
            ],
            [
              121.3599253,
              13.8601084
            ],
            [
              121.3600912,
              13.8603366
            ],
            [
              121.36034,
              13.860605
            ],
            [
              121.3613599,
              13.8620189
            ],
            [
              121.3614737,
              13.8623963
            ],
            [
              121.361559,
              13.8625712
            ],
            [
              121.3616918,
              13.8627461
            ],
            [
              121.3618245,
              13.8631142
            ],
            [
              121.3619762,
              13.8632339
            ],
            [
              121.3621563,
              13.8633259
            ],
            [
              121.3623933,
              13.8633351
            ],
            [
              121.3625639,
              13.8632247
            ],
            [
              121.3625639,
              13.8630314
            ],
            [
              121.3624976,
              13.8628565
            ],
            [
              121.3624881,
              13.8626632
            ],
            [
              121.3626019,
              13.8625068
            ],
            [
              121.3628199,
              13.8624607
            ],
            [
              121.363237,
              13.8624884
            ],
            [
              121.3636162,
              13.8626724
            ],
            [
              121.3638343,
              13.8627369
            ],
            [
              121.3639955,
              13.8628565
            ],
            [
              121.3643747,
              13.8633535
            ],
            [
              121.3645169,
              13.8635008
            ],
            [
              121.3646875,
              13.8636021
            ],
            [
              121.3648866,
              13.8636941
            ],
            [
              121.3650857,
              13.8637585
            ],
            [
              121.3652848,
              13.8637953
            ],
            [
              121.3654933,
              13.8637861
            ],
            [
              121.3656924,
              13.863869
            ],
            [
              121.365901,
              13.8641911
            ],
            [
              121.3661664,
              13.8647065
            ],
            [
              121.3661854,
              13.8648998
            ],
            [
              121.3660527,
              13.8652496
            ],
            [
              121.3659105,
              13.8653784
            ],
            [
              121.365408,
              13.8656546
            ],
            [
              121.3652468,
              13.8657742
            ],
            [
              121.3647065,
              13.8659859
            ],
            [
              121.3646306,
              13.8661516
            ],
            [
              121.364716,
              13.8663264
            ],
            [
              121.3649245,
              13.8663817
            ],
            [
              121.3651236,
              13.8663541
            ],
            [
              121.3653227,
              13.8663449
            ],
            [
              121.3662707,
              13.8665289
            ],
            [
              121.3664603,
              13.8665934
            ],
            [
              121.3666404,
              13.8667222
            ],
            [
              121.3669665,
              13.8670156
            ],
            [
              121.3671073,
              13.8670547
            ],
            [
              121.3672481,
              13.8670742
            ],
            [
              121.3673888,
              13.8670677
            ],
            [
              121.3675095,
              13.8669831
            ],
            [
              121.3675832,
              13.8668659
            ],
            [
              121.3677307,
              13.8668594
            ],
            [
              121.3678715,
              13.866905
            ],
            [
              121.3683877,
              13.8672044
            ],
            [
              121.3684949,
              13.867289
            ],
            [
              121.3687899,
              13.8673866
            ],
            [
              121.3689441,
              13.8673866
            ],
            [
              121.3693798,
              13.8672955
            ],
            [
              121.3696479,
              13.8672044
            ],
            [
              121.3698021,
              13.8671588
            ],
            [
              121.3706333,
              13.8668269
            ],
            [
              121.3710798,
              13.866688
            ],
            [
              121.3709497,
              13.866946
            ],
            [
              121.3707146,
              13.8671339
            ],
            [
              121.3705072,
              13.8673621
            ],
            [
              121.3703966,
              13.8676171
            ],
            [
              121.3703137,
              13.867899
            ],
            [
              121.3702446,
              13.8684493
            ],
            [
              121.3701478,
              13.8687178
            ],
            [
              121.3698851,
              13.868852
            ],
            [
              121.3695809,
              13.868852
            ],
            [
              121.3692906,
              13.8687983
            ],
            [
              121.3690002,
              13.8688386
            ],
            [
              121.3687928,
              13.8690534
            ],
            [
              121.3685163,
              13.8692279
            ],
            [
              121.3681983,
              13.8692681
            ],
            [
              121.3679079,
              13.8693487
            ],
            [
              121.3673134,
              13.8693621
            ],
            [
              121.3670507,
              13.8692413
            ],
            [
              121.3668157,
              13.8690802
            ],
            [
              121.3665115,
              13.8690534
            ],
            [
              121.3662212,
              13.8689326
            ],
            [
              121.366,
              13.8687581
            ],
            [
              121.365198,
              13.8683017
            ],
            [
              121.3649077,
              13.8682748
            ],
            [
              121.364645,
              13.8684091
            ],
            [
              121.3643961,
              13.8685702
            ],
            [
              121.3641334,
              13.8687044
            ],
            [
              121.3638431,
              13.8687581
            ],
            [
              121.3633868,
              13.8691339
            ],
            [
              121.3631794,
              13.8693487
            ],
            [
              121.3628753,
              13.8694292
            ],
            [
              121.3621425,
              13.8694561
            ],
            [
              121.3618798,
              13.8693084
            ],
            [
              121.3616586,
              13.8691205
            ],
            [
              121.3614512,
              13.8689057
            ],
            [
              121.3613406,
              13.8686373
            ],
            [
              121.3612023,
              13.8683957
            ],
            [
              121.3609673,
              13.8682077
            ],
            [
              121.3604142,
              13.8679661
            ],
            [
              121.3595708,
              13.867644
            ],
            [
              121.3586583,
              13.867644
            ],
            [
              121.3583541,
              13.8675903
            ],
            [
              121.3577734,
              13.8675366
            ],
            [
              121.3574831,
              13.8674829
            ],
            [
              121.3572757,
              13.8672815
            ],
            [
              121.3570407,
              13.8671205
            ],
            [
              121.3568333,
              13.8669191
            ],
            [
              121.3565291,
              13.8668386
            ],
            [
              121.3559207,
              13.8668923
            ],
            [
              121.3550497,
              13.8671742
            ],
            [
              121.3544414,
              13.867295
            ],
            [
              121.3541372,
              13.8672144
            ],
            [
              121.3538883,
              13.8670265
            ],
            [
              121.3536256,
              13.8668788
            ],
            [
              121.3531555,
              13.8665298
            ],
            [
              121.3529205,
              13.8663285
            ],
            [
              121.3526578,
              13.866154
            ],
            [
              121.3525195,
              13.8659124
            ],
            [
              121.3524089,
              13.8656573
            ],
            [
              121.3520218,
              13.8651473
            ],
            [
              121.3519112,
              13.8648922
            ],
            [
              121.3517176,
              13.8646774
            ],
            [
              121.3514549,
              13.8645298
            ],
            [
              121.3511646,
              13.8643956
            ],
            [
              121.3508604,
              13.8643016
            ],
            [
              121.3502935,
              13.8642747
            ],
            [
              121.3499894,
              13.8642211
            ],
            [
              121.349699,
              13.8641405
            ],
            [
              121.3494087,
              13.8640734
            ],
            [
              121.3491322,
              13.8639929
            ],
            [
              121.3488142,
              13.8639794
            ],
            [
              121.34851,
              13.8639929
            ],
            [
              121.3479016,
              13.8641271
            ],
            [
              121.3476251,
              13.8642747
            ],
            [
              121.3473071,
              13.8643284
            ],
            [
              121.3470029,
              13.8643284
            ],
            [
              121.3467402,
              13.8641942
            ],
            [
              121.3466711,
              13.8639257
            ],
            [
              121.3464222,
              13.8634157
            ],
            [
              121.346284,
              13.863174
            ],
            [
              121.345966,
              13.8630801
            ],
            [
              121.3456756,
              13.8630398
            ],
            [
              121.3453853,
              13.8630398
            ],
            [
              121.3444728,
              13.8631606
            ],
            [
              121.3441824,
              13.8632009
            ],
            [
              121.3438921,
              13.8631203
            ],
            [
              121.3434496,
              13.8629458
            ],
            [
              121.3430124,
              13.8626273
            ],
            [
              121.3429534,
              13.862419
            ],
            [
              121.3429749,
              13.8617784
            ],
            [
              121.3427925,
              13.8617107
            ],
            [
              121.3425189,
              13.8617524
            ],
            [
              121.3418537,
              13.8620024
            ],
            [
              121.3414621,
              13.8619294
            ],
            [
              121.3411564,
              13.8617992
            ],
            [
              121.3398957,
              13.8613617
            ],
            [
              121.3396704,
              13.8611743
            ],
            [
              121.3394934,
              13.8610649
            ],
            [
              121.339075,
              13.8611951
            ],
            [
              121.3388067,
              13.8612107
            ],
            [
              121.3385975,
              13.861044
            ],
            [
              121.3384902,
              13.8607185
            ],
            [
              121.338442,
              13.8606456
            ],
            [
              121.3383588,
              13.8606013
            ],
            [
              121.3380101,
              13.8605128
            ],
            [
              121.3379189,
              13.8604555
            ],
            [
              121.3378519,
              13.8603487
            ],
            [
              121.3376024,
              13.8599581
            ],
            [
              121.3374469,
              13.8598644
            ],
            [
              121.3372403,
              13.8597732
            ],
            [
              121.3369372,
              13.8595571
            ],
            [
              121.3368219,
              13.8594347
            ],
            [
              121.3367522,
              13.859268
            ],
            [
              121.3366449,
              13.8586274
            ],
            [
              121.3364732,
              13.8581847
            ],
            [
              121.3360602,
              13.8577368
            ],
            [
              121.3356739,
              13.857492
            ],
            [
              121.3351536,
              13.8573566
            ],
            [
              121.3344079,
              13.8571899
            ],
            [
              121.3342255,
              13.8570962
            ],
            [
              121.3340485,
              13.8568618
            ],
            [
              121.3339063,
              13.8566457
            ],
            [
              121.33385,
              13.8564347
            ],
            [
              121.333842,
              13.8560103
            ],
            [
              121.3337991,
              13.8557993
            ],
            [
              121.3336167,
              13.8556457
            ],
            [
              121.3332546,
              13.8555155
            ],
            [
              121.3331151,
              13.8552941
            ],
            [
              121.3330078,
              13.8550519
            ],
            [
              121.3326725,
              13.8543748
            ],
            [
              121.3324384,
              13.8542154
            ],
            [
              121.3357989,
              13.8465304
            ],
            [
              121.3360816,
              13.8465648
            ],
            [
              121.336264,
              13.8468513
            ],
            [
              121.3361406,
              13.8475388
            ],
            [
              121.3362694,
              13.8477419
            ],
            [
              121.3368702,
              13.8479763
            ],
            [
              121.3372725,
              13.8479607
            ],
            [
              121.3376373,
              13.8479294
            ],
            [
              121.3387853,
              13.848268
            ],
            [
              121.3389999,
              13.848294
            ],
            [
              121.3392949,
              13.8482367
            ],
            [
              121.3396949,
              13.8479822
            ],
            [
              121.3399816,
              13.847643
            ],
            [
              121.3401425,
              13.8475023
            ],
            [
              121.3404483,
              13.847419
            ],
            [
              121.3408184,
              13.8475284
            ],
            [
              121.3410491,
              13.8476586
            ],
            [
              121.3412207,
              13.8477055
            ],
            [
              121.3414192,
              13.847695
            ],
            [
              121.3418698,
              13.8475179
            ],
            [
              121.3424653,
              13.8472471
            ]
          ]
        ]
      },
      "id": "relation/11259956"
    },
    {
      "type": "Feature",
      "properties": {
        "@id": "relation/13153071",
        "admin_level": "10",
        "boundary": "administrative",
        "name": "Poblacion E",
        "type": "boundary"
      },
      "geometry": {
        "type": "Polygon",
        "coordinates": [
          [
            [
              121.2040434,
              13.8396749
            ],
            [
              121.2055573,
              13.8399062
            ],
            [
              121.2064394,
              13.840034
            ],
            [
              121.2079396,
              13.8402388
            ],
            [
              121.2079525,
              13.8402585
            ],
            [
              121.2079733,
              13.8402774
            ],
            [
              121.2079958,
              13.8402985
            ],
            [
              121.2080367,
              13.8403369
            ],
            [
              121.2082462,
              13.8405332
            ],
            [
              121.208261,
              13.8405606
            ],
            [
              121.2082636,
              13.840597
            ],
            [
              121.2082556,
              13.8406257
            ],
            [
              121.2082435,
              13.8406504
            ],
            [
              121.2079981,
              13.8411947
            ],
            [
              121.2079874,
              13.8412755
            ],
            [
              121.2080021,
              13.8413458
            ],
            [
              121.2082717,
              13.8418849
            ],
            [
              121.2082777,
              13.8419298
            ],
            [
              121.2082742,
              13.8419691
            ],
            [
              121.2082651,
              13.8420326
            ],
            [
              121.2082521,
              13.8421242
            ],
            [
              121.2082435,
              13.8421844
            ],
            [
              121.2082462,
              13.8422365
            ],
            [
              121.208277,
              13.8422938
            ],
            [
              121.2084337,
              13.8425538
            ],
            [
              121.2064384,
              13.8424862
            ],
            [
              121.2062791,
              13.8436505
            ],
            [
              121.2055938,
              13.8435176
            ],
            [
              121.2046507,
              13.8433666
            ],
            [
              121.2044428,
              13.8433307
            ],
            [
              121.2039414,
              13.8432423
            ],
            [
              121.2034665,
              13.843161
            ],
            [
              121.2028477,
              13.8430682
            ],
            [
              121.2014106,
              13.8428875
            ],
            [
              121.2014189,
              13.8424262
            ],
            [
              121.2017533,
              13.8397798
            ],
            [
              121.2033809,
              13.84003
            ],
            [
              121.2038454,
              13.8401077
            ],
            [
              121.2038997,
              13.8397454
            ],
            [
              121.2039526,
              13.8396872
            ],
            [
              121.2040434,
              13.8396749
            ]
          ]
        ]
      },
      "id": "relation/13153071"
    },
    {
      "type": "Feature",
      "properties": {
        "@id": "relation/13153072",
        "admin_level": "10",
        "boundary": "administrative",
        "name": "Poblacion D",
        "type": "boundary"
      },
      "geometry": {
        "type": "Polygon",
        "coordinates": [
          [
            [
              121.2014106,
              13.8428875
            ],
            [
              121.2028477,
              13.8430682
            ],
            [
              121.2034665,
              13.843161
            ],
            [
              121.2039414,
              13.8432423
            ],
            [
              121.2044428,
              13.8433307
            ],
            [
              121.2046507,
              13.8433666
            ],
            [
              121.2055938,
              13.8435176
            ],
            [
              121.2054198,
              13.8444215
            ],
            [
              121.2053359,
              13.8449023
            ],
            [
              121.2052629,
              13.8452512
            ],
            [
              121.2042095,
              13.8450746
            ],
            [
              121.2040771,
              13.8450556
            ],
            [
              121.2034459,
              13.8449534
            ],
            [
              121.2027372,
              13.8448472
            ],
            [
              121.202525,
              13.8448186
            ],
            [
              121.2024051,
              13.8447974
            ],
            [
              121.2013347,
              13.8446222
            ],
            [
              121.2011319,
              13.8445905
            ],
            [
              121.2012903,
              13.8437189
            ],
            [
              121.2014106,
              13.8428875
            ]
          ]
        ]
      },
      "id": "relation/13153072"
    },
    {
      "type": "Feature",
      "properties": {
        "@id": "relation/13153073",
        "admin_level": "10",
        "boundary": "administrative",
        "name": "Poblacion C",
        "type": "boundary"
      },
      "geometry": {
        "type": "Polygon",
        "coordinates": [
          [
            [
              121.2044941,
              13.8487678
            ],
            [
              121.2031037,
              13.8487678
            ],
            [
              121.2006148,
              13.848385
            ],
            [
              121.2005314,
              13.8483722
            ],
            [
              121.2006783,
              13.8477289
            ],
            [
              121.2006837,
              13.8475909
            ],
            [
              121.2006676,
              13.8474971
            ],
            [
              121.200622,
              13.8473981
            ],
            [
              121.2011319,
              13.8445905
            ],
            [
              121.2013347,
              13.8446222
            ],
            [
              121.2024051,
              13.8447974
            ],
            [
              121.202525,
              13.8448186
            ],
            [
              121.2027372,
              13.8448472
            ],
            [
              121.2034459,
              13.8449534
            ],
            [
              121.2040771,
              13.8450556
            ],
            [
              121.2042095,
              13.8450746
            ],
            [
              121.2052629,
              13.8452512
            ],
            [
              121.2050989,
              13.8460336
            ],
            [
              121.2048382,
              13.8470362
            ],
            [
              121.2046307,
              13.8480446
            ],
            [
              121.2045648,
              13.8483696
            ],
            [
              121.2044941,
              13.8487678
            ]
          ]
        ]
      },
      "id": "relation/13153073"
    },
    {
      "type": "Feature",
      "properties": {
        "@id": "relation/13153074",
        "admin_level": "10",
        "boundary": "administrative",
        "name": "Poblacion A",
        "type": "boundary"
      },
      "geometry": {
        "type": "Polygon",
        "coordinates": [
          [
            [
              121.2072109,
              13.8465218
            ],
            [
              121.2072011,
              13.8464536
            ],
            [
              121.2071854,
              13.8463447
            ],
            [
              121.2071706,
              13.8463161
            ],
            [
              121.2071384,
              13.8462835
            ],
            [
              121.2070419,
              13.8462275
            ],
            [
              121.2070017,
              13.8462002
            ],
            [
              121.2069856,
              13.8461689
            ],
            [
              121.2069869,
              13.8461338
            ],
            [
              121.2070162,
              13.8461068
            ],
            [
              121.2071153,
              13.8461077
            ],
            [
              121.2071512,
              13.8461064
            ],
            [
              121.2071706,
              13.8460856
            ],
            [
              121.2072741,
              13.8459014
            ],
            [
              121.2072968,
              13.8458731
            ],
            [
              121.2073389,
              13.8458625
            ],
            [
              121.2074356,
              13.8458763
            ],
            [
              121.2074853,
              13.8458818
            ],
            [
              121.2075479,
              13.8458719
            ],
            [
              121.2077047,
              13.8458318
            ],
            [
              121.2077611,
              13.8458148
            ],
            [
              121.207815,
              13.8458107
            ],
            [
              121.2079096,
              13.8458218
            ],
            [
              121.2080052,
              13.8458312
            ],
            [
              121.2081162,
              13.8458229
            ],
            [
              121.2082646,
              13.8457376
            ],
            [
              121.2082703,
              13.845734
            ],
            [
              121.2082764,
              13.8457262
            ],
            [
              121.2083019,
              13.8456585
            ],
            [
              121.2083287,
              13.8455953
            ],
            [
              121.2083582,
              13.8455348
            ],
            [
              121.2085024,
              13.8453538
            ],
            [
              121.2085211,
              13.8452718
            ],
            [
              121.2085077,
              13.8452093
            ],
            [
              121.2083998,
              13.8450979
            ],
            [
              121.208379,
              13.8450823
            ],
            [
              121.2083669,
              13.8450517
            ],
            [
              121.2083696,
              13.8449912
            ],
            [
              121.2083689,
              13.8449768
            ],
            [
              121.2083642,
              13.8449619
            ],
            [
              121.2083518,
              13.8449176
            ],
            [
              121.2083501,
              13.8448753
            ],
            [
              121.2083669,
              13.8448349
            ],
            [
              121.2084863,
              13.8447092
            ],
            [
              121.208505,
              13.8446845
            ],
            [
              121.2085104,
              13.8446376
            ],
            [
              121.2084889,
              13.8445517
            ],
            [
              121.2084863,
              13.8445087
            ],
            [
              121.208497,
              13.8444592
            ],
            [
              121.2085721,
              13.8442756
            ],
            [
              121.2086016,
              13.8441819
            ],
            [
              121.2086123,
              13.844109
            ],
            [
              121.2086096,
              13.8440152
            ],
            [
              121.2085667,
              13.8439345
            ],
            [
              121.2082636,
              13.843635
            ],
            [
              121.2082288,
              13.8435699
            ],
            [
              121.2082368,
              13.8434865
            ],
            [
              121.2084393,
              13.8428328
            ],
            [
              121.2084554,
              13.8427677
            ],
            [
              121.2084581,
              13.8426974
            ],
            [
              121.2084514,
              13.8426102
            ],
            [
              121.2084337,
              13.8425538
            ],
            [
              121.208277,
              13.8422938
            ],
            [
              121.2082462,
              13.8422365
            ],
            [
              121.2082435,
              13.8421844
            ],
            [
              121.2082521,
              13.8421242
            ],
            [
              121.2082651,
              13.8420326
            ],
            [
              121.2082742,
              13.8419691
            ],
            [
              121.2096462,
              13.8420858
            ],
            [
              121.2112268,
              13.8422199
            ],
            [
              121.2113825,
              13.8424781
            ],
            [
              121.2115681,
              13.8427345
            ],
            [
              121.2117291,
              13.842879
            ],
            [
              121.2118589,
              13.8431762
            ],
            [
              121.2120169,
              13.843432
            ],
            [
              121.2121943,
              13.8437963
            ],
            [
              121.2122761,
              13.8440016
            ],
            [
              121.2123599,
              13.8444882
            ],
            [
              121.2125968,
              13.8450217
            ],
            [
              121.2125968,
              13.8453463
            ],
            [
              121.212523,
              13.8459337
            ],
            [
              121.2125136,
              13.8461364
            ],
            [
              121.2125646,
              13.8469138
            ],
            [
              121.2126343,
              13.8470856
            ],
            [
              121.2126115,
              13.847238
            ],
            [
              121.2125847,
              13.8473942
            ],
            [
              121.2126195,
              13.8474919
            ],
            [
              121.2127644,
              13.8476377
            ],
            [
              121.2128006,
              13.8476859
            ],
            [
              121.2128368,
              13.847824
            ],
            [
              121.2100363,
              13.8481098
            ],
            [
              121.207121,
              13.8485145
            ],
            [
              121.2071211,
              13.8473774
            ],
            [
              121.2073919,
              13.8473539
            ],
            [
              121.2074456,
              13.8473057
            ],
            [
              121.207459,
              13.8472315
            ],
            [
              121.2074482,
              13.847169
            ],
            [
              121.2074026,
              13.8471195
            ],
            [
              121.2070499,
              13.8470478
            ],
            [
              121.2069702,
              13.8470019
            ],
            [
              121.206927,
              13.8469265
            ],
            [
              121.2069663,
              13.8468506
            ],
            [
              121.2070459,
              13.8468011
            ],
            [
              121.2072793,
              13.8467705
            ],
            [
              121.2073155,
              13.8467679
            ],
            [
              121.2073356,
              13.8467497
            ],
            [
              121.2073369,
              13.8467171
            ],
            [
              121.2073155,
              13.8466755
            ],
            [
              121.2072511,
              13.8466065
            ],
            [
              121.207227,
              13.84657
            ],
            [
              121.2072109,
              13.8465218
            ]
          ]
        ]
      },
      "id": "relation/13153074"
    },
    {
      "type": "Feature",
      "properties": {
        "@id": "relation/13153075",
        "admin_level": "10",
        "boundary": "administrative",
        "name": "Poblacion B",
        "type": "boundary"
      },
      "geometry": {
        "type": "Polygon",
        "coordinates": [
          [
            [
              121.2084337,
              13.8425538
            ],
            [
              121.2084514,
              13.8426102
            ],
            [
              121.2084581,
              13.8426974
            ],
            [
              121.2084554,
              13.8427677
            ],
            [
              121.2084393,
              13.8428328
            ],
            [
              121.2082368,
              13.8434865
            ],
            [
              121.2082288,
              13.8435699
            ],
            [
              121.2082636,
              13.843635
            ],
            [
              121.2085667,
              13.8439345
            ],
            [
              121.2086096,
              13.8440152
            ],
            [
              121.2086123,
              13.844109
            ],
            [
              121.2086016,
              13.8441819
            ],
            [
              121.2085721,
              13.8442756
            ],
            [
              121.208497,
              13.8444592
            ],
            [
              121.2084863,
              13.8445087
            ],
            [
              121.2084889,
              13.8445517
            ],
            [
              121.2085104,
              13.8446376
            ],
            [
              121.208505,
              13.8446845
            ],
            [
              121.2084863,
              13.8447092
            ],
            [
              121.2083669,
              13.8448349
            ],
            [
              121.2083501,
              13.8448753
            ],
            [
              121.2083518,
              13.8449176
            ],
            [
              121.2083642,
              13.8449619
            ],
            [
              121.2083689,
              13.8449768
            ],
            [
              121.2083696,
              13.8449912
            ],
            [
              121.2083669,
              13.8450517
            ],
            [
              121.208379,
              13.8450823
            ],
            [
              121.2083998,
              13.8450979
            ],
            [
              121.2085077,
              13.8452093
            ],
            [
              121.2085211,
              13.8452718
            ],
            [
              121.2085024,
              13.8453538
            ],
            [
              121.2083582,
              13.8455348
            ],
            [
              121.2083287,
              13.8455953
            ],
            [
              121.2083019,
              13.8456585
            ],
            [
              121.2082764,
              13.8457262
            ],
            [
              121.2082703,
              13.845734
            ],
            [
              121.2082646,
              13.8457376
            ],
            [
              121.2081162,
              13.8458229
            ],
            [
              121.2080052,
              13.8458312
            ],
            [
              121.2079096,
              13.8458218
            ],
            [
              121.207815,
              13.8458107
            ],
            [
              121.2077611,
              13.8458148
            ],
            [
              121.2077047,
              13.8458318
            ],
            [
              121.2075479,
              13.8458719
            ],
            [
              121.2074853,
              13.8458818
            ],
            [
              121.2074356,
              13.8458763
            ],
            [
              121.2073389,
              13.8458625
            ],
            [
              121.2072968,
              13.8458731
            ],
            [
              121.2072741,
              13.8459014
            ],
            [
              121.2071706,
              13.8460856
            ],
            [
              121.2071512,
              13.8461064
            ],
            [
              121.2071153,
              13.8461077
            ],
            [
              121.2070162,
              13.8461068
            ],
            [
              121.2069869,
              13.8461338
            ],
            [
              121.2069856,
              13.8461689
            ],
            [
              121.2070017,
              13.8462002
            ],
            [
              121.2070419,
              13.8462275
            ],
            [
              121.2071384,
              13.8462835
            ],
            [
              121.2071706,
              13.8463161
            ],
            [
              121.2071854,
              13.8463447
            ],
            [
              121.2072011,
              13.8464536
            ],
            [
              121.2072109,
              13.8465218
            ],
            [
              121.207227,
              13.84657
            ],
            [
              121.2072511,
              13.8466065
            ],
            [
              121.2073155,
              13.8466755
            ],
            [
              121.2073369,
              13.8467171
            ],
            [
              121.2073356,
              13.8467497
            ],
            [
              121.2073155,
              13.8467679
            ],
            [
              121.2072793,
              13.8467705
            ],
            [
              121.2070459,
              13.8468011
            ],
            [
              121.2069663,
              13.8468506
            ],
            [
              121.206927,
              13.8469265
            ],
            [
              121.2069702,
              13.8470019
            ],
            [
              121.2070499,
              13.8470478
            ],
            [
              121.2074026,
              13.8471195
            ],
            [
              121.2074482,
              13.847169
            ],
            [
              121.207459,
              13.8472315
            ],
            [
              121.2074456,
              13.8473057
            ],
            [
              121.2073919,
              13.8473539
            ],
            [
              121.2071211,
              13.8473774
            ],
            [
              121.207121,
              13.8485145
            ],
            [
              121.2046307,
              13.8480446
            ],
            [
              121.2048382,
              13.8470362
            ],
            [
              121.2050989,
              13.8460336
            ],
            [
              121.2052629,
              13.8452512
            ],
            [
              121.2053359,
              13.8449023
            ],
            [
              121.2054198,
              13.8444215
            ],
            [
              121.2055938,
              13.8435176
            ],
            [
              121.2062791,
              13.8436505
            ],
            [
              121.2064384,
              13.8424862
            ],
            [
              121.2084337,
              13.8425538
            ]
          ]
        ]
      },
      "id": "relation/13153075"
    },
    {
      "type": "Feature",
      "properties": {
        "@id": "relation/13213219",
        "admin_level": "10",
        "boundary": "administrative",
        "name": "San Roque",
        "type": "boundary"
      },
      "geometry": {
        "type": "Polygon",
        "coordinates": [
          [
            [
              121.1995813,
              13.8547212
            ],
            [
              121.1995357,
              13.8544347
            ],
            [
              121.1995062,
              13.854354
            ],
            [
              121.1994687,
              13.8542915
            ],
            [
              121.1993587,
              13.8541743
            ],
            [
              121.1993292,
              13.8541457
            ],
            [
              121.1993024,
              13.8540649
            ],
            [
              121.1991951,
              13.8534868
            ],
            [
              121.1992004,
              13.8533618
            ],
            [
              121.1992165,
              13.8532629
            ],
            [
              121.1993185,
              13.8529347
            ],
            [
              121.1993775,
              13.8527837
            ],
            [
              121.1994097,
              13.8526274
            ],
            [
              121.1994526,
              13.8522993
            ],
            [
              121.1994794,
              13.8521274
            ],
            [
              121.199533,
              13.8520076
            ],
            [
              121.1999541,
              13.8513748
            ],
            [
              121.2000132,
              13.8512576
            ],
            [
              121.2000319,
              13.8511196
            ],
            [
              121.2000105,
              13.8509712
            ],
            [
              121.1999407,
              13.8508253
            ],
            [
              121.1997449,
              13.8506326
            ],
            [
              121.1996967,
              13.8505337
            ],
            [
              121.1996672,
              13.8504165
            ],
            [
              121.1996993,
              13.8502993
            ],
            [
              121.1997798,
              13.8501925
            ],
            [
              121.1999676,
              13.8499685
            ],
            [
              121.2000641,
              13.8498019
            ],
            [
              121.2001124,
              13.8495961
            ],
            [
              121.2001687,
              13.8489164
            ],
            [
              121.2002009,
              13.8488539
            ],
            [
              121.2002385,
              13.848807
            ],
            [
              121.2003243,
              13.8487654
            ],
            [
              121.2005314,
              13.8483722
            ],
            [
              121.2006148,
              13.848385
            ],
            [
              121.2031037,
              13.8487678
            ],
            [
              121.2044941,
              13.8487678
            ],
            [
              121.2045648,
              13.8483696
            ],
            [
              121.2046307,
              13.8480446
            ],
            [
              121.207121,
              13.8485145
            ],
            [
              121.2100363,
              13.8481098
            ],
            [
              121.2128368,
              13.847824
            ],
            [
              121.2128609,
              13.8479659
            ],
            [
              121.2128435,
              13.8480284
            ],
            [
              121.2128247,
              13.8480648
            ],
            [
              121.2126343,
              13.8481898
            ],
            [
              121.2125954,
              13.8482549
            ],
            [
              121.2125806,
              13.8483279
            ],
            [
              121.2123969,
              13.850117
            ],
            [
              121.2123795,
              13.8501899
            ],
            [
              121.2123379,
              13.850268
            ],
            [
              121.2122145,
              13.8504073
            ],
            [
              121.2121703,
              13.8505089
            ],
            [
              121.2121823,
              13.850604
            ],
            [
              121.2122896,
              13.8508071
            ],
            [
              121.2123111,
              13.8509165
            ],
            [
              121.212303,
              13.8510311
            ],
            [
              121.2121046,
              13.8514881
            ],
            [
              121.2120704,
              13.8516997
            ],
            [
              121.2120818,
              13.8518501
            ],
            [
              121.2121703,
              13.8521535
            ],
            [
              121.2121716,
              13.852242
            ],
            [
              121.2121421,
              13.8523071
            ],
            [
              121.2119907,
              13.8524655
            ],
            [
              121.2119329,
              13.8525259
            ],
            [
              121.2119007,
              13.8525858
            ],
            [
              121.2119061,
              13.8526457
            ],
            [
              121.2119704,
              13.8527967
            ],
            [
              121.2119785,
              13.8528826
            ],
            [
              121.2119517,
              13.8529608
            ],
            [
              121.2114233,
              13.8535441
            ],
            [
              121.2113844,
              13.8536183
            ],
            [
              121.2113763,
              13.8537043
            ],
            [
              121.211375,
              13.8537967
            ],
            [
              121.2113535,
              13.8538436
            ],
            [
              121.2113026,
              13.8538983
            ],
            [
              121.2108895,
              13.8541535
            ],
            [
              121.2108225,
              13.854216
            ],
            [
              121.2107688,
              13.8542993
            ],
            [
              121.2106642,
              13.854591
            ],
            [
              121.2106307,
              13.8546522
            ],
            [
              121.2105864,
              13.8547069
            ],
            [
              121.2103611,
              13.8549139
            ],
            [
              121.2103209,
              13.8549816
            ],
            [
              121.2102994,
              13.8550649
            ],
            [
              121.2102699,
              13.8555259
            ],
            [
              121.2102243,
              13.8556873
            ],
            [
              121.2101573,
              13.8557967
            ],
            [
              121.2099776,
              13.855979
            ],
            [
              121.2099212,
              13.8560728
            ],
            [
              121.209873,
              13.8561899
            ],
            [
              121.2098461,
              13.8563176
            ],
            [
              121.2098542,
              13.8565129
            ],
            [
              121.2099395,
              13.8568414
            ],
            [
              121.2058346,
              13.8566328
            ],
            [
              121.2058147,
              13.8568436
            ],
            [
              121.2058148,
              13.8568937
            ],
            [
              121.2058255,
              13.8569465
            ],
            [
              121.20587,
              13.8570511
            ],
            [
              121.2056076,
              13.8571515
            ],
            [
              121.2055046,
              13.8571874
            ],
            [
              121.2053689,
              13.8572348
            ],
            [
              121.2051813,
              13.8573002
            ],
            [
              121.2050353,
              13.8573061
            ],
            [
              121.2047027,
              13.8572783
            ],
            [
              121.2045954,
              13.857286
            ],
            [
              121.2044216,
              13.8573416
            ],
            [
              121.2042253,
              13.8572578
            ],
            [
              121.2038841,
              13.8575358
            ],
            [
              121.2036939,
              13.857517
            ],
            [
              121.2019338,
              13.8573373
            ],
            [
              121.1995304,
              13.8570506
            ],
            [
              121.1994888,
              13.856979
            ],
            [
              121.1993694,
              13.856854
            ],
            [
              121.1993453,
              13.8567967
            ],
            [
              121.1993507,
              13.8567212
            ],
            [
              121.1993775,
              13.8565519
            ],
            [
              121.1993882,
              13.8564738
            ],
            [
              121.1993855,
              13.8564009
            ],
            [
              121.199356,
              13.8561613
            ],
            [
              121.1993694,
              13.8560519
            ],
            [
              121.1994204,
              13.8559504
            ],
            [
              121.1995733,
              13.8557863
            ],
            [
              121.1996242,
              13.855742
            ],
            [
              121.1996618,
              13.8556873
            ],
            [
              121.1996725,
              13.855604
            ],
            [
              121.1996698,
              13.8554998
            ],
            [
              121.1995652,
              13.8552915
            ],
            [
              121.1995491,
              13.8552134
            ],
            [
              121.1995438,
              13.855117
            ],
            [
              121.199588,
              13.8548761
            ],
            [
              121.1995921,
              13.8548123
            ],
            [
              121.1995813,
              13.8547212
            ]
          ]
        ]
      },
      "id": "relation/13213219"
    },
    {
      "type": "Feature",
      "properties": {
        "@id": "relation/13213220",
        "admin_level": "10",
        "boundary": "administrative",
        "name": "Quilib",
        "type": "boundary"
      },
      "geometry": {
        "type": "Polygon",
        "coordinates": [
          [
            [
              121.2096046,
              13.8678843
            ],
            [
              121.2099414,
              13.868202
            ],
            [
              121.2099625,
              13.8683138
            ],
            [
              121.2099749,
              13.8683797
            ],
            [
              121.2099212,
              13.8685515
            ],
            [
              121.2098622,
              13.8688849
            ],
            [
              121.2099105,
              13.8690125
            ],
            [
              121.2099145,
              13.8690489
            ],
            [
              121.2099132,
              13.869101
            ],
            [
              121.2099105,
              13.8691453
            ],
            [
              121.2098569,
              13.8693536
            ],
            [
              121.2097147,
              13.8696166
            ],
            [
              121.2096329,
              13.8699147
            ],
            [
              121.2094948,
              13.8700758
            ],
            [
              121.2093601,
              13.8700408
            ],
            [
              121.2050637,
              13.8689231
            ],
            [
              121.198363,
              13.8676591
            ],
            [
              121.1953262,
              13.8671393
            ],
            [
              121.1952298,
              13.8676214
            ],
            [
              121.1932782,
              13.8672187
            ],
            [
              121.1933398,
              13.8670907
            ],
            [
              121.1933827,
              13.8669839
            ],
            [
              121.1934283,
              13.8668537
            ],
            [
              121.1938803,
              13.8661493
            ],
            [
              121.1939004,
              13.8660699
            ],
            [
              121.1939004,
              13.8660192
            ],
            [
              121.1938897,
              13.8659736
            ],
            [
              121.1938548,
              13.8659215
            ],
            [
              121.1935517,
              13.865721
            ],
            [
              121.1935155,
              13.8656767
            ],
            [
              121.1935142,
              13.865622
            ],
            [
              121.1935249,
              13.8655712
            ],
            [
              121.1935598,
              13.8655309
            ],
            [
              121.1939862,
              13.865372
            ],
            [
              121.1940721,
              13.8653199
            ],
            [
              121.1941364,
              13.8652392
            ],
            [
              121.1942629,
              13.8649479
            ],
            [
              121.1945254,
              13.8643434
            ],
            [
              121.1946461,
              13.8642132
            ],
            [
              121.1948284,
              13.8641273
            ],
            [
              121.1954427,
              13.8639736
            ],
            [
              121.19555,
              13.8639164
            ],
            [
              121.1956331,
              13.863833
            ],
            [
              121.1956661,
              13.8637209
            ],
            [
              121.1957575,
              13.8634103
            ],
            [
              121.1957887,
              13.8633044
            ],
            [
              121.1958182,
              13.8631898
            ],
            [
              121.1958772,
              13.8630804
            ],
            [
              121.1961119,
              13.8627888
            ],
            [
              121.1961816,
              13.8627029
            ],
            [
              121.1962594,
              13.8626143
            ],
            [
              121.19647,
              13.8622966
            ],
            [
              121.1965236,
              13.8622471
            ],
            [
              121.1966014,
              13.8622133
            ],
            [
              121.1970547,
              13.8622029
            ],
            [
              121.1971459,
              13.8621846
            ],
            [
              121.1972478,
              13.8621508
            ],
            [
              121.1973283,
              13.8620909
            ],
            [
              121.19739,
              13.8620206
            ],
            [
              121.1974704,
              13.8617081
            ],
            [
              121.1975107,
              13.8616196
            ],
            [
              121.1976206,
              13.8615571
            ],
            [
              121.1978164,
              13.8614659
            ],
            [
              121.1978701,
              13.861419
            ],
            [
              121.1979023,
              13.8613565
            ],
            [
              121.1979076,
              13.8612849
            ],
            [
              121.1978915,
              13.8612107
            ],
            [
              121.1978218,
              13.8609998
            ],
            [
              121.1978084,
              13.860919
            ],
            [
              121.197803,
              13.8608409
            ],
            [
              121.197795,
              13.8605805
            ],
            [
              121.1977816,
              13.8604633
            ],
            [
              121.1977038,
              13.8603722
            ],
            [
              121.197516,
              13.8602836
            ],
            [
              121.1974195,
              13.8602211
            ],
            [
              121.1973605,
              13.860156
            ],
            [
              121.1973578,
              13.8600389
            ],
            [
              121.1974141,
              13.8599503
            ],
            [
              121.1976233,
              13.8597784
            ],
            [
              121.1977306,
              13.8597107
            ],
            [
              121.1977923,
              13.8596404
            ],
            [
              121.197921,
              13.8594633
            ],
            [
              121.1979774,
              13.859367
            ],
            [
              121.1980873,
              13.859255
            ],
            [
              121.1985674,
              13.8587837
            ],
            [
              121.1986157,
              13.8586769
            ],
            [
              121.1986399,
              13.8585779
            ],
            [
              121.1986291,
              13.8583097
            ],
            [
              121.1986506,
              13.858216
            ],
            [
              121.198715,
              13.858117
            ],
            [
              121.1994633,
              13.857229
            ],
            [
              121.1995062,
              13.8571743
            ],
            [
              121.1995304,
              13.8571118
            ],
            [
              121.1995304,
              13.8570506
            ],
            [
              121.2019338,
              13.8573373
            ],
            [
              121.2036939,
              13.857517
            ],
            [
              121.2038841,
              13.8575358
            ],
            [
              121.2042253,
              13.8572578
            ],
            [
              121.2044216,
              13.8573416
            ],
            [
              121.2045954,
              13.857286
            ],
            [
              121.2047027,
              13.8572783
            ],
            [
              121.2050353,
              13.8573061
            ],
            [
              121.2051813,
              13.8573002
            ],
            [
              121.2053689,
              13.8572348
            ],
            [
              121.2055046,
              13.8571874
            ],
            [
              121.2056076,
              13.8571515
            ],
            [
              121.20587,
              13.8570511
            ],
            [
              121.2058255,
              13.8569465
            ],
            [
              121.2058148,
              13.8568937
            ],
            [
              121.2058147,
              13.8568436
            ],
            [
              121.2058346,
              13.8566328
            ],
            [
              121.2099395,
              13.8568414
            ],
            [
              121.2101895,
              13.8578045
            ],
            [
              121.216984,
              13.858732
            ],
            [
              121.216954,
              13.8590128
            ],
            [
              121.2166321,
              13.8598305
            ],
            [
              121.2164122,
              13.8603305
            ],
            [
              121.216203,
              13.8610545
            ],
            [
              121.215806,
              13.8615753
            ],
            [
              121.2153768,
              13.8618722
            ],
            [
              121.2147009,
              13.8619346
            ],
            [
              121.2143952,
              13.8621326
            ],
            [
              121.2142986,
              13.8624555
            ],
            [
              121.2144327,
              13.8628825
            ],
            [
              121.214717,
              13.8633955
            ],
            [
              121.2147492,
              13.8637484
            ],
            [
              121.2147506,
              13.8639007
            ],
            [
              121.2147278,
              13.8639619
            ],
            [
              121.2146768,
              13.8640075
            ],
            [
              121.2144461,
              13.8640322
            ],
            [
              121.2143804,
              13.8640583
            ],
            [
              121.2143295,
              13.8640896
            ],
            [
              121.2141618,
              13.8642249
            ],
            [
              121.2141108,
              13.8642575
            ],
            [
              121.2140357,
              13.864264
            ],
            [
              121.2136388,
              13.8641742
            ],
            [
              121.2135985,
              13.8641676
            ],
            [
              121.213553,
              13.8641663
            ],
            [
              121.2134363,
              13.864208
            ],
            [
              121.2133826,
              13.8642184
            ],
            [
              121.2133276,
              13.8642158
            ],
            [
              121.2132713,
              13.8641963
            ],
            [
              121.213207,
              13.8641468
            ],
            [
              121.213152,
              13.8640322
            ],
            [
              121.2131157,
              13.8639997
            ],
            [
              121.2130809,
              13.8639828
            ],
            [
              121.2129199,
              13.8639528
            ],
            [
              121.2128435,
              13.863932
            ],
            [
              121.2127724,
              13.8638994
            ],
            [
              121.2126544,
              13.8638122
            ],
            [
              121.2125994,
              13.8637796
            ],
            [
              121.2125283,
              13.8637575
            ],
            [
              121.212464,
              13.8637575
            ],
            [
              121.2124036,
              13.8637809
            ],
            [
              121.212303,
              13.8638708
            ],
            [
              121.2122602,
              13.863902
            ],
            [
              121.2121998,
              13.8639216
            ],
            [
              121.2117653,
              13.8639515
            ],
            [
              121.2117102,
              13.8639606
            ],
            [
              121.2116432,
              13.8639802
            ],
            [
              121.2115547,
              13.8640348
            ],
            [
              121.2114783,
              13.8640791
            ],
            [
              121.2113924,
              13.8641169
            ],
            [
              121.2110491,
              13.8642601
            ],
            [
              121.2109458,
              13.8643499
            ],
            [
              121.2108815,
              13.8644332
            ],
            [
              121.2108318,
              13.8645257
            ],
            [
              121.2107956,
              13.8646741
            ],
            [
              121.2106132,
              13.8660491
            ],
            [
              121.2105864,
              13.8661246
            ],
            [
              121.2105301,
              13.8661793
            ],
            [
              121.210404,
              13.86626
            ],
            [
              121.2103584,
              13.8662913
            ],
            [
              121.2103209,
              13.8663251
            ],
            [
              121.2101948,
              13.866523
            ],
            [
              121.2101485,
              13.866575
            ],
            [
              121.2100929,
              13.8666272
            ],
            [
              121.2097737,
              13.8668616
            ],
            [
              121.2096919,
              13.8669318
            ],
            [
              121.2096289,
              13.8670204
            ],
            [
              121.2095927,
              13.8671167
            ],
            [
              121.2095779,
              13.8672209
            ],
            [
              121.2095457,
              13.867687
            ],
            [
              121.2095699,
              13.867838
            ],
            [
              121.2096046,
              13.8678843
            ]
          ]
        ]
      },
      "id": "relation/13213220"
    },
    {
      "type": "Feature",
      "properties": {
        "@id": "relation/19060461",
        "admin_level": "10",
        "border_type": "barangay",
        "boundary": "administrative",
        "name": "Tejeros Convention",
        "name:etymology:wikidata": "Q13565027",
        "old_ref": "042117010",
        "population": "19146",
        "population:date": "2024-07-01",
        "ref": "0402117010",
        "type": "boundary",
        "wikidata": "Q134281696"
      },
      "geometry": {
        "type": "Polygon",
        "coordinates": [
          [
            [
              120.879221,
              14.4175074
            ],
            [
              120.8785991,
              14.4175012
            ],
            [
              120.8785887,
              14.4176125
            ],
            [
              120.8787293,
              14.4183129
            ],
            [
              120.8789002,
              14.4190833
            ],
            [
              120.8772267,
              14.4192685
            ],
            [
              120.8772392,
              14.4194769
            ],
            [
              120.8772484,
              14.4198214
            ],
            [
              120.8771275,
              14.4203416
            ],
            [
              120.8768905,
              14.4210389
            ],
            [
              120.8767641,
              14.4214107
            ],
            [
              120.8766366,
              14.4218309
            ],
            [
              120.8765635,
              14.4221063
            ],
            [
              120.8765395,
              14.4222626
            ],
            [
              120.8754225,
              14.4217796
            ],
            [
              120.8751741,
              14.4216468
            ],
            [
              120.8750635,
              14.4219061
            ],
            [
              120.8732504,
              14.4211008
            ],
            [
              120.8705754,
              14.4199075
            ],
            [
              120.8705022,
              14.4198756
            ],
            [
              120.8703969,
              14.4198271
            ],
            [
              120.8688518,
              14.4191366
            ],
            [
              120.8683507,
              14.4189242
            ],
            [
              120.8680049,
              14.4187776
            ],
            [
              120.8677779,
              14.4186689
            ],
            [
              120.8671114,
              14.4183588
            ],
            [
              120.8664401,
              14.4180601
            ],
            [
              120.865096,
              14.4174911
            ],
            [
              120.864862,
              14.4173889
            ],
            [
              120.8631943,
              14.4166126
            ],
            [
              120.8630369,
              14.4165394
            ],
            [
              120.861584,
              14.4159109
            ],
            [
              120.8571478,
              14.4139366
            ],
            [
              120.8569787,
              14.4139925
            ],
            [
              120.8564571,
              14.4137613
            ],
            [
              120.8561419,
              14.4135781
            ],
            [
              120.8558442,
              14.4133417
            ],
            [
              120.8556993,
              14.4132131
            ],
            [
              120.8554405,
              14.4129391
            ],
            [
              120.8552554,
              14.412704
            ],
            [
              120.8551307,
              14.4125117
            ],
            [
              120.8550905,
              14.4124377
            ],
            [
              120.8548814,
              14.412727
            ],
            [
              120.8544907,
              14.4132615
            ],
            [
              120.8542791,
              14.41313
            ],
            [
              120.854094,
              14.4129533
            ],
            [
              120.8535871,
              14.4126442
            ],
            [
              120.8528414,
              14.4121974
            ],
            [
              120.8520824,
              14.4129248
            ],
            [
              120.8515701,
              14.4126598
            ],
            [
              120.8512026,
              14.4125793
            ],
            [
              120.85098,
              14.4126676
            ],
            [
              120.8509532,
              14.4130573
            ],
            [
              120.8503998,
              14.4130687
            ],
            [
              120.8502101,
              14.4134912
            ],
            [
              120.8500217,
              14.4134216
            ],
            [
              120.8500452,
              14.4131034
            ],
            [
              120.8498588,
              14.4130365
            ],
            [
              120.849777,
              14.4131157
            ],
            [
              120.849659,
              14.4130767
            ],
            [
              120.8495007,
              14.4129274
            ],
            [
              120.8490407,
              14.4123636
            ],
            [
              120.8488418,
              14.4123041
            ],
            [
              120.8489764,
              14.4118429
            ],
            [
              120.8490022,
              14.4117574
            ],
            [
              120.8490568,
              14.4115304
            ],
            [
              120.8490773,
              14.4108913
            ],
            [
              120.8491514,
              14.4097749
            ],
            [
              120.8493669,
              14.409792
            ],
            [
              120.8505358,
              14.4098694
            ],
            [
              120.8508781,
              14.4096463
            ],
            [
              120.8512185,
              14.4087875
            ],
            [
              120.8513075,
              14.408654
            ],
            [
              120.8515996,
              14.4082773
            ],
            [
              120.85155,
              14.4082248
            ],
            [
              120.8517431,
              14.4079551
            ],
            [
              120.8522072,
              14.4066258
            ],
            [
              120.8525006,
              14.4064877
            ],
            [
              120.8530533,
              14.4062679
            ],
            [
              120.8534127,
              14.4064594
            ],
            [
              120.853563,
              14.4063568
            ],
            [
              120.8537735,
              14.4066023
            ],
            [
              120.8538302,
              14.406564
            ],
            [
              120.8541418,
              14.406344
            ],
            [
              120.8542,
              14.4063055
            ],
            [
              120.8532994,
              14.4053728
            ],
            [
              120.853221,
              14.4052813
            ],
            [
              120.8530152,
              14.4050353
            ],
            [
              120.8533352,
              14.404883
            ],
            [
              120.8537222,
              14.4046337
            ],
            [
              120.8540129,
              14.4043475
            ],
            [
              120.8542033,
              14.404036
            ],
            [
              120.854332,
              14.4036826
            ],
            [
              120.8545252,
              14.4030384
            ],
            [
              120.8547612,
              14.4025603
            ],
            [
              120.8549382,
              14.4022018
            ],
            [
              120.8551166,
              14.4020252
            ],
            [
              120.8553727,
              14.4019135
            ],
            [
              120.8557067,
              14.4018706
            ],
            [
              120.8558898,
              14.4018715
            ],
            [
              120.8560728,
              14.4019447
            ],
            [
              120.8564483,
              14.4022226
            ],
            [
              120.856907,
              14.402498
            ],
            [
              120.8571227,
              14.4025568
            ],
            [
              120.8574038,
              14.4025522
            ],
            [
              120.8576128,
              14.4025125
            ],
            [
              120.8579152,
              14.4024094
            ],
            [
              120.8581773,
              14.4022724
            ],
            [
              120.8584607,
              14.4020685
            ],
            [
              120.8586321,
              14.4019414
            ],
            [
              120.8587911,
              14.4017803
            ],
            [
              120.8589665,
              14.4016315
            ],
            [
              120.8591061,
              14.4015001
            ],
            [
              120.8593502,
              14.4012461
            ],
            [
              120.8595463,
              14.4010224
            ],
            [
              120.8597256,
              14.4007788
            ],
            [
              120.8598417,
              14.4005449
            ],
            [
              120.8603888,
              14.4007069
            ],
            [
              120.8612762,
              14.4010378
            ],
            [
              120.8613412,
              14.4010613
            ],
            [
              120.8615626,
              14.4011293
            ],
            [
              120.8615407,
              14.4012126
            ],
            [
              120.862064,
              14.401377
            ],
            [
              120.8625334,
              14.4014887
            ],
            [
              120.8632714,
              14.4016778
            ],
            [
              120.8641894,
              14.4019295
            ],
            [
              120.8646789,
              14.4020378
            ],
            [
              120.8651179,
              14.4004784
            ],
            [
              120.8659415,
              14.4007273
            ],
            [
              120.8667622,
              14.4008771
            ],
            [
              120.866798,
              14.400882
            ],
            [
              120.8668159,
              14.4008847
            ],
            [
              120.8671655,
              14.4009318
            ],
            [
              120.8675832,
              14.4010061
            ],
            [
              120.8672993,
              14.4019191
            ],
            [
              120.8672923,
              14.4020562
            ],
            [
              120.8671807,
              14.4025121
            ],
            [
              120.8671228,
              14.4027735
            ],
            [
              120.8669441,
              14.4035022
            ],
            [
              120.8668263,
              14.4041117
            ],
            [
              120.8671268,
              14.4042629
            ],
            [
              120.8673763,
              14.4038729
            ],
            [
              120.8683106,
              14.4044653
            ],
            [
              120.8682496,
              14.4045508
            ],
            [
              120.8690978,
              14.4050996
            ],
            [
              120.8700839,
              14.4036753
            ],
            [
              120.8705547,
              14.404009
            ],
            [
              120.8701169,
              14.4046389
            ],
            [
              120.8709381,
              14.4047252
            ],
            [
              120.8708161,
              14.4057468
            ],
            [
              120.8708879,
              14.4057527
            ],
            [
              120.8711816,
              14.4057798
            ],
            [
              120.8721024,
              14.4058691
            ],
            [
              120.8720058,
              14.4068329
            ],
            [
              120.8720756,
              14.4068394
            ],
            [
              120.8719607,
              14.407848
            ],
            [
              120.8719822,
              14.40785
            ],
            [
              120.873034,
              14.4079574
            ],
            [
              120.872964,
              14.408616
            ],
            [
              120.8739765,
              14.4087188
            ],
            [
              120.8741889,
              14.4068966
            ],
            [
              120.875707,
              14.4070544
            ],
            [
              120.8754152,
              14.4076082
            ],
            [
              120.8754633,
              14.4080536
            ],
            [
              120.8756417,
              14.4094499
            ],
            [
              120.8753686,
              14.4102986
            ],
            [
              120.8754255,
              14.4104749
            ],
            [
              120.8754615,
              14.4107578
            ],
            [
              120.8752889,
              14.4118379
            ],
            [
              120.8747958,
              14.4124
            ],
            [
              120.8745083,
              14.4147107
            ],
            [
              120.8745085,
              14.4147826
            ],
            [
              120.8757611,
              14.4148685
            ],
            [
              120.8759218,
              14.4136186
            ],
            [
              120.876851,
              14.4135779
            ],
            [
              120.876873,
              14.4138499
            ],
            [
              120.8778487,
              14.4138049
            ],
            [
              120.8776917,
              14.415156
            ],
            [
              120.8776677,
              14.4153625
            ],
            [
              120.8793229,
              14.4154057
            ],
            [
              120.879221,
              14.4175074
            ]
          ]
        ]
      },
      "id": "relation/19060461"
    },
    {
      "type": "Feature",
      "properties": {
        "@id": "relation/19062445",
        "admin_level": "10",
        "alt_name": "Ligtong Ⅱ;Ligtong 2",
        "border_type": "barangay",
        "boundary": "administrative",
        "name": "Ligtong II",
        "old_ref": "042117006",
        "population": "2346",
        "population:date": "2024-07-01",
        "ref": "0402117006",
        "type": "boundary",
        "wikidata": "Q134281692"
      },
      "geometry": {
        "type": "Polygon",
        "coordinates": [
          [
            [
              120.8726207,
              14.4293789
            ],
            [
              120.8724935,
              14.4294648
            ],
            [
              120.8721584,
              14.4295834
            ],
            [
              120.8710979,
              14.4292422
            ],
            [
              120.8711354,
              14.4288526
            ],
            [
              120.871069,
              14.4284431
            ],
            [
              120.8711059,
              14.4283239
            ],
            [
              120.871065,
              14.4282252
            ],
            [
              120.8710152,
              14.4282112
            ],
            [
              120.8710691,
              14.4280668
            ],
            [
              120.8710838,
              14.4280018
            ],
            [
              120.8712434,
              14.4275733
            ],
            [
              120.8708639,
              14.427465
            ],
            [
              120.8707636,
              14.4274294
            ],
            [
              120.8707037,
              14.4276115
            ],
            [
              120.8706113,
              14.4275673
            ],
            [
              120.8705172,
              14.4274486
            ],
            [
              120.8704202,
              14.427161
            ],
            [
              120.8703836,
              14.4271091
            ],
            [
              120.8703008,
              14.4271773
            ],
            [
              120.8701846,
              14.4268797
            ],
            [
              120.8701041,
              14.4266784
            ],
            [
              120.8699553,
              14.4265589
            ],
            [
              120.8697782,
              14.4263653
            ],
            [
              120.8696991,
              14.4263303
            ],
            [
              120.8698141,
              14.4259968
            ],
            [
              120.8697393,
              14.4258235
            ],
            [
              120.8697783,
              14.4258009
            ],
            [
              120.8698229,
              14.425754
            ],
            [
              120.8698506,
              14.4256845
            ],
            [
              120.8698745,
              14.4255645
            ],
            [
              120.8699294,
              14.4253355
            ],
            [
              120.869986,
              14.4252618
            ],
            [
              120.8700479,
              14.4252125
            ],
            [
              120.870134,
              14.4251709
            ],
            [
              120.8702481,
              14.4251391
            ],
            [
              120.8703759,
              14.4251141
            ],
            [
              120.870446,
              14.4250974
            ],
            [
              120.8705047,
              14.4250478
            ],
            [
              120.8705376,
              14.4249895
            ],
            [
              120.8705503,
              14.4249018
            ],
            [
              120.8705497,
              14.4248168
            ],
            [
              120.8705323,
              14.4247153
            ],
            [
              120.8705061,
              14.4246616
            ],
            [
              120.8703829,
              14.4244997
            ],
            [
              120.8702819,
              14.424347
            ],
            [
              120.8701766,
              14.4241721
            ],
            [
              120.8701105,
              14.4240476
            ],
            [
              120.8701911,
              14.4240347
            ],
            [
              120.8703227,
              14.4240301
            ],
            [
              120.8703985,
              14.424034
            ],
            [
              120.8704753,
              14.4240426
            ],
            [
              120.8705062,
              14.4240498
            ],
            [
              120.8708254,
              14.4241125
            ],
            [
              120.8711439,
              14.4242111
            ],
            [
              120.8712176,
              14.4242339
            ],
            [
              120.8713414,
              14.4242973
            ],
            [
              120.8714822,
              14.4243703
            ],
            [
              120.8715743,
              14.424418
            ],
            [
              120.871669,
              14.4244791
            ],
            [
              120.872043,
              14.4247203
            ],
            [
              120.8726113,
              14.4250884
            ],
            [
              120.8728688,
              14.4252579
            ],
            [
              120.8728948,
              14.4252732
            ],
            [
              120.8729057,
              14.4252799
            ],
            [
              120.8729939,
              14.4253375
            ],
            [
              120.8729765,
              14.4253718
            ],
            [
              120.8728563,
              14.425609
            ],
            [
              120.872881,
              14.4256284
            ],
            [
              120.8726963,
              14.4259669
            ],
            [
              120.8724309,
              14.4261394
            ],
            [
              120.8722378,
              14.4262536
            ],
            [
              120.8723049,
              14.4263441
            ],
            [
              120.8722358,
              14.4263973
            ],
            [
              120.8721687,
              14.4264367
            ],
            [
              120.8720875,
              14.4264636
            ],
            [
              120.8722471,
              14.4269569
            ],
            [
              120.8724326,
              14.427646
            ],
            [
              120.8726261,
              14.4277525
            ],
            [
              120.8727551,
              14.4281456
            ],
            [
              120.8730054,
              14.4284762
            ],
            [
              120.873123,
              14.4287297
            ],
            [
              120.8733616,
              14.4288833
            ],
            [
              120.8733563,
              14.4289574
            ],
            [
              120.8733961,
              14.4290088
            ],
            [
              120.8734834,
              14.4290805
            ],
            [
              120.8735934,
              14.4291135
            ],
            [
              120.873821,
              14.4291889
            ],
            [
              120.8739632,
              14.4292789
            ],
            [
              120.8740068,
              14.4293836
            ],
            [
              120.8739917,
              14.4295158
            ],
            [
              120.8739063,
              14.4296976
            ],
            [
              120.8738456,
              14.4298078
            ],
            [
              120.8737811,
              14.4298115
            ],
            [
              120.8736617,
              14.4297858
            ],
            [
              120.8734966,
              14.4296609
            ],
            [
              120.8732008,
              14.4295268
            ],
            [
              120.8726207,
              14.4293789
            ]
          ]
        ]
      },
      "id": "relation/19062445"
    },
    {
      "type": "Feature",
      "properties": {
        "@id": "relation/19062446",
        "admin_level": "10",
        "alt_name": "Ligtong Ⅲ;Ligtong 3",
        "border_type": "barangay",
        "boundary": "administrative",
        "name": "Ligtong III",
        "old_ref": "042117012",
        "population": "6467",
        "population:date": "2024-07-01",
        "ref": "0402117012",
        "type": "boundary",
        "wikidata": "Q134281698"
      },
      "geometry": {
        "type": "Polygon",
        "coordinates": [
          [
            [
              120.8729344,
              14.4252471
            ],
            [
              120.8729057,
              14.4252799
            ],
            [
              120.8728948,
              14.4252732
            ],
            [
              120.8728688,
              14.4252579
            ],
            [
              120.8726113,
              14.4250884
            ],
            [
              120.872043,
              14.4247203
            ],
            [
              120.871669,
              14.4244791
            ],
            [
              120.8715743,
              14.424418
            ],
            [
              120.8714822,
              14.4243703
            ],
            [
              120.8713414,
              14.4242973
            ],
            [
              120.8712176,
              14.4242339
            ],
            [
              120.8711439,
              14.4242111
            ],
            [
              120.8708254,
              14.4241125
            ],
            [
              120.8705062,
              14.4240498
            ],
            [
              120.8704753,
              14.4240426
            ],
            [
              120.8703985,
              14.424034
            ],
            [
              120.8703227,
              14.4240301
            ],
            [
              120.8701911,
              14.4240347
            ],
            [
              120.8701105,
              14.4240476
            ],
            [
              120.8700565,
              14.4239407
            ],
            [
              120.8698695,
              14.4235576
            ],
            [
              120.8698024,
              14.4233456
            ],
            [
              120.8697443,
              14.4230735
            ],
            [
              120.8697302,
              14.4229455
            ],
            [
              120.8697394,
              14.4228364
            ],
            [
              120.8697844,
              14.4226249
            ],
            [
              120.8697957,
              14.4225026
            ],
            [
              120.8697777,
              14.4223875
            ],
            [
              120.8696897,
              14.422261
            ],
            [
              120.8696117,
              14.4222
            ],
            [
              120.8694698,
              14.4221045
            ],
            [
              120.8694001,
              14.4220272
            ],
            [
              120.8692996,
              14.4218732
            ],
            [
              120.8691747,
              14.4217116
            ],
            [
              120.8690871,
              14.4215496
            ],
            [
              120.8690621,
              14.4214817
            ],
            [
              120.8690677,
              14.4214139
            ],
            [
              120.8691153,
              14.4213591
            ],
            [
              120.8691815,
              14.4213129
            ],
            [
              120.8693062,
              14.4212583
            ],
            [
              120.8696066,
              14.421122
            ],
            [
              120.8697693,
              14.4210512
            ],
            [
              120.869857,
              14.420977
            ],
            [
              120.8702145,
              14.4206749
            ],
            [
              120.8704059,
              14.4205089
            ],
            [
              120.8705286,
              14.4203355
            ],
            [
              120.8705527,
              14.4202751
            ],
            [
              120.8705552,
              14.4202124
            ],
            [
              120.8705323,
              14.4201189
            ],
            [
              120.8705169,
              14.4200449
            ],
            [
              120.8705091,
              14.4199725
            ],
            [
              120.8705022,
              14.4198756
            ],
            [
              120.8705754,
              14.4199075
            ],
            [
              120.8732504,
              14.4211008
            ],
            [
              120.8750635,
              14.4219061
            ],
            [
              120.8749672,
              14.422132
            ],
            [
              120.8747714,
              14.4225483
            ],
            [
              120.8744881,
              14.4230448
            ],
            [
              120.8745451,
              14.4230671
            ],
            [
              120.8743419,
              14.4234665
            ],
            [
              120.8741304,
              14.4238671
            ],
            [
              120.873977,
              14.4242014
            ],
            [
              120.8739457,
              14.4242964
            ],
            [
              120.8738411,
              14.4242836
            ],
            [
              120.8738207,
              14.4244474
            ],
            [
              120.8737517,
              14.4244286
            ],
            [
              120.8736966,
              14.4244832
            ],
            [
              120.8734417,
              14.4247848
            ],
            [
              120.8733338,
              14.4248911
            ],
            [
              120.8732263,
              14.4249859
            ],
            [
              120.8730647,
              14.4251138
            ],
            [
              120.8729344,
              14.4252471
            ]
          ]
        ]
      },
      "id": "relation/19062446"
    },
    {
      "type": "Feature",
      "properties": {
        "@id": "relation/19065392",
        "admin_level": "10",
        "alt_name": "Ligtong Ⅰ;Ligtong 1",
        "border_type": "barangay",
        "boundary": "administrative",
        "name": "Ligtong I",
        "old_ref": "042117005",
        "population": "4898",
        "population:date": "2024-07-01",
        "ref": "0402117005",
        "type": "boundary",
        "wikidata": "Q134281691"
      },
      "geometry": {
        "type": "Polygon",
        "coordinates": [
          [
            [
              120.8721584,
              14.4295834
            ],
            [
              120.8720078,
              14.4296666
            ],
            [
              120.8719004,
              14.4297975
            ],
            [
              120.8716826,
              14.4303158
            ],
            [
              120.8715229,
              14.4307386
            ],
            [
              120.8712819,
              14.4310119
            ],
            [
              120.8710553,
              14.431095
            ],
            [
              120.871038,
              14.4310644
            ],
            [
              120.8709249,
              14.4309722
            ],
            [
              120.8708072,
              14.4308686
            ],
            [
              120.8706971,
              14.4307107
            ],
            [
              120.8705509,
              14.4305628
            ],
            [
              120.8703871,
              14.4304756
            ],
            [
              120.8701102,
              14.4303681
            ],
            [
              120.8699594,
              14.4303359
            ],
            [
              120.8699177,
              14.4303676
            ],
            [
              120.8698748,
              14.4303793
            ],
            [
              120.8697967,
              14.4303735
            ],
            [
              120.8697839,
              14.4303572
            ],
            [
              120.8697776,
              14.4303407
            ],
            [
              120.8698208,
              14.4302968
            ],
            [
              120.8698587,
              14.4302731
            ],
            [
              120.8698956,
              14.4302478
            ],
            [
              120.8698594,
              14.4301922
            ],
            [
              120.8697554,
              14.4299078
            ],
            [
              120.8692659,
              14.4301897
            ],
            [
              120.8691318,
              14.4300864
            ],
            [
              120.868983,
              14.4299436
            ],
            [
              120.8688797,
              14.4298202
            ],
            [
              120.8688033,
              14.4296409
            ],
            [
              120.8687308,
              14.4294085
            ],
            [
              120.8686249,
              14.4291032
            ],
            [
              120.8685739,
              14.4290422
            ],
            [
              120.8684921,
              14.429011
            ],
            [
              120.8683835,
              14.4290214
            ],
            [
              120.8682668,
              14.4290539
            ],
            [
              120.8681931,
              14.4291084
            ],
            [
              120.8680978,
              14.4292201
            ],
            [
              120.868317,
              14.4295052
            ],
            [
              120.8689388,
              14.4302417
            ],
            [
              120.8689612,
              14.4302197
            ],
            [
              120.8690018,
              14.4302651
            ],
            [
              120.8689696,
              14.4302893
            ],
            [
              120.8692552,
              14.4306242
            ],
            [
              120.8696959,
              14.4308388
            ],
            [
              120.8696729,
              14.4308899
            ],
            [
              120.8692259,
              14.4306661
            ],
            [
              120.8689309,
              14.4303109
            ],
            [
              120.8688994,
              14.4303343
            ],
            [
              120.8688652,
              14.4302954
            ],
            [
              120.8688907,
              14.4302696
            ],
            [
              120.8684653,
              14.4297539
            ],
            [
              120.8682239,
              14.4294812
            ],
            [
              120.8680356,
              14.4292921
            ],
            [
              120.8678068,
              14.4290941
            ],
            [
              120.8675507,
              14.4289071
            ],
            [
              120.8672503,
              14.4287136
            ],
            [
              120.8668962,
              14.4285292
            ],
            [
              120.8666307,
              14.4284019
            ],
            [
              120.8662396,
              14.4281957
            ],
            [
              120.8661566,
              14.4281635
            ],
            [
              120.8660848,
              14.4281194
            ],
            [
              120.8661653,
              14.4279518
            ],
            [
              120.8662004,
              14.427859
            ],
            [
              120.8662279,
              14.4277672
            ],
            [
              120.8662523,
              14.4277688
            ],
            [
              120.8663715,
              14.4268772
            ],
            [
              120.8665929,
              14.4268997
            ],
            [
              120.8665938,
              14.426922
            ],
            [
              120.8669673,
              14.4269732
            ],
            [
              120.8669649,
              14.4270106
            ],
            [
              120.8672968,
              14.4270555
            ],
            [
              120.8677921,
              14.4270868
            ],
            [
              120.8678229,
              14.4268823
            ],
            [
              120.8684101,
              14.4269653
            ],
            [
              120.8684379,
              14.4267919
            ],
            [
              120.8685338,
              14.4264273
            ],
            [
              120.8685739,
              14.4263907
            ],
            [
              120.8686679,
              14.4259653
            ],
            [
              120.8687589,
              14.4255419
            ],
            [
              120.8688673,
              14.4255709
            ],
            [
              120.868995,
              14.4256264
            ],
            [
              120.8693471,
              14.4258218
            ],
            [
              120.8694475,
              14.425852
            ],
            [
              120.8695489,
              14.4258597
            ],
            [
              120.8696579,
              14.4258486
            ],
            [
              120.8697393,
              14.4258235
            ],
            [
              120.8698141,
              14.4259968
            ],
            [
              120.8696991,
              14.4263303
            ],
            [
              120.8697782,
              14.4263653
            ],
            [
              120.8699553,
              14.4265589
            ],
            [
              120.8701041,
              14.4266784
            ],
            [
              120.8701846,
              14.4268797
            ],
            [
              120.8703008,
              14.4271773
            ],
            [
              120.8703836,
              14.4271091
            ],
            [
              120.8704202,
              14.427161
            ],
            [
              120.8705172,
              14.4274486
            ],
            [
              120.8706113,
              14.4275673
            ],
            [
              120.8707037,
              14.4276115
            ],
            [
              120.8707636,
              14.4274294
            ],
            [
              120.8708639,
              14.427465
            ],
            [
              120.8712434,
              14.4275733
            ],
            [
              120.8710838,
              14.4280018
            ],
            [
              120.8710691,
              14.4280668
            ],
            [
              120.8710152,
              14.4282112
            ],
            [
              120.871065,
              14.4282252
            ],
            [
              120.8711059,
              14.4283239
            ],
            [
              120.871069,
              14.4284431
            ],
            [
              120.8711354,
              14.4288526
            ],
            [
              120.8710979,
              14.4292422
            ],
            [
              120.8721584,
              14.4295834
            ]
          ]
        ]
      },
      "id": "relation/19065392"
    },
    {
      "type": "Feature",
      "properties": {
        "@id": "relation/19065393",
        "admin_level": "10",
        "alt_name": "Ligtong Ⅳ;Ligtong 4",
        "border_type": "barangay",
        "boundary": "administrative",
        "name": "Ligtong IV",
        "old_ref": "042117014",
        "population": "3022",
        "population:date": "2024-07-01",
        "ref": "0402117014",
        "type": "boundary",
        "wikidata": "Q134281700"
      },
      "geometry": {
        "type": "Polygon",
        "coordinates": [
          [
            [
              120.8662523,
              14.4277688
            ],
            [
              120.8662279,
              14.4277672
            ],
            [
              120.8662004,
              14.427859
            ],
            [
              120.8661653,
              14.4279518
            ],
            [
              120.8660848,
              14.4281194
            ],
            [
              120.8659963,
              14.427959
            ],
            [
              120.86594,
              14.427872
            ],
            [
              120.8658515,
              14.4277785
            ],
            [
              120.8655645,
              14.4274797
            ],
            [
              120.8652627,
              14.4272563
            ],
            [
              120.8649141,
              14.4270225
            ],
            [
              120.8647993,
              14.4269458
            ],
            [
              120.864376,
              14.4266156
            ],
            [
              120.8641394,
              14.4264148
            ],
            [
              120.863931,
              14.4262446
            ],
            [
              120.8637406,
              14.4260822
            ],
            [
              120.8636494,
              14.4259601
            ],
            [
              120.8635334,
              14.425725
            ],
            [
              120.8634114,
              14.4255412
            ],
            [
              120.8633902,
              14.4255211
            ],
            [
              120.8633744,
              14.4255053
            ],
            [
              120.8634195,
              14.4254289
            ],
            [
              120.8634437,
              14.4253913
            ],
            [
              120.8634707,
              14.4253665
            ],
            [
              120.8638151,
              14.424647
            ],
            [
              120.8639677,
              14.4243297
            ],
            [
              120.8640312,
              14.424202
            ],
            [
              120.8641454,
              14.4241716
            ],
            [
              120.8643225,
              14.4241541
            ],
            [
              120.8644925,
              14.4241689
            ],
            [
              120.8645929,
              14.4242044
            ],
            [
              120.8646973,
              14.4242524
            ],
            [
              120.8647959,
              14.4243375
            ],
            [
              120.8651107,
              14.4247073
            ],
            [
              120.8652151,
              14.4247989
            ],
            [
              120.8653005,
              14.4248576
            ],
            [
              120.8653659,
              14.4248834
            ],
            [
              120.8654209,
              14.4249036
            ],
            [
              120.8655205,
              14.4249069
            ],
            [
              120.8656543,
              14.4248925
            ],
            [
              120.8658966,
              14.4248512
            ],
            [
              120.8661824,
              14.424806
            ],
            [
              120.8663904,
              14.4247939
            ],
            [
              120.8665547,
              14.4248039
            ],
            [
              120.8666205,
              14.4248191
            ],
            [
              120.8666919,
              14.4248552
            ],
            [
              120.8667096,
              14.4248797
            ],
            [
              120.8667241,
              14.4249298
            ],
            [
              120.8667105,
              14.4250398
            ],
            [
              120.8666963,
              14.4251402
            ],
            [
              120.8667021,
              14.4251736
            ],
            [
              120.8667332,
              14.4252012
            ],
            [
              120.8669059,
              14.4252623
            ],
            [
              120.8670833,
              14.4253224
            ],
            [
              120.8672274,
              14.4253784
            ],
            [
              120.8673918,
              14.4254757
            ],
            [
              120.8674986,
              14.4255226
            ],
            [
              120.8676059,
              14.4255558
            ],
            [
              120.8677461,
              14.4255722
            ],
            [
              120.8679241,
              14.425561
            ],
            [
              120.8681624,
              14.4255153
            ],
            [
              120.8684442,
              14.4255071
            ],
            [
              120.8686015,
              14.4255117
            ],
            [
              120.8687589,
              14.4255419
            ],
            [
              120.8686679,
              14.4259653
            ],
            [
              120.8685739,
              14.4263907
            ],
            [
              120.8685338,
              14.4264273
            ],
            [
              120.8684379,
              14.4267919
            ],
            [
              120.8684101,
              14.4269653
            ],
            [
              120.8678229,
              14.4268823
            ],
            [
              120.8677921,
              14.4270868
            ],
            [
              120.8672968,
              14.4270555
            ],
            [
              120.8669649,
              14.4270106
            ],
            [
              120.8669673,
              14.4269732
            ],
            [
              120.8665938,
              14.426922
            ],
            [
              120.8665929,
              14.4268997
            ],
            [
              120.8663715,
              14.4268772
            ],
            [
              120.8662523,
              14.4277688
            ]
          ]
        ]
      },
      "id": "relation/19065393"
    },
    {
      "type": "Feature",
      "properties": {
        "@id": "relation/19065394",
        "admin_level": "10",
        "alt_name": "Bagbag Ⅰ;Bagbag 1;Bagbag Uno",
        "border_type": "barangay",
        "boundary": "administrative",
        "name": "Bagbag I",
        "old_ref": "042117002",
        "population": "7148",
        "population:date": "2024-07-01",
        "ref": "0402117002",
        "type": "boundary",
        "wikidata": "Q134281689"
      },
      "geometry": {
        "type": "Polygon",
        "coordinates": [
          [
            [
              120.8701105,
              14.4240476
            ],
            [
              120.8701766,
              14.4241721
            ],
            [
              120.8702819,
              14.424347
            ],
            [
              120.8703829,
              14.4244997
            ],
            [
              120.8705061,
              14.4246616
            ],
            [
              120.8705323,
              14.4247153
            ],
            [
              120.8705497,
              14.4248168
            ],
            [
              120.8705503,
              14.4249018
            ],
            [
              120.8705376,
              14.4249895
            ],
            [
              120.8705047,
              14.4250478
            ],
            [
              120.870446,
              14.4250974
            ],
            [
              120.8703759,
              14.4251141
            ],
            [
              120.8702481,
              14.4251391
            ],
            [
              120.870134,
              14.4251709
            ],
            [
              120.8700479,
              14.4252125
            ],
            [
              120.869986,
              14.4252618
            ],
            [
              120.8699294,
              14.4253355
            ],
            [
              120.8698745,
              14.4255645
            ],
            [
              120.8698506,
              14.4256845
            ],
            [
              120.8698229,
              14.425754
            ],
            [
              120.8697783,
              14.4258009
            ],
            [
              120.8697393,
              14.4258235
            ],
            [
              120.8696579,
              14.4258486
            ],
            [
              120.8695489,
              14.4258597
            ],
            [
              120.8694475,
              14.425852
            ],
            [
              120.8693471,
              14.4258218
            ],
            [
              120.868995,
              14.4256264
            ],
            [
              120.8688673,
              14.4255709
            ],
            [
              120.8687589,
              14.4255419
            ],
            [
              120.8686015,
              14.4255117
            ],
            [
              120.8684442,
              14.4255071
            ],
            [
              120.8681624,
              14.4255153
            ],
            [
              120.8679241,
              14.425561
            ],
            [
              120.8677461,
              14.4255722
            ],
            [
              120.8676059,
              14.4255558
            ],
            [
              120.8674986,
              14.4255226
            ],
            [
              120.8673918,
              14.4254757
            ],
            [
              120.8672274,
              14.4253784
            ],
            [
              120.8670833,
              14.4253224
            ],
            [
              120.8669059,
              14.4252623
            ],
            [
              120.8667332,
              14.4252012
            ],
            [
              120.8667021,
              14.4251736
            ],
            [
              120.8666963,
              14.4251402
            ],
            [
              120.8667105,
              14.4250398
            ],
            [
              120.8667241,
              14.4249298
            ],
            [
              120.8667096,
              14.4248797
            ],
            [
              120.8666919,
              14.4248552
            ],
            [
              120.8666205,
              14.4248191
            ],
            [
              120.8665547,
              14.4248039
            ],
            [
              120.8663904,
              14.4247939
            ],
            [
              120.8661824,
              14.424806
            ],
            [
              120.8658966,
              14.4248512
            ],
            [
              120.8656543,
              14.4248925
            ],
            [
              120.8655205,
              14.4249069
            ],
            [
              120.8654209,
              14.4249036
            ],
            [
              120.8653659,
              14.4248834
            ],
            [
              120.8653005,
              14.4248576
            ],
            [
              120.8653299,
              14.4248122
            ],
            [
              120.8654099,
              14.4246789
            ],
            [
              120.865472,
              14.4245262
            ],
            [
              120.8656315,
              14.4241457
            ],
            [
              120.8656849,
              14.4240599
            ],
            [
              120.866056,
              14.4239527
            ],
            [
              120.8661082,
              14.4238623
            ],
            [
              120.8661436,
              14.423775
            ],
            [
              120.8663068,
              14.4233728
            ],
            [
              120.8662497,
              14.4230888
            ],
            [
              120.866392,
              14.4227508
            ],
            [
              120.8665418,
              14.4228078
            ],
            [
              120.866647,
              14.4225206
            ],
            [
              120.8663048,
              14.4224052
            ],
            [
              120.8663879,
              14.4221805
            ],
            [
              120.8666514,
              14.422282
            ],
            [
              120.8670364,
              14.4212419
            ],
            [
              120.8676155,
              14.421409
            ],
            [
              120.867992,
              14.4206857
            ],
            [
              120.8678017,
              14.4203278
            ],
            [
              120.8674899,
              14.4201671
            ],
            [
              120.8675423,
              14.4197852
            ],
            [
              120.8668039,
              14.4195144
            ],
            [
              120.8666195,
              14.4194298
            ],
            [
              120.8667864,
              14.4190551
            ],
            [
              120.866868,
              14.4188402
            ],
            [
              120.8671114,
              14.4183588
            ],
            [
              120.8677779,
              14.4186689
            ],
            [
              120.8680049,
              14.4187776
            ],
            [
              120.8683507,
              14.4189242
            ],
            [
              120.8688518,
              14.4191366
            ],
            [
              120.8703969,
              14.4198271
            ],
            [
              120.8705022,
              14.4198756
            ],
            [
              120.8705091,
              14.4199725
            ],
            [
              120.8705169,
              14.4200449
            ],
            [
              120.8705323,
              14.4201189
            ],
            [
              120.8705552,
              14.4202124
            ],
            [
              120.8705527,
              14.4202751
            ],
            [
              120.8705286,
              14.4203355
            ],
            [
              120.8704059,
              14.4205089
            ],
            [
              120.8702145,
              14.4206749
            ],
            [
              120.869857,
              14.420977
            ],
            [
              120.8697693,
              14.4210512
            ],
            [
              120.8696066,
              14.421122
            ],
            [
              120.8693062,
              14.4212583
            ],
            [
              120.8691815,
              14.4213129
            ],
            [
              120.8691153,
              14.4213591
            ],
            [
              120.8690677,
              14.4214139
            ],
            [
              120.8690621,
              14.4214817
            ],
            [
              120.8690871,
              14.4215496
            ],
            [
              120.8691747,
              14.4217116
            ],
            [
              120.8692996,
              14.4218732
            ],
            [
              120.8694001,
              14.4220272
            ],
            [
              120.8694698,
              14.4221045
            ],
            [
              120.8696117,
              14.4222
            ],
            [
              120.8696897,
              14.422261
            ],
            [
              120.8697777,
              14.4223875
            ],
            [
              120.8697957,
              14.4225026
            ],
            [
              120.8697844,
              14.4226249
            ],
            [
              120.8697394,
              14.4228364
            ],
            [
              120.8697302,
              14.4229455
            ],
            [
              120.8697443,
              14.4230735
            ],
            [
              120.8698024,
              14.4233456
            ],
            [
              120.8698695,
              14.4235576
            ],
            [
              120.8700565,
              14.4239407
            ],
            [
              120.8701105,
              14.4240476
            ]
          ]
        ]
      },
      "id": "relation/19065394"
    },
    {
      "type": "Feature",
      "properties": {
        "@id": "relation/19068389",
        "admin_level": "10",
        "alt_name": "Muzon Ⅱ;Muzon 2",
        "border_type": "barangay",
        "boundary": "administrative",
        "name": "Muzon II",
        "old_ref": "042117015",
        "population": "2987",
        "population:date": "2024-07-01",
        "ref": "0402117015",
        "type": "boundary",
        "wikidata": "Q134281701"
      },
      "geometry": {
        "type": "Polygon",
        "coordinates": [
          [
            [
              120.8554564,
              14.4189067
            ],
            [
              120.8548252,
              14.4198441
            ],
            [
              120.8547689,
              14.4199227
            ],
            [
              120.8543059,
              14.4205414
            ],
            [
              120.853981,
              14.4210015
            ],
            [
              120.852659,
              14.4228377
            ],
            [
              120.8524995,
              14.4228468
            ],
            [
              120.8522004,
              14.4228397
            ],
            [
              120.8520529,
              14.4228104
            ],
            [
              120.851904,
              14.4227585
            ],
            [
              120.8517451,
              14.4226767
            ],
            [
              120.8514708,
              14.4224779
            ],
            [
              120.8512375,
              14.4223026
            ],
            [
              120.8510484,
              14.4221532
            ],
            [
              120.8510149,
              14.4221169
            ],
            [
              120.8524968,
              14.4200613
            ],
            [
              120.8528334,
              14.4195906
            ],
            [
              120.8532855,
              14.419007
            ],
            [
              120.8539347,
              14.4181325
            ],
            [
              120.8546485,
              14.4185112
            ],
            [
              120.8548128,
              14.4185984
            ],
            [
              120.8554564,
              14.4189067
            ]
          ]
        ]
      },
      "id": "relation/19068389"
    },
    {
      "type": "Feature",
      "properties": {
        "@id": "relation/19068390",
        "admin_level": "10",
        "alt_name": "Muzon Ⅰ;Muzon 1",
        "border_type": "barangay",
        "boundary": "administrative",
        "name": "Muzon I",
        "old_ref": "042117007",
        "population": "4025",
        "population:date": "2024-07-01",
        "ref": "0402117007",
        "type": "boundary",
        "wikidata": "Q134281693"
      },
      "geometry": {
        "type": "Polygon",
        "coordinates": [
          [
            [
              120.8594892,
              14.4211032
            ],
            [
              120.8589648,
              14.4216726
            ],
            [
              120.8587695,
              14.4219077
            ],
            [
              120.8585002,
              14.4223137
            ],
            [
              120.8582421,
              14.4227871
            ],
            [
              120.8582172,
              14.4227729
            ],
            [
              120.8580463,
              14.4226754
            ],
            [
              120.8577472,
              14.4225845
            ],
            [
              120.8573247,
              14.4225104
            ],
            [
              120.8569747,
              14.4224831
            ],
            [
              120.8564839,
              14.4224786
            ],
            [
              120.8562264,
              14.4224591
            ],
            [
              120.8561754,
              14.4224429
            ],
            [
              120.8561432,
              14.4224137
            ],
            [
              120.8561345,
              14.422374
            ],
            [
              120.8561573,
              14.422339
            ],
            [
              120.8563927,
              14.4223591
            ],
            [
              120.8566608,
              14.4223627
            ],
            [
              120.8569219,
              14.4223203
            ],
            [
              120.8572034,
              14.4222305
            ],
            [
              120.8569533,
              14.4221428
            ],
            [
              120.8568212,
              14.422111
            ],
            [
              120.8565839,
              14.4220802
            ],
            [
              120.8564168,
              14.4220779
            ],
            [
              120.8562224,
              14.422087
            ],
            [
              120.8559555,
              14.4221312
            ],
            [
              120.8555605,
              14.4222383
            ],
            [
              120.855478,
              14.4222519
            ],
            [
              120.8551382,
              14.4222574
            ],
            [
              120.8547874,
              14.4222701
            ],
            [
              120.8544333,
              14.422289
            ],
            [
              120.8542999,
              14.422311
            ],
            [
              120.8541812,
              14.4223403
            ],
            [
              120.8538945,
              14.4224639
            ],
            [
              120.8536984,
              14.4224831
            ],
            [
              120.8536055,
              14.4225007
            ],
            [
              120.8536015,
              14.4225169
            ],
            [
              120.8536069,
              14.4225364
            ],
            [
              120.8536666,
              14.4225594
            ],
            [
              120.8536954,
              14.4225646
            ],
            [
              120.8539324,
              14.4225386
            ],
            [
              120.8542731,
              14.4224728
            ],
            [
              120.8546831,
              14.4223935
            ],
            [
              120.8546972,
              14.4224075
            ],
            [
              120.854556,
              14.4225234
            ],
            [
              120.8548975,
              14.4225104
            ],
            [
              120.8549118,
              14.4225292
            ],
            [
              120.8549144,
              14.4225413
            ],
            [
              120.8549057,
              14.4225565
            ],
            [
              120.8541811,
              14.4226944
            ],
            [
              120.8536863,
              14.4227715
            ],
            [
              120.853162,
              14.4228247
            ],
            [
              120.852659,
              14.4228377
            ],
            [
              120.853981,
              14.4210015
            ],
            [
              120.8543059,
              14.4205414
            ],
            [
              120.8547689,
              14.4199227
            ],
            [
              120.8548252,
              14.4198441
            ],
            [
              120.8554564,
              14.4189067
            ],
            [
              120.8561303,
              14.4179538
            ],
            [
              120.8558601,
              14.4177469
            ],
            [
              120.8566711,
              14.4170179
            ],
            [
              120.8571761,
              14.4165974
            ],
            [
              120.8575158,
              14.4169222
            ],
            [
              120.8580967,
              14.4175408
            ],
            [
              120.858914,
              14.4183788
            ],
            [
              120.8594394,
              14.4188422
            ],
            [
              120.8588395,
              14.4193546
            ],
            [
              120.8582915,
              14.4199022
            ],
            [
              120.858778,
              14.4204281
            ],
            [
              120.8590182,
              14.420683
            ],
            [
              120.8592697,
              14.4209295
            ],
            [
              120.8593904,
              14.42103
            ],
            [
              120.8594892,
              14.4211032
            ]
          ]
        ]
      },
      "id": "relation/19068390"
    },
    {
      "type": "Feature",
      "properties": {
        "@id": "relation/19068391",
        "admin_level": "10",
        "alt_name": "Silangan Ⅱ;Silangan 2",
        "border_type": "barangay",
        "boundary": "administrative",
        "name": "Silangan II",
        "old_ref": "042117019",
        "population": "3979",
        "population:date": "2024-07-01",
        "ref": "0402117019",
        "type": "boundary",
        "wikidata": "Q134281706"
      },
      "geometry": {
        "type": "Polygon",
        "coordinates": [
          [
            [
              120.861584,
              14.4159109
            ],
            [
              120.8612346,
              14.4165405
            ],
            [
              120.8611344,
              14.4167211
            ],
            [
              120.8611209,
              14.4167455
            ],
            [
              120.8610857,
              14.4168089
            ],
            [
              120.8609916,
              14.4169783
            ],
            [
              120.8609741,
              14.4170099
            ],
            [
              120.8608009,
              14.4172721
            ],
            [
              120.8606118,
              14.4175605
            ],
            [
              120.8604496,
              14.4176287
            ],
            [
              120.8597908,
              14.4185144
            ],
            [
              120.8594394,
              14.4188422
            ],
            [
              120.858914,
              14.4183788
            ],
            [
              120.8580967,
              14.4175408
            ],
            [
              120.8575158,
              14.4169222
            ],
            [
              120.8571761,
              14.4165974
            ],
            [
              120.8559013,
              14.4153749
            ],
            [
              120.8562083,
              14.4150028
            ],
            [
              120.8562511,
              14.4149377
            ],
            [
              120.8562762,
              14.4149104
            ],
            [
              120.8564068,
              14.4147614
            ],
            [
              120.8566137,
              14.4145452
            ],
            [
              120.8570548,
              14.414066
            ],
            [
              120.8571478,
              14.4139366
            ],
            [
              120.861584,
              14.4159109
            ]
          ]
        ]
      },
      "id": "relation/19068391"
    },
    {
      "type": "Feature",
      "properties": {
        "@id": "relation/19068392",
        "admin_level": "10",
        "alt_name": "Silangan Ⅰ;Silangan 1",
        "border_type": "barangay",
        "boundary": "administrative",
        "name": "Silangan I",
        "old_ref": "042117001",
        "population": "9343",
        "population:date": "2024-07-01",
        "ref": "0402117001",
        "type": "boundary",
        "wikidata": "Q134281688"
      },
      "geometry": {
        "type": "Polygon",
        "coordinates": [
          [
            [
              120.8614968,
              14.4203503
            ],
            [
              120.8613781,
              14.4207932
            ],
            [
              120.8612199,
              14.4213016
            ],
            [
              120.8610363,
              14.4217955
            ],
            [
              120.8610255,
              14.4218357
            ],
            [
              120.8608626,
              14.4221909
            ],
            [
              120.8607513,
              14.4223857
            ],
            [
              120.8605836,
              14.4226156
            ],
            [
              120.8605126,
              14.4226949
            ],
            [
              120.8603691,
              14.4227832
            ],
            [
              120.8601706,
              14.4229663
            ],
            [
              120.85939,
              14.4234781
            ],
            [
              120.8589663,
              14.423243
            ],
            [
              120.8584714,
              14.4229507
            ],
            [
              120.8582421,
              14.4227871
            ],
            [
              120.8585002,
              14.4223137
            ],
            [
              120.8587695,
              14.4219077
            ],
            [
              120.8589648,
              14.4216726
            ],
            [
              120.8594892,
              14.4211032
            ],
            [
              120.8593904,
              14.42103
            ],
            [
              120.8592697,
              14.4209295
            ],
            [
              120.8590182,
              14.420683
            ],
            [
              120.858778,
              14.4204281
            ],
            [
              120.8582915,
              14.4199022
            ],
            [
              120.8588395,
              14.4193546
            ],
            [
              120.8594394,
              14.4188422
            ],
            [
              120.8597908,
              14.4185144
            ],
            [
              120.8604496,
              14.4176287
            ],
            [
              120.8606118,
              14.4175605
            ],
            [
              120.8608009,
              14.4172721
            ],
            [
              120.8609741,
              14.4170099
            ],
            [
              120.8609916,
              14.4169783
            ],
            [
              120.8610857,
              14.4168089
            ],
            [
              120.8611209,
              14.4167455
            ],
            [
              120.8611344,
              14.4167211
            ],
            [
              120.8612346,
              14.4165405
            ],
            [
              120.861584,
              14.4159109
            ],
            [
              120.8630369,
              14.4165394
            ],
            [
              120.8631943,
              14.4166126
            ],
            [
              120.8631288,
              14.4167572
            ],
            [
              120.8630985,
              14.4168775
            ],
            [
              120.862888,
              14.4178575
            ],
            [
              120.8617088,
              14.4175124
            ],
            [
              120.8617222,
              14.4177319
            ],
            [
              120.8617182,
              14.4178514
            ],
            [
              120.8616793,
              14.4180463
            ],
            [
              120.8624437,
              14.4185022
            ],
            [
              120.8620267,
              14.4192477
            ],
            [
              120.8614968,
              14.4203503
            ]
          ]
        ]
      },
      "id": "relation/19068392"
    },
    {
      "type": "Feature",
      "properties": {
        "@id": "relation/19068393",
        "admin_level": "10",
        "alt_name": "Bagbag Ⅱ;Bagbag 2;Bagbag Dos",
        "border_type": "barangay",
        "boundary": "administrative",
        "name": "Bagbag II",
        "old_ref": "042117013",
        "population": "6153",
        "population:date": "2024-07-01",
        "ref": "0402117013",
        "type": "boundary",
        "wikidata": "Q134281699"
      },
      "geometry": {
        "type": "Polygon",
        "coordinates": [
          [
            [
              120.8653005,
              14.4248576
            ],
            [
              120.8652151,
              14.4247989
            ],
            [
              120.8651107,
              14.4247073
            ],
            [
              120.8647959,
              14.4243375
            ],
            [
              120.8646973,
              14.4242524
            ],
            [
              120.8645929,
              14.4242044
            ],
            [
              120.8644925,
              14.4241689
            ],
            [
              120.8643225,
              14.4241541
            ],
            [
              120.8641454,
              14.4241716
            ],
            [
              120.8640312,
              14.424202
            ],
            [
              120.8639677,
              14.4243297
            ],
            [
              120.8638151,
              14.424647
            ],
            [
              120.8634707,
              14.4253665
            ],
            [
              120.8634437,
              14.4253913
            ],
            [
              120.8634195,
              14.4254289
            ],
            [
              120.8633744,
              14.4255053
            ],
            [
              120.8633538,
              14.4254936
            ],
            [
              120.8632873,
              14.425464
            ],
            [
              120.8632041,
              14.4254361
            ],
            [
              120.8629668,
              14.4253627
            ],
            [
              120.8627334,
              14.4252626
            ],
            [
              120.8625363,
              14.4251717
            ],
            [
              120.8623351,
              14.4250418
            ],
            [
              120.8621554,
              14.4249081
            ],
            [
              120.8619958,
              14.4248094
            ],
            [
              120.8616123,
              14.4246002
            ],
            [
              120.8613065,
              14.4244457
            ],
            [
              120.8609028,
              14.4242522
            ],
            [
              120.8606956,
              14.424156
            ],
            [
              120.8605856,
              14.4241184
            ],
            [
              120.8604864,
              14.4240781
            ],
            [
              120.8603554,
              14.424037
            ],
            [
              120.8602799,
              14.4240138
            ],
            [
              120.8602135,
              14.4239807
            ],
            [
              120.8600579,
              14.4238606
            ],
            [
              120.8597374,
              14.423669
            ],
            [
              120.85939,
              14.4234781
            ],
            [
              120.8601706,
              14.4229663
            ],
            [
              120.8603691,
              14.4227832
            ],
            [
              120.8605126,
              14.4226949
            ],
            [
              120.8605836,
              14.4226156
            ],
            [
              120.8607513,
              14.4223857
            ],
            [
              120.8608626,
              14.4221909
            ],
            [
              120.8610255,
              14.4218357
            ],
            [
              120.8610363,
              14.4217955
            ],
            [
              120.8612199,
              14.4213016
            ],
            [
              120.8613781,
              14.4207932
            ],
            [
              120.8614968,
              14.4203503
            ],
            [
              120.8620267,
              14.4192477
            ],
            [
              120.8624437,
              14.4185022
            ],
            [
              120.8616793,
              14.4180463
            ],
            [
              120.8617182,
              14.4178514
            ],
            [
              120.8617222,
              14.4177319
            ],
            [
              120.8617088,
              14.4175124
            ],
            [
              120.862888,
              14.4178575
            ],
            [
              120.8630985,
              14.4168775
            ],
            [
              120.8631288,
              14.4167572
            ],
            [
              120.8631943,
              14.4166126
            ],
            [
              120.864862,
              14.4173889
            ],
            [
              120.865096,
              14.4174911
            ],
            [
              120.8664401,
              14.4180601
            ],
            [
              120.8671114,
              14.4183588
            ],
            [
              120.866868,
              14.4188402
            ],
            [
              120.8667864,
              14.4190551
            ],
            [
              120.8666195,
              14.4194298
            ],
            [
              120.8668039,
              14.4195144
            ],
            [
              120.8675423,
              14.4197852
            ],
            [
              120.8674899,
              14.4201671
            ],
            [
              120.8678017,
              14.4203278
            ],
            [
              120.867992,
              14.4206857
            ],
            [
              120.8676155,
              14.421409
            ],
            [
              120.8670364,
              14.4212419
            ],
            [
              120.8666514,
              14.422282
            ],
            [
              120.8663879,
              14.4221805
            ],
            [
              120.8663048,
              14.4224052
            ],
            [
              120.866647,
              14.4225206
            ],
            [
              120.8665418,
              14.4228078
            ],
            [
              120.866392,
              14.4227508
            ],
            [
              120.8662497,
              14.4230888
            ],
            [
              120.8663068,
              14.4233728
            ],
            [
              120.8661436,
              14.423775
            ],
            [
              120.8661082,
              14.4238623
            ],
            [
              120.866056,
              14.4239527
            ],
            [
              120.8656849,
              14.4240599
            ],
            [
              120.8656315,
              14.4241457
            ],
            [
              120.865472,
              14.4245262
            ],
            [
              120.8654099,
              14.4246789
            ],
            [
              120.8653299,
              14.4248122
            ],
            [
              120.8653005,
              14.4248576
            ]
          ]
        ]
      },
      "id": "relation/19068393"
    },
    {
      "type": "Feature",
      "properties": {
        "@id": "relation/19068470",
        "admin_level": "10",
        "alt_name": "Wawa Ⅱ;Wawa 2",
        "border_type": "barangay",
        "boundary": "administrative",
        "name": "Wawa II",
        "old_ref": "042117020",
        "population": "6032",
        "population:date": "2024-07-01",
        "ref": "0402117020",
        "type": "boundary",
        "wikidata": "Q134281707"
      },
      "geometry": {
        "type": "Polygon",
        "coordinates": [
          [
            [
              120.8485591,
              14.4149729
            ],
            [
              120.8481536,
              14.4154147
            ],
            [
              120.8478074,
              14.4157614
            ],
            [
              120.8472318,
              14.4163701
            ],
            [
              120.8468156,
              14.4168058
            ],
            [
              120.8468228,
              14.4168269
            ],
            [
              120.846062,
              14.4176255
            ],
            [
              120.8460491,
              14.4176114
            ],
            [
              120.8460365,
              14.4175977
            ],
            [
              120.8468063,
              14.4167842
            ],
            [
              120.8467503,
              14.4166218
            ],
            [
              120.8466522,
              14.4162421
            ],
            [
              120.8464953,
              14.4157719
            ],
            [
              120.8462647,
              14.4153576
            ],
            [
              120.8461989,
              14.4152095
            ],
            [
              120.846089,
              14.414777
            ],
            [
              120.8458905,
              14.4143626
            ],
            [
              120.8458355,
              14.4142483
            ],
            [
              120.845798,
              14.4140951
            ],
            [
              120.8457512,
              14.41385
            ],
            [
              120.8460603,
              14.4137832
            ],
            [
              120.8463998,
              14.4136767
            ],
            [
              120.8467193,
              14.4135424
            ],
            [
              120.8474373,
              14.4131752
            ],
            [
              120.8475453,
              14.413378
            ],
            [
              120.8477828,
              14.4132885
            ],
            [
              120.8480425,
              14.413168
            ],
            [
              120.848161,
              14.413143
            ],
            [
              120.8482575,
              14.4131391
            ],
            [
              120.8482669,
              14.4130793
            ],
            [
              120.8483729,
              14.413078
            ],
            [
              120.8490407,
              14.4123636
            ],
            [
              120.8495007,
              14.4129274
            ],
            [
              120.849659,
              14.4130767
            ],
            [
              120.849777,
              14.4131157
            ],
            [
              120.8498588,
              14.4130365
            ],
            [
              120.8500452,
              14.4131034
            ],
            [
              120.8500217,
              14.4134216
            ],
            [
              120.8502101,
              14.4134912
            ],
            [
              120.8501927,
              14.4135469
            ],
            [
              120.8501807,
              14.4135872
            ],
            [
              120.8501834,
              14.4136989
            ],
            [
              120.8501498,
              14.4137691
            ],
            [
              120.8500224,
              14.4140886
            ],
            [
              120.8497314,
              14.4143224
            ],
            [
              120.8497462,
              14.4143471
            ],
            [
              120.8494847,
              14.4145666
            ],
            [
              120.8491145,
              14.4147692
            ],
            [
              120.8490032,
              14.4148108
            ],
            [
              120.8486666,
              14.4150653
            ],
            [
              120.8485591,
              14.4149729
            ]
          ]
        ]
      },
      "id": "relation/19068470"
    },
    {
      "type": "Feature",
      "properties": {
        "@id": "relation/19068471",
        "admin_level": "10",
        "alt_name": "Wawa Ⅰ;Wawa 1",
        "border_type": "barangay",
        "boundary": "administrative",
        "name": "Wawa I",
        "old_ref": "042117011",
        "population": "5641",
        "population:date": "2024-07-01",
        "ref": "0402117011",
        "type": "boundary",
        "wikidata": "Q134281697"
      },
      "geometry": {
        "type": "Polygon",
        "coordinates": [
          [
            [
              120.8490407,
              14.4123636
            ],
            [
              120.8483729,
              14.413078
            ],
            [
              120.8482669,
              14.4130793
            ],
            [
              120.8482575,
              14.4131391
            ],
            [
              120.848161,
              14.413143
            ],
            [
              120.8480425,
              14.413168
            ],
            [
              120.8477828,
              14.4132885
            ],
            [
              120.8475453,
              14.413378
            ],
            [
              120.8474373,
              14.4131752
            ],
            [
              120.8467193,
              14.4135424
            ],
            [
              120.8463998,
              14.4136767
            ],
            [
              120.8460603,
              14.4137832
            ],
            [
              120.8457512,
              14.41385
            ],
            [
              120.8456705,
              14.4133989
            ],
            [
              120.8456169,
              14.41323
            ],
            [
              120.8455512,
              14.4130988
            ],
            [
              120.8455216,
              14.412789
            ],
            [
              120.8455069,
              14.4126598
            ],
            [
              120.8455136,
              14.4125565
            ],
            [
              120.8455163,
              14.4123689
            ],
            [
              120.8454815,
              14.4121091
            ],
            [
              120.8454641,
              14.4119207
            ],
            [
              120.8454426,
              14.4115077
            ],
            [
              120.8453943,
              14.4110349
            ],
            [
              120.845261,
              14.4105789
            ],
            [
              120.8451607,
              14.4104742
            ],
            [
              120.8464465,
              14.4104481
            ],
            [
              120.8466757,
              14.4104341
            ],
            [
              120.8468138,
              14.4104237
            ],
            [
              120.8469862,
              14.4104127
            ],
            [
              120.8471749,
              14.4103864
            ],
            [
              120.8472191,
              14.4104253
            ],
            [
              120.8473054,
              14.4104198
            ],
            [
              120.8474619,
              14.4104437
            ],
            [
              120.8477085,
              14.4105098
            ],
            [
              120.8477293,
              14.4105962
            ],
            [
              120.8478185,
              14.4106081
            ],
            [
              120.8478687,
              14.4106586
            ],
            [
              120.8479863,
              14.4106789
            ],
            [
              120.8479347,
              14.4109165
            ],
            [
              120.8481922,
              14.4109837
            ],
            [
              120.8482495,
              14.4107283
            ],
            [
              120.8486257,
              14.4108511
            ],
            [
              120.8490773,
              14.4108913
            ],
            [
              120.8490568,
              14.4115304
            ],
            [
              120.8490022,
              14.4117574
            ],
            [
              120.8489764,
              14.4118429
            ],
            [
              120.8488418,
              14.4123041
            ],
            [
              120.8490407,
              14.4123636
            ]
          ]
        ]
      },
      "id": "relation/19068471"
    },
    {
      "type": "Feature",
      "properties": {
        "@id": "relation/19068472",
        "admin_level": "10",
        "alt_name": "Wawa Ⅲ;Wawa 3",
        "border_type": "barangay",
        "boundary": "administrative",
        "name": "Wawa III",
        "old_ref": "042117021",
        "population": "12181",
        "population:date": "2024-07-01",
        "ref": "0402117021",
        "type": "boundary",
        "wikidata": "Q134281708"
      },
      "geometry": {
        "type": "Polygon",
        "coordinates": [
          [
            [
              120.8493669,
              14.409792
            ],
            [
              120.8491514,
              14.4097749
            ],
            [
              120.8490773,
              14.4108913
            ],
            [
              120.8486257,
              14.4108511
            ],
            [
              120.8482495,
              14.4107283
            ],
            [
              120.8481922,
              14.4109837
            ],
            [
              120.8479347,
              14.4109165
            ],
            [
              120.8479863,
              14.4106789
            ],
            [
              120.8478687,
              14.4106586
            ],
            [
              120.8478185,
              14.4106081
            ],
            [
              120.8477293,
              14.4105962
            ],
            [
              120.8477085,
              14.4105098
            ],
            [
              120.8474619,
              14.4104437
            ],
            [
              120.8473054,
              14.4104198
            ],
            [
              120.8472191,
              14.4104253
            ],
            [
              120.8471749,
              14.4103864
            ],
            [
              120.8469862,
              14.4104127
            ],
            [
              120.8468138,
              14.4104237
            ],
            [
              120.8466757,
              14.4104341
            ],
            [
              120.8464465,
              14.4104481
            ],
            [
              120.8451607,
              14.4104742
            ],
            [
              120.8454486,
              14.4099851
            ],
            [
              120.8458053,
              14.4094318
            ],
            [
              120.8460494,
              14.4089563
            ],
            [
              120.8461513,
              14.4086965
            ],
            [
              120.8463927,
              14.4083172
            ],
            [
              120.8464376,
              14.4082708
            ],
            [
              120.8467146,
              14.4079847
            ],
            [
              120.8469393,
              14.4077428
            ],
            [
              120.8472207,
              14.4074018
            ],
            [
              120.8474101,
              14.4071572
            ],
            [
              120.8476587,
              14.4068832
            ],
            [
              120.8478695,
              14.406685
            ],
            [
              120.8481649,
              14.4065005
            ],
            [
              120.8485813,
              14.4062694
            ],
            [
              120.849109,
              14.4060725
            ],
            [
              120.8495682,
              14.405913
            ],
            [
              120.8501849,
              14.4057857
            ],
            [
              120.8506866,
              14.4056775
            ],
            [
              120.8513018,
              14.405524
            ],
            [
              120.8518527,
              14.4053928
            ],
            [
              120.8523569,
              14.4052553
            ],
            [
              120.8530152,
              14.4050353
            ],
            [
              120.853221,
              14.4052813
            ],
            [
              120.8532994,
              14.4053728
            ],
            [
              120.8542,
              14.4063055
            ],
            [
              120.8541418,
              14.406344
            ],
            [
              120.8538302,
              14.406564
            ],
            [
              120.8537735,
              14.4066023
            ],
            [
              120.853563,
              14.4063568
            ],
            [
              120.8534127,
              14.4064594
            ],
            [
              120.8530533,
              14.4062679
            ],
            [
              120.8525006,
              14.4064877
            ],
            [
              120.8522072,
              14.4066258
            ],
            [
              120.8517431,
              14.4079551
            ],
            [
              120.85155,
              14.4082248
            ],
            [
              120.8515996,
              14.4082773
            ],
            [
              120.8513075,
              14.408654
            ],
            [
              120.8512185,
              14.4087875
            ],
            [
              120.8508781,
              14.4096463
            ],
            [
              120.8505358,
              14.4098694
            ],
            [
              120.8493669,
              14.409792
            ]
          ]
        ]
      },
      "id": "relation/19068472"
    },
    {
      "type": "Feature",
      "properties": {
        "@id": "relation/19069846",
        "admin_level": "10",
        "alt_name": "Sapa Ⅱ;Sapa 2",
        "border_type": "barangay",
        "boundary": "administrative",
        "name": "Sapa II",
        "old_ref": "042117016",
        "population": "6232",
        "population:date": "2024-07-01",
        "ref": "0402117016",
        "type": "boundary",
        "wikidata": "Q134281702"
      },
      "geometry": {
        "type": "Polygon",
        "coordinates": [
          [
            [
              120.8519859,
              14.4171689
            ],
            [
              120.851797,
              14.4173477
            ],
            [
              120.851518,
              14.4176486
            ],
            [
              120.8508555,
              14.4182674
            ],
            [
              120.8503364,
              14.4187523
            ],
            [
              120.8497458,
              14.4192534
            ],
            [
              120.8496779,
              14.4193191
            ],
            [
              120.8492486,
              14.4197348
            ],
            [
              120.8491319,
              14.4198582
            ],
            [
              120.848963,
              14.4197218
            ],
            [
              120.8483856,
              14.4192984
            ],
            [
              120.8483072,
              14.4192269
            ],
            [
              120.8482126,
              14.4191003
            ],
            [
              120.8481194,
              14.4189425
            ],
            [
              120.8479799,
              14.4186658
            ],
            [
              120.8478861,
              14.418445
            ],
            [
              120.8477144,
              14.4180878
            ],
            [
              120.847578,
              14.417838
            ],
            [
              120.8475112,
              14.4177267
            ],
            [
              120.8474871,
              14.4176949
            ],
            [
              120.8478753,
              14.4174222
            ],
            [
              120.8481583,
              14.417263
            ],
            [
              120.8482917,
              14.4171799
            ],
            [
              120.8485067,
              14.4170296
            ],
            [
              120.8486344,
              14.4169195
            ],
            [
              120.8488577,
              14.4167604
            ],
            [
              120.8490401,
              14.4166318
            ],
            [
              120.8492023,
              14.4165103
            ],
            [
              120.849423,
              14.4163368
            ],
            [
              120.8494712,
              14.4163889
            ],
            [
              120.8495353,
              14.4163402
            ],
            [
              120.8498012,
              14.4161382
            ],
            [
              120.8500381,
              14.4159834
            ],
            [
              120.8506127,
              14.4154097
            ],
            [
              120.8513515,
              14.4162097
            ],
            [
              120.8514427,
              14.4162986
            ],
            [
              120.851566,
              14.4161057
            ],
            [
              120.8518289,
              14.4162928
            ],
            [
              120.8520153,
              14.4163097
            ],
            [
              120.8521038,
              14.4163616
            ],
            [
              120.8521856,
              14.416459
            ],
            [
              120.8524263,
              14.4167246
            ],
            [
              120.8522183,
              14.4169206
            ],
            [
              120.8519859,
              14.4171689
            ]
          ]
        ]
      },
      "id": "relation/19069846"
    },
    {
      "type": "Feature",
      "properties": {
        "@id": "relation/19069847",
        "admin_level": "10",
        "alt_name": "Sapa Ⅲ;Sapa 3",
        "border_type": "barangay",
        "boundary": "administrative",
        "name": "Sapa III",
        "old_ref": "042117017",
        "population": "4351",
        "population:date": "2024-07-01",
        "ref": "0402117017",
        "type": "boundary",
        "wikidata": "Q134281703"
      },
      "geometry": {
        "type": "Polygon",
        "coordinates": [
          [
            [
              120.849423,
              14.4163368
            ],
            [
              120.8492023,
              14.4165103
            ],
            [
              120.8490401,
              14.4166318
            ],
            [
              120.8488577,
              14.4167604
            ],
            [
              120.8486344,
              14.4169195
            ],
            [
              120.8485067,
              14.4170296
            ],
            [
              120.8482917,
              14.4171799
            ],
            [
              120.8481583,
              14.417263
            ],
            [
              120.8478753,
              14.4174222
            ],
            [
              120.8474871,
              14.4176949
            ],
            [
              120.8473731,
              14.4176111
            ],
            [
              120.8472571,
              14.4175098
            ],
            [
              120.8471867,
              14.4173925
            ],
            [
              120.8470816,
              14.4172457
            ],
            [
              120.8469658,
              14.4170732
            ],
            [
              120.8468228,
              14.4168269
            ],
            [
              120.8468156,
              14.4168058
            ],
            [
              120.8472318,
              14.4163701
            ],
            [
              120.8478074,
              14.4157614
            ],
            [
              120.8481536,
              14.4154147
            ],
            [
              120.8485591,
              14.4149729
            ],
            [
              120.8486666,
              14.4150653
            ],
            [
              120.8490032,
              14.4148108
            ],
            [
              120.8491145,
              14.4147692
            ],
            [
              120.8492734,
              14.4150556
            ],
            [
              120.8493271,
              14.4150108
            ],
            [
              120.8493405,
              14.4150023
            ],
            [
              120.8493485,
              14.4150023
            ],
            [
              120.8493552,
              14.4150082
            ],
            [
              120.8493782,
              14.4150527
            ],
            [
              120.8494723,
              14.41519
            ],
            [
              120.8495624,
              14.4153125
            ],
            [
              120.8500381,
              14.4159834
            ],
            [
              120.8498012,
              14.4161382
            ],
            [
              120.8495353,
              14.4163402
            ],
            [
              120.8494712,
              14.4163889
            ],
            [
              120.849423,
              14.4163368
            ]
          ]
        ]
      },
      "id": "relation/19069847"
    },
    {
      "type": "Feature",
      "properties": {
        "@id": "relation/19069848",
        "admin_level": "10",
        "alt_name": "Sapa Ⅳ;Sapa 4",
        "border_type": "barangay",
        "boundary": "administrative",
        "name": "Sapa IV",
        "old_ref": "042117018",
        "population": "971",
        "population:date": "2024-07-01",
        "ref": "0402117018",
        "type": "boundary",
        "wikidata": "Q134281705"
      },
      "geometry": {
        "type": "Polygon",
        "coordinates": [
          [
            [
              120.8506127,
              14.4154097
            ],
            [
              120.8500381,
              14.4159834
            ],
            [
              120.8495624,
              14.4153125
            ],
            [
              120.8494723,
              14.41519
            ],
            [
              120.8493782,
              14.4150527
            ],
            [
              120.8493552,
              14.4150082
            ],
            [
              120.8493485,
              14.4150023
            ],
            [
              120.8493405,
              14.4150023
            ],
            [
              120.8493271,
              14.4150108
            ],
            [
              120.8492734,
              14.4150556
            ],
            [
              120.8491145,
              14.4147692
            ],
            [
              120.8494847,
              14.4145666
            ],
            [
              120.8497462,
              14.4143471
            ],
            [
              120.8497314,
              14.4143224
            ],
            [
              120.8500224,
              14.4140886
            ],
            [
              120.8501498,
              14.4137691
            ],
            [
              120.8501834,
              14.4136989
            ],
            [
              120.8501807,
              14.4135872
            ],
            [
              120.8501927,
              14.4135469
            ],
            [
              120.8503276,
              14.4136132
            ],
            [
              120.8506226,
              14.4137963
            ],
            [
              120.8509096,
              14.4139983
            ],
            [
              120.8510111,
              14.4140699
            ],
            [
              120.8513535,
              14.4143233
            ],
            [
              120.8515493,
              14.4144711
            ],
            [
              120.8516432,
              14.4145395
            ],
            [
              120.8512052,
              14.4148911
            ],
            [
              120.8506729,
              14.4153515
            ],
            [
              120.8506588,
              14.4153637
            ],
            [
              120.8506127,
              14.4154097
            ]
          ]
        ]
      },
      "id": "relation/19069848"
    },
    {
      "type": "Feature",
      "properties": {
        "@id": "relation/19069849",
        "admin_level": "10",
        "alt_name": "Sapa Ⅰ;Sapa 1",
        "border_type": "barangay",
        "boundary": "administrative",
        "name": "Sapa I",
        "old_ref": "042117009",
        "population": "2065",
        "population:date": "2024-07-01",
        "ref": "0402117009",
        "type": "boundary",
        "wikidata": "Q134281695"
      },
      "geometry": {
        "type": "Polygon",
        "coordinates": [
          [
            [
              120.8534244,
              14.4157997
            ],
            [
              120.8527207,
              14.4164531
            ],
            [
              120.8524263,
              14.4167246
            ],
            [
              120.8521856,
              14.416459
            ],
            [
              120.8521038,
              14.4163616
            ],
            [
              120.8520153,
              14.4163097
            ],
            [
              120.8518289,
              14.4162928
            ],
            [
              120.851566,
              14.4161057
            ],
            [
              120.8514427,
              14.4162986
            ],
            [
              120.8513515,
              14.4162097
            ],
            [
              120.8506127,
              14.4154097
            ],
            [
              120.8506588,
              14.4153637
            ],
            [
              120.8506729,
              14.4153515
            ],
            [
              120.8512052,
              14.4148911
            ],
            [
              120.8516432,
              14.4145395
            ],
            [
              120.8515493,
              14.4144711
            ],
            [
              120.8513535,
              14.4143233
            ],
            [
              120.8510111,
              14.4140699
            ],
            [
              120.8509096,
              14.4139983
            ],
            [
              120.8506226,
              14.4137963
            ],
            [
              120.8503276,
              14.4136132
            ],
            [
              120.8501927,
              14.4135469
            ],
            [
              120.8502101,
              14.4134912
            ],
            [
              120.8503998,
              14.4130687
            ],
            [
              120.8509532,
              14.4130573
            ],
            [
              120.85098,
              14.4126676
            ],
            [
              120.8512026,
              14.4125793
            ],
            [
              120.8515701,
              14.4126598
            ],
            [
              120.8520824,
              14.4129248
            ],
            [
              120.8523893,
              14.4130907
            ],
            [
              120.8525429,
              14.4132028
            ],
            [
              120.8527136,
              14.4133424
            ],
            [
              120.852854,
              14.4132101
            ],
            [
              120.8529983,
              14.4129793
            ],
            [
              120.8533028,
              14.4131807
            ],
            [
              120.8534838,
              14.4133456
            ],
            [
              120.8538043,
              14.4136132
            ],
            [
              120.8539197,
              14.413682
            ],
            [
              120.8543126,
              14.4139067
            ],
            [
              120.8544964,
              14.4140652
            ],
            [
              120.854601,
              14.414186
            ],
            [
              120.8546266,
              14.4142744
            ],
            [
              120.8537856,
              14.41519
            ],
            [
              120.8537829,
              14.4152108
            ],
            [
              120.8538781,
              14.4152913
            ],
            [
              120.853678,
              14.4155044
            ],
            [
              120.8534244,
              14.4157997
            ]
          ]
        ]
      },
      "id": "relation/19069849"
    },
    {
      "type": "Feature",
      "properties": {
        "@id": "relation/19069850",
        "admin_level": "10",
        "border_type": "barangay",
        "boundary": "administrative",
        "name": "Kanluran",
        "old_ref": "042117003",
        "population": "3757",
        "population:date": "2024-07-01",
        "ref": "0402117003",
        "type": "boundary",
        "wikidata": "Q134281690"
      },
      "geometry": {
        "type": "Polygon",
        "coordinates": [
          [
            [
              120.8539347,
              14.4181325
            ],
            [
              120.8532855,
              14.419007
            ],
            [
              120.8528334,
              14.4195906
            ],
            [
              120.8524968,
              14.4200613
            ],
            [
              120.8510149,
              14.4221169
            ],
            [
              120.85075,
              14.4218551
            ],
            [
              120.8506407,
              14.4217194
            ],
            [
              120.8505589,
              14.4216369
            ],
            [
              120.8504744,
              14.4215493
            ],
            [
              120.8502923,
              14.4213868
            ],
            [
              120.8501716,
              14.4212536
            ],
            [
              120.8500861,
              14.4211408
            ],
            [
              120.8500211,
              14.4210304
            ],
            [
              120.8500037,
              14.4209395
            ],
            [
              120.8499554,
              14.4208284
            ],
            [
              120.849889,
              14.4207245
            ],
            [
              120.8497513,
              14.4205245
            ],
            [
              120.8494511,
              14.4202738
            ],
            [
              120.8493653,
              14.420179
            ],
            [
              120.8492057,
              14.4199335
            ],
            [
              120.8491319,
              14.4198582
            ],
            [
              120.8492486,
              14.4197348
            ],
            [
              120.8496779,
              14.4193191
            ],
            [
              120.8497458,
              14.4192534
            ],
            [
              120.8503364,
              14.4187523
            ],
            [
              120.8508555,
              14.4182674
            ],
            [
              120.851518,
              14.4176486
            ],
            [
              120.851797,
              14.4173477
            ],
            [
              120.8519859,
              14.4171689
            ],
            [
              120.8528742,
              14.4175953
            ],
            [
              120.8534958,
              14.4179028
            ],
            [
              120.8539347,
              14.4181325
            ]
          ]
        ]
      },
      "id": "relation/19069850"
    },
    {
      "type": "Feature",
      "properties": {
        "@id": "relation/19069851",
        "admin_level": "10",
        "border_type": "barangay",
        "boundary": "administrative",
        "name": "Poblacion",
        "old_ref": "042117008",
        "population": "1936",
        "population:date": "2024-07-01",
        "ref": "0402117008",
        "type": "boundary",
        "wikidata": "Q134281694"
      },
      "geometry": {
        "type": "Polygon",
        "coordinates": [
          [
            [
              120.8561303,
              14.4179538
            ],
            [
              120.8554564,
              14.4189067
            ],
            [
              120.8548128,
              14.4185984
            ],
            [
              120.8546485,
              14.4185112
            ],
            [
              120.8539347,
              14.4181325
            ],
            [
              120.8534958,
              14.4179028
            ],
            [
              120.8528742,
              14.4175953
            ],
            [
              120.8519859,
              14.4171689
            ],
            [
              120.8522183,
              14.4169206
            ],
            [
              120.8524263,
              14.4167246
            ],
            [
              120.8527207,
              14.4164531
            ],
            [
              120.8534244,
              14.4157997
            ],
            [
              120.853678,
              14.4155044
            ],
            [
              120.8538781,
              14.4152913
            ],
            [
              120.8537829,
              14.4152108
            ],
            [
              120.8537856,
              14.41519
            ],
            [
              120.8546266,
              14.4142744
            ],
            [
              120.854601,
              14.414186
            ],
            [
              120.8544964,
              14.4140652
            ],
            [
              120.8543126,
              14.4139067
            ],
            [
              120.8539197,
              14.413682
            ],
            [
              120.8538043,
              14.4136132
            ],
            [
              120.8534838,
              14.4133456
            ],
            [
              120.8533028,
              14.4131807
            ],
            [
              120.8529983,
              14.4129793
            ],
            [
              120.852854,
              14.4132101
            ],
            [
              120.8527136,
              14.4133424
            ],
            [
              120.8525429,
              14.4132028
            ],
            [
              120.8523893,
              14.4130907
            ],
            [
              120.8520824,
              14.4129248
            ],
            [
              120.8528414,
              14.4121974
            ],
            [
              120.8535871,
              14.4126442
            ],
            [
              120.854094,
              14.4129533
            ],
            [
              120.8542791,
              14.41313
            ],
            [
              120.8544907,
              14.4132615
            ],
            [
              120.8548814,
              14.412727
            ],
            [
              120.8550905,
              14.4124377
            ],
            [
              120.8551307,
              14.4125117
            ],
            [
              120.8552554,
              14.412704
            ],
            [
              120.8554405,
              14.4129391
            ],
            [
              120.8556993,
              14.4132131
            ],
            [
              120.8558442,
              14.4133417
            ],
            [
              120.8561419,
              14.4135781
            ],
            [
              120.8564571,
              14.4137613
            ],
            [
              120.8569787,
              14.4139925
            ],
            [
              120.8571478,
              14.4139366
            ],
            [
              120.8570548,
              14.414066
            ],
            [
              120.8566137,
              14.4145452
            ],
            [
              120.8564068,
              14.4147614
            ],
            [
              120.8562762,
              14.4149104
            ],
            [
              120.8562511,
              14.4149377
            ],
            [
              120.8562083,
              14.4150028
            ],
            [
              120.8559013,
              14.4153749
            ],
            [
              120.8571761,
              14.4165974
            ],
            [
              120.8566711,
              14.4170179
            ],
            [
              120.8558601,
              14.4177469
            ],
            [
              120.8561303,
              14.4179538
            ]
          ]
        ]
      },
      "id": "relation/19069851"
    },
    {
      "type": "Feature",
      "properties": {
        "@id": "way/379236233",
        "addr:place": "Damortis",
        "addr:town": "Rosario",
        "admin_level": "10",
        "amenity": "townhall",
        "bubbleid": "244449904",
        "building": "civic",
        "name": "Bahay Pamahalaan ng Barangay Damortis",
        "name:en": "Damortis Barangay Hall",
        "name:fil": "Bahay Pamahalaan ng Barangay Damortis",
        "townhall:type": "barangay"
      },
      "geometry": {
        "type": "Polygon",
        "coordinates": [
          [
            [
              120.4069897,
              16.2330092
            ],
            [
              120.4069013,
              16.2329726
            ],
            [
              120.4069357,
              16.2328956
            ],
            [
              120.4070242,
              16.2329322
            ],
            [
              120.4069897,
              16.2330092
            ]
          ]
        ]
      },
      "id": "way/379236233"
    },
    {
      "type": "Feature",
      "properties": {
        "@id": "way/399154895",
        "admin_level": "10",
        "amenity": "townhall",
        "building": "public",
        "name": "Tagbayagan Barangay Hall",
        "townhall:type": "barangay"
      },
      "geometry": {
        "type": "Polygon",
        "coordinates": [
          [
            [
              125.9693645,
              8.368311
            ],
            [
              125.9694012,
              8.36818
            ],
            [
              125.9695704,
              8.3682346
            ],
            [
              125.9695299,
              8.3683583
            ],
            [
              125.9693645,
              8.368311
            ]
          ]
        ]
      },
      "id": "way/399154895"
    },
    {
      "type": "Feature",
      "properties": {
        "@id": "way/416040897",
        "addr:postcode": "4106",
        "addr:province": "Cavite",
        "addr:quarter": "Bagbag Ⅱ",
        "addr:street": "Doña Aurora Street",
        "addr:town": "Rosario",
        "admin_level": "10",
        "amenity": "townhall",
        "building": "civic",
        "name": "Bahay Pamahalaan ng Barangay Bagbag Ⅱ",
        "name:en": "Bagbag Ⅱ Barangay Hall",
        "name:fil": "Bahay Pamahalaan ng Barangay Bagbag Ⅱ",
        "townhall:type": "barangay"
      },
      "geometry": {
        "type": "Polygon",
        "coordinates": [
          [
            [
              120.8654531,
              14.422149
            ],
            [
              120.865551,
              14.4221828
            ],
            [
              120.8655204,
              14.4222661
            ],
            [
              120.8654225,
              14.4222323
            ],
            [
              120.8654531,
              14.422149
            ]
          ]
        ]
      },
      "id": "way/416040897"
    },
    {
      "type": "Feature",
      "properties": {
        "@id": "way/424021155",
        "addr:city": "Rosario",
        "addr:postcode": "4106",
        "addr:province": "Cavite",
        "admin_level": "10",
        "amenity": "townhall",
        "building": "yes",
        "name": "Tejeros Convention Barangay Hall",
        "townhall:type": "barangay"
      },
      "geometry": {
        "type": "Polygon",
        "coordinates": [
          [
            [
              120.8607677,
              14.4029484
            ],
            [
              120.8608612,
              14.4027612
            ],
            [
              120.8611107,
              14.4028781
            ],
            [
              120.8610171,
              14.4030653
            ],
            [
              120.8607677,
              14.4029484
            ]
          ]
        ]
      },
      "id": "way/424021155"
    },
    {
      "type": "Feature",
      "properties": {
        "@id": "way/443141177",
        "admin_level": "10",
        "amenity": "townhall",
        "building": "public",
        "name": "Cabawan Barangay Hall",
        "townhall:type": "barangay"
      },
      "geometry": {
        "type": "Polygon",
        "coordinates": [
          [
            [
              125.9988175,
              8.3578729
            ],
            [
              125.998738,
              8.3578336
            ],
            [
              125.998771,
              8.3577684
            ],
            [
              125.9988504,
              8.3578078
            ],
            [
              125.9988175,
              8.3578729
            ]
          ]
        ]
      },
      "id": "way/443141177"
    },
    {
      "type": "Feature",
      "properties": {
        "@id": "way/449873980",
        "admin_level": "10",
        "amenity": "townhall",
        "building": "public",
        "name": "San Vicente Barangay Hall",
        "townhall:type": "barangay"
      },
      "geometry": {
        "type": "Polygon",
        "coordinates": [
          [
            [
              126.1516736,
              8.3751936
            ],
            [
              126.1517683,
              8.3751578
            ],
            [
              126.151793,
              8.3752218
            ],
            [
              126.1517531,
              8.3752369
            ],
            [
              126.1517589,
              8.3752518
            ],
            [
              126.151704,
              8.3752725
            ],
            [
              126.1516736,
              8.3751936
            ]
          ]
        ]
      },
      "id": "way/449873980"
    },
    {
      "type": "Feature",
      "properties": {
        "@id": "way/466302015",
        "addr:province": "Batangas",
        "admin_level": "10",
        "amenity": "townhall",
        "building": "yes",
        "name": "Quilib Barangay Hall",
        "townhall:type": "barangay"
      },
      "geometry": {
        "type": "Polygon",
        "coordinates": [
          [
            [
              121.2059494,
              13.8611583
            ],
            [
              121.2059499,
              13.8610726
            ],
            [
              121.2060525,
              13.8610733
            ],
            [
              121.206052,
              13.861159
            ],
            [
              121.2059494,
              13.8611583
            ]
          ]
        ]
      },
      "id": "way/466302015"
    },
    {
      "type": "Feature",
      "properties": {
        "@id": "way/488587737",
        "addr:barangay": "Bayugan 3",
        "addr:city": "Rosario",
        "addr:place": "Purok 4",
        "addr:postcode": "8504",
        "addr:province": "Agusan del Sur",
        "admin_level": "10",
        "alt_name": "Bayugan Tres Barangay Hall;Bayugan III Barangay Hall",
        "amenity": "townhall",
        "building": "public",
        "name": "Bayugan 3 Barangay Hall",
        "name:en": "Bayugan 3 Barangay Hall",
        "name:fil": "Bahay Pamahalaan ng Barangay Bayugan 3",
        "operator": "Barangay Bayugan 3",
        "townhall:type": "barangay"
      },
      "geometry": {
        "type": "Polygon",
        "coordinates": [
          [
            [
              126.0047367,
              8.3009883
            ],
            [
              126.0047235,
              8.3009111
            ],
            [
              126.0048543,
              8.3008891
            ],
            [
              126.0048675,
              8.3009663
            ],
            [
              126.0047367,
              8.3009883
            ]
          ]
        ]
      },
      "id": "way/488587737"
    },
    {
      "type": "Feature",
      "properties": {
        "@id": "way/793223978",
        "addr:street": "San Fabian - Damortis",
        "addr:village": "Bani",
        "admin_level": "10",
        "amenity": "townhall",
        "building": "public",
        "name": "Bani Barangay Hall",
        "name:en": "Bani Barangay Hall",
        "name:tl": "Bahay Pamahalaan ng Bani",
        "townhall:type": "barangay"
      },
      "geometry": {
        "type": "Polygon",
        "coordinates": [
          [
            [
              120.4119427,
              16.2208553
            ],
            [
              120.411969,
              16.2207796
            ],
            [
              120.4120752,
              16.2208136
            ],
            [
              120.4120489,
              16.2208893
            ],
            [
              120.4119427,
              16.2208553
            ]
          ]
        ]
      },
      "id": "way/793223978"
    },
    {
      "type": "Feature",
      "properties": {
        "@id": "way/994898029",
        "addr:barangay": "Poblacion",
        "admin_level": "10",
        "amenity": "townhall",
        "building": "public",
        "name": "Poblacion Barangay Hall",
        "townhall:type": "barangay"
      },
      "geometry": {
        "type": "Polygon",
        "coordinates": [
          [
            [
              126.0035229,
              8.3845902
            ],
            [
              126.0035479,
              8.384508
            ],
            [
              126.003704,
              8.3845543
            ],
            [
              126.0036791,
              8.3846365
            ],
            [
              126.0035229,
              8.3845902
            ]
          ]
        ]
      },
      "id": "way/994898029"
    },
    {
      "type": "Feature",
      "properties": {
        "@id": "way/994898031",
        "addr:barangay": "Libuac",
        "admin_level": "10",
        "amenity": "townhall",
        "building": "public",
        "name": "Libuac Barangay Hall",
        "townhall:type": "barangay"
      },
      "geometry": {
        "type": "Polygon",
        "coordinates": [
          [
            [
              126.0106393,
              8.3899611
            ],
            [
              126.0107524,
              8.3898135
            ],
            [
              126.0108623,
              8.3898959
            ],
            [
              126.0107493,
              8.3900435
            ],
            [
              126.0106393,
              8.3899611
            ]
          ]
        ]
      },
      "id": "way/994898031"
    },
    {
      "type": "Feature",
      "properties": {
        "@id": "node/942221627",
        "@relations": [
          {
            "role": "label",
            "rel": 19069847,
            "reltags": {
              "admin_level": "10",
              "alt_name": "Sapa Ⅲ;Sapa 3",
              "border_type": "barangay",
              "boundary": "administrative",
              "name": "Sapa III",
              "old_ref": "042117017",
              "population": "4351",
              "population:date": "2024-07-01",
              "ref": "0402117017",
              "type": "boundary",
              "wikidata": "Q134281703"
            }
          }
        ]
      },
      "geometry": {
        "type": "Point",
        "coordinates": [
          120.848187,
          14.4166237
        ]
      },
      "id": "node/942221627"
    },
    {
      "type": "Feature",
      "properties": {
        "@id": "node/942221628",
        "@relations": [
          {
            "role": "label",
            "rel": 19065394,
            "reltags": {
              "admin_level": "10",
              "alt_name": "Bagbag Ⅰ;Bagbag 1;Bagbag Uno",
              "border_type": "barangay",
              "boundary": "administrative",
              "name": "Bagbag I",
              "old_ref": "042117002",
              "population": "7148",
              "population:date": "2024-07-01",
              "ref": "0402117002",
              "type": "boundary",
              "wikidata": "Q134281689"
            }
          }
        ]
      },
      "geometry": {
        "type": "Point",
        "coordinates": [
          120.8680445,
          14.422679
        ]
      },
      "id": "node/942221628"
    },
    {
      "type": "Feature",
      "properties": {
        "@id": "node/942221629",
        "@relations": [
          {
            "role": "label",
            "rel": 19068393,
            "reltags": {
              "admin_level": "10",
              "alt_name": "Bagbag Ⅱ;Bagbag 2;Bagbag Dos",
              "border_type": "barangay",
              "boundary": "administrative",
              "name": "Bagbag II",
              "old_ref": "042117013",
              "population": "6153",
              "population:date": "2024-07-01",
              "ref": "0402117013",
              "type": "boundary",
              "wikidata": "Q134281699"
            }
          }
        ]
      },
      "geometry": {
        "type": "Point",
        "coordinates": [
          120.8654128,
          14.4222265
        ]
      },
      "id": "node/942221629"
    },
    {
      "type": "Feature",
      "properties": {
        "@id": "node/4113726248",
        "@relations": [
          {
            "role": "label",
            "rel": 19068471,
            "reltags": {
              "admin_level": "10",
              "alt_name": "Wawa Ⅰ;Wawa 1",
              "border_type": "barangay",
              "boundary": "administrative",
              "name": "Wawa I",
              "old_ref": "042117011",
              "population": "5641",
              "population:date": "2024-07-01",
              "ref": "0402117011",
              "type": "boundary",
              "wikidata": "Q134281697"
            }
          }
        ]
      },
      "geometry": {
        "type": "Point",
        "coordinates": [
          120.8464853,
          14.4128597
        ]
      },
      "id": "node/4113726248"
    },
    {
      "type": "Feature",
      "properties": {
        "@id": "node/4195185436",
        "@relations": [
          {
            "role": "label",
            "rel": 13153075,
            "reltags": {
              "admin_level": "10",
              "boundary": "administrative",
              "name": "Poblacion B",
              "type": "boundary"
            }
          }
        ]
      },
      "geometry": {
        "type": "Point",
        "coordinates": [
          121.206897,
          13.8459283
        ]
      },
      "id": "node/4195185436"
    },
    {
      "type": "Feature",
      "properties": {
        "@id": "node/4195185447",
        "@relations": [
          {
            "role": "label",
            "rel": 11259955,
            "reltags": {
              "admin_level": "10",
              "boundary": "administrative",
              "name": "Pinagsibaan",
              "postal_code": "4225",
              "type": "boundary"
            }
          }
        ]
      },
      "geometry": {
        "type": "Point",
        "coordinates": [
          121.3154084,
          13.8405166
        ]
      },
      "id": "node/4195185447"
    },
    {
      "type": "Feature",
      "properties": {
        "@id": "node/9052024152",
        "@relations": [
          {
            "role": "label",
            "rel": 13153072,
            "reltags": {
              "admin_level": "10",
              "boundary": "administrative",
              "name": "Poblacion D",
              "type": "boundary"
            }
          }
        ]
      },
      "geometry": {
        "type": "Point",
        "coordinates": [
          121.2042861,
          13.8442925
        ]
      },
      "id": "node/9052024152"
    },
    {
      "type": "Feature",
      "properties": {
        "@id": "node/9052024153",
        "@relations": [
          {
            "role": "label",
            "rel": 13153073,
            "reltags": {
              "admin_level": "10",
              "boundary": "administrative",
              "name": "Poblacion C",
              "type": "boundary"
            }
          }
        ]
      },
      "geometry": {
        "type": "Point",
        "coordinates": [
          121.2034035,
          13.8458148
        ]
      },
      "id": "node/9052024153"
    },
    {
      "type": "Feature",
      "properties": {
        "@id": "node/5659451522",
        "@relations": [
          {
            "role": "label",
            "rel": 13213219,
            "reltags": {
              "admin_level": "10",
              "boundary": "administrative",
              "name": "San Roque",
              "type": "boundary"
            }
          }
        ]
      },
      "geometry": {
        "type": "Point",
        "coordinates": [
          121.2032243,
          13.855072
        ]
      },
      "id": "node/5659451522"
    },
    {
      "type": "Feature",
      "properties": {
        "@id": "node/9052023821",
        "@relations": [
          {
            "role": "label",
            "rel": 13213220,
            "reltags": {
              "admin_level": "10",
              "boundary": "administrative",
              "name": "Quilib",
              "type": "boundary"
            }
          }
        ]
      },
      "geometry": {
        "type": "Point",
        "coordinates": [
          121.2062694,
          13.8598579
        ]
      },
      "id": "node/9052023821"
    },
    {
      "type": "Feature",
      "properties": {
        "@id": "node/5652572461",
        "@relations": [
          {
            "role": "label",
            "rel": 11259956,
            "reltags": {
              "admin_level": "10",
              "boundary": "administrative",
              "name": "Salao",
              "postal_code": "4225",
              "type": "boundary"
            }
          }
        ]
      },
      "geometry": {
        "type": "Point",
        "coordinates": [
          121.3502087,
          13.8592464
        ]
      },
      "id": "node/5652572461"
    },
    {
      "type": "Feature",
      "properties": {
        "@id": "node/9572332471",
        "@relations": [
          {
            "role": "label",
            "rel": 19068472,
            "reltags": {
              "admin_level": "10",
              "alt_name": "Wawa Ⅲ;Wawa 3",
              "border_type": "barangay",
              "boundary": "administrative",
              "name": "Wawa III",
              "old_ref": "042117021",
              "population": "12181",
              "population:date": "2024-07-01",
              "ref": "0402117021",
              "type": "boundary",
              "wikidata": "Q134281708"
            }
          }
        ]
      },
      "geometry": {
        "type": "Point",
        "coordinates": [
          120.8471497,
          14.4091054
        ]
      },
      "id": "node/9572332471"
    },
    {
      "type": "Feature",
      "properties": {
        "@id": "node/5950045586",
        "@relations": [
          {
            "role": "label",
            "rel": 19068470,
            "reltags": {
              "admin_level": "10",
              "alt_name": "Wawa Ⅱ;Wawa 2",
              "border_type": "barangay",
              "boundary": "administrative",
              "name": "Wawa II",
              "old_ref": "042117020",
              "population": "6032",
              "population:date": "2024-07-01",
              "ref": "0402117020",
              "type": "boundary",
              "wikidata": "Q134281707"
            }
          }
        ]
      },
      "geometry": {
        "type": "Point",
        "coordinates": [
          120.8475175,
          14.4148244
        ]
      },
      "id": "node/5950045586"
    },
    {
      "type": "Feature",
      "properties": {
        "@id": "node/9099489998",
        "@relations": [
          {
            "role": "label",
            "rel": 19060461,
            "reltags": {
              "admin_level": "10",
              "border_type": "barangay",
              "boundary": "administrative",
              "name": "Tejeros Convention",
              "name:etymology:wikidata": "Q13565027",
              "old_ref": "042117010",
              "population": "19146",
              "population:date": "2024-07-01",
              "ref": "0402117010",
              "type": "boundary",
              "wikidata": "Q134281696"
            }
          }
        ]
      },
      "geometry": {
        "type": "Point",
        "coordinates": [
          120.8606542,
          14.403165
        ]
      },
      "id": "node/9099489998"
    },
    {
      "type": "Feature",
      "properties": {
        "@id": "node/9572332473",
        "@relations": [
          {
            "role": "label",
            "rel": 19069848,
            "reltags": {
              "admin_level": "10",
              "alt_name": "Sapa Ⅳ;Sapa 4",
              "border_type": "barangay",
              "boundary": "administrative",
              "name": "Sapa IV",
              "old_ref": "042117018",
              "population": "971",
              "population:date": "2024-07-01",
              "ref": "0402117018",
              "type": "boundary",
              "wikidata": "Q134281705"
            }
          }
        ]
      },
      "geometry": {
        "type": "Point",
        "coordinates": [
          120.8499627,
          14.4148277
        ]
      },
      "id": "node/9572332473"
    },
    {
      "type": "Feature",
      "properties": {
        "@id": "node/9572332474",
        "@relations": [
          {
            "role": "label",
            "rel": 19069846,
            "reltags": {
              "admin_level": "10",
              "alt_name": "Sapa Ⅱ;Sapa 2",
              "border_type": "barangay",
              "boundary": "administrative",
              "name": "Sapa II",
              "old_ref": "042117016",
              "population": "6232",
              "population:date": "2024-07-01",
              "ref": "0402117016",
              "type": "boundary",
              "wikidata": "Q134281702"
            }
          }
        ]
      },
      "geometry": {
        "type": "Point",
        "coordinates": [
          120.8500672,
          14.4171794
        ]
      },
      "id": "node/9572332474"
    },
    {
      "type": "Feature",
      "properties": {
        "@id": "node/9572332475",
        "@relations": [
          {
            "role": "label",
            "rel": 19068389,
            "reltags": {
              "admin_level": "10",
              "alt_name": "Muzon Ⅱ;Muzon 2",
              "border_type": "barangay",
              "boundary": "administrative",
              "name": "Muzon II",
              "old_ref": "042117015",
              "population": "2987",
              "population:date": "2024-07-01",
              "ref": "0402117015",
              "type": "boundary",
              "wikidata": "Q134281701"
            }
          }
        ]
      },
      "geometry": {
        "type": "Point",
        "coordinates": [
          120.8540584,
          14.4194546
        ]
      },
      "id": "node/9572332475"
    },
    {
      "type": "Feature",
      "properties": {
        "@id": "node/9572332478",
        "@relations": [
          {
            "role": "label",
            "rel": 19069849,
            "reltags": {
              "admin_level": "10",
              "alt_name": "Sapa Ⅰ;Sapa 1",
              "border_type": "barangay",
              "boundary": "administrative",
              "name": "Sapa I",
              "old_ref": "042117009",
              "population": "2065",
              "population:date": "2024-07-01",
              "ref": "0402117009",
              "type": "boundary",
              "wikidata": "Q134281695"
            }
          }
        ]
      },
      "geometry": {
        "type": "Point",
        "coordinates": [
          120.8523449,
          14.4150042
        ]
      },
      "id": "node/9572332478"
    },
    {
      "type": "Feature",
      "properties": {
        "@id": "node/9572332479",
        "@relations": [
          {
            "role": "label",
            "rel": 19069851,
            "reltags": {
              "admin_level": "10",
              "border_type": "barangay",
              "boundary": "administrative",
              "name": "Poblacion",
              "old_ref": "042117008",
              "population": "1936",
              "population:date": "2024-07-01",
              "ref": "0402117008",
              "type": "boundary",
              "wikidata": "Q134281694"
            }
          }
        ]
      },
      "geometry": {
        "type": "Point",
        "coordinates": [
          120.854742,
          14.4167314
        ]
      },
      "id": "node/9572332479"
    },
    {
      "type": "Feature",
      "properties": {
        "@id": "node/9572332483",
        "@relations": [
          {
            "role": "label",
            "rel": 19069850,
            "reltags": {
              "admin_level": "10",
              "border_type": "barangay",
              "boundary": "administrative",
              "name": "Kanluran",
              "old_ref": "042117003",
              "population": "3757",
              "population:date": "2024-07-01",
              "ref": "0402117003",
              "type": "boundary",
              "wikidata": "Q134281690"
            }
          }
        ]
      },
      "geometry": {
        "type": "Point",
        "coordinates": [
          120.8524172,
          14.4183736
        ]
      },
      "id": "node/9572332483"
    },
    {
      "type": "Feature",
      "properties": {
        "@id": "node/9572332472",
        "@relations": [
          {
            "role": "label",
            "rel": 19068391,
            "reltags": {
              "admin_level": "10",
              "alt_name": "Silangan Ⅱ;Silangan 2",
              "border_type": "barangay",
              "boundary": "administrative",
              "name": "Silangan II",
              "old_ref": "042117019",
              "population": "3979",
              "population:date": "2024-07-01",
              "ref": "0402117019",
              "type": "boundary",
              "wikidata": "Q134281706"
            }
          }
        ]
      },
      "geometry": {
        "type": "Point",
        "coordinates": [
          120.8587627,
          14.4169052
        ]
      },
      "id": "node/9572332472"
    },
    {
      "type": "Feature",
      "properties": {
        "@id": "node/9572332480",
        "@relations": [
          {
            "role": "label",
            "rel": 19068390,
            "reltags": {
              "admin_level": "10",
              "alt_name": "Muzon Ⅰ;Muzon 1",
              "border_type": "barangay",
              "boundary": "administrative",
              "name": "Muzon I",
              "old_ref": "042117007",
              "population": "4025",
              "population:date": "2024-07-01",
              "ref": "0402117007",
              "type": "boundary",
              "wikidata": "Q134281693"
            }
          }
        ]
      },
      "geometry": {
        "type": "Point",
        "coordinates": [
          120.8574003,
          14.4189079
        ]
      },
      "id": "node/9572332480"
    },
    {
      "type": "Feature",
      "properties": {
        "@id": "node/9572332484",
        "@relations": [
          {
            "role": "label",
            "rel": 19068392,
            "reltags": {
              "admin_level": "10",
              "alt_name": "Silangan Ⅰ;Silangan 1",
              "border_type": "barangay",
              "boundary": "administrative",
              "name": "Silangan I",
              "old_ref": "042117001",
              "population": "9343",
              "population:date": "2024-07-01",
              "ref": "0402117001",
              "type": "boundary",
              "wikidata": "Q134281688"
            }
          }
        ]
      },
      "geometry": {
        "type": "Point",
        "coordinates": [
          120.8606171,
          14.4196621
        ]
      },
      "id": "node/9572332484"
    },
    {
      "type": "Feature",
      "properties": {
        "@id": "node/9572332476",
        "@relations": [
          {
            "role": "label",
            "rel": 19065393,
            "reltags": {
              "admin_level": "10",
              "alt_name": "Ligtong Ⅳ;Ligtong 4",
              "border_type": "barangay",
              "boundary": "administrative",
              "name": "Ligtong IV",
              "old_ref": "042117014",
              "population": "3022",
              "population:date": "2024-07-01",
              "ref": "0402117014",
              "type": "boundary",
              "wikidata": "Q134281700"
            }
          }
        ]
      },
      "geometry": {
        "type": "Point",
        "coordinates": [
          120.8664711,
          14.4263615
        ]
      },
      "id": "node/9572332476"
    },
    {
      "type": "Feature",
      "properties": {
        "@id": "node/9572332477",
        "@relations": [
          {
            "role": "label",
            "rel": 19062446,
            "reltags": {
              "admin_level": "10",
              "alt_name": "Ligtong Ⅲ;Ligtong 3",
              "border_type": "barangay",
              "boundary": "administrative",
              "name": "Ligtong III",
              "old_ref": "042117012",
              "population": "6467",
              "population:date": "2024-07-01",
              "ref": "0402117012",
              "type": "boundary",
              "wikidata": "Q134281698"
            }
          }
        ]
      },
      "geometry": {
        "type": "Point",
        "coordinates": [
          120.8726288,
          14.4228332
        ]
      },
      "id": "node/9572332477"
    },
    {
      "type": "Feature",
      "properties": {
        "@id": "node/9572332481",
        "@relations": [
          {
            "role": "label",
            "rel": 19062445,
            "reltags": {
              "admin_level": "10",
              "alt_name": "Ligtong Ⅱ;Ligtong 2",
              "border_type": "barangay",
              "boundary": "administrative",
              "name": "Ligtong II",
              "old_ref": "042117006",
              "population": "2346",
              "population:date": "2024-07-01",
              "ref": "0402117006",
              "type": "boundary",
              "wikidata": "Q134281692"
            }
          }
        ]
      },
      "geometry": {
        "type": "Point",
        "coordinates": [
          120.8716263,
          14.4261939
        ]
      },
      "id": "node/9572332481"
    },
    {
      "type": "Feature",
      "properties": {
        "@id": "node/9572332482",
        "@relations": [
          {
            "role": "label",
            "rel": 19065392,
            "reltags": {
              "admin_level": "10",
              "alt_name": "Ligtong Ⅰ;Ligtong 1",
              "border_type": "barangay",
              "boundary": "administrative",
              "name": "Ligtong I",
              "old_ref": "042117005",
              "population": "4898",
              "population:date": "2024-07-01",
              "ref": "0402117005",
              "type": "boundary",
              "wikidata": "Q134281691"
            }
          }
        ]
      },
      "geometry": {
        "type": "Point",
        "coordinates": [
          120.8674111,
          14.4279817
        ]
      },
      "id": "node/9572332482"
    }
  ]
}