{
  "type": "FeatureCollection",
  "name": "rosario_3d_diversity_extrusions",
  "crs": {
    "type": "name",
    "properties": {
      "name": "urn:ogc:def:crs:OGC:1.3:CRS84"
    }
  },
  "metadata": {
    "description": "Rosario, Batangas 3D Extruded Prisms - Height tied to Simpson Diversity Index",
    "metric": "Simpson Diversity Index (Z-Axis Height)",
    "scale": "Height = 120 + (diversity^1.4 * 2200) meters",
    "generated_at": "2026-09-10T22:07:26+08:00",
    "total_features": 48
  },
  "features": [
    {
      "type": "Feature",
      "properties": {
        "id": 1,
        "name": "Alupay",
        "ADM4_EN": "Alupay",
        "diversity": 0.63,
        "diversity_score": 0.63,
        "height": 737,
        "min_height": 0,
        "base_height": 0,
        "color": "#94d180",
        "colorRgb": [
          148,
          209,
          128
        ],
        "tier": "Diverse Growth Node",
        "primaryZone": "PDA-SZ",
        "area_sqkm": 5.02,
        "distribution": [
          {
            "name": "PDA-SZ",
            "value": 56
          },
          {
            "name": "R1-Z",
            "value": 22.1
          },
          {
            "name": "C1-Z",
            "value": 9.7
          },
          {
            "name": "WZ",
            "value": 3.4
          },
          {
            "name": "C/MP-Z",
            "value": 2.4
          },
          {
            "name": "ROAD",
            "value": 1.9
          },
          {
            "name": "GI-Z",
            "value": 1.7
          },
          {
            "name": "R2-Z",
            "value": 1.3
          },
          {
            "name": "T-Z",
            "value": 0.8
          },
          {
            "name": "AgIndZ-PTR",
            "value": 0.4
          },
          {
            "name": "PR-Z",
            "value": 0.1
          },
          {
            "name": "PTA-SZ-RA",
            "value": 0.1
          },
          {
            "name": "I2-Z",
            "value": 0
          }
        ],
        "extrusion_height": 737,
        "centroid": [
          121.29952,
          13.84346
        ],
        "zoneLabel": "Production Agricultural",
        "clupColor": "#94d180"
      },
      "geometry": {
        "type": "MultiPolygon",
        "coordinates": [
          [
            [
              [
                121.29810528200005,
                13.851250538000045
              ],
              [
                121.29777728500005,
                13.851586518000033
              ],
              [
                121.29683128200008,
                13.851133553000068
              ],
              [
                121.29515227800005,
                13.850228622000031
              ],
              [
                121.29438227600008,
                13.849889648000044
              ],
              [
                121.29277927100009,
                13.848985716000072
              ],
              [
                121.29139127200006,
                13.848980724000057
              ],
              [
                121.28981927300003,
                13.849050729000055
              ],
              [
                121.28850727300005,
                13.848934744000076
              ],
              [
                121.28675227100007,
                13.848367791000044
              ],
              [
                121.28578948000006,
                13.847735038000053
              ],
              [
                121.28554726700008,
                13.847575849000066
              ],
              [
                121.28335726300008,
                13.846819911000068
              ],
              [
                121.27755742600004,
                13.844027654000058
              ],
              [
                121.27769019100003,
                13.841371607000042
              ],
              [
                121.27772296500007,
                13.840716870000051
              ],
              [
                121.28020605300003,
                13.838151013000072
              ],
              [
                121.28243099800011,
                13.837168402000032
              ],
              [
                121.28432620100011,
                13.836594568000066
              ],
              [
                121.28476119000004,
                13.834909674000073
              ],
              [
                121.28534117200002,
                13.832026858000063
              ],
              [
                121.28566116600007,
                13.830977924000024
              ],
              [
                121.28588215500008,
                13.829144041000063
              ],
              [
                121.28927015900001,
                13.83016595600003
              ],
              [
                121.29168116200003,
                13.83084789700007
              ],
              [
                121.29460316900008,
                13.832242790000066
              ],
              [
                121.29464117600003,
                13.833442712000021
              ],
              [
                121.29551817700008,
                13.833669692000058
              ],
              [
                121.2969071760001,
                13.833561691000057
              ],
              [
                121.29836417700005,
                13.833978656000056
              ],
              [
                121.29887518400005,
                13.835066582000024
              ],
              [
                121.2994631900001,
                13.836117511000054
              ],
              [
                121.30005019400005,
                13.836905456000068
              ],
              [
                121.3011411970001,
                13.837434416000065
              ],
              [
                121.30198019600004,
                13.837324418000037
              ],
              [
                121.30266202100006,
                13.837501263000036
              ],
              [
                121.30485746200009,
                13.838986757000043
              ],
              [
                121.30604567700004,
                13.840117011000075
              ],
              [
                121.3070020450001,
                13.841102360000036
              ],
              [
                121.30726287300001,
                13.84176891900006
              ],
              [
                121.30790257800004,
                13.843128212000067
              ],
              [
                121.30825588100004,
                13.843453251000028
              ],
              [
                121.3086657130001,
                13.84369349700006
              ],
              [
                121.30896248800002,
                13.844032669000057
              ],
              [
                121.309174471,
                13.844541426000035
              ],
              [
                121.30958430300007,
                13.844668615000046
              ],
              [
                121.30996452300008,
                13.84489267400005
              ],
              [
                121.31037570300009,
                13.845134976000054
              ],
              [
                121.31068661000006,
                13.845262165000065
              ],
              [
                121.31092685700003,
                13.845460016000061
              ],
              [
                121.31167586000004,
                13.845671998000057
              ],
              [
                121.31238246700002,
                13.846011169000064
              ],
              [
                121.3126933750001,
                13.846350341000061
              ],
              [
                121.31297601800009,
                13.846618851000073
              ],
              [
                121.31313147100002,
                13.84697215500006
              ],
              [
                121.3134423780001,
                13.847071080000035
              ],
              [
                121.31349325300005,
                13.847701679000068
              ],
              [
                121.31328026300002,
                13.849424569000064
              ],
              [
                121.31170825900006,
                13.848670627000047
              ],
              [
                121.31060925700001,
                13.848254660000066
              ],
              [
                121.30922825900007,
                13.848325663000026
              ],
              [
                121.30845825800009,
                13.848098682000057
              ],
              [
                121.30780225800004,
                13.848020691000045
              ],
              [
                121.30718426500005,
                13.849180620000027
              ],
              [
                121.305620266,
                13.849175629000058
              ],
              [
                121.30539652200002,
                13.849136111000064
              ],
              [
                121.30390326500003,
                13.848870659000056
              ],
              [
                121.30240826500005,
                13.848790673000053
              ],
              [
                121.30079826600002,
                13.848860677000062
              ],
              [
                121.29978327000003,
                13.84934465200007
              ],
              [
                121.2995622730001,
                13.849905617000047
              ],
              [
                121.29869227900008,
                13.850764566000066
              ],
              [
                121.29810528200005,
                13.851250538000045
              ]
            ]
          ]
        ]
      },
      "id": 1
    },
    {
      "type": "Feature",
      "properties": {
        "id": 2,
        "name": "Antipolo",
        "ADM4_EN": "Antipolo",
        "diversity": 0.09,
        "diversity_score": 0.09,
        "height": 174,
        "min_height": 0,
        "base_height": 0,
        "color": "#94d180",
        "colorRgb": [
          148,
          209,
          128
        ],
        "tier": "Specialized Agriculture",
        "primaryZone": "PDA-SZ",
        "area_sqkm": 7.21,
        "distribution": [
          {
            "name": "PDA-SZ",
            "value": 95.4
          },
          {
            "name": "WZ",
            "value": 2.9
          },
          {
            "name": "R1-Z",
            "value": 0.6
          },
          {
            "name": "PTA-SZ-RA",
            "value": 0.6
          },
          {
            "name": "ROAD",
            "value": 0.5
          },
          {
            "name": "GI-Z",
            "value": 0
          }
        ],
        "extrusion_height": 174,
        "centroid": [
          121.309776,
          13.701158
        ],
        "zoneLabel": "Production Agricultural",
        "clupColor": "#94d180"
      },
      "geometry": {
        "type": "MultiPolygon",
        "coordinates": [
          [
            [
              [
                121.31227944900002,
                13.714613321000058
              ],
              [
                121.30325451500005,
                13.72676956500004
              ],
              [
                121.300268017,
                13.721143004000055
              ],
              [
                121.29910265300009,
                13.717401572000028
              ],
              [
                121.29879597800004,
                13.713476135000064
              ],
              [
                121.29906097000003,
                13.71232559300006
              ],
              [
                121.29908363600009,
                13.710505457000068
              ],
              [
                121.29876211800001,
                13.708739371000036
              ],
              [
                121.29782290700007,
                13.707977410000069
              ],
              [
                121.29738877800003,
                13.70723939100003
              ],
              [
                121.29704147500001,
                13.70658819700003
              ],
              [
                121.29643369400003,
                13.705719939000062
              ],
              [
                121.29652052000006,
                13.704460965000067
              ],
              [
                121.29621662900001,
                13.70324540300004
              ],
              [
                121.2961373600001,
                13.700340227000027
              ],
              [
                121.29624948700007,
                13.69948275300004
              ],
              [
                121.29647504600007,
                13.699022961000026
              ],
              [
                121.2970649670001,
                13.698736676000067
              ],
              [
                121.297793694,
                13.698250858000051
              ],
              [
                121.29874798000003,
                13.697712988000035
              ],
              [
                121.29951334300006,
                13.696773312000062
              ],
              [
                121.29933556300011,
                13.696101699000053
              ],
              [
                121.29933556300011,
                13.695647373000043
              ],
              [
                121.29931580900006,
                13.694797980000033
              ],
              [
                121.29943432900006,
                13.694165874000078
              ],
              [
                121.29955284900007,
                13.693612780000024
              ],
              [
                121.299770136,
                13.693237467000074
              ],
              [
                121.30006921600011,
                13.693097699000077
              ],
              [
                121.30025108200005,
                13.692785928000035
              ],
              [
                121.30063429900008,
                13.692181874000028
              ],
              [
                121.30118631700009,
                13.69168587400003
              ],
              [
                121.3017393130001,
                13.691034913000067
              ],
              [
                121.3021213070001,
                13.690159968000046
              ],
              [
                121.30246930100009,
                13.689212028000043
              ],
              [
                121.30408430300008,
                13.689584994000029
              ],
              [
                121.30494130900001,
                13.690757913000027
              ],
              [
                121.30590031500003,
                13.691749843000025
              ],
              [
                121.3084847340001,
                13.691018385000064
              ],
              [
                121.30839732000004,
                13.692894754000065
              ],
              [
                121.30920432500011,
                13.693738695000036
              ],
              [
                121.3107403250001,
                13.693856678000031
              ],
              [
                121.31229832200006,
                13.693499692000046
              ],
              [
                121.31383332300004,
                13.693835662000026
              ],
              [
                121.31438232800008,
                13.694642606000059
              ],
              [
                121.31608533200006,
                13.69552653900007
              ],
              [
                121.31641232900006,
                13.695089565000046
              ],
              [
                121.31626632300004,
                13.69402963500005
              ],
              [
                121.3167643160001,
                13.692936703000044
              ],
              [
                121.31777631700004,
                13.693197681000072
              ],
              [
                121.31788332500003,
                13.694476597000062
              ],
              [
                121.3184273280001,
                13.695136551000076
              ],
              [
                121.31900933300005,
                13.696016490000034
              ],
              [
                121.31903533800005,
                13.696748443000047
              ],
              [
                121.31962833800003,
                13.696823434000066
              ],
              [
                121.32028633400012,
                13.696278466000024
              ],
              [
                121.32081033400004,
                13.69635445800003
              ],
              [
                121.32113333900008,
                13.697160404000044
              ],
              [
                121.32177334100004,
                13.697456381000052
              ],
              [
                121.322473338,
                13.697020405000046
              ],
              [
                121.323657335,
                13.696625424000047
              ],
              [
                121.32539933100009,
                13.696194442000035
              ],
              [
                121.32700633000002,
                13.696130437000022
              ],
              [
                121.32739133300004,
                13.696680399000059
              ],
              [
                121.32616334200009,
                13.69802431900007
              ],
              [
                121.32416535300001,
                13.699732219000055
              ],
              [
                121.32178637400011,
                13.70298702100007
              ],
              [
                121.32050538700003,
                13.705001898000035
              ],
              [
                121.32123740300005,
                13.70779271200007
              ],
              [
                121.32123742300007,
                13.71105250000005
              ],
              [
                121.320871441,
                13.714155301000062
              ],
              [
                121.31903145500007,
                13.716320171000064
              ],
              [
                121.31732245700005,
                13.716353178000077
              ],
              [
                121.31665144800002,
                13.71482928100005
              ],
              [
                121.31624143300007,
                13.712408441000036
              ],
              [
                121.31681541300009,
                13.70907965400005
              ],
              [
                121.31693333600003,
                13.708633054000074
              ],
              [
                121.31591340700004,
                13.708066725000037
              ],
              [
                121.31541458100003,
                13.709957713000051
              ],
              [
                121.31429490700009,
                13.711263999000039
              ],
              [
                121.31337145300006,
                13.715430261000051
              ],
              [
                121.31268445400008,
                13.715551257000072
              ],
              [
                121.31227944900002,
                13.714613321000058
              ]
            ]
          ]
        ]
      },
      "id": 2
    },
    {
      "type": "Feature",
      "properties": {
        "id": 3,
        "name": "Bagong Pook",
        "ADM4_EN": "Bagong Pook",
        "diversity": 0.76,
        "diversity_score": 0.76,
        "height": 901,
        "min_height": 0,
        "base_height": 0,
        "color": "#94d180",
        "colorRgb": [
          148,
          209,
          128
        ],
        "tier": "High Urban Mix",
        "primaryZone": "PDA-SZ",
        "area_sqkm": 5.43,
        "distribution": [
          {
            "name": "PDA-SZ",
            "value": 40
          },
          {
            "name": "PTA-SZ-RA",
            "value": 20.7
          },
          {
            "name": "R1-Z",
            "value": 14.1
          },
          {
            "name": "C1-Z",
            "value": 13.3
          },
          {
            "name": "WZ",
            "value": 2.7
          },
          {
            "name": "PROPOSED ROAD",
            "value": 2.6
          },
          {
            "name": "AgIndZ",
            "value": 2.1
          },
          {
            "name": "ROAD",
            "value": 2.1
          },
          {
            "name": "I2-Z",
            "value": 0.8
          },
          {
            "name": "FZ",
            "value": 0.6
          },
          {
            "name": "C/MP-Z",
            "value": 0.5
          },
          {
            "name": "GI-Z",
            "value": 0.3
          },
          {
            "name": "AgIndZ-PTR",
            "value": 0.2
          },
          {
            "name": "AgIndZ-PGR",
            "value": 0.1
          },
          {
            "name": "UTS-Z",
            "value": 0.1
          },
          {
            "name": "I1-Z",
            "value": 0
          },
          {
            "name": "T-Z",
            "value": 0
          }
        ],
        "extrusion_height": 901,
        "centroid": [
          121.220057,
          13.842048
        ],
        "zoneLabel": "Production Agricultural",
        "clupColor": "#94d180"
      },
      "geometry": {
        "type": "MultiPolygon",
        "coordinates": [
          [
            [
              [
                121.21326635800006,
                13.85649169100003
              ],
              [
                121.20859736300008,
                13.856963688000064
              ],
              [
                121.20917477000012,
                13.856489387000067
              ],
              [
                121.20968839900002,
                13.856254449000062
              ],
              [
                121.21004267400008,
                13.855808639000031
              ],
              [
                121.21026037100012,
                13.855138732000057
              ],
              [
                121.21047660400006,
                13.854631638000058
              ],
              [
                121.21082567300004,
                13.85420192500004
              ],
              [
                121.21120476800002,
                13.853825981000057
              ],
              [
                121.21163599300007,
                13.853380661000074
              ],
              [
                121.21180211800004,
                13.853137701000037
              ],
              [
                121.21190061400011,
                13.852722362000065
              ],
              [
                121.21206619600002,
                13.852175233000025
              ],
              [
                121.21215507000011,
                13.851533190000055
              ],
              [
                121.21223628200005,
                13.850745586000073
              ],
              [
                121.21243097100012,
                13.850269687000036
              ],
              [
                121.21254571000009,
                13.849667305000025
              ],
              [
                121.2127895320001,
                13.849323087000073
              ],
              [
                121.21257439500005,
                13.848849787000063
              ],
              [
                121.21276084700003,
                13.848476884000036
              ],
              [
                121.212820942,
                13.847994915000072
              ],
              [
                121.21285055300007,
                13.847839455000042
              ],
              [
                121.2127173020001,
                13.847617369000034
              ],
              [
                121.21259145300007,
                13.847373075000064
              ],
              [
                121.21264327300003,
                13.847136183000032
              ],
              [
                121.21256184200001,
                13.846928903000048
              ],
              [
                121.2125174250001,
                13.846632789000068
              ],
              [
                121.21254412300004,
                13.846008255000072
              ],
              [
                121.21255076000011,
                13.845652974000075
              ],
              [
                121.21264089600004,
                13.845224831000053
              ],
              [
                121.21240429000011,
                13.844627683000056
              ],
              [
                121.21215078400007,
                13.843760128000042
              ],
              [
                121.21166067200011,
                13.843236215000047
              ],
              [
                121.21150805600007,
                13.842875767000066
              ],
              [
                121.21131014100001,
                13.842313029000024
              ],
              [
                121.21134007500007,
                13.841744266000035
              ],
              [
                121.21179907700002,
                13.841145568000059
              ],
              [
                121.21199878000004,
                13.840904350000073
              ],
              [
                121.21321137100006,
                13.839752388000022
              ],
              [
                121.21448459200008,
                13.837994131000073
              ],
              [
                121.21490899800006,
                13.836357133000035
              ],
              [
                121.21501776000002,
                13.836023386000022
              ],
              [
                121.21537312800001,
                13.835849483000061
              ],
              [
                121.2152899560001,
                13.835199235000061
              ],
              [
                121.21575745000007,
                13.834592765000025
              ],
              [
                121.215976468,
                13.834099976000061
              ],
              [
                121.21599836900009,
                13.833464825000021
              ],
              [
                121.21640355200009,
                13.832862528000021
              ],
              [
                121.21688539000002,
                13.832227377000038
              ],
              [
                121.21719201400003,
                13.831789342000036
              ],
              [
                121.21787043100005,
                13.830281784000022
              ],
              [
                121.21934133400009,
                13.83010241200003
              ],
              [
                121.21967527100003,
                13.830061681000075
              ],
              [
                121.2200934650001,
                13.827354421000052
              ],
              [
                121.2203656590001,
                13.826413885000022
              ],
              [
                121.22023140700003,
                13.823856044000024
              ],
              [
                121.22195615700002,
                13.824109738000061
              ],
              [
                121.22250515600001,
                13.823998742000072
              ],
              [
                121.22342115700008,
                13.824301717000026
              ],
              [
                121.22426016000009,
                13.82475368300004
              ],
              [
                121.2249851580001,
                13.82453169300004
              ],
              [
                121.22579136600007,
                13.824796732000038
              ],
              [
                121.22687348300008,
                13.824963211000068
              ],
              [
                121.22783074000006,
                13.825108881000062
              ],
              [
                121.22864232800009,
                13.825358600000072
              ],
              [
                121.23101594000002,
                13.827088805000074
              ],
              [
                121.23127117900003,
                13.828597393000052
              ],
              [
                121.23156118500003,
                13.82957232800004
              ],
              [
                121.23263722700005,
                13.83054949500007
              ],
              [
                121.23344480500009,
                13.831514404000075
              ],
              [
                121.23349834800001,
                13.832332652000048
              ],
              [
                121.23309328500011,
                13.833371192000072
              ],
              [
                121.23299821100011,
                13.83427368200006
              ],
              [
                121.23275029500007,
                13.835053060000064
              ],
              [
                121.23226979900005,
                13.835849688000053
              ],
              [
                121.23172645400007,
                13.836270510000077
              ],
              [
                121.23114947300007,
                13.83702377700007
              ],
              [
                121.23083306800004,
                13.837738966000074
              ],
              [
                121.23110132200009,
                13.838539990000072
              ],
              [
                121.23120881000011,
                13.83916603700004
              ],
              [
                121.23073729400005,
                13.839724853000064
              ],
              [
                121.23030366300009,
                13.840654974000074
              ],
              [
                121.2298513180001,
                13.841484050000076
              ],
              [
                121.22895973800007,
                13.842223133000061
              ],
              [
                121.22847828400006,
                13.842999428000041
              ],
              [
                121.2280433410001,
                13.844149019000042
              ],
              [
                121.22798938200003,
                13.844361109000033
              ],
              [
                121.22702032000007,
                13.84520877400007
              ],
              [
                121.22710479700004,
                13.845631161000028
              ],
              [
                121.22780877600007,
                13.84596907100007
              ],
              [
                121.22803404900003,
                13.84672936800007
              ],
              [
                121.22772429800011,
                13.847743098000024
              ],
              [
                121.22744270700002,
                13.848728668000035
              ],
              [
                121.22704847900002,
                13.849320010000042
              ],
              [
                121.2254152480001,
                13.849573443000054
              ],
              [
                121.22468311000011,
                13.849967671000059
              ],
              [
                121.22417624500008,
                13.850474535000046
              ],
              [
                121.22378201700008,
                13.85092508200006
              ],
              [
                121.22372569900006,
                13.851544583000077
              ],
              [
                121.2236975400001,
                13.852248562000057
              ],
              [
                121.22383833600009,
                13.852924382000026
              ],
              [
                121.22386649500004,
                13.853712838000035
              ],
              [
                121.22366938100004,
                13.854121038000073
              ],
              [
                121.22307803800004,
                13.854613931000074
              ],
              [
                121.21983534900005,
                13.855575712000075
              ],
              [
                121.21658535200004,
                13.855752720000055
              ],
              [
                121.21326635800006,
                13.85649169100003
              ]
            ]
          ]
        ]
      },
      "id": 3
    },
    {
      "type": "Feature",
      "properties": {
        "id": 4,
        "name": "Balibago",
        "ADM4_EN": "Balibago",
        "diversity": 0.31,
        "diversity_score": 0.31,
        "height": 374,
        "min_height": 0,
        "base_height": 0,
        "color": "#94d180",
        "colorRgb": [
          148,
          209,
          128
        ],
        "tier": "Rural Agro-Community",
        "primaryZone": "PDA-SZ",
        "area_sqkm": 2.37,
        "distribution": [
          {
            "name": "PDA-SZ",
            "value": 82.4
          },
          {
            "name": "R1-Z",
            "value": 10.1
          },
          {
            "name": "WZ",
            "value": 4.9
          },
          {
            "name": "ROAD",
            "value": 1.2
          },
          {
            "name": "AgIndZ-PTR",
            "value": 1.2
          },
          {
            "name": "GI-Z",
            "value": 0.2
          }
        ],
        "extrusion_height": 374,
        "centroid": [
          121.285638,
          13.856026
        ],
        "zoneLabel": "Production Agricultural",
        "clupColor": "#94d180"
      },
      "geometry": {
        "type": "MultiPolygon",
        "coordinates": [
          [
            [
              [
                121.2861983900001,
                13.859384271000067
              ],
              [
                121.28531829400004,
                13.859405736000042
              ],
              [
                121.2847601850001,
                13.859341339000025
              ],
              [
                121.28418060900003,
                13.859212544000059
              ],
              [
                121.28357956800005,
                13.859212544000059
              ],
              [
                121.28330051300009,
                13.859019353000065
              ],
              [
                121.28278533500009,
                13.858826161000025
              ],
              [
                121.28203403400005,
                13.858504175000064
              ],
              [
                121.28149739000003,
                13.858418312000026
              ],
              [
                121.28098221200003,
                13.858332449000045
              ],
              [
                121.28037330200004,
                13.858303686000056
              ],
              [
                121.27974202100006,
                13.858262958000068
              ],
              [
                121.27898855700005,
                13.858303686000056
              ],
              [
                121.27860164200001,
                13.858385141000042
              ],
              [
                121.2781332730001,
                13.858385141000042
              ],
              [
                121.27758344800009,
                13.858120411000073
              ],
              [
                121.27701325800001,
                13.858079683000028
              ],
              [
                121.27636161400005,
                13.85803895500004
              ],
              [
                121.2758525160001,
                13.857937135000043
              ],
              [
                121.27755742600004,
                13.844027654000058
              ],
              [
                121.28335726300008,
                13.846819911000068
              ],
              [
                121.28554726700008,
                13.847575849000066
              ],
              [
                121.28578948000006,
                13.847735038000053
              ],
              [
                121.28675227100007,
                13.848367791000044
              ],
              [
                121.28850727300005,
                13.848934744000076
              ],
              [
                121.28981927300003,
                13.849050729000055
              ],
              [
                121.29139127200006,
                13.848980724000057
              ],
              [
                121.29277927100009,
                13.848985716000072
              ],
              [
                121.29438227600008,
                13.849889648000044
              ],
              [
                121.29424429200003,
                13.852437484000063
              ],
              [
                121.29428230100007,
                13.853973384000028
              ],
              [
                121.29315329400004,
                13.859126681000077
              ],
              [
                121.29274544500004,
                13.858976421000023
              ],
              [
                121.29235906100007,
                13.858697366000058
              ],
              [
                121.29158629400001,
                13.858568572000024
              ],
              [
                121.2910496500001,
                13.85854710600006
              ],
              [
                121.29016955500003,
                13.858504175000064
              ],
              [
                121.28969730800009,
                13.858504175000064
              ],
              [
                121.28918213000009,
                13.858611503000077
              ],
              [
                121.28840936300003,
                13.858740298000043
              ],
              [
                121.28789418500003,
                13.858933490000027
              ],
              [
                121.28720728100006,
                13.859019353000065
              ],
              [
                121.28673503400012,
                13.859276942000065
              ],
              [
                121.2861983900001,
                13.859384271000067
              ]
            ]
          ]
        ]
      },
      "id": 4
    },
    {
      "type": "Feature",
      "properties": {
        "id": 5,
        "name": "Bayawang",
        "ADM4_EN": "Bayawang",
        "diversity": 0.56,
        "diversity_score": 0.56,
        "height": 653,
        "min_height": 0,
        "base_height": 0,
        "color": "#94d180",
        "colorRgb": [
          148,
          209,
          128
        ],
        "tier": "Balanced Agro-Town",
        "primaryZone": "PDA-SZ",
        "area_sqkm": 5.55,
        "distribution": [
          {
            "name": "PDA-SZ",
            "value": 63
          },
          {
            "name": "FZ",
            "value": 14.5
          },
          {
            "name": "ECT-Z",
            "value": 13
          },
          {
            "name": "WZ",
            "value": 4
          },
          {
            "name": "AgIndZ-PGR",
            "value": 2.8
          },
          {
            "name": "ROAD",
            "value": 1
          },
          {
            "name": "R1-Z",
            "value": 0.7
          },
          {
            "name": "PTA-SZ-RA",
            "value": 0.5
          },
          {
            "name": "AgIndZ-PTR",
            "value": 0.4
          },
          {
            "name": "GI-Z",
            "value": 0.1
          }
        ],
        "extrusion_height": 653,
        "centroid": [
          121.274808,
          13.78683
        ],
        "zoneLabel": "Production Agricultural",
        "clupColor": "#94d180"
      },
      "geometry": {
        "type": "MultiPolygon",
        "coordinates": [
          [
            [
              [
                121.2897812220001,
                13.801155706000031
              ],
              [
                121.28538790300001,
                13.805776578000064
              ],
              [
                121.28169770700003,
                13.804939478000051
              ],
              [
                121.27703201300005,
                13.804993658000058
              ],
              [
                121.27127001100007,
                13.804117748000067
              ],
              [
                121.26834042100006,
                13.789604219000068
              ],
              [
                121.26861181200002,
                13.787277560000064
              ],
              [
                121.26888589100008,
                13.78637309800007
              ],
              [
                121.26902293100011,
                13.785331597000038
              ],
              [
                121.26921478600002,
                13.784564175000071
              ],
              [
                121.26921478600002,
                13.783769344000063
              ],
              [
                121.26918737800008,
                13.783221186000048
              ],
              [
                121.26907774600011,
                13.782590803000062
              ],
              [
                121.26894070700007,
                13.781686341000068
              ],
              [
                121.26872144300012,
                13.780946327000038
              ],
              [
                121.26852958800009,
                13.78037076000004
              ],
              [
                121.26757031000011,
                13.779027771000074
              ],
              [
                121.2664773250001,
                13.778404372000068
              ],
              [
                121.26632349500005,
                13.778316632000042
              ],
              [
                121.26649827000006,
                13.778336496000065
              ],
              [
                121.26867085700007,
                13.778583419000029
              ],
              [
                121.27202686400005,
                13.779905314000075
              ],
              [
                121.27392687000008,
                13.781035230000043
              ],
              [
                121.27582686900007,
                13.781079216000023
              ],
              [
                121.27710086400009,
                13.78040825200003
              ],
              [
                121.27735286000006,
                13.779772292000075
              ],
              [
                121.27945985500003,
                13.779040327000075
              ],
              [
                121.28242985300005,
                13.779040310000028
              ],
              [
                121.28692410000008,
                13.788938464000069
              ],
              [
                121.28822536300004,
                13.790922568000042
              ],
              [
                121.29233696200004,
                13.797865032000061
              ],
              [
                121.2897812220001,
                13.801155706000031
              ]
            ]
          ]
        ]
      },
      "id": 5
    },
    {
      "type": "Feature",
      "properties": {
        "id": 6,
        "name": "Baybayin",
        "ADM4_EN": "Baybayin",
        "diversity": 0.8,
        "diversity_score": 0.8,
        "height": 952,
        "min_height": 0,
        "base_height": 0,
        "color": "#94d180",
        "colorRgb": [
          148,
          209,
          128
        ],
        "tier": "High Urban Mix",
        "primaryZone": "PDA-SZ",
        "area_sqkm": 3.98,
        "distribution": [
          {
            "name": "PDA-SZ",
            "value": 32.7
          },
          {
            "name": "PTA-SZ-RA",
            "value": 19.9
          },
          {
            "name": "R1-Z",
            "value": 16.3
          },
          {
            "name": "I1-Z",
            "value": 11.5
          },
          {
            "name": "C1-Z",
            "value": 9.7
          },
          {
            "name": "AgIndZ-PTR",
            "value": 3.3
          },
          {
            "name": "AgIndZ-PGR",
            "value": 3.1
          },
          {
            "name": "ROAD",
            "value": 2.5
          },
          {
            "name": "WZ",
            "value": 0.6
          },
          {
            "name": "GI-Z",
            "value": 0.4
          },
          {
            "name": "I2-Z",
            "value": 0.1
          },
          {
            "name": "PROPOSED ROAD",
            "value": 0
          }
        ],
        "extrusion_height": 952,
        "centroid": [
          121.259792,
          13.823794
        ],
        "zoneLabel": "Production Agricultural",
        "clupColor": "#94d180"
      },
      "geometry": {
        "type": "MultiPolygon",
        "coordinates": [
          [
            [
              [
                121.26504163600009,
                13.837922413000058
              ],
              [
                121.26361222300011,
                13.838552561000029
              ],
              [
                121.25988121000012,
                13.835993748000021
              ],
              [
                121.25652520400001,
                13.834708851000073
              ],
              [
                121.25323619700009,
                13.833274963000065
              ],
              [
                121.2520704430001,
                13.83263669300004
              ],
              [
                121.2495891860001,
                13.831278113000053
              ],
              [
                121.24874688300008,
                13.829370169000072
              ],
              [
                121.24857549400008,
                13.828170442000044
              ],
              [
                121.2488491580001,
                13.826479429000074
              ],
              [
                121.24986413300007,
                13.822473682000066
              ],
              [
                121.25040612300006,
                13.820938779000073
              ],
              [
                121.25029111900005,
                13.820226825000077
              ],
              [
                121.24978011900009,
                13.820187831000055
              ],
              [
                121.24897912100005,
                13.820484816000032
              ],
              [
                121.24832312300009,
                13.820669808000048
              ],
              [
                121.24868911100009,
                13.818760930000053
              ],
              [
                121.24919310500002,
                13.817750992000072
              ],
              [
                121.25036010000008,
                13.817117027000052
              ],
              [
                121.25072609400002,
                13.816144088000044
              ],
              [
                121.25207410100006,
                13.817456995000043
              ],
              [
                121.25452510600007,
                13.81840691900004
              ],
              [
                121.256757106,
                13.818680888000074
              ],
              [
                121.26019967000002,
                13.819711435000045
              ],
              [
                121.26023618700003,
                13.819503076000046
              ],
              [
                121.26027270300006,
                13.819303309000077
              ],
              [
                121.26031136800009,
                13.818987548000052
              ],
              [
                121.26033070000005,
                13.818785633000061
              ],
              [
                121.2603586250001,
                13.818231441000023
              ],
              [
                121.2604166220001,
                13.817662212000073
              ],
              [
                121.2605183390001,
                13.81669815600003
              ],
              [
                121.2605188870001,
                13.81669842100007
              ],
              [
                121.26161312700003,
                13.81723116300003
              ],
              [
                121.2631759190001,
                13.818112315000064
              ],
              [
                121.2643492850001,
                13.818812832000049
              ],
              [
                121.2653431440001,
                13.819373246000055
              ],
              [
                121.26610495700004,
                13.819767287000047
              ],
              [
                121.26620127800004,
                13.81984609500006
              ],
              [
                121.26666099200008,
                13.820108789000074
              ],
              [
                121.26683452600003,
                13.820185499000047
              ],
              [
                121.26692079000009,
                13.82013596400003
              ],
              [
                121.26698598900009,
                13.820098526000038
              ],
              [
                121.26766775500005,
                13.819926095000028
              ],
              [
                121.2683579290001,
                13.819771960000026
              ],
              [
                121.26851591600007,
                13.81972250900003
              ],
              [
                121.26856472500003,
                13.819714160000046
              ],
              [
                121.27055514500012,
                13.826173323000035
              ],
              [
                121.26938815100004,
                13.827143267000054
              ],
              [
                121.26819016400009,
                13.829087148000042
              ],
              [
                121.2680451760001,
                13.831111017000069
              ],
              [
                121.26841118900006,
                13.833284874000071
              ],
              [
                121.26844919700011,
                13.834671784000022
              ],
              [
                121.267686206,
                13.836092697000026
              ],
              [
                121.26622045900001,
                13.837106813000048
              ],
              [
                121.26504163600009,
                13.837922413000058
              ]
            ]
          ]
        ]
      },
      "id": 6
    },
    {
      "type": "Feature",
      "properties": {
        "id": 7,
        "name": "Bulihan",
        "ADM4_EN": "Bulihan",
        "diversity": 0.65,
        "diversity_score": 0.65,
        "height": 762,
        "min_height": 0,
        "base_height": 0,
        "color": "#94d180",
        "colorRgb": [
          148,
          209,
          128
        ],
        "tier": "Diverse Growth Node",
        "primaryZone": "PDA-SZ",
        "area_sqkm": 8.06,
        "distribution": [
          {
            "name": "PDA-SZ",
            "value": 49.4
          },
          {
            "name": "PTA-SZ-RA",
            "value": 32
          },
          {
            "name": "R1-Z",
            "value": 6
          },
          {
            "name": "AgIndZ-PGR",
            "value": 2.8
          },
          {
            "name": "C1-Z",
            "value": 2.5
          },
          {
            "name": "WZ",
            "value": 2.2
          },
          {
            "name": "AgIndZ-PTR",
            "value": 2
          },
          {
            "name": "ROAD",
            "value": 1.5
          },
          {
            "name": "FZ",
            "value": 1.4
          },
          {
            "name": "GI-Z",
            "value": 0.2
          }
        ],
        "extrusion_height": 762,
        "centroid": [
          121.231218,
          13.79896
        ],
        "zoneLabel": "Production Agricultural",
        "clupColor": "#94d180"
      },
      "geometry": {
        "type": "MultiPolygon",
        "coordinates": [
          [
            [
              [
                121.22427510000011,
                13.814937319000023
              ],
              [
                121.22347410500004,
                13.815759270000058
              ],
              [
                121.22245210100004,
                13.814968327000031
              ],
              [
                121.2215361000001,
                13.814741347000052
              ],
              [
                121.22095610300005,
                13.81518832200004
              ],
              [
                121.22007910200011,
                13.814849349000042
              ],
              [
                121.21978909800009,
                13.814248389000056
              ],
              [
                121.2196750920001,
                13.813236456000027
              ],
              [
                121.21850990100006,
                13.805070430000058
              ],
              [
                121.21789777400011,
                13.803319354000052
              ],
              [
                121.21826301300007,
                13.800080316000049
              ],
              [
                121.21926703100007,
                13.800087160000032
              ],
              [
                121.22273399100004,
                13.801073485000074
              ],
              [
                121.22452420200011,
                13.800030401000072
              ],
              [
                121.22510882300003,
                13.798790961000066
              ],
              [
                121.2252409670001,
                13.797805957000037
              ],
              [
                121.22524535800005,
                13.795522042000073
              ],
              [
                121.22627904,
                13.793703096000058
              ],
              [
                121.2268475090001,
                13.792145985000047
              ],
              [
                121.22687222500008,
                13.791503369000054
              ],
              [
                121.22704523700008,
                13.790613591000067
              ],
              [
                121.22768785400001,
                13.790045123000027
              ],
              [
                121.22870121200003,
                13.78908119700003
              ],
              [
                121.22919553200006,
                13.788389148000022
              ],
              [
                121.22959098900003,
                13.787919543000044
              ],
              [
                121.22948139400012,
                13.786652506000053
              ],
              [
                121.22911151800008,
                13.785681325000041
              ],
              [
                121.231490011,
                13.782671803000028
              ],
              [
                121.23449953400007,
                13.781409746000065
              ],
              [
                121.23556742800008,
                13.780875798000068
              ],
              [
                121.23760613700006,
                13.780730176000077
              ],
              [
                121.24134376900008,
                13.77907979300005
              ],
              [
                121.24517848300002,
                13.779225415000042
              ],
              [
                121.24610075600003,
                13.779128334000063
              ],
              [
                121.247393256,
                13.780912182000066
              ],
              [
                121.25065168300011,
                13.78540931200007
              ],
              [
                121.25022992600009,
                13.788341893000052
              ],
              [
                121.24820095200005,
                13.792531633000067
              ],
              [
                121.24493333600003,
                13.795176040000058
              ],
              [
                121.244744996,
                13.799527199000067
              ],
              [
                121.24489700900006,
                13.801588065000033
              ],
              [
                121.2440580230001,
                13.803870922000044
              ],
              [
                121.23893557200006,
                13.805266078000045
              ],
              [
                121.2389287210001,
                13.805267944000036
              ],
              [
                121.23881189100007,
                13.805299766000076
              ],
              [
                121.23502004700003,
                13.807075766000025
              ],
              [
                121.234642054,
                13.808201695000037
              ],
              [
                121.23442630600005,
                13.813671641000042
              ],
              [
                121.23248636000005,
                13.814481003000026
              ],
              [
                121.22796009300009,
                13.814049355000066
              ],
              [
                121.226831102,
                13.815470269000059
              ],
              [
                121.22551910100003,
                13.815241292000053
              ],
              [
                121.22427510000011,
                13.814937319000023
              ]
            ]
          ]
        ]
      },
      "id": 7
    },
    {
      "type": "Feature",
      "properties": {
        "id": 8,
        "name": "Cahigam",
        "ADM4_EN": "Cahigam",
        "diversity": 0.67,
        "diversity_score": 0.67,
        "height": 787,
        "min_height": 0,
        "base_height": 0,
        "color": "#94d180",
        "colorRgb": [
          148,
          209,
          128
        ],
        "tier": "Diverse Growth Node",
        "primaryZone": "PTA-SZ-RA",
        "area_sqkm": 3.71,
        "distribution": [
          {
            "name": "PTA-SZ-RA",
            "value": 40.7
          },
          {
            "name": "PDA-SZ",
            "value": 39.1
          },
          {
            "name": "R1-Z",
            "value": 6.3
          },
          {
            "name": "AgIndZ-PGR",
            "value": 4.5
          },
          {
            "name": "AgIndZ-PTR",
            "value": 3.2
          },
          {
            "name": "C1-Z",
            "value": 2.5
          },
          {
            "name": "WZ",
            "value": 2.1
          },
          {
            "name": "ROAD",
            "value": 1.6
          },
          {
            "name": "GI-Z",
            "value": 0.1
          }
        ],
        "extrusion_height": 787,
        "centroid": [
          121.24899,
          13.804697
        ],
        "zoneLabel": "Protection Agricultural Rice Area",
        "clupColor": "#94d180"
      },
      "geometry": {
        "type": "MultiPolygon",
        "coordinates": [
          [
            [
              [
                121.24919310500002,
                13.817750992000072
              ],
              [
                121.24868911100009,
                13.818760930000053
              ],
              [
                121.2433027190001,
                13.814771569000072
              ],
              [
                121.2406140710001,
                13.81145545000004
              ],
              [
                121.23893738900006,
                13.805272778000074
              ],
              [
                121.23893557200006,
                13.805266078000045
              ],
              [
                121.2440580230001,
                13.803870922000044
              ],
              [
                121.24489700900006,
                13.801588065000033
              ],
              [
                121.244744996,
                13.799527199000067
              ],
              [
                121.24493333600003,
                13.795176040000058
              ],
              [
                121.24820095200005,
                13.792531633000067
              ],
              [
                121.25022992600009,
                13.788341893000052
              ],
              [
                121.25065168300011,
                13.78540931200007
              ],
              [
                121.25277440900004,
                13.789757476000034
              ],
              [
                121.25493594300008,
                13.791580655000075
              ],
              [
                121.25554697600012,
                13.79712629200003
              ],
              [
                121.25549100900002,
                13.802534942000023
              ],
              [
                121.25571902200011,
                13.804683801000067
              ],
              [
                121.25486904900004,
                13.809000527000023
              ],
              [
                121.25437402300008,
                13.813647943000035
              ],
              [
                121.25437295900008,
                13.813666800000021
              ],
              [
                121.25072609400002,
                13.816144088000044
              ],
              [
                121.25036010000008,
                13.817117027000052
              ],
              [
                121.24919310500002,
                13.817750992000072
              ]
            ]
          ]
        ]
      },
      "id": 8
    },
    {
      "type": "Feature",
      "properties": {
        "id": 9,
        "name": "Calantas",
        "ADM4_EN": "Calantas",
        "diversity": 0.32,
        "diversity_score": 0.32,
        "height": 385,
        "min_height": 0,
        "base_height": 0,
        "color": "#94d180",
        "colorRgb": [
          148,
          209,
          128
        ],
        "tier": "Rural Agro-Community",
        "primaryZone": "PDA-SZ",
        "area_sqkm": 11.8,
        "distribution": [
          {
            "name": "PDA-SZ",
            "value": 81.4
          },
          {
            "name": "C1-Z",
            "value": 12.8
          },
          {
            "name": "R1-Z",
            "value": 2.5
          },
          {
            "name": "WZ",
            "value": 2.3
          },
          {
            "name": "ROAD",
            "value": 0.7
          },
          {
            "name": "GI-Z",
            "value": 0.3
          },
          {
            "name": "PTA-SZ-RA",
            "value": 0.1
          },
          {
            "name": "FR-SZ",
            "value": 0
          }
        ],
        "extrusion_height": 385,
        "centroid": [
          121.309791,
          13.738286
        ],
        "zoneLabel": "Production Agricultural",
        "clupColor": "#94d180"
      },
      "geometry": {
        "type": "MultiPolygon",
        "coordinates": [
          [
            [
              [
                121.29637918700007,
                13.761968742000022
              ],
              [
                121.2945257560001,
                13.764097210000045
              ],
              [
                121.291913528,
                13.759886204000054
              ],
              [
                121.28624871600005,
                13.756682739000041
              ],
              [
                121.2899337130001,
                13.756506729000023
              ],
              [
                121.29157370700011,
                13.75565077500005
              ],
              [
                121.29288570100005,
                13.754830821000041
              ],
              [
                121.29448769600003,
                13.754048862000047
              ],
              [
                121.29287032000002,
                13.749193801000047
              ],
              [
                121.29449283600002,
                13.745801268000037
              ],
              [
                121.29818037100006,
                13.745211263000044
              ],
              [
                121.3006224510001,
                13.745818775000032
              ],
              [
                121.30291614900011,
                13.74632848500005
              ],
              [
                121.30361700100002,
                13.744671926000024
              ],
              [
                121.30329843200002,
                13.743652504000067
              ],
              [
                121.30253386600009,
                13.742059658000073
              ],
              [
                121.30068616500012,
                13.736835124000038
              ],
              [
                121.30325451500005,
                13.72676956500004
              ],
              [
                121.31227944900002,
                13.714613321000058
              ],
              [
                121.31268445400008,
                13.715551257000072
              ],
              [
                121.31337145300006,
                13.715430261000051
              ],
              [
                121.31429490700009,
                13.711263999000039
              ],
              [
                121.31541458100003,
                13.709957713000051
              ],
              [
                121.31591340700004,
                13.708066725000037
              ],
              [
                121.31693333600003,
                13.708633054000074
              ],
              [
                121.31681541300009,
                13.70907965400005
              ],
              [
                121.31624143300007,
                13.712408441000036
              ],
              [
                121.31665144800002,
                13.71482928100005
              ],
              [
                121.31732245700005,
                13.716353178000077
              ],
              [
                121.31903145500007,
                13.716320171000064
              ],
              [
                121.32157545700011,
                13.71679212600003
              ],
              [
                121.32345346600005,
                13.71848000500006
              ],
              [
                121.32474747200001,
                13.719601925000063
              ],
              [
                121.32608548000007,
                13.72101682500005
              ],
              [
                121.3268124870001,
                13.722199744000022
              ],
              [
                121.32235429900004,
                13.729123452000067
              ],
              [
                121.32292842800007,
                13.731255930000032
              ],
              [
                121.32701213400003,
                13.73860959700005
              ],
              [
                121.32839263100004,
                13.746324168000058
              ],
              [
                121.32835122300003,
                13.747175216000073
              ],
              [
                121.328042675,
                13.75351670300006
              ],
              [
                121.32557767000003,
                13.752561779000075
              ],
              [
                121.32071066800006,
                13.75173286100005
              ],
              [
                121.3163696690001,
                13.751568897000027
              ],
              [
                121.31257767800003,
                13.752755842000056
              ],
              [
                121.30999068300002,
                13.753309821000073
              ],
              [
                121.30830705900007,
                13.754241428000057
              ],
              [
                121.30655944700004,
                13.754892895000069
              ],
              [
                121.30385790600008,
                13.755697521000059
              ],
              [
                121.30193061200009,
                13.756903858000044
              ],
              [
                121.29974014200002,
                13.758614754000064
              ],
              [
                121.29637918700007,
                13.761968742000022
              ]
            ]
          ]
        ]
      },
      "id": 9
    },
    {
      "type": "Feature",
      "properties": {
        "id": 10,
        "name": "Colongan",
        "ADM4_EN": "Colongan",
        "diversity": 0.75,
        "diversity_score": 0.75,
        "height": 888,
        "min_height": 0,
        "base_height": 0,
        "color": "#5bb93c",
        "colorRgb": [
          91,
          185,
          60
        ],
        "tier": "High Urban Mix",
        "primaryZone": "FZ",
        "area_sqkm": 4.49,
        "distribution": [
          {
            "name": "FZ",
            "value": 39.8
          },
          {
            "name": "PDA-SZ",
            "value": 22.2
          },
          {
            "name": "I1-Z",
            "value": 15.4
          },
          {
            "name": "PTA-SZ-RA",
            "value": 13.4
          },
          {
            "name": "WZ",
            "value": 6.7
          },
          {
            "name": "ROAD",
            "value": 1.2
          },
          {
            "name": "R1-Z",
            "value": 0.9
          },
          {
            "name": "AgIndZ-PGR",
            "value": 0.3
          },
          {
            "name": "GI-Z",
            "value": 0.1
          }
        ],
        "extrusion_height": 888,
        "centroid": [
          121.178059,
          13.79965
        ],
        "zoneLabel": "Forest Zone",
        "clupColor": "#5bb93c"
      },
      "geometry": {
        "type": "MultiPolygon",
        "coordinates": [
          [
            [
              [
                121.18231455800003,
                13.825200018000032
              ],
              [
                121.17703319200007,
                13.82630685600003
              ],
              [
                121.17400000900011,
                13.825493846000029
              ],
              [
                121.17376918900004,
                13.82545693000003
              ],
              [
                121.16925018400002,
                13.824384025000029
              ],
              [
                121.16993416200012,
                13.820793254000023
              ],
              [
                121.17079214500006,
                13.81803942700003
              ],
              [
                121.17163813500008,
                13.816367531000026
              ],
              [
                121.17151312600004,
                13.81493662400004
              ],
              [
                121.17149411500009,
                13.813127742000063
              ],
              [
                121.17113910100011,
                13.810740898000063
              ],
              [
                121.1713210800001,
                13.807392114000038
              ],
              [
                121.17077731600011,
                13.804499294000038
              ],
              [
                121.17080209400001,
                13.803904630000034
              ],
              [
                121.17077731600011,
                13.803508187000034
              ],
              [
                121.17043042900002,
                13.803260411000053
              ],
              [
                121.16995965300009,
                13.803012634000027
              ],
              [
                121.16968709900004,
                13.802715302000024
              ],
              [
                121.16983576500002,
                13.802071083000044
              ],
              [
                121.17025698500004,
                13.801600307000058
              ],
              [
                121.17057909500011,
                13.800906533000045
              ],
              [
                121.17031892900002,
                13.800355229000047
              ],
              [
                121.16934021100008,
                13.800014537000038
              ],
              [
                121.16834910500006,
                13.799816315000044
              ],
              [
                121.16768010800001,
                13.799618094000039
              ],
              [
                121.16725888700012,
                13.798775653000064
              ],
              [
                121.167085444,
                13.798007546000065
              ],
              [
                121.16701111100008,
                13.797313771000063
              ],
              [
                121.16657503400006,
                13.796233576000077
              ],
              [
                121.16641868300007,
                13.79609933100005
              ],
              [
                121.16635246100009,
                13.795944813000062
              ],
              [
                121.16651249800009,
                13.79566888900007
              ],
              [
                121.16656279900008,
                13.795468905000064
              ],
              [
                121.16675531100009,
                13.795199817000025
              ],
              [
                121.16711336300011,
                13.795022336000045
              ],
              [
                121.16725197500011,
                13.79505081800005
              ],
              [
                121.16743960400004,
                13.795326743000032
              ],
              [
                121.16755549200002,
                13.795370890000072
              ],
              [
                121.16785900900004,
                13.795277076000048
              ],
              [
                121.16857089400003,
                13.794819042000029
              ],
              [
                121.16928503000008,
                13.793927327000063
              ],
              [
                121.16957866400003,
                13.793425702000036
              ],
              [
                121.16995603400005,
                13.793340087000047
              ],
              [
                121.17023747700011,
                13.793400790000021
              ],
              [
                121.17038004000005,
                13.793566402000067
              ],
              [
                121.17060169700005,
                13.793753973000037
              ],
              [
                121.17082660800008,
                13.793915092000077
              ],
              [
                121.17119769400006,
                13.794184415000075
              ],
              [
                121.17141291500002,
                13.794223045000024
              ],
              [
                121.17163365500005,
                13.794195452000054
              ],
              [
                121.17172746900007,
                13.794112675000065
              ],
              [
                121.17199235700002,
                13.79410163800003
              ],
              [
                121.17231794700001,
                13.79393056500004
              ],
              [
                121.1727181660001,
                13.79371863800003
              ],
              [
                121.173048332,
                13.793464498000048
              ],
              [
                121.17332917700003,
                13.793293549000055
              ],
              [
                121.17392142500012,
                13.793115194000052
              ],
              [
                121.17405380900004,
                13.79315678000006
              ],
              [
                121.17408385700003,
                13.793166781000025
              ],
              [
                121.174117851,
                13.793178083000043
              ],
              [
                121.17415112700007,
                13.793189294000058
              ],
              [
                121.17418419300009,
                13.793200274000071
              ],
              [
                121.17420911500005,
                13.793212032000042
              ],
              [
                121.17423319800002,
                13.793223468000065
              ],
              [
                121.17425185400009,
                13.793232303000025
              ],
              [
                121.17425487100002,
                13.793233753000038
              ],
              [
                121.17426001600006,
                13.793237236000039
              ],
              [
                121.17428705900011,
                13.793255713000065
              ],
              [
                121.17431518600006,
                13.793274922000023
              ],
              [
                121.17433450700003,
                13.793294506000052
              ],
              [
                121.17435902800003,
                13.793319311000062
              ],
              [
                121.17437464500006,
                13.79333809700006
              ],
              [
                121.17439065600001,
                13.793357247000074
              ],
              [
                121.1743962270001,
                13.79336395000007
              ],
              [
                121.17439783100008,
                13.793366889000026
              ],
              [
                121.17440985000007,
                13.793388864000065
              ],
              [
                121.17443146700009,
                13.793428016000064
              ],
              [
                121.17443714600006,
                13.793438348000052
              ],
              [
                121.17444299200008,
                13.793452681000076
              ],
              [
                121.1744531280001,
                13.793477482000071
              ],
              [
                121.17446057200004,
                13.793495600000028
              ],
              [
                121.17446738900003,
                13.793512149000037
              ],
              [
                121.17447062500003,
                13.793520186000023
              ],
              [
                121.1744750250001,
                13.793533884000055
              ],
              [
                121.174482667,
                13.793557953000061
              ],
              [
                121.17448510400004,
                13.793566010000063
              ],
              [
                121.174492944,
                13.793590864000066
              ],
              [
                121.17449904900002,
                13.793622561000063
              ],
              [
                121.1745115440001,
                13.793687581000029
              ],
              [
                121.1745170590001,
                13.793731621000063
              ],
              [
                121.17452270400008,
                13.793788018000043
              ],
              [
                121.17451756000003,
                13.793826675000048
              ],
              [
                121.1745115440001,
                13.793877296000062
              ],
              [
                121.17448922500012,
                13.79397401400007
              ],
              [
                121.17446690500003,
                13.794067011000038
              ],
              [
                121.17444086600005,
                13.794156289000057
              ],
              [
                121.17443714600006,
                13.794249286000024
              ],
              [
                121.17444458600005,
                13.794308805000071
              ],
              [
                121.17446318500004,
                13.794360883000024
              ],
              [
                121.174485505,
                13.794412962000024
              ],
              [
                121.174568012,
                13.794494868000072
              ],
              [
                121.17464174000008,
                13.794561758000043
              ],
              [
                121.17472357800011,
                13.794628716000034
              ],
              [
                121.1747668050001,
                13.79465837500004
              ],
              [
                121.17493904700007,
                13.79477530500003
              ],
              [
                121.17501001100004,
                13.794822151000062
              ],
              [
                121.17502473900004,
                13.79483491600007
              ],
              [
                121.17509724600006,
                13.794895387000054
              ],
              [
                121.17511788800005,
                13.794911428000034
              ],
              [
                121.17516624600012,
                13.794974667000076
              ],
              [
                121.17519639400007,
                13.795037339000032
              ],
              [
                121.17521088500007,
                13.795104863000063
              ],
              [
                121.17522576500005,
                13.795220180000058
              ],
              [
                121.1752160310001,
                13.795650993000038
              ],
              [
                121.17518412100003,
                13.795734451000044
              ],
              [
                121.17515880700012,
                13.795778165000058
              ],
              [
                121.17513276700004,
                13.795833964000053
              ],
              [
                121.17501335500003,
                13.796076062000054
              ],
              [
                121.17495494700006,
                13.796200365000061
              ],
              [
                121.1749010320001,
                13.796325417000048
              ],
              [
                121.17488353400006,
                13.79639566800006
              ],
              [
                121.17486121500008,
                13.796555624000064
              ],
              [
                121.17485005500009,
                13.79697597300003
              ],
              [
                121.17485377500009,
                13.797232646000055
              ],
              [
                121.17485749500008,
                13.797344243000055
              ],
              [
                121.17488725400005,
                13.797448400000064
              ],
              [
                121.17491151600007,
                13.797495814000058
              ],
              [
                121.17498397100007,
                13.797626955000055
              ],
              [
                121.17514589500001,
                13.797796838000068
              ],
              [
                121.17520130700007,
                13.79784326400005
              ],
              [
                121.17538572,
                13.798013825000055
              ],
              [
                121.17554576200007,
                13.798151776000054
              ],
              [
                121.1757353910001,
                13.798322577000022
              ],
              [
                121.17588790700006,
                13.798441614000069
              ],
              [
                121.17596974500009,
                13.798497412000074
              ],
              [
                121.17604042300002,
                13.798523451000051
              ],
              [
                121.17612598100004,
                13.798512292000055
              ],
              [
                121.1761892190001,
                13.79851601200005
              ],
              [
                121.1762933760001,
                13.798542051000027
              ],
              [
                121.17648309100002,
                13.798601569000027
              ],
              [
                121.17666536600007,
                13.798642488000041
              ],
              [
                121.17682160200002,
                13.798653648000027
              ],
              [
                121.17701875700004,
                13.798635048000051
              ],
              [
                121.17717127200001,
                13.798609009000074
              ],
              [
                121.17734982800005,
                13.798564370000065
              ],
              [
                121.17750990200011,
                13.798490240000035
              ],
              [
                121.17784911500007,
                13.798335235000025
              ],
              [
                121.17835048100005,
                13.798106823000069
              ],
              [
                121.17842859900009,
                13.798084503000041
              ],
              [
                121.17849183700002,
                13.798103103000074
              ],
              [
                121.17854391600008,
                13.79812914200005
              ],
              [
                121.17858855400004,
                13.79812914200005
              ],
              [
                121.17868527200005,
                13.798088223000036
              ],
              [
                121.17881174800004,
                13.797987786000022
              ],
              [
                121.17885327500005,
                13.797945852000055
              ],
              [
                121.17889970200008,
                13.797900174000063
              ],
              [
                121.17898658400009,
                13.79780923100003
              ],
              [
                121.17903494200004,
                13.797716233000074
              ],
              [
                121.17904197700011,
                13.797678525000038
              ],
              [
                121.17905354200002,
                13.797619516000054
              ],
              [
                121.17905354200002,
                13.797530238000036
              ],
              [
                121.17909446100009,
                13.797463280000045
              ],
              [
                121.17921721800008,
                13.797403761000055
              ],
              [
                121.17929905500012,
                13.79740004200005
              ],
              [
                121.179518529,
                13.797433521000073
              ],
              [
                121.17952072600008,
                13.797434348000024
              ],
              [
                121.18006729900003,
                13.797640125000044
              ],
              [
                121.18010276000007,
                13.797652891000041
              ],
              [
                121.18045594400007,
                13.797790631000055
              ],
              [
                121.18055266200008,
                13.797850149000055
              ],
              [
                121.18065310000009,
                13.797933579000073
              ],
              [
                121.18075837200001,
                13.798020916000041
              ],
              [
                121.1808295620001,
                13.798079801000029
              ],
              [
                121.18084028100009,
                13.798088857000039
              ],
              [
                121.18084820500007,
                13.798095366000041
              ],
              [
                121.18086235800001,
                13.79810714100006
              ],
              [
                121.18087498300008,
                13.798117564000052
              ],
              [
                121.18087988000002,
                13.798121562000063
              ],
              [
                121.18088702300008,
                13.798127538000074
              ],
              [
                121.18089668300001,
                13.798135580000064
              ],
              [
                121.1809053180001,
                13.798142745000064
              ],
              [
                121.18090724100011,
                13.798144341000068
              ],
              [
                121.18092071900003,
                13.798155573000031
              ],
              [
                121.18092849200002,
                13.798161997000022
              ],
              [
                121.18093352300002,
                13.798166131000073
              ],
              [
                121.18094457600012,
                13.798175386000025
              ],
              [
                121.18097801300007,
                13.798203079000075
              ],
              [
                121.18097997900009,
                13.798204769000051
              ],
              [
                121.1809818160001,
                13.798206251000067
              ],
              [
                121.18098564000002,
                13.79820944100004
              ],
              [
                121.18099103100008,
                13.798213889000067
              ],
              [
                121.1809954040001,
                13.798217527000077
              ],
              [
                121.18099610700006,
                13.798218113000075
              ],
              [
                121.18100127500009,
                13.798222425000063
              ],
              [
                121.18100483600006,
                13.798225344000059
              ],
              [
                121.1810428330001,
                13.798256885000058
              ],
              [
                121.18106461100001,
                13.798274928000069
              ],
              [
                121.18106749800006,
                13.79827732700005
              ],
              [
                121.18107104700005,
                13.798280247000037
              ],
              [
                121.18108605300006,
                13.798292333000063
              ],
              [
                121.18109086000004,
                13.798296062000077
              ],
              [
                121.1810969710001,
                13.798300779000044
              ],
              [
                121.18110204700008,
                13.798304823000024
              ],
              [
                121.18110802300009,
                13.798309495000069
              ],
              [
                121.18111349900005,
                13.79831370100004
              ],
              [
                121.18114173400011,
                13.798335835000046
              ],
              [
                121.18114543700005,
                13.798339144000067
              ],
              [
                121.18116985300003,
                13.798357790000068
              ],
              [
                121.18119316000002,
                13.798376011000073
              ],
              [
                121.18120407200001,
                13.798388278000061
              ],
              [
                121.18120777800004,
                13.798392801000034
              ],
              [
                121.18121056300004,
                13.798396251000042
              ],
              [
                121.18121449900002,
                13.798401209000076
              ],
              [
                121.18121927800007,
                13.798407189000045
              ],
              [
                121.181221348,
                13.798409795000055
              ],
              [
                121.18122970400009,
                13.798420299000043
              ],
              [
                121.18123292400003,
                13.798424260000047
              ],
              [
                121.18123975300011,
                13.798432863000073
              ],
              [
                121.1812471930001,
                13.798442118000025
              ],
              [
                121.18125377800004,
                13.798450378000041
              ],
              [
                121.18125917000009,
                13.798457073000066
              ],
              [
                121.18126635100009,
                13.798466069000028
              ],
              [
                121.18126931600011,
                13.798469774000068
              ],
              [
                121.18127550000008,
                13.798477518000027
              ],
              [
                121.18128007500002,
                13.798483217000069
              ],
              [
                121.18128429100011,
                13.79848845600003
              ],
              [
                121.18128830300009,
                13.798493516000065
              ],
              [
                121.18129006700008,
                13.798495713000023
              ],
              [
                121.18130437800005,
                13.798512069000026
              ],
              [
                121.18130875500003,
                13.798515826000028
              ],
              [
                121.18131069000003,
                13.798517487000026
              ],
              [
                121.18131472800007,
                13.798521039000036
              ],
              [
                121.18131817800008,
                13.798524003000068
              ],
              [
                121.18132295700002,
                13.798528143000055
              ],
              [
                121.18133149200003,
                13.798535427000047
              ],
              [
                121.18133949100002,
                13.798542352000027
              ],
              [
                121.18134720900002,
                13.798549022000032
              ],
              [
                121.18135221800003,
                13.798553341000058
              ],
              [
                121.18135676700001,
                13.798557302000063
              ],
              [
                121.18137069500006,
                13.798569262000058
              ],
              [
                121.18137422100006,
                13.798572278000051
              ],
              [
                121.18138030400007,
                13.79857759400005
              ],
              [
                121.18138132600006,
                13.798578488000032
              ],
              [
                121.18138197500002,
                13.798579042000028
              ],
              [
                121.18138219700006,
                13.798579240000038
              ],
              [
                121.1813875360001,
                13.798580507000054
              ],
              [
                121.18139277500006,
                13.798581734000038
              ],
              [
                121.18140221200008,
                13.79858394300004
              ],
              [
                121.18140565500005,
                13.798584749000042
              ],
              [
                121.18141214600007,
                13.79858628200003
              ],
              [
                121.18142510300004,
                13.798589324000034
              ],
              [
                121.1814378040001,
                13.798592314000075
              ],
              [
                121.18144419300006,
                13.798593821000054
              ],
              [
                121.18144543800008,
                13.798594129000037
              ],
              [
                121.18146628400007,
                13.798592921000022
              ],
              [
                121.18149688800008,
                13.798584954000034
              ],
              [
                121.18151894300001,
                13.79858104400006
              ],
              [
                121.18154959500009,
                13.79857553000005
              ],
              [
                121.18158152900003,
                13.798580405000052
              ],
              [
                121.18161334500007,
                13.798585286000048
              ],
              [
                121.18164631200011,
                13.798590371000046
              ],
              [
                121.18167282600007,
                13.79860806000005
              ],
              [
                121.18167924000011,
                13.798612372000036
              ],
              [
                121.18170213000008,
                13.798627596000074
              ],
              [
                121.1817083740001,
                13.79863305200007
              ],
              [
                121.1817201660001,
                13.798643206000065
              ],
              [
                121.1817314110001,
                13.798653989000059
              ],
              [
                121.18175627800008,
                13.798676284000067
              ],
              [
                121.18177038100009,
                13.798686512000074
              ],
              [
                121.18178028800003,
                13.79869943600005
              ],
              [
                121.1817944610001,
                13.798707346000072
              ],
              [
                121.18180668600007,
                13.798717872000054
              ],
              [
                121.18181902000003,
                13.798728520000054
              ],
              [
                121.18183002100011,
                13.798739737000062
              ],
              [
                121.1818444910001,
                13.798750514000062
              ],
              [
                121.1818568860001,
                13.798761132000038
              ],
              [
                121.1818693890001,
                13.798771997000074
              ],
              [
                121.18188404300008,
                13.79878689800006
              ],
              [
                121.18189479800003,
                13.79879388200004
              ],
              [
                121.18190762600011,
                13.798804994000022
              ],
              [
                121.18193096400012,
                13.798825102000023
              ],
              [
                121.18194393100009,
                13.798836276000031
              ],
              [
                121.18195521300004,
                13.798845207000056
              ],
              [
                121.18196767100005,
                13.79885684800007
              ],
              [
                121.18198048400006,
                13.798867821000044
              ],
              [
                121.18199320400004,
                13.798878794000075
              ],
              [
                121.18200524300005,
                13.798889211000073
              ],
              [
                121.18201745300007,
                13.798899814000038
              ],
              [
                121.18203012700008,
                13.79891071000003
              ],
              [
                121.18204295500004,
                13.798921823000057
              ],
              [
                121.1820655350001,
                13.79894155900007
              ],
              [
                121.18208898000012,
                13.79896240000005
              ],
              [
                121.18210854800009,
                13.798979379000059
              ],
              [
                121.18212129900007,
                13.798990383000046
              ],
              [
                121.18214245800004,
                13.799008729000036
              ],
              [
                121.1821513750001,
                13.799021542000048
              ],
              [
                121.18215216100009,
                13.799022827000044
              ],
              [
                121.18216503800011,
                13.799043937000022
              ],
              [
                121.18217101900007,
                13.799053596000022
              ],
              [
                121.18217795900011,
                13.799064956000052
              ],
              [
                121.1821904630001,
                13.79908656300006
              ],
              [
                121.18220213100005,
                13.799108185000023
              ],
              [
                121.18220746400004,
                13.799118108000073
              ],
              [
                121.18221216200004,
                13.799136098000076
              ],
              [
                121.18221254800005,
                13.799146577000045
              ],
              [
                121.18221295,
                13.799155804000065
              ],
              [
                121.18221336800002,
                13.799166298000046
              ],
              [
                121.18221373900008,
                13.79917645200004
              ],
              [
                121.18221421800001,
                13.79918710100003
              ],
              [
                121.18221430200003,
                13.799189420000062
              ],
              [
                121.18221497500008,
                13.799207023000065
              ],
              [
                121.18221511400009,
                13.799210176000031
              ],
              [
                121.18221543900006,
                13.799219048000054
              ],
              [
                121.18221791200006,
                13.799238151000054
              ],
              [
                121.18221950300006,
                13.79925012900003
              ],
              [
                121.18222077100006,
                13.799260020000077
              ],
              [
                121.18222143500009,
                13.799264765000032
              ],
              [
                121.18222307400004,
                13.799277269000072
              ],
              [
                121.18222386200011,
                13.799283544000048
              ],
              [
                121.182225721,
                13.799297898000077
              ],
              [
                121.18222653600003,
                13.799304254000049
              ],
              [
                121.18222928700004,
                13.799312662000034
              ],
              [
                121.18223257900001,
                13.799322492000044
              ],
              [
                121.18223570100008,
                13.799331811000059
              ],
              [
                121.18223913200006,
                13.79934225900007
              ],
              [
                121.1822426870001,
                13.799352893000048
              ],
              [
                121.18216776000008,
                13.79938753700003
              ],
              [
                121.18185464300007,
                13.801392970000052
              ],
              [
                121.18193316200006,
                13.804101850000052
              ],
              [
                121.18209019800008,
                13.806143324000061
              ],
              [
                121.18261844400001,
                13.809488075000047
              ],
              [
                121.18269822500008,
                13.811535801000048
              ],
              [
                121.1839995040001,
                13.817441104000068
              ],
              [
                121.18390657100008,
                13.819214508000073
              ],
              [
                121.18394327500005,
                13.819365403000063
              ],
              [
                121.18402076200005,
                13.819455124000058
              ],
              [
                121.18424098800006,
                13.819740602000024
              ],
              [
                121.18433478700001,
                13.819993453000052
              ],
              [
                121.18432255300002,
                13.820246305000069
              ],
              [
                121.18447752600002,
                13.820376808000049
              ],
              [
                121.18455501300002,
                13.820662286000072
              ],
              [
                121.18464473400002,
                13.820882511000036
              ],
              [
                121.18471814300005,
                13.821045641000069
              ],
              [
                121.18477116000008,
                13.821310727000025
              ],
              [
                121.18484049000006,
                13.821530953000035
              ],
              [
                121.18480378600009,
                13.821698161000029
              ],
              [
                121.18485272500004,
                13.821861291000062
              ],
              [
                121.18484049000006,
                13.82201626400007
              ],
              [
                121.18479562900006,
                13.822334368000043
              ],
              [
                121.18478339500007,
                13.822664706000069
              ],
              [
                121.18231815500008,
                13.825196525000024
              ],
              [
                121.18231790900006,
                13.825196577000042
              ],
              [
                121.18231455800003,
                13.825200018000032
              ]
            ]
          ]
        ]
      },
      "id": 10
    },
    {
      "type": "Feature",
      "properties": {
        "id": 11,
        "name": "Itlugan",
        "ADM4_EN": "Itlugan",
        "diversity": 0.77,
        "diversity_score": 0.77,
        "height": 913,
        "min_height": 0,
        "base_height": 0,
        "color": "#94d180",
        "colorRgb": [
          148,
          209,
          128
        ],
        "tier": "High Urban Mix",
        "primaryZone": "PDA-SZ",
        "area_sqkm": 5.25,
        "distribution": [
          {
            "name": "PDA-SZ",
            "value": 33.2
          },
          {
            "name": "PTA-SZ-RA",
            "value": 27.7
          },
          {
            "name": "FZ",
            "value": 17.4
          },
          {
            "name": "R1-Z",
            "value": 9.8
          },
          {
            "name": "C1-Z",
            "value": 5.4
          },
          {
            "name": "WZ",
            "value": 3.7
          },
          {
            "name": "ROAD",
            "value": 1.8
          },
          {
            "name": "T-Z",
            "value": 0.3
          },
          {
            "name": "AgIndZ-PGR",
            "value": 0.2
          },
          {
            "name": "I1-Z",
            "value": 0.2
          },
          {
            "name": "GI-Z",
            "value": 0.2
          },
          {
            "name": "PROPOSED ROAD",
            "value": 0.1
          }
        ],
        "extrusion_height": 913,
        "centroid": [
          121.204872,
          13.821013
        ],
        "zoneLabel": "Production Agricultural",
        "clupColor": "#94d180"
      },
      "geometry": {
        "type": "MultiPolygon",
        "coordinates": [
          [
            [
              [
                121.21688539000002,
                13.832227377000038
              ],
              [
                121.21640355200009,
                13.832862528000021
              ],
              [
                121.21552471900009,
                13.832383338000056
              ],
              [
                121.21182370400004,
                13.832120705000023
              ],
              [
                121.20434761000001,
                13.831501638000077
              ],
              [
                121.19698763000008,
                13.831894400000067
              ],
              [
                121.19666731000007,
                13.831906712000034
              ],
              [
                121.19684460300005,
                13.831483675000072
              ],
              [
                121.1969617100001,
                13.831054978000054
              ],
              [
                121.19696400900011,
                13.830683383000064
              ],
              [
                121.19685899400008,
                13.830244287000028
              ],
              [
                121.1966378940001,
                13.829602324000064
              ],
              [
                121.19640620000007,
                13.829020354000022
              ],
              [
                121.19603347000009,
                13.828329297000039
              ],
              [
                121.19575243700001,
                13.827817441000036
              ],
              [
                121.19547876900003,
                13.827058758000021
              ],
              [
                121.19564590900006,
                13.825595899000064
              ],
              [
                121.19549219500004,
                13.821189588000038
              ],
              [
                121.19517394900004,
                13.820081382000069
              ],
              [
                121.19479905300011,
                13.818462621000037
              ],
              [
                121.1946150440001,
                13.817334156000072
              ],
              [
                121.19442525400007,
                13.816098417000035
              ],
              [
                121.19411495700001,
                13.815077420000023
              ],
              [
                121.19489871400003,
                13.812119578000022
              ],
              [
                121.19505251500004,
                13.810819457000036
              ],
              [
                121.19431407200011,
                13.807873950000044
              ],
              [
                121.194200066,
                13.806862016000025
              ],
              [
                121.19401684000002,
                13.80587025400007
              ],
              [
                121.19409216800011,
                13.805886994000048
              ],
              [
                121.19444369900009,
                13.805970691000027
              ],
              [
                121.19680314000004,
                13.806397256000025
              ],
              [
                121.19958172600002,
                13.807703194000055
              ],
              [
                121.1995330740001,
                13.808601873000043
              ],
              [
                121.20121107500006,
                13.808831848000068
              ],
              [
                121.20231493000006,
                13.810717215000068
              ],
              [
                121.2043090840001,
                13.810639713000057
              ],
              [
                121.20577409000009,
                13.81169363600003
              ],
              [
                121.20763509500011,
                13.81278655400007
              ],
              [
                121.20847510200008,
                13.81391247700003
              ],
              [
                121.20866511000008,
                13.815300386000047
              ],
              [
                121.20900328700009,
                13.816203668000071
              ],
              [
                121.20901935900008,
                13.816216939000071
              ],
              [
                121.21338005500002,
                13.819787748000067
              ],
              [
                121.21578413200007,
                13.819444076000025
              ],
              [
                121.21684413500009,
                13.820047031000058
              ],
              [
                121.21779013700007,
                13.820499996000024
              ],
              [
                121.21866814200007,
                13.821363935000022
              ],
              [
                121.21954514800007,
                13.82241586200007
              ],
              [
                121.21984140000006,
                13.82365104300004
              ],
              [
                121.22023140700003,
                13.823856044000024
              ],
              [
                121.2203656590001,
                13.826413885000022
              ],
              [
                121.2200934650001,
                13.827354421000052
              ],
              [
                121.21967527100003,
                13.830061681000075
              ],
              [
                121.21934133400009,
                13.83010241200003
              ],
              [
                121.21787043100005,
                13.830281784000022
              ],
              [
                121.21719201400003,
                13.831789342000036
              ],
              [
                121.21688539000002,
                13.832227377000038
              ]
            ]
          ]
        ]
      },
      "id": 11
    },
    {
      "type": "Feature",
      "properties": {
        "id": 12,
        "name": "Lumbangan",
        "ADM4_EN": "Lumbangan",
        "diversity": 0.72,
        "diversity_score": 0.72,
        "height": 850,
        "min_height": 0,
        "base_height": 0,
        "color": "#94d180",
        "colorRgb": [
          148,
          209,
          128
        ],
        "tier": "Diverse Growth Node",
        "primaryZone": "PDA-SZ",
        "area_sqkm": 3.37,
        "distribution": [
          {
            "name": "PDA-SZ",
            "value": 40.9
          },
          {
            "name": "PTA-SZ-RA",
            "value": 29.4
          },
          {
            "name": "AgIndZ-PTR",
            "value": 13.2
          },
          {
            "name": "R1-Z",
            "value": 7
          },
          {
            "name": "C1-Z",
            "value": 4.1
          },
          {
            "name": "ROAD",
            "value": 2.2
          },
          {
            "name": "AgIndZ-PGR",
            "value": 1.1
          },
          {
            "name": "T-Z",
            "value": 1
          },
          {
            "name": "WZ",
            "value": 0.5
          },
          {
            "name": "FZ",
            "value": 0.4
          },
          {
            "name": "AgIndZ",
            "value": 0.2
          },
          {
            "name": "GI-Z",
            "value": 0.1
          }
        ],
        "extrusion_height": 850,
        "centroid": [
          121.265373,
          13.81617
        ],
        "zoneLabel": "Production Agricultural",
        "clupColor": "#94d180"
      },
      "geometry": {
        "type": "MultiPolygon",
        "coordinates": [
          [
            [
              [
                121.26692079000009,
                13.82013596400003
              ],
              [
                121.26683452600003,
                13.820185499000047
              ],
              [
                121.26666099200008,
                13.820108789000074
              ],
              [
                121.26620127800004,
                13.81984609500006
              ],
              [
                121.26610495700004,
                13.819767287000047
              ],
              [
                121.2653431440001,
                13.819373246000055
              ],
              [
                121.2643492850001,
                13.818812832000049
              ],
              [
                121.2631759190001,
                13.818112315000064
              ],
              [
                121.26161312700003,
                13.81723116300003
              ],
              [
                121.2605188870001,
                13.81669842100007
              ],
              [
                121.2605183390001,
                13.81669815600003
              ],
              [
                121.2604166220001,
                13.817662212000073
              ],
              [
                121.2603586250001,
                13.818231441000023
              ],
              [
                121.26033070000005,
                13.818785633000061
              ],
              [
                121.26031136800009,
                13.818987548000052
              ],
              [
                121.26027270300006,
                13.819303309000077
              ],
              [
                121.26023618700003,
                13.819503076000046
              ],
              [
                121.26019967000002,
                13.819711435000045
              ],
              [
                121.256757106,
                13.818680888000074
              ],
              [
                121.25452510600007,
                13.81840691900004
              ],
              [
                121.25207410100006,
                13.817456995000043
              ],
              [
                121.25072609400002,
                13.816144088000044
              ],
              [
                121.25437295900008,
                13.813666800000021
              ],
              [
                121.25437402300008,
                13.813647943000035
              ],
              [
                121.25486904900004,
                13.809000527000023
              ],
              [
                121.25571902200011,
                13.804683801000067
              ],
              [
                121.26054525000006,
                13.806020870000054
              ],
              [
                121.27127001100007,
                13.804117748000067
              ],
              [
                121.27703201300005,
                13.804993658000058
              ],
              [
                121.28169770700003,
                13.804939478000051
              ],
              [
                121.27569704500002,
                13.810190329000022
              ],
              [
                121.27504905600006,
                13.811912221000057
              ],
              [
                121.27533905900009,
                13.812437185000022
              ],
              [
                121.27552206200005,
                13.813000148000071
              ],
              [
                121.27504906400009,
                13.813298131000067
              ],
              [
                121.27435406600011,
                13.813559118000057
              ],
              [
                121.26982195200003,
                13.814674313000069
              ],
              [
                121.26947269900006,
                13.816447018000076
              ],
              [
                121.26827950300003,
                13.816534938000075
              ],
              [
                121.26822926300008,
                13.817489495000075
              ],
              [
                121.2687191010001,
                13.817652774000067
              ],
              [
                121.26873166100006,
                13.81801701300003
              ],
              [
                121.26863118100005,
                13.818368692000035
              ],
              [
                121.26835486200002,
                13.818619891000026
              ],
              [
                121.26835486200002,
                13.819021809000049
              ],
              [
                121.26846790200011,
                13.819323248000046
              ],
              [
                121.26856472500003,
                13.819714160000046
              ],
              [
                121.26851591600007,
                13.81972250900003
              ],
              [
                121.2683579290001,
                13.819771960000026
              ],
              [
                121.26766775500005,
                13.819926095000028
              ],
              [
                121.26698598900009,
                13.820098526000038
              ],
              [
                121.26692079000009,
                13.82013596400003
              ]
            ]
          ]
        ]
      },
      "id": 12
    },
    {
      "type": "Feature",
      "properties": {
        "id": 13,
        "name": "Maalas-As",
        "ADM4_EN": "Maalas-As",
        "diversity": 0.81,
        "diversity_score": 0.81,
        "height": 965,
        "min_height": 0,
        "base_height": 0,
        "color": "#5bb93c",
        "colorRgb": [
          91,
          185,
          60
        ],
        "tier": "High Urban Mix",
        "primaryZone": "FZ",
        "area_sqkm": 2.31,
        "distribution": [
          {
            "name": "FZ",
            "value": 29.4
          },
          {
            "name": "PTA-SZ-RA",
            "value": 22.9
          },
          {
            "name": "PDA-SZ",
            "value": 19.8
          },
          {
            "name": "R1-Z",
            "value": 10.2
          },
          {
            "name": "WZ",
            "value": 5.2
          },
          {
            "name": "C1-Z",
            "value": 3.4
          },
          {
            "name": "AgIndZ-PGR",
            "value": 2.8
          },
          {
            "name": "AgIndZ-PTR",
            "value": 2.4
          },
          {
            "name": "I1-Z",
            "value": 1.7
          },
          {
            "name": "CMRF",
            "value": 1
          },
          {
            "name": "ROAD",
            "value": 1
          },
          {
            "name": "GI-Z",
            "value": 0.1
          },
          {
            "name": "T-Z",
            "value": 0.1
          }
        ],
        "extrusion_height": 965,
        "centroid": [
          121.210822,
          13.810805
        ],
        "zoneLabel": "Forest Zone",
        "clupColor": "#5bb93c"
      },
      "geometry": {
        "type": "MultiPolygon",
        "coordinates": [
          [
            [
              [
                121.22347410500004,
                13.815759270000058
              ],
              [
                121.21684413500009,
                13.820047031000058
              ],
              [
                121.21578413200007,
                13.819444076000025
              ],
              [
                121.21338005500002,
                13.819787748000067
              ],
              [
                121.20901935900008,
                13.816216939000071
              ],
              [
                121.20900328700009,
                13.816203668000071
              ],
              [
                121.20866511000008,
                13.815300386000047
              ],
              [
                121.20847510200008,
                13.81391247700003
              ],
              [
                121.20763509500011,
                13.81278655400007
              ],
              [
                121.20577409000009,
                13.81169363600003
              ],
              [
                121.2043090840001,
                13.810639713000057
              ],
              [
                121.20231493000006,
                13.810717215000068
              ],
              [
                121.20121107500006,
                13.808831848000068
              ],
              [
                121.1995330740001,
                13.808601873000043
              ],
              [
                121.19958172600002,
                13.807703194000055
              ],
              [
                121.20012220000001,
                13.807553063000057
              ],
              [
                121.2007227260001,
                13.80746298400004
              ],
              [
                121.20147338400011,
                13.807192747000045
              ],
              [
                121.2022840940001,
                13.806832432000022
              ],
              [
                121.20312483100008,
                13.806652274000044
              ],
              [
                121.20459612000002,
                13.806682300000034
              ],
              [
                121.20789901400008,
                13.806321984000022
              ],
              [
                121.20858102200009,
                13.806321984000022
              ],
              [
                121.20879980300003,
                13.806321984000022
              ],
              [
                121.20976064500007,
                13.80572145800005
              ],
              [
                121.21246301200006,
                13.805090906000032
              ],
              [
                121.21438469600002,
                13.80467053700005
              ],
              [
                121.2168468530001,
                13.80394990600007
              ],
              [
                121.21789777400011,
                13.803319354000052
              ],
              [
                121.21850990100006,
                13.805070430000058
              ],
              [
                121.2196750920001,
                13.813236456000027
              ],
              [
                121.21978909800009,
                13.814248389000056
              ],
              [
                121.22007910200011,
                13.814849349000042
              ],
              [
                121.22095610300005,
                13.81518832200004
              ],
              [
                121.2215361000001,
                13.814741347000052
              ],
              [
                121.22245210100004,
                13.814968327000031
              ],
              [
                121.22347410500004,
                13.815759270000058
              ]
            ]
          ]
        ]
      },
      "id": 13
    },
    {
      "type": "Feature",
      "properties": {
        "id": 14,
        "name": "Mabato",
        "ADM4_EN": "Mabato",
        "diversity": 0.51,
        "diversity_score": 0.51,
        "height": 594,
        "min_height": 0,
        "base_height": 0,
        "color": "#94d180",
        "colorRgb": [
          148,
          209,
          128
        ],
        "tier": "Balanced Agro-Town",
        "primaryZone": "PDA-SZ",
        "area_sqkm": 8.39,
        "distribution": [
          {
            "name": "PDA-SZ",
            "value": 68.7
          },
          {
            "name": "I1-Z",
            "value": 8.9
          },
          {
            "name": "FZ",
            "value": 7
          },
          {
            "name": "R1-Z",
            "value": 4.8
          },
          {
            "name": "WZ",
            "value": 4.4
          },
          {
            "name": "C1-Z",
            "value": 2.5
          },
          {
            "name": "AgIndZ-PTR",
            "value": 1.5
          },
          {
            "name": "ROAD",
            "value": 1.1
          },
          {
            "name": "5491-APDA-SZ",
            "value": 0.3
          },
          {
            "name": "T-Z",
            "value": 0.3
          },
          {
            "name": "AgIndZ-PGR",
            "value": 0.3
          },
          {
            "name": "PTA-SZ-RA",
            "value": 0.2
          },
          {
            "name": "GI-Z",
            "value": 0.1
          }
        ],
        "extrusion_height": 594,
        "centroid": [
          121.29777,
          13.810309
        ],
        "zoneLabel": "Production Agricultural",
        "clupColor": "#94d180"
      },
      "geometry": {
        "type": "MultiPolygon",
        "coordinates": [
          [
            [
              [
                121.30198019600004,
                13.837324418000037
              ],
              [
                121.3011411970001,
                13.837434416000065
              ],
              [
                121.30005019400005,
                13.836905456000068
              ],
              [
                121.2994631900001,
                13.836117511000054
              ],
              [
                121.29887518400005,
                13.835066582000024
              ],
              [
                121.29836417700005,
                13.833978656000056
              ],
              [
                121.2969071760001,
                13.833561691000057
              ],
              [
                121.29551817700008,
                13.833669692000058
              ],
              [
                121.29464117600003,
                13.833442712000021
              ],
              [
                121.29460316900008,
                13.832242790000066
              ],
              [
                121.29168116200003,
                13.83084789700007
              ],
              [
                121.28927015900001,
                13.83016595600003
              ],
              [
                121.28588215500008,
                13.829144041000063
              ],
              [
                121.28566116600007,
                13.830977924000024
              ],
              [
                121.28534117200002,
                13.832026858000063
              ],
              [
                121.28476119000004,
                13.834909674000073
              ],
              [
                121.28432620100011,
                13.836594568000066
              ],
              [
                121.2786322610001,
                13.834791842000072
              ],
              [
                121.27750247300003,
                13.834091534000038
              ],
              [
                121.27731019700002,
                13.833879770000067
              ],
              [
                121.27713953600005,
                13.833638490000055
              ],
              [
                121.27585258500005,
                13.83154606100004
              ],
              [
                121.27882828400004,
                13.820467830000041
              ],
              [
                121.278948,
                13.820368664000057
              ],
              [
                121.27897809600006,
                13.820349351000061
              ],
              [
                121.2823049430001,
                13.810696199000063
              ],
              [
                121.28440391700008,
                13.807533966000051
              ],
              [
                121.28538790300001,
                13.805776578000064
              ],
              [
                121.2897812220001,
                13.801155706000031
              ],
              [
                121.29233696200004,
                13.797865032000061
              ],
              [
                121.29480093900008,
                13.79435124500003
              ],
              [
                121.2966309300001,
                13.792953325000042
              ],
              [
                121.29810092100001,
                13.791714397000021
              ],
              [
                121.29897908300006,
                13.792163408000022
              ],
              [
                121.2989677810001,
                13.792360976000055
              ],
              [
                121.29898285000002,
                13.792510982000067
              ],
              [
                121.29901675600001,
                13.792763430000036
              ],
              [
                121.29903936000005,
                13.79294270400004
              ],
              [
                121.29903936000005,
                13.793315887000063
              ],
              [
                121.29899415200009,
                13.793498819000035
              ],
              [
                121.29881332200011,
                13.793795170000067
              ],
              [
                121.29866639800002,
                13.79397810200004
              ],
              [
                121.29847803300004,
                13.794076885000038
              ],
              [
                121.2981917190001,
                13.794402504000061
              ],
              [
                121.29816534800011,
                13.794570801000077
              ],
              [
                121.29827083200007,
                13.794735439000021
              ],
              [
                121.29839515300011,
                13.79484154000005
              ],
              [
                121.298462964,
                13.794991543000037
              ],
              [
                121.29846673100008,
                13.795163499000068
              ],
              [
                121.29837631600003,
                13.795295209000074
              ],
              [
                121.29825576300004,
                13.795335454000053
              ],
              [
                121.29789787000004,
                13.795540337000034
              ],
              [
                121.29782252400003,
                13.795609850000062
              ],
              [
                121.29766053000003,
                13.795664730000055
              ],
              [
                121.2975701150001,
                13.795814733000043
              ],
              [
                121.29759271900002,
                13.795990346000053
              ],
              [
                121.29767936700011,
                13.796136690000026
              ],
              [
                121.29772457400009,
                13.79636718300003
              ],
              [
                121.29774341100006,
                13.796703774000036
              ],
              [
                121.29768690100002,
                13.796952559000033
              ],
              [
                121.29743826000004,
                13.797523299000034
              ],
              [
                121.29760025400003,
                13.797903791000067
              ],
              [
                121.29763415900004,
                13.79809037900003
              ],
              [
                121.29762285700008,
                13.79823672200007
              ],
              [
                121.29758895200007,
                13.798394041000051
              ],
              [
                121.29743826000004,
                13.798668433000046
              ],
              [
                121.29731017200004,
                13.798829410000053
              ],
              [
                121.2971519460001,
                13.79907087600003
              ],
              [
                121.29709543600006,
                13.799224535000064
              ],
              [
                121.29708790200004,
                13.799466
              ],
              [
                121.29711427300003,
                13.799659903000077
              ],
              [
                121.29713687700007,
                13.799817221000069
              ],
              [
                121.29716324800006,
                13.799919660000057
              ],
              [
                121.29730263800002,
                13.800179417000038
              ],
              [
                121.2973742160001,
                13.800340393000056
              ],
              [
                121.29758141700006,
                13.800629418000028
              ],
              [
                121.29764546100012,
                13.800808686000039
              ],
              [
                121.29762285700008,
                13.80097697900004
              ],
              [
                121.29755127900012,
                13.801328197000032
              ],
              [
                121.29755127900012,
                13.801503807000074
              ],
              [
                121.29750230400009,
                13.801635513000065
              ],
              [
                121.29739682000002,
                13.801759903000061
              ],
              [
                121.29712557500011,
                13.801935512000057
              ],
              [
                121.29700878900007,
                13.802070877000062
              ],
              [
                121.29697865000003,
                13.802250144000027
              ],
              [
                121.29700878900007,
                13.802583069000036
              ],
              [
                121.29707660000008,
                13.802769652000052
              ],
              [
                121.29723482600002,
                13.802905017000057
              ],
              [
                121.29744579500004,
                13.803029406000064
              ],
              [
                121.29773587600005,
                13.803120868000065
              ],
              [
                121.29810883800008,
                13.80325623300007
              ],
              [
                121.29822562400011,
                13.803431841000076
              ],
              [
                121.29834994500004,
                13.803702569000052
              ],
              [
                121.29834617800009,
                13.803852567000035
              ],
              [
                121.29824446100008,
                13.804174514000067
              ],
              [
                121.29779615300004,
                13.804459875000077
              ],
              [
                121.29769066900008,
                13.804628165000054
              ],
              [
                121.29762285700008,
                13.804774504000022
              ],
              [
                121.29766053000003,
                13.804946452000024
              ],
              [
                121.2977660150001,
                13.805085474000066
              ],
              [
                121.29800335400012,
                13.805272056000035
              ],
              [
                121.298199253,
                13.805356200000062
              ],
              [
                121.29834617800009,
                13.805400102000021
              ],
              [
                121.2985496120001,
                13.805418394000071
              ],
              [
                121.29870030300003,
                13.805495222000047
              ],
              [
                121.29882085700001,
                13.805634243000043
              ],
              [
                121.29886983100005,
                13.805780582000068
              ],
              [
                121.29888866800002,
                13.805948871000055
              ],
              [
                121.29883592600004,
                13.806142769000076
              ],
              [
                121.29869276900001,
                13.806369592000067
              ],
              [
                121.2985837010001,
                13.806605164000075
              ],
              [
                121.29858351700011,
                13.806605562000072
              ],
              [
                121.29860612100003,
                13.80677933800007
              ],
              [
                121.29866263000008,
                13.806929334000074
              ],
              [
                121.29882085700001,
                13.807061038000029
              ],
              [
                121.29934827800002,
                13.807145182000056
              ],
              [
                121.29946506400006,
                13.807291519000046
              ],
              [
                121.29943115800006,
                13.80744151500005
              ],
              [
                121.29938218300003,
                13.807565902000022
              ],
              [
                121.29921642200009,
                13.80788784300006
              ],
              [
                121.29923525900006,
                13.808063447000052
              ],
              [
                121.29937464900001,
                13.808198809000032
              ],
              [
                121.29954041000008,
                13.808286611000028
              ],
              [
                121.29970617000004,
                13.808356121000031
              ],
              [
                121.29986062900002,
                13.808392705000074
              ],
              [
                121.29993220800009,
                13.808560992000025
              ],
              [
                121.29992467300008,
                13.808718304000024
              ],
              [
                121.29977021400009,
                13.808989026000063
              ],
              [
                121.29961952300005,
                13.809329258000048
              ],
              [
                121.29957431500009,
                13.809643880000067
              ],
              [
                121.29966849800007,
                13.810020694000059
              ],
              [
                121.29966473000002,
                13.810371900000064
              ],
              [
                121.29970617000004,
                13.81050360100005
              ],
              [
                121.30009796900003,
                13.81114747600003
              ],
              [
                121.30016201300009,
                13.811396245000026
              ],
              [
                121.30017331500005,
                13.81162306400006
              ],
              [
                121.3002373590001,
                13.811945
              ],
              [
                121.30019968600004,
                13.812190110000074
              ],
              [
                121.300048994,
                13.812504728000022
              ],
              [
                121.30001885600007,
                13.812636429000065
              ],
              [
                121.30003769200005,
                13.812779104000072
              ],
              [
                121.30006406300004,
                13.812870563000047
              ],
              [
                121.30014694400006,
                13.812954705000038
              ],
              [
                121.30026749700005,
                13.81303884700003
              ],
              [
                121.30074217600009,
                13.813221764000048
              ],
              [
                121.30097198100009,
                13.813342489000036
              ],
              [
                121.30129220100002,
                13.81344492200003
              ],
              [
                121.30134117600005,
                13.813664422000045
              ],
              [
                121.30135247700002,
                13.814037572000075
              ],
              [
                121.30148810000003,
                13.814260730000058
              ],
              [
                121.30183845800002,
                13.814579004000052
              ],
              [
                121.30198161500005,
                13.814794845000051
              ],
              [
                121.30199330800008,
                13.814989620000063
              ],
              [
                121.30198161500005,
                13.81512043400005
              ],
              [
                121.30195901200011,
                13.815252134000048
              ],
              [
                121.30188743300005,
                13.815475290000052
              ],
              [
                121.30187613100009,
                13.815658205000034
              ],
              [
                121.30196277900006,
                13.815881362000027
              ],
              [
                121.30215491100012,
                13.816064276000077
              ],
              [
                121.30240732000004,
                13.816089885000054
              ],
              [
                121.30263712400006,
                13.816174025000066
              ],
              [
                121.30284055800007,
                13.816302066000048
              ],
              [
                121.30299501700006,
                13.816466689000038
              ],
              [
                121.30310803600003,
                13.816708136000045
              ],
              [
                121.30311557100003,
                13.816949582000063
              ],
              [
                121.30304399200008,
                13.817421500000023
              ],
              [
                121.30303269,
                13.817886100000067
              ],
              [
                121.30313817400008,
                13.818131204000053
              ],
              [
                121.30334537500005,
                13.81828850900007
              ],
              [
                121.30354880900006,
                13.81838728200006
              ],
              [
                121.30373717400005,
                13.818449473000044
              ],
              [
                121.30417794700008,
                13.81860677800006
              ],
              [
                121.3041591110001,
                13.819071376000068
              ],
              [
                121.30391800400002,
                13.819400618000031
              ],
              [
                121.30382005400008,
                13.819594505000055
              ],
              [
                121.30377484700011,
                13.819846923000057
              ],
              [
                121.30378238100002,
                13.820081050000056
              ],
              [
                121.30383889100005,
                13.820538329000044
              ],
              [
                121.30392177100009,
                13.820980973000076
              ],
              [
                121.30393307300005,
                13.821237049000047
              ],
              [
                121.30400088400006,
                13.821485807000045
              ],
              [
                121.30421185300008,
                13.82164676800005
              ],
              [
                121.30447179600003,
                13.821628477000047
              ],
              [
                121.3015626240001,
                13.82932930100003
              ],
              [
                121.30112395200001,
                13.832507035000049
              ],
              [
                121.30099934800012,
                13.833384883000065
              ],
              [
                121.30154915700007,
                13.835593169000049
              ],
              [
                121.30198019600004,
                13.837324418000037
              ]
            ]
          ]
        ]
      },
      "id": 14
    },
    {
      "type": "Feature",
      "properties": {
        "id": 15,
        "name": "Mabunga",
        "ADM4_EN": "Mabunga",
        "diversity": 0.38,
        "diversity_score": 0.38,
        "height": 448,
        "min_height": 0,
        "base_height": 0,
        "color": "#94d180",
        "colorRgb": [
          148,
          209,
          128
        ],
        "tier": "Rural Agro-Community",
        "primaryZone": "PDA-SZ",
        "area_sqkm": 4.39,
        "distribution": [
          {
            "name": "PDA-SZ",
            "value": 77.7
          },
          {
            "name": "FZ",
            "value": 11.3
          },
          {
            "name": "R1-Z",
            "value": 5
          },
          {
            "name": "WZ",
            "value": 3.2
          },
          {
            "name": "ROAD",
            "value": 1.3
          },
          {
            "name": "C1-Z",
            "value": 0.7
          },
          {
            "name": "PTA-SZ-RA",
            "value": 0.6
          },
          {
            "name": "GI-Z",
            "value": 0.1
          }
        ],
        "extrusion_height": 448,
        "centroid": [
          121.301525,
          13.78219
        ],
        "zoneLabel": "Production Agricultural",
        "clupColor": "#94d180"
      },
      "geometry": {
        "type": "MultiPolygon",
        "coordinates": [
          [
            [
              [
                121.29480093900008,
                13.79435124500003
              ],
              [
                121.29233696200004,
                13.797865032000061
              ],
              [
                121.28822536300004,
                13.790922568000042
              ],
              [
                121.28692410000008,
                13.788938464000069
              ],
              [
                121.28242985300005,
                13.779040310000028
              ],
              [
                121.28421184600006,
                13.778032365000058
              ],
              [
                121.28480583900011,
                13.776856438000038
              ],
              [
                121.28817183600006,
                13.776688429000046
              ],
              [
                121.29395078300001,
                13.768527925000058
              ],
              [
                121.2945257560001,
                13.764097210000045
              ],
              [
                121.29701945400006,
                13.771165587000041
              ],
              [
                121.30674724100004,
                13.773485150000056
              ],
              [
                121.30669449900006,
                13.773646144000054
              ],
              [
                121.30669449900006,
                13.774019358000032
              ],
              [
                121.30676231000007,
                13.77426084900003
              ],
              [
                121.30681505200005,
                13.774363299000072
              ],
              [
                121.30682258700006,
                13.774531611000043
              ],
              [
                121.3067849140001,
                13.774641379000059
              ],
              [
                121.30675477600005,
                13.77473651200006
              ],
              [
                121.30672463700012,
                13.77485359800005
              ],
              [
                121.30673217200001,
                13.775021909000031
              ],
              [
                121.30683012100008,
                13.775417074000075
              ],
              [
                121.30680751800003,
                13.775570749000053
              ],
              [
                121.30668696400005,
                13.775687835000042
              ],
              [
                121.30654380700003,
                13.775731742000062
              ],
              [
                121.306408185,
                13.775841510000078
              ],
              [
                121.30623488900005,
                13.77588541700004
              ],
              [
                121.30610680100006,
                13.775987867000026
              ],
              [
                121.30603899000005,
                13.776119588000029
              ],
              [
                121.30589583300002,
                13.776229356000044
              ],
              [
                121.30569993400002,
                13.776273263000064
              ],
              [
                121.30557938000004,
                13.776302534000024
              ],
              [
                121.30548896500011,
                13.776441573000056
              ],
              [
                121.30552475400009,
                13.776661108000042
              ],
              [
                121.30550403400002,
                13.776807464000058
              ],
              [
                121.3054211540001,
                13.777114813000026
              ],
              [
                121.30537594600003,
                13.777312394000035
              ],
              [
                121.30536087700011,
                13.77749533900004
              ],
              [
                121.30535334300009,
                13.77772950800005
              ],
              [
                121.30527422900002,
                13.777890500000069
              ],
              [
                121.30512353800009,
                13.777970995000032
              ],
              [
                121.3050632610001,
                13.778139304000035
              ],
              [
                121.30497284600006,
                13.778812539000057
              ],
              [
                121.30499168300003,
                13.778988165000044
              ],
              [
                121.30514237400007,
                13.779112567000027
              ],
              [
                121.3052252550001,
                13.779255263000039
              ],
              [
                121.3053194370001,
                13.779569926000022
              ],
              [
                121.30555300900005,
                13.779855317000056
              ],
              [
                121.30557184600002,
                13.78001630700004
              ],
              [
                121.30547389600008,
                13.78013339100005
              ],
              [
                121.30530060100011,
                13.780100461000075
              ],
              [
                121.30517628000007,
                13.779994354000053
              ],
              [
                121.3050293550001,
                13.779902882000044
              ],
              [
                121.30487112900005,
                13.779913859000033
              ],
              [
                121.30470913600004,
                13.779976060000024
              ],
              [
                121.304558444,
                13.780056555000044
              ],
              [
                121.30445672700012,
                13.780177297000023
              ],
              [
                121.30430980200003,
                13.780257792000043
              ],
              [
                121.30398581500003,
                13.780330969000033
              ],
              [
                121.30385396000008,
                13.78047000500004
              ],
              [
                121.30371833700008,
                13.780532206000032
              ],
              [
                121.30343955800004,
                13.78071514900006
              ],
              [
                121.3032135200001,
                13.780828573000065
              ],
              [
                121.30296864600007,
                13.781055421000076
              ],
              [
                121.30266349500005,
                13.78101517400006
              ],
              [
                121.30254294200006,
                13.780894432000025
              ],
              [
                121.30254294200006,
                13.78071514900006
              ],
              [
                121.30229806800003,
                13.780565136000064
              ],
              [
                121.30197408100003,
                13.780539524000062
              ],
              [
                121.30169530100011,
                13.780773690000046
              ],
              [
                121.30156344600005,
                13.780949315000043
              ],
              [
                121.30132610600003,
                13.781329834000076
              ],
              [
                121.30106993100003,
                13.781549365000046
              ],
              [
                121.30094937700005,
                13.781681083000024
              ],
              [
                121.30096444600008,
                13.781834754000045
              ],
              [
                121.3010473270001,
                13.782006719000037
              ],
              [
                121.30106616300009,
                13.782314060000033
              ],
              [
                121.3011754150001,
                13.78250797800007
              ],
              [
                121.30125829500003,
                13.782606766000072
              ],
              [
                121.30143912500012,
                13.782676284000047
              ],
              [
                121.301574748,
                13.782793366000021
              ],
              [
                121.30163125700005,
                13.782947036000053
              ],
              [
                121.30158981700004,
                13.783111683000072
              ],
              [
                121.3013976850001,
                13.783532446000038
              ],
              [
                121.30136001200003,
                13.78371538600004
              ],
              [
                121.30135247700002,
                13.783869056000071
              ],
              [
                121.30132233900008,
                13.784048337000058
              ],
              [
                121.3012356910001,
                13.784198347000029
              ],
              [
                121.30111890500007,
                13.784304452000072
              ],
              [
                121.30097574800004,
                13.784384946000046
              ],
              [
                121.30080245300007,
                13.784450804000073
              ],
              [
                121.30051613800003,
                13.784652038000047
              ],
              [
                121.30031270500001,
                13.78478009500003
              ],
              [
                121.30019215100003,
                13.784922788000074
              ],
              [
                121.30010550400004,
                13.785054504000072
              ],
              [
                121.30010550400004,
                13.785738695000077
              ],
              [
                121.29996611400009,
                13.786024079000072
              ],
              [
                121.29983049100008,
                13.786152136000055
              ],
              [
                121.29957808200004,
                13.786583870000072
              ],
              [
                121.2995215730001,
                13.786748514000067
              ],
              [
                121.29960445400002,
                13.786935110000059
              ],
              [
                121.29969486900006,
                13.787048531000039
              ],
              [
                121.29958561700005,
                13.787418065000054
              ],
              [
                121.29938595100009,
                13.787542462000033
              ],
              [
                121.299333208,
                13.787699788000054
              ],
              [
                121.29935581200004,
                13.787890042000072
              ],
              [
                121.29940102000012,
                13.788029074000065
              ],
              [
                121.29952534000006,
                13.788182741000071
              ],
              [
                121.299691101,
                13.788479098000039
              ],
              [
                121.29993220800009,
                13.788731550000023
              ],
              [
                121.30007913200006,
                13.788833995000061
              ],
              [
                121.30022229000008,
                13.788962050000066
              ],
              [
                121.3002298240001,
                13.789115716000026
              ],
              [
                121.30010927100011,
                13.789210843000035
              ],
              [
                121.29993597500004,
                13.789269382000043
              ],
              [
                121.29977021400009,
                13.789276700000073
              ],
              [
                121.2996760320001,
                13.789401096000063
              ],
              [
                121.29957431500009,
                13.78967915800007
              ],
              [
                121.29951403900009,
                13.789927950000049
              ],
              [
                121.29942362300005,
                13.790081616000066
              ],
              [
                121.29934451000008,
                13.790465779000044
              ],
              [
                121.29959315200006,
                13.790915798000071
              ],
              [
                121.29958938400011,
                13.791109709000068
              ],
              [
                121.29952534000006,
                13.791256056000066
              ],
              [
                121.29939348500011,
                13.791358500000058
              ],
              [
                121.2990619630001,
                13.792006085000025
              ],
              [
                121.29897908300006,
                13.792163408000022
              ],
              [
                121.29810092100001,
                13.791714397000021
              ],
              [
                121.2966309300001,
                13.792953325000042
              ],
              [
                121.29480093900008,
                13.79435124500003
              ]
            ]
          ]
        ]
      },
      "id": 15
    },
    {
      "type": "Feature",
      "properties": {
        "id": 16,
        "name": "Macalamcam A",
        "ADM4_EN": "Macalamcam A",
        "diversity": 0.19,
        "diversity_score": 0.19,
        "height": 258,
        "min_height": 0,
        "base_height": 0,
        "color": "#94d180",
        "colorRgb": [
          148,
          209,
          128
        ],
        "tier": "Specialized Agriculture",
        "primaryZone": "PDA-SZ",
        "area_sqkm": 2.92,
        "distribution": [
          {
            "name": "PDA-SZ",
            "value": 89.6
          },
          {
            "name": "WZ",
            "value": 3.4
          },
          {
            "name": "R1-Z",
            "value": 2.3
          },
          {
            "name": "ROAD",
            "value": 1.5
          },
          {
            "name": "PTA-SZ-RA",
            "value": 1
          },
          {
            "name": "AgIndZ-PTR",
            "value": 0.9
          },
          {
            "name": "T-Z",
            "value": 0.6
          },
          {
            "name": "GI-Z",
            "value": 0.4
          },
          {
            "name": "AgIndZ-PGR",
            "value": 0.3
          }
        ],
        "extrusion_height": 258,
        "centroid": [
          121.304114,
          13.857334
        ],
        "zoneLabel": "Production Agricultural",
        "clupColor": "#94d180"
      },
      "geometry": {
        "type": "MultiPolygon",
        "coordinates": [
          [
            [
              [
                121.31247247200008,
                13.863591558000053
              ],
              [
                121.31212902000004,
                13.863827681000032
              ],
              [
                121.3115709110001,
                13.863784750000036
              ],
              [
                121.31090547200006,
                13.863763284000072
              ],
              [
                121.31036882900003,
                13.863527161000036
              ],
              [
                121.31000391100008,
                13.86365595500007
              ],
              [
                121.30968192400007,
                13.863570092000032
              ],
              [
                121.3095960610001,
                13.863269572000036
              ],
              [
                121.30955313000004,
                13.863011983000035
              ],
              [
                121.30938140400008,
                13.862647065000033
              ],
              [
                121.30880182900012,
                13.862260681000066
              ],
              [
                121.30798613000002,
                13.862046024000051
              ],
              [
                121.30734215700011,
                13.861874298000032
              ],
              [
                121.30650499300009,
                13.86150938000003
              ],
              [
                121.30601128100011,
                13.861208860000033
              ],
              [
                121.30556050000007,
                13.860951271000033
              ],
              [
                121.30489506100002,
                13.86075807900005
              ],
              [
                121.30429402000004,
                13.860865408000052
              ],
              [
                121.30371444500008,
                13.86075807900005
              ],
              [
                121.3031134040001,
                13.860371695000026
              ],
              [
                121.3025982260001,
                13.859942380000064
              ],
              [
                121.3021903770001,
                13.860092640000062
              ],
              [
                121.30191132200002,
                13.860092640000062
              ],
              [
                121.30143907500008,
                13.860285832000045
              ],
              [
                121.30109562300004,
                13.86007117500003
              ],
              [
                121.30073070500009,
                13.859835051000061
              ],
              [
                121.30006526700004,
                13.859641860000067
              ],
              [
                121.29935689700005,
                13.859470134000048
              ],
              [
                121.29886318500007,
                13.859169613000063
              ],
              [
                121.2984768010001,
                13.85906228400006
              ],
              [
                121.2978542940001,
                13.858869092000077
              ],
              [
                121.29727471900003,
                13.85854710600006
              ],
              [
                121.29726281800004,
                13.85854658900007
              ],
              [
                121.29678100700005,
                13.858525640000039
              ],
              [
                121.29624436300003,
                13.85878322900004
              ],
              [
                121.29611556800012,
                13.859083750000025
              ],
              [
                121.29598677400008,
                13.85931987300006
              ],
              [
                121.29560039000012,
                13.859513065000044
              ],
              [
                121.29514960900008,
                13.859513065000044
              ],
              [
                121.29450563700004,
                13.859513065000044
              ],
              [
                121.29409778700006,
                13.859405736000042
              ],
              [
                121.29377580100004,
                13.859276942000065
              ],
              [
                121.29315329400004,
                13.859126681000077
              ],
              [
                121.29428230100007,
                13.853973384000028
              ],
              [
                121.29424429200003,
                13.852437484000063
              ],
              [
                121.29438227600008,
                13.849889648000044
              ],
              [
                121.29515227800005,
                13.850228622000031
              ],
              [
                121.29683128200008,
                13.851133553000068
              ],
              [
                121.29777728500005,
                13.851586518000033
              ],
              [
                121.29810528200005,
                13.851250538000045
              ],
              [
                121.29869227900008,
                13.850764566000066
              ],
              [
                121.2995622730001,
                13.849905617000047
              ],
              [
                121.29978327000003,
                13.84934465200007
              ],
              [
                121.30079826600002,
                13.848860677000062
              ],
              [
                121.30240826500005,
                13.848790673000053
              ],
              [
                121.30390326500003,
                13.848870659000056
              ],
              [
                121.30539652200002,
                13.849136111000064
              ],
              [
                121.305620266,
                13.849175629000058
              ],
              [
                121.30718426500005,
                13.849180620000027
              ],
              [
                121.30780225800004,
                13.848020691000045
              ],
              [
                121.30845825800009,
                13.848098682000057
              ],
              [
                121.30922825900007,
                13.848325663000026
              ],
              [
                121.31060925700001,
                13.848254660000066
              ],
              [
                121.31170825900006,
                13.848670627000047
              ],
              [
                121.31328026300002,
                13.849424569000064
              ],
              [
                121.31375326600005,
                13.84987553700006
              ],
              [
                121.3162702730001,
                13.85130742900003
              ],
              [
                121.31487546400001,
                13.856299126000067
              ],
              [
                121.3141483610001,
                13.85860797500004
              ],
              [
                121.3139760570001,
                13.859710720000066
              ],
              [
                121.31406093800001,
                13.863205175000076
              ],
              [
                121.31361015700008,
                13.86296905100005
              ],
              [
                121.31307351400005,
                13.86296905100005
              ],
              [
                121.3127085960001,
                13.86322664000005
              ],
              [
                121.31247247200008,
                13.863591558000053
              ]
            ]
          ]
        ]
      },
      "id": 16
    },
    {
      "type": "Feature",
      "properties": {
        "id": 17,
        "name": "Macalamcam B",
        "ADM4_EN": "Macalamcam B",
        "diversity": 0.42,
        "diversity_score": 0.42,
        "height": 492,
        "min_height": 0,
        "base_height": 0,
        "color": "#94d180",
        "colorRgb": [
          148,
          209,
          128
        ],
        "tier": "Balanced Agro-Town",
        "primaryZone": "PDA-SZ",
        "area_sqkm": 3.76,
        "distribution": [
          {
            "name": "PDA-SZ",
            "value": 75.5
          },
          {
            "name": "PTA-SZ-RA",
            "value": 8.1
          },
          {
            "name": "AgIndZ-PGR",
            "value": 6.1
          },
          {
            "name": "AgIndZ-PTR",
            "value": 4.6
          },
          {
            "name": "WZ",
            "value": 3.8
          },
          {
            "name": "ROAD",
            "value": 0.9
          },
          {
            "name": "R1-Z",
            "value": 0.7
          },
          {
            "name": "GI-Z",
            "value": 0.3
          }
        ],
        "extrusion_height": 492,
        "centroid": [
          121.328145,
          13.864017
        ],
        "zoneLabel": "Production Agricultural",
        "clupColor": "#94d180"
      },
      "geometry": {
        "type": "MultiPolygon",
        "coordinates": [
          [
            [
              [
                121.33185975100002,
                13.86992734200004
              ],
              [
                121.33145150100006,
                13.870016755000051
              ],
              [
                121.3309172160001,
                13.869977835000043
              ],
              [
                121.33053010300011,
                13.869977835000043
              ],
              [
                121.32985686400002,
                13.869876849000036
              ],
              [
                121.3293519340001,
                13.869826356000033
              ],
              [
                121.32916679300001,
                13.869590723000044
              ],
              [
                121.32896482100011,
                13.869338258000028
              ],
              [
                121.32877968000003,
                13.869001638000043
              ],
              [
                121.32861137000009,
                13.868766004000065
              ],
              [
                121.32822425800009,
                13.868496709000055
              ],
              [
                121.32748369400008,
                13.868311568000024
              ],
              [
                121.32682728600003,
                13.868227413000056
              ],
              [
                121.32652432800012,
                13.868109596000068
              ],
              [
                121.32613721500002,
                13.867890793000072
              ],
              [
                121.32575010300002,
                13.867587835000052
              ],
              [
                121.3253461590001,
                13.86741952500006
              ],
              [
                121.32497587700004,
                13.867217554000035
              ],
              [
                121.32474024300006,
                13.867234385000074
              ],
              [
                121.32443728600003,
                13.867369032000056
              ],
              [
                121.32410066600005,
                13.867638328000055
              ],
              [
                121.3236798910001,
                13.867958117000057
              ],
              [
                121.32330961000002,
                13.868059103000064
              ],
              [
                121.32287200400003,
                13.868143258000032
              ],
              [
                121.32218193300002,
                13.86812642700005
              ],
              [
                121.32162651100009,
                13.868059103000064
              ],
              [
                121.32090277800012,
                13.86800861000006
              ],
              [
                121.32039784900007,
                13.867890793000072
              ],
              [
                121.32009489100005,
                13.867621497000073
              ],
              [
                121.31912737800008,
                13.86685344500006
              ],
              [
                121.31891219900001,
                13.866682627000046
              ],
              [
                121.3185687460001,
                13.866489435000062
              ],
              [
                121.3183755550001,
                13.866274777000058
              ],
              [
                121.318289692,
                13.865802531000043
              ],
              [
                121.31863314400005,
                13.865351750000059
              ],
              [
                121.31852581500004,
                13.864965366000035
              ],
              [
                121.31822529400006,
                13.864707777000035
              ],
              [
                121.31760278800004,
                13.864578983000058
              ],
              [
                121.31708760900005,
                13.86466484600004
              ],
              [
                121.31657243100005,
                13.864729243000056
              ],
              [
                121.31603578800002,
                13.864643380000075
              ],
              [
                121.31575673300006,
                13.864407257000039
              ],
              [
                121.31584259600004,
                13.864042339000036
              ],
              [
                121.31560647200001,
                13.863892079000038
              ],
              [
                121.31513422600005,
                13.863677421000034
              ],
              [
                121.31468344500001,
                13.86348422900005
              ],
              [
                121.31406093800001,
                13.863205175000076
              ],
              [
                121.3139760570001,
                13.859710720000066
              ],
              [
                121.3141483610001,
                13.85860797500004
              ],
              [
                121.31487546400001,
                13.856299126000067
              ],
              [
                121.3162702730001,
                13.85130742900003
              ],
              [
                121.31875827400006,
                13.851765385000022
              ],
              [
                121.31952027700004,
                13.852329344000054
              ],
              [
                121.32090928100001,
                13.853045290000068
              ],
              [
                121.32225928000003,
                13.852937289000067
              ],
              [
                121.32280927700003,
                13.85248931500007
              ],
              [
                121.32353427800001,
                13.85271629600004
              ],
              [
                121.32437327900004,
                13.853056269000035
              ],
              [
                121.32623427700003,
                13.852799275000052
              ],
              [
                121.32685227800005,
                13.853102252000042
              ],
              [
                121.32729528300001,
                13.85392719600003
              ],
              [
                121.32824128300001,
                13.85408018000004
              ],
              [
                121.32919528200011,
                13.853895187000035
              ],
              [
                121.33032428700005,
                13.85491111400006
              ],
              [
                121.33156493500007,
                13.854563143000064
              ],
              [
                121.33278899400011,
                13.85500588800005
              ],
              [
                121.33320569500006,
                13.855943465000053
              ],
              [
                121.33401305300004,
                13.856828955000026
              ],
              [
                121.33502876200009,
                13.857688401000075
              ],
              [
                121.33640908400002,
                13.85852180300003
              ],
              [
                121.33750292400009,
                13.859251029000063
              ],
              [
                121.33841445700011,
                13.859980256000028
              ],
              [
                121.33941832100004,
                13.86127164900006
              ],
              [
                121.33978432200001,
                13.861534630000051
              ],
              [
                121.33997228700002,
                13.864861215000076
              ],
              [
                121.3394673570001,
                13.865281990000028
              ],
              [
                121.33896242700007,
                13.865416638000056
              ],
              [
                121.33857531500007,
                13.86546713100006
              ],
              [
                121.33825552600001,
                13.865399807000074
              ],
              [
                121.33822186400005,
                13.86519783500006
              ],
              [
                121.3383901740001,
                13.864793891000033
              ],
              [
                121.33837334300006,
                13.864474103000077
              ],
              [
                121.33823869500009,
                13.864322624000067
              ],
              [
                121.33803672300007,
                13.864255300000025
              ],
              [
                121.33764961100007,
                13.864541427000063
              ],
              [
                121.33754862500007,
                13.864793891000033
              ],
              [
                121.33738031500002,
                13.864911708000022
              ],
              [
                121.33717834300012,
                13.86519783500006
              ],
              [
                121.33672390600009,
                13.865685934000055
              ],
              [
                121.33640411700003,
                13.865988891000029
              ],
              [
                121.33613482200008,
                13.866241356000046
              ],
              [
                121.3358991880001,
                13.86644332800006
              ],
              [
                121.33554573700007,
                13.866409666000038
              ],
              [
                121.3353101030001,
                13.86629184900005
              ],
              [
                121.33504080800003,
                13.866123539000057
              ],
              [
                121.33473785000001,
                13.866073046000054
              ],
              [
                121.33430024400002,
                13.866073046000054
              ],
              [
                121.33394679300011,
                13.86617403200006
              ],
              [
                121.33371116,
                13.86632551100007
              ],
              [
                121.33357651200004,
                13.86644332800006
              ],
              [
                121.33354285000007,
                13.866712624000058
              ],
              [
                121.33362700500004,
                13.866931427000054
              ],
              [
                121.33362700500004,
                13.867200723000053
              ],
              [
                121.33355968100011,
                13.867436356000042
              ],
              [
                121.3334082020001,
                13.867789807000065
              ],
              [
                121.33303792000004,
                13.868345230000045
              ],
              [
                121.33290327200007,
                13.868698680000023
              ],
              [
                121.33266763800009,
                13.868917483000075
              ],
              [
                121.33231418800005,
                13.869321427000045
              ],
              [
                121.332145878,
                13.869742202000054
              ],
              [
                121.33185975100002,
                13.86992734200004
              ]
            ]
          ]
        ]
      },
      "id": 17
    },
    {
      "type": "Feature",
      "properties": {
        "id": 18,
        "name": "Malaya",
        "ADM4_EN": "Malaya",
        "diversity": 0.47,
        "diversity_score": 0.47,
        "height": 548,
        "min_height": 0,
        "base_height": 0,
        "color": "#5bb93c",
        "colorRgb": [
          91,
          185,
          60
        ],
        "tier": "Balanced Agro-Town",
        "primaryZone": "FZ",
        "area_sqkm": 1.73,
        "distribution": [
          {
            "name": "FZ",
            "value": 70.8
          },
          {
            "name": "R1-Z",
            "value": 15.2
          },
          {
            "name": "WZ",
            "value": 6
          },
          {
            "name": "ROAD",
            "value": 2.9
          },
          {
            "name": "PDA-SZ",
            "value": 2.5
          },
          {
            "name": "AgIndZ-PGR",
            "value": 1.6
          },
          {
            "name": "GI-Z",
            "value": 0.6
          },
          {
            "name": "AgIndZ-PTR",
            "value": 0.4
          }
        ],
        "extrusion_height": 548,
        "centroid": [
          121.170562,
          13.851361
        ],
        "zoneLabel": "Forest Zone",
        "clupColor": "#5bb93c"
      },
      "geometry": {
        "type": "MultiPolygon",
        "coordinates": [
          [
            [
              [
                121.1676088700001,
                13.863689849000025
              ],
              [
                121.16774817400005,
                13.864496010000039
              ],
              [
                121.16743642600011,
                13.86406346700005
              ],
              [
                121.16618541500009,
                13.862188596000067
              ],
              [
                121.16478141000005,
                13.861184669000068
              ],
              [
                121.16499139000007,
                13.857900880000045
              ],
              [
                121.16618284900005,
                13.85502824200006
              ],
              [
                121.16638480400002,
                13.854402182000058
              ],
              [
                121.16676851800003,
                13.85329143000007
              ],
              [
                121.167414774,
                13.85234224100003
              ],
              [
                121.16808122500004,
                13.851534422000043
              ],
              [
                121.16852552600005,
                13.850443865000045
              ],
              [
                121.16884865400004,
                13.848929203000068
              ],
              [
                121.168505331,
                13.848000210000066
              ],
              [
                121.16609321500005,
                13.845012680000025
              ],
              [
                121.16602562000003,
                13.843187612000065
              ],
              [
                121.16609321500005,
                13.840551402000074
              ],
              [
                121.1662960000001,
                13.838996714000075
              ],
              [
                121.16710714200008,
                13.836901264000062
              ],
              [
                121.16828325200004,
                13.835443315000077
              ],
              [
                121.17015525300008,
                13.835819280000067
              ],
              [
                121.1709072540001,
                13.83601326300004
              ],
              [
                121.17207455200003,
                13.836320722000039
              ],
              [
                121.17209902200011,
                13.836675529000047
              ],
              [
                121.17190326600007,
                13.837305619000063
              ],
              [
                121.17165245400008,
                13.83781336100003
              ],
              [
                121.17161574900001,
                13.838180403000024
              ],
              [
                121.17146281500004,
                13.838578032000044
              ],
              [
                121.17137105400002,
                13.83906130500003
              ],
              [
                121.17137428600006,
                13.839237355000023
              ],
              [
                121.17133435000005,
                13.839556812000069
              ],
              [
                121.17136493700002,
                13.840621235000071
              ],
              [
                121.1712854110001,
                13.841220737000071
              ],
              [
                121.17109577300005,
                13.84155107600003
              ],
              [
                121.17125482400002,
                13.842156696000075
              ],
              [
                121.17127317600011,
                13.84254820700005
              ],
              [
                121.17112024200003,
                13.842737846000034
              ],
              [
                121.17113859400001,
                13.842945837000059
              ],
              [
                121.17088778200002,
                13.84328841000007
              ],
              [
                121.17075320000004,
                13.84361874800004
              ],
              [
                121.17073484800005,
                13.843912382000042
              ],
              [
                121.17112951800004,
                13.844582309000032
              ],
              [
                121.17131910100011,
                13.84481654700005
              ],
              [
                121.1714016410001,
                13.845129739000072
              ],
              [
                121.17148728400002,
                13.846047345000045
              ],
              [
                121.17170139300003,
                13.846842603000027
              ],
              [
                121.17213583700004,
                13.847774457000071
              ],
              [
                121.17311261000009,
                13.848585675000038
              ],
              [
                121.1732229800001,
                13.848767785000064
              ],
              [
                121.17330023800002,
                13.849010598000064
              ],
              [
                121.17341060800004,
                13.849396892000073
              ],
              [
                121.17345096100007,
                13.850005285000066
              ],
              [
                121.17333473100007,
                13.850311154000053
              ],
              [
                121.17328579200012,
                13.850898422000057
              ],
              [
                121.17311450600005,
                13.851326638000046
              ],
              [
                121.17284534100008,
                13.851773206000075
              ],
              [
                121.17276581500005,
                13.852219774000048
              ],
              [
                121.17288204500005,
                13.852794807000066
              ],
              [
                121.17303498000001,
                13.853119028000037
              ],
              [
                121.17300439300004,
                13.853400427000054
              ],
              [
                121.17301662800003,
                13.853749117000064
              ],
              [
                121.17288816300004,
                13.853816408000057
              ],
              [
                121.17301051000004,
                13.85406110300005
              ],
              [
                121.1729432190001,
                13.854287446000058
              ],
              [
                121.17302886200002,
                13.854422028000045
              ],
              [
                121.17321850100006,
                13.854770719000044
              ],
              [
                121.17321311900002,
                13.854787286000033
              ],
              [
                121.17320626600008,
                13.854807423000068
              ],
              [
                121.17302274500003,
                13.85585349400003
              ],
              [
                121.17299215800006,
                13.856654870000057
              ],
              [
                121.17302274500003,
                13.85754188900006
              ],
              [
                121.17287592800005,
                13.858006809000074
              ],
              [
                121.17290651500002,
                13.858257621000064
              ],
              [
                121.17286981100006,
                13.858502316000056
              ],
              [
                121.17276581500005,
                13.858771481000076
              ],
              [
                121.17278416800002,
                13.859444392000057
              ],
              [
                121.1724599470001,
                13.859823669000036
              ],
              [
                121.17201949600008,
                13.859976603000064
              ],
              [
                121.17173197900001,
                13.859982720000062
              ],
              [
                121.17115694600011,
                13.859805317000053
              ],
              [
                121.17062473500005,
                13.85960956100007
              ],
              [
                121.17001299800006,
                13.859670734000076
              ],
              [
                121.16974995100009,
                13.859566739000059
              ],
              [
                121.1693829080001,
                13.859597326000028
              ],
              [
                121.16921162200003,
                13.85989096000003
              ],
              [
                121.16960313400011,
                13.860643397000047
              ],
              [
                121.16989065000007,
                13.861096082000074
              ],
              [
                121.16984171100012,
                13.861512064000067
              ],
              [
                121.16959701600001,
                13.861805698000069
              ],
              [
                121.16929726500007,
                13.86200757100005
              ],
              [
                121.1691443310001,
                13.862025923000033
              ],
              [
                121.16825119400005,
                13.861671115000036
              ],
              [
                121.16798814700007,
                13.861677233000023
              ],
              [
                121.16775568700007,
                13.86178122800004
              ],
              [
                121.16761498700009,
                13.862105449000069
              ],
              [
                121.16763333900008,
                13.862753890000022
              ],
              [
                121.1676088700001,
                13.863689849000025
              ]
            ]
          ]
        ]
      },
      "id": 18
    },
    {
      "type": "Feature",
      "properties": {
        "id": 19,
        "name": "Maligaya",
        "ADM4_EN": "Maligaya",
        "diversity": 0.7,
        "diversity_score": 0.7,
        "height": 824,
        "min_height": 0,
        "base_height": 0,
        "color": "#94d180",
        "colorRgb": [
          148,
          209,
          128
        ],
        "tier": "Diverse Growth Node",
        "primaryZone": "PDA-SZ",
        "area_sqkm": 2.28,
        "distribution": [
          {
            "name": "PDA-SZ",
            "value": 48.9
          },
          {
            "name": "ECT-Z",
            "value": 16.6
          },
          {
            "name": "T-Z",
            "value": 13.6
          },
          {
            "name": "R1-Z",
            "value": 7.4
          },
          {
            "name": "AgIndZ-PTR",
            "value": 5.4
          },
          {
            "name": "WZ",
            "value": 2.4
          },
          {
            "name": "C1-Z",
            "value": 2.2
          },
          {
            "name": "ROAD",
            "value": 1.8
          },
          {
            "name": "FZ",
            "value": 1.4
          },
          {
            "name": "GI-Z",
            "value": 0.2
          }
        ],
        "extrusion_height": 824,
        "centroid": [
          121.274164,
          13.816244
        ],
        "zoneLabel": "Production Agricultural",
        "clupColor": "#94d180"
      },
      "geometry": {
        "type": "MultiPolygon",
        "coordinates": [
          [
            [
              [
                121.27882828400004,
                13.820467830000041
              ],
              [
                121.27585258500005,
                13.83154606100004
              ],
              [
                121.27055514500012,
                13.826173323000035
              ],
              [
                121.26856472500003,
                13.819714160000046
              ],
              [
                121.26846790200011,
                13.819323248000046
              ],
              [
                121.26835486200002,
                13.819021809000049
              ],
              [
                121.26835486200002,
                13.818619891000026
              ],
              [
                121.26863118100005,
                13.818368692000035
              ],
              [
                121.26873166100006,
                13.81801701300003
              ],
              [
                121.2687191010001,
                13.817652774000067
              ],
              [
                121.26822926300008,
                13.817489495000075
              ],
              [
                121.26827950300003,
                13.816534938000075
              ],
              [
                121.26947269900006,
                13.816447018000076
              ],
              [
                121.26982195200003,
                13.814674313000069
              ],
              [
                121.27435406600011,
                13.813559118000057
              ],
              [
                121.27504906400009,
                13.813298131000067
              ],
              [
                121.27552206200005,
                13.813000148000071
              ],
              [
                121.27533905900009,
                13.812437185000022
              ],
              [
                121.27504905600006,
                13.811912221000057
              ],
              [
                121.27569704500002,
                13.810190329000022
              ],
              [
                121.28169770700003,
                13.804939478000051
              ],
              [
                121.28538790300001,
                13.805776578000064
              ],
              [
                121.28440391700008,
                13.807533966000051
              ],
              [
                121.2823049430001,
                13.810696199000063
              ],
              [
                121.27897809600006,
                13.820349351000061
              ],
              [
                121.278948,
                13.820368664000057
              ],
              [
                121.27882828400004,
                13.820467830000041
              ]
            ]
          ]
        ]
      },
      "id": 19
    },
    {
      "type": "Feature",
      "properties": {
        "id": 20,
        "name": "Marilag",
        "ADM4_EN": "Marilag",
        "diversity": 0.64,
        "diversity_score": 0.64,
        "height": 750,
        "min_height": 0,
        "base_height": 0,
        "color": "#94d180",
        "colorRgb": [
          148,
          209,
          128
        ],
        "tier": "Diverse Growth Node",
        "primaryZone": "PDA-SZ",
        "area_sqkm": 3.02,
        "distribution": [
          {
            "name": "PDA-SZ",
            "value": 55.4
          },
          {
            "name": "FZ",
            "value": 18.5
          },
          {
            "name": "R1-Z",
            "value": 11.2
          },
          {
            "name": "PTA-SZ-RA",
            "value": 6.5
          },
          {
            "name": "WZ",
            "value": 4.6
          },
          {
            "name": "ROAD",
            "value": 1.5
          },
          {
            "name": "AgIndZ-PGR",
            "value": 1.4
          },
          {
            "name": "AgIndZ-PTR",
            "value": 0.7
          },
          {
            "name": "GI-Z",
            "value": 0
          }
        ],
        "extrusion_height": 750,
        "centroid": [
          121.175876,
          13.852664
        ],
        "zoneLabel": "Production Agricultural",
        "clupColor": "#94d180"
      },
      "geometry": {
        "type": "MultiPolygon",
        "coordinates": [
          [
            [
              [
                121.17419116300005,
                13.86818
              ],
              [
                121.17370790000007,
                13.869213061000039
              ],
              [
                121.17225596700007,
                13.868358585000067
              ],
              [
                121.1709719690001,
                13.867608344000075
              ],
              [
                121.17055744200002,
                13.866943263000053
              ],
              [
                121.16774817400005,
                13.864496010000039
              ],
              [
                121.1676088700001,
                13.863689849000025
              ],
              [
                121.16763333900008,
                13.862753890000022
              ],
              [
                121.16761498700009,
                13.862105449000069
              ],
              [
                121.16775568700007,
                13.86178122800004
              ],
              [
                121.16798814700007,
                13.861677233000023
              ],
              [
                121.16825119400005,
                13.861671115000036
              ],
              [
                121.1691443310001,
                13.862025923000033
              ],
              [
                121.16929726500007,
                13.86200757100005
              ],
              [
                121.16959701600001,
                13.861805698000069
              ],
              [
                121.16984171100012,
                13.861512064000067
              ],
              [
                121.16989065000007,
                13.861096082000074
              ],
              [
                121.16960313400011,
                13.860643397000047
              ],
              [
                121.16921162200003,
                13.85989096000003
              ],
              [
                121.1693829080001,
                13.859597326000028
              ],
              [
                121.16974995100009,
                13.859566739000059
              ],
              [
                121.17001299800006,
                13.859670734000076
              ],
              [
                121.17062473500005,
                13.85960956100007
              ],
              [
                121.17115694600011,
                13.859805317000053
              ],
              [
                121.17173197900001,
                13.859982720000062
              ],
              [
                121.17201949600008,
                13.859976603000064
              ],
              [
                121.1724599470001,
                13.859823669000036
              ],
              [
                121.17278416800002,
                13.859444392000057
              ],
              [
                121.17276581500005,
                13.858771481000076
              ],
              [
                121.17286981100006,
                13.858502316000056
              ],
              [
                121.17290651500002,
                13.858257621000064
              ],
              [
                121.17287592800005,
                13.858006809000074
              ],
              [
                121.17302274500003,
                13.85754188900006
              ],
              [
                121.17299215800006,
                13.856654870000057
              ],
              [
                121.17302274500003,
                13.85585349400003
              ],
              [
                121.17320626600008,
                13.854807423000068
              ],
              [
                121.17321311900002,
                13.854787286000033
              ],
              [
                121.17321850100006,
                13.854770719000044
              ],
              [
                121.17302886200002,
                13.854422028000045
              ],
              [
                121.1729432190001,
                13.854287446000058
              ],
              [
                121.17301051000004,
                13.85406110300005
              ],
              [
                121.17288816300004,
                13.853816408000057
              ],
              [
                121.17301662800003,
                13.853749117000064
              ],
              [
                121.17300439300004,
                13.853400427000054
              ],
              [
                121.17303498000001,
                13.853119028000037
              ],
              [
                121.17288204500005,
                13.852794807000066
              ],
              [
                121.17276581500005,
                13.852219774000048
              ],
              [
                121.17284534100008,
                13.851773206000075
              ],
              [
                121.17311450600005,
                13.851326638000046
              ],
              [
                121.17328579200012,
                13.850898422000057
              ],
              [
                121.17333473100007,
                13.850311154000053
              ],
              [
                121.17345096100007,
                13.850005285000066
              ],
              [
                121.17341060800004,
                13.849396892000073
              ],
              [
                121.17330023800002,
                13.849010598000064
              ],
              [
                121.1732229800001,
                13.848767785000064
              ],
              [
                121.17311261000009,
                13.848585675000038
              ],
              [
                121.17213583700004,
                13.847774457000071
              ],
              [
                121.17170139300003,
                13.846842603000027
              ],
              [
                121.17148728400002,
                13.846047345000045
              ],
              [
                121.1714016410001,
                13.845129739000072
              ],
              [
                121.17131910100011,
                13.84481654700005
              ],
              [
                121.17112951800004,
                13.844582309000032
              ],
              [
                121.17073484800005,
                13.843912382000042
              ],
              [
                121.17075320000004,
                13.84361874800004
              ],
              [
                121.17088778200002,
                13.84328841000007
              ],
              [
                121.17113859400001,
                13.842945837000059
              ],
              [
                121.17112024200003,
                13.842737846000034
              ],
              [
                121.17127317600011,
                13.84254820700005
              ],
              [
                121.17125482400002,
                13.842156696000075
              ],
              [
                121.17109577300005,
                13.84155107600003
              ],
              [
                121.1712854110001,
                13.841220737000071
              ],
              [
                121.17136493700002,
                13.840621235000071
              ],
              [
                121.17133435000005,
                13.839556812000069
              ],
              [
                121.17137428600006,
                13.839237355000023
              ],
              [
                121.17137105400002,
                13.83906130500003
              ],
              [
                121.17146281500004,
                13.838578032000044
              ],
              [
                121.17161574900001,
                13.838180403000024
              ],
              [
                121.17165245400008,
                13.83781336100003
              ],
              [
                121.17190326600007,
                13.837305619000063
              ],
              [
                121.17209902200011,
                13.836675529000047
              ],
              [
                121.17207455200003,
                13.836320722000039
              ],
              [
                121.174562261,
                13.837411151000026
              ],
              [
                121.17722526800003,
                13.838843043000054
              ],
              [
                121.1805467590001,
                13.840543307000075
              ],
              [
                121.18149727900004,
                13.84102987700004
              ],
              [
                121.18285846100002,
                13.841408337000075
              ],
              [
                121.18287885300003,
                13.841767223000033
              ],
              [
                121.1826953310001,
                13.842077170000039
              ],
              [
                121.18271980100008,
                13.842240300000071
              ],
              [
                121.18267494000008,
                13.842427899000029
              ],
              [
                121.18277689600006,
                13.842566560000023
              ],
              [
                121.18282991400008,
                13.84277047200004
              ],
              [
                121.18278505300009,
                13.842937680000034
              ],
              [
                121.18278913100005,
                13.84319868800003
              ],
              [
                121.18270348800002,
                13.843520870000077
              ],
              [
                121.18281360100002,
                13.843834895000043
              ],
              [
                121.182948183,
                13.844108138000024
              ],
              [
                121.18289924400005,
                13.844458867000071
              ],
              [
                121.1828176790001,
                13.844923787000027
              ],
              [
                121.1829604180001,
                13.845144013000038
              ],
              [
                121.18303790400012,
                13.845364238000059
              ],
              [
                121.18322142500006,
                13.845519212000056
              ],
              [
                121.183225504,
                13.845743515000038
              ],
              [
                121.18319695600007,
                13.845931115000042
              ],
              [
                121.1832173470001,
                13.846073853000064
              ],
              [
                121.18319695600007,
                13.846481678000032
              ],
              [
                121.18325405100006,
                13.846591791000037
              ],
              [
                121.18324181700007,
                13.847032242000068
              ],
              [
                121.18317656500005,
                13.847138276000067
              ],
              [
                121.18308276500011,
                13.847460458000057
              ],
              [
                121.1828503050001,
                13.847786718000066
              ],
              [
                121.18272795700011,
                13.848080352000068
              ],
              [
                121.182748349,
                13.848267951000025
              ],
              [
                121.18270756600009,
                13.848422925000023
              ],
              [
                121.18291147900004,
                13.848749185000031
              ],
              [
                121.18291147900004,
                13.848928627000078
              ],
              [
                121.18280136600004,
                13.84904689700005
              ],
              [
                121.1827728180001,
                13.849189635000073
              ],
              [
                121.18266678400005,
                13.849263044000054
              ],
              [
                121.18250773200009,
                13.849466956000072
              ],
              [
                121.18246694900006,
                13.84964639900005
              ],
              [
                121.18244248000008,
                13.84984623300005
              ],
              [
                121.18245879300002,
                13.850135789000035
              ],
              [
                121.18258114000002,
                13.85039679700003
              ],
              [
                121.18235275800009,
                13.852448156000037
              ],
              [
                121.18238130600002,
                13.852639834000058
              ],
              [
                121.18243024500009,
                13.852696929000047
              ],
              [
                121.18230789800009,
                13.853092519000029
              ],
              [
                121.18208767200008,
                13.853467718000047
              ],
              [
                121.18184705600004,
                13.853895934000036
              ],
              [
                121.18160236100005,
                13.854528063000032
              ],
              [
                121.18130464900003,
                13.855074548000061
              ],
              [
                121.18086827600007,
                13.855808633000038
              ],
              [
                121.18053793800004,
                13.856224614000041
              ],
              [
                121.1801668170001,
                13.856754787000057
              ],
              [
                121.17931221300012,
                13.857228448000058
              ],
              [
                121.1786578650001,
                13.85759082800007
              ],
              [
                121.17829490100007,
                13.85789261800005
              ],
              [
                121.17813177100004,
                13.858047591000059
              ],
              [
                121.178168475,
                13.858259660000044
              ],
              [
                121.17801758000007,
                13.858488042000033
              ],
              [
                121.17787382200004,
                13.85882042000003
              ],
              [
                121.17763524400004,
                13.859413805000031
              ],
              [
                121.17740890200002,
                13.859842021000077
              ],
              [
                121.17708468100011,
                13.860043894000057
              ],
              [
                121.17660752600011,
                13.860722923000026
              ],
              [
                121.17627718800009,
                13.86105937800005
              ],
              [
                121.1760263750001,
                13.861206195000022
              ],
              [
                121.17578168000011,
                13.861224547000063
              ],
              [
                121.17546969400007,
                13.861089965000076
              ],
              [
                121.17512712100006,
                13.861273486000073
              ],
              [
                121.17494971800011,
                13.861487594000039
              ],
              [
                121.17502924300004,
                13.86165888100004
              ],
              [
                121.17528005600002,
                13.86222779600007
              ],
              [
                121.17509653500008,
                13.863004703000058
              ],
              [
                121.17493136500002,
                13.863971248000041
              ],
              [
                121.17465608400005,
                13.86501731800007
              ],
              [
                121.17457044000002,
                13.865427182000076
              ],
              [
                121.17455208800004,
                13.865733051000063
              ],
              [
                121.17444197600003,
                13.866369258000077
              ],
              [
                121.17443585800004,
                13.86688923500003
              ],
              [
                121.17443585800004,
                13.867299099000036
              ],
              [
                121.17443585800004,
                13.867598850000036
              ],
              [
                121.17419116300005,
                13.86818
              ]
            ]
          ]
        ]
      },
      "id": 20
    },
    {
      "type": "Feature",
      "properties": {
        "id": 21,
        "name": "Masaya",
        "ADM4_EN": "Masaya",
        "diversity": 0.83,
        "diversity_score": 0.83,
        "height": 991,
        "min_height": 0,
        "base_height": 0,
        "color": "#de29c0",
        "colorRgb": [
          222,
          41,
          192
        ],
        "tier": "High Urban Mix",
        "primaryZone": "I1-Z",
        "area_sqkm": 3.73,
        "distribution": [
          {
            "name": "I1-Z",
            "value": 33
          },
          {
            "name": "R2-Z",
            "value": 15.6
          },
          {
            "name": "FZ",
            "value": 9.2
          },
          {
            "name": "I3-Z",
            "value": 8.8
          },
          {
            "name": "R1-Z",
            "value": 6.9
          },
          {
            "name": "C1-Z",
            "value": 6.8
          },
          {
            "name": "PDA-SZ",
            "value": 4.9
          },
          {
            "name": "ROAD",
            "value": 4.5
          },
          {
            "name": "I2-Z",
            "value": 3.7
          },
          {
            "name": "WZ",
            "value": 3
          },
          {
            "name": "PROPOSED ROAD",
            "value": 1.8
          },
          {
            "name": "PTA-SZ-RA",
            "value": 1.1
          },
          {
            "name": "T-Z",
            "value": 0.3
          },
          {
            "name": "AgIndZ-PTR",
            "value": 0.3
          },
          {
            "name": "GI-Z",
            "value": 0.2
          }
        ],
        "extrusion_height": 991,
        "centroid": [
          121.188454,
          13.833319
        ],
        "zoneLabel": "Light Industrial",
        "clupColor": "#de29c0"
      },
      "geometry": {
        "type": "MultiPolygon",
        "coordinates": [
          [
            [
              [
                121.19436907400006,
                13.848252698000067
              ],
              [
                121.19398631800004,
                13.848300334000044
              ],
              [
                121.19263631600006,
                13.84795936300003
              ],
              [
                121.19164207600011,
                13.847531454000034
              ],
              [
                121.19054136700004,
                13.84732869100003
              ],
              [
                121.18952755600003,
                13.847502488000032
              ],
              [
                121.18796731500004,
                13.847344430000021
              ],
              [
                121.18723772400006,
                13.847198940000055
              ],
              [
                121.1868284630001,
                13.846994309000024
              ],
              [
                121.18659927700003,
                13.846806049000065
              ],
              [
                121.18602930300005,
                13.84531557300005
              ],
              [
                121.18580828800009,
                13.842767739000067
              ],
              [
                121.18285846100002,
                13.841408337000075
              ],
              [
                121.18295633900004,
                13.841008669000075
              ],
              [
                121.18290740000009,
                13.840670174000024
              ],
              [
                121.18287477400008,
                13.840454027000021
              ],
              [
                121.18276874000003,
                13.840233801000068
              ],
              [
                121.18255259300008,
                13.839764803000037
              ],
              [
                121.18246694900006,
                13.839483404000077
              ],
              [
                121.18235683700004,
                13.839303961000041
              ],
              [
                121.18236907100004,
                13.839055187000042
              ],
              [
                121.18216108100012,
                13.838855353000042
              ],
              [
                121.18210398500003,
                13.838786023000068
              ],
              [
                121.18234868000002,
                13.838231381000071
              ],
              [
                121.18255667100004,
                13.83779093000004
              ],
              [
                121.18272387900004,
                13.837379027000054
              ],
              [
                121.18289108700003,
                13.836848855000028
              ],
              [
                121.18307053,
                13.836697960000038
              ],
              [
                121.18323773800012,
                13.83649404700003
              ],
              [
                121.18320511200011,
                13.836359465000044
              ],
              [
                121.1831602520001,
                13.836155553000026
              ],
              [
                121.18317656500005,
                13.83594348400004
              ],
              [
                121.18319695600007,
                13.835682476000045
              ],
              [
                121.1832499730001,
                13.835445937000031
              ],
              [
                121.18330706900008,
                13.835295042000041
              ],
              [
                121.183270364,
                13.835168616000033
              ],
              [
                121.1834049470001,
                13.834830122000028
              ],
              [
                121.1834498070001,
                13.83467514800003
              ],
              [
                121.18339679000007,
                13.834540566000044
              ],
              [
                121.18342126000005,
                13.834430453000039
              ],
              [
                121.1836047810001,
                13.834034863000056
              ],
              [
                121.183625172,
                13.833912516000055
              ],
              [
                121.18375159800007,
                13.83375346400004
              ],
              [
                121.18375567600003,
                13.833557708000058
              ],
              [
                121.18364556300003,
                13.833313013000065
              ],
              [
                121.18362925000008,
                13.833019379000064
              ],
              [
                121.18357623300005,
                13.832737980000047
              ],
              [
                121.18339271200011,
                13.832472894000034
              ],
              [
                121.18320511200011,
                13.832191495000075
              ],
              [
                121.18305829500002,
                13.831979426000032
              ],
              [
                121.18290740000009,
                13.831767357000047
              ],
              [
                121.18315617300004,
                13.831567523000047
              ],
              [
                121.1834049470001,
                13.831290202000048
              ],
              [
                121.18336416400007,
                13.83113522800005
              ],
              [
                121.18344165100007,
                13.830898690000026
              ],
              [
                121.18337232100009,
                13.830698856000026
              ],
              [
                121.18349874600005,
                13.830397065000057
              ],
              [
                121.1834171810001,
                13.830152371000054
              ],
              [
                121.18329891200005,
                13.830078962000073
              ],
              [
                121.18319287800011,
                13.829809798000042
              ],
              [
                121.18324181700007,
                13.829487616000051
              ],
              [
                121.18333561600002,
                13.829279625000026
              ],
              [
                121.18349874600005,
                13.829030852000074
              ],
              [
                121.18366187600009,
                13.828806548000045
              ],
              [
                121.18366187600009,
                13.828688279000062
              ],
              [
                121.18374752000011,
                13.828541462000032
              ],
              [
                121.18389841500004,
                13.82824375000007
              ],
              [
                121.1840819360001,
                13.827812041000072
              ],
              [
                121.18416757900002,
                13.827587152000035
              ],
              [
                121.18411048400003,
                13.827505587000076
              ],
              [
                121.18413495300001,
                13.82712631000004
              ],
              [
                121.1841920490001,
                13.826991728000053
              ],
              [
                121.18435110000007,
                13.826751111000021
              ],
              [
                121.18438780500003,
                13.826457477000076
              ],
              [
                121.18445305700004,
                13.826216861000034
              ],
              [
                121.18450199600011,
                13.826041496000073
              ],
              [
                121.18450199600011,
                13.825898757000061
              ],
              [
                121.1844693700001,
                13.82582942700003
              ],
              [
                121.18452646500009,
                13.825739705000046
              ],
              [
                121.184567248,
                13.825531715000068
              ],
              [
                121.18466512500004,
                13.82532780200006
              ],
              [
                121.184767082,
                13.825164672000028
              ],
              [
                121.18471814300005,
                13.824948525000025
              ],
              [
                121.18457132600008,
                13.824634500000059
              ],
              [
                121.18459579500006,
                13.824414275000038
              ],
              [
                121.18464881200009,
                13.824161423000021
              ],
              [
                121.18472629900009,
                13.823880024000061
              ],
              [
                121.1847915510001,
                13.823680190000061
              ],
              [
                121.1847915510001,
                13.82348851200004
              ],
              [
                121.18486496000003,
                13.823198957000045
              ],
              [
                121.1848690380001,
                13.823076609000054
              ],
              [
                121.18484864700008,
                13.822990966000077
              ],
              [
                121.18482417700011,
                13.822852305000026
              ],
              [
                121.18478339500007,
                13.822664706000069
              ],
              [
                121.18479562900006,
                13.822334368000043
              ],
              [
                121.18484049000006,
                13.82201626400007
              ],
              [
                121.18485272500004,
                13.821861291000062
              ],
              [
                121.18480378600009,
                13.821698161000029
              ],
              [
                121.18484049000006,
                13.821530953000035
              ],
              [
                121.18477116000008,
                13.821310727000025
              ],
              [
                121.18471814300005,
                13.821045641000069
              ],
              [
                121.18464473400002,
                13.820882511000036
              ],
              [
                121.18455501300002,
                13.820662286000072
              ],
              [
                121.18447752600002,
                13.820376808000049
              ],
              [
                121.18432255300002,
                13.820246305000069
              ],
              [
                121.18433478700001,
                13.819993453000052
              ],
              [
                121.18424098800006,
                13.819740602000024
              ],
              [
                121.18402076200005,
                13.819455124000058
              ],
              [
                121.18394327500005,
                13.819365403000063
              ],
              [
                121.18390657100008,
                13.819214508000073
              ],
              [
                121.1839995040001,
                13.817441104000068
              ],
              [
                121.18519567600003,
                13.817783710000072
              ],
              [
                121.18520683100007,
                13.817786905000048
              ],
              [
                121.18521169700011,
                13.817787981000038
              ],
              [
                121.18666341300002,
                13.819081678000032
              ],
              [
                121.1893212120001,
                13.819601018000071
              ],
              [
                121.19179571500001,
                13.820120358000054
              ],
              [
                121.19375087800006,
                13.821128489000046
              ],
              [
                121.19472846000008,
                13.821372884000027
              ],
              [
                121.19549219500004,
                13.821189588000038
              ],
              [
                121.19564590900006,
                13.825595899000064
              ],
              [
                121.19547876900003,
                13.827058758000021
              ],
              [
                121.19575243700001,
                13.827817441000036
              ],
              [
                121.19603347000009,
                13.828329297000039
              ],
              [
                121.19640620000007,
                13.829020354000022
              ],
              [
                121.1966378940001,
                13.829602324000064
              ],
              [
                121.19685899400008,
                13.830244287000028
              ],
              [
                121.19696400900011,
                13.830683383000064
              ],
              [
                121.1969617100001,
                13.831054978000054
              ],
              [
                121.19684460300005,
                13.831483675000072
              ],
              [
                121.19666731000007,
                13.831906712000034
              ],
              [
                121.19651698400003,
                13.832553757000028
              ],
              [
                121.19634309500009,
                13.832849226000064
              ],
              [
                121.19608090200006,
                13.833001121000052
              ],
              [
                121.19601823800008,
                13.833303460000025
              ],
              [
                121.19610740100006,
                13.833590722000054
              ],
              [
                121.1960753410001,
                13.833882298000049
              ],
              [
                121.19622573600009,
                13.834180192000076
              ],
              [
                121.19644577100007,
                13.83464834800003
              ],
              [
                121.1964600880001,
                13.83513154600007
              ],
              [
                121.19640142500009,
                13.835590265000064
              ],
              [
                121.19619929800001,
                13.835958676000075
              ],
              [
                121.19590932100004,
                13.83620983700007
              ],
              [
                121.19571098400002,
                13.83632355900005
              ],
              [
                121.1954033290001,
                13.836461110000073
              ],
              [
                121.19505456400009,
                13.836635090000073
              ],
              [
                121.194681048,
                13.836823519000063
              ],
              [
                121.19453202800003,
                13.83709923500004
              ],
              [
                121.19448282400003,
                13.837339301000043
              ],
              [
                121.19447606200004,
                13.837582957000052
              ],
              [
                121.1945427070001,
                13.837795929000038
              ],
              [
                121.19471080800008,
                13.838039466000055
              ],
              [
                121.19482100800008,
                13.83824755300003
              ],
              [
                121.1948138350001,
                13.838451471000042
              ],
              [
                121.1948105990001,
                13.83870987000006
              ],
              [
                121.19478962200003,
                13.838914896000063
              ],
              [
                121.19463892200008,
                13.839087685000038
              ],
              [
                121.194543081,
                13.839354357000047
              ],
              [
                121.19452444700005,
                13.839541229000076
              ],
              [
                121.19450837200009,
                13.839806678000059
              ],
              [
                121.19447433900007,
                13.84030260000003
              ],
              [
                121.19440606700005,
                13.840867296000056
              ],
              [
                121.19438524700001,
                13.841214085000047
              ],
              [
                121.19425126800002,
                13.841389278000065
              ],
              [
                121.19401340200011,
                13.841531320000058
              ],
              [
                121.19378030100006,
                13.841707674000077
              ],
              [
                121.19374420300005,
                13.841940645000022
              ],
              [
                121.19387983700005,
                13.84222115800003
              ],
              [
                121.19407869600002,
                13.842495886000052
              ],
              [
                121.19422972600012,
                13.842796715000077
              ],
              [
                121.19419911600005,
                13.84299797600005
              ],
              [
                121.19410376000008,
                13.843161748000057
              ],
              [
                121.19389699200008,
                13.843314901000042
              ],
              [
                121.19376541800011,
                13.843539196000052
              ],
              [
                121.19367988800002,
                13.844159256000069
              ],
              [
                121.1936468560001,
                13.84462276000005
              ],
              [
                121.19368644400004,
                13.845106045000023
              ],
              [
                121.19373355800008,
                13.845410877000063
              ],
              [
                121.19387882800004,
                13.845675519000054
              ],
              [
                121.19411031000004,
                13.84591079300003
              ],
              [
                121.19423922700003,
                13.846229937000032
              ],
              [
                121.19427533800001,
                13.846546207000074
              ],
              [
                121.19432708700003,
                13.846831429000076
              ],
              [
                121.1945125630001,
                13.847067689000028
              ],
              [
                121.19450900400011,
                13.847409052000046
              ],
              [
                121.1943983330001,
                13.847814332000041
              ],
              [
                121.19436907400006,
                13.848252698000067
              ]
            ]
          ]
        ]
      },
      "id": 21
    },
    {
      "type": "Feature",
      "properties": {
        "id": 22,
        "name": "Matamis",
        "ADM4_EN": "Matamis",
        "diversity": 0.14,
        "diversity_score": 0.14,
        "height": 214,
        "min_height": 0,
        "base_height": 0,
        "color": "#94d180",
        "colorRgb": [
          148,
          209,
          128
        ],
        "tier": "Specialized Agriculture",
        "primaryZone": "PDA-SZ",
        "area_sqkm": 2.97,
        "distribution": [
          {
            "name": "PDA-SZ",
            "value": 92.4
          },
          {
            "name": "FR-SZ",
            "value": 5.8
          },
          {
            "name": "WZ",
            "value": 0.8
          },
          {
            "name": "R1-Z",
            "value": 0.5
          },
          {
            "name": "ROAD",
            "value": 0.4
          },
          {
            "name": "GI-Z",
            "value": 0.1
          },
          {
            "name": "PTA-SZ-RA",
            "value": 0.1
          }
        ],
        "extrusion_height": 214,
        "centroid": [
          121.32661,
          13.719224
        ],
        "zoneLabel": "Production Agricultural",
        "clupColor": "#94d180"
      },
      "geometry": {
        "type": "MultiPolygon",
        "coordinates": [
          [
            [
              [
                121.32864378700003,
                13.738249776000032
              ],
              [
                121.32779864500003,
                13.73912742400006
              ],
              [
                121.32708710100007,
                13.738709044000075
              ],
              [
                121.32701213400003,
                13.73860959700005
              ],
              [
                121.32292842800007,
                13.731255930000032
              ],
              [
                121.32235429900004,
                13.729123452000067
              ],
              [
                121.3268124870001,
                13.722199744000022
              ],
              [
                121.32608548000007,
                13.72101682500005
              ],
              [
                121.32474747200001,
                13.719601925000063
              ],
              [
                121.32345346600005,
                13.71848000500006
              ],
              [
                121.32157545700011,
                13.71679212600003
              ],
              [
                121.31903145500007,
                13.716320171000064
              ],
              [
                121.320871441,
                13.714155301000062
              ],
              [
                121.32123742300007,
                13.71105250000005
              ],
              [
                121.32123740300005,
                13.70779271200007
              ],
              [
                121.32050538700003,
                13.705001898000035
              ],
              [
                121.32218538400002,
                13.704697908000071
              ],
              [
                121.32401539200009,
                13.706248797000057
              ],
              [
                121.32529639600011,
                13.707023739000022
              ],
              [
                121.3258454060001,
                13.708728625000049
              ],
              [
                121.32511342400005,
                13.711673438000048
              ],
              [
                121.32493043200009,
                13.712913358000037
              ],
              [
                121.32602843900008,
                13.714308261000042
              ],
              [
                121.32676043000004,
                13.71275835800003
              ],
              [
                121.32913941700008,
                13.71089846500007
              ],
              [
                121.33042042300008,
                13.711983387000032
              ],
              [
                121.3304204310001,
                13.713223307000021
              ],
              [
                121.3309694410001,
                13.714928193000048
              ],
              [
                121.33298244000002,
                13.71508317100006
              ],
              [
                121.33547939800007,
                13.718819361000044
              ],
              [
                121.33536449300004,
                13.718920626000056
              ],
              [
                121.33404191900001,
                13.723300146000042
              ],
              [
                121.33227852400012,
                13.726334827000073
              ],
              [
                121.33004152300009,
                13.735259272000064
              ],
              [
                121.32864378700003,
                13.738249776000032
              ]
            ]
          ]
        ]
      },
      "id": 22
    },
    {
      "type": "Feature",
      "properties": {
        "id": 23,
        "name": "Mavalor",
        "ADM4_EN": "Mavalor",
        "diversity": 0.68,
        "diversity_score": 0.68,
        "height": 799,
        "min_height": 0,
        "base_height": 0,
        "color": "#94d180",
        "colorRgb": [
          148,
          209,
          128
        ],
        "tier": "Diverse Growth Node",
        "primaryZone": "PTA-SZ-RA",
        "area_sqkm": 3.33,
        "distribution": [
          {
            "name": "PTA-SZ-RA",
            "value": 47.3
          },
          {
            "name": "PDA-SZ",
            "value": 28.6
          },
          {
            "name": "FZ",
            "value": 7.5
          },
          {
            "name": "R2-Z",
            "value": 6.1
          },
          {
            "name": "R1-Z",
            "value": 4.8
          },
          {
            "name": "ROAD",
            "value": 2.1
          },
          {
            "name": "WZ",
            "value": 1.8
          },
          {
            "name": "C1-Z",
            "value": 1.4
          },
          {
            "name": "GI-Z",
            "value": 0.2
          },
          {
            "name": "I2-Z",
            "value": 0
          },
          {
            "name": "T-Z",
            "value": 0
          }
        ],
        "extrusion_height": 799,
        "centroid": [
          121.229358,
          13.818024
        ],
        "zoneLabel": "Protection Agricultural Rice Area",
        "clupColor": "#94d180"
      },
      "geometry": {
        "type": "MultiPolygon",
        "coordinates": [
          [
            [
              [
                121.24089214100002,
                13.82308269500004
              ],
              [
                121.23101594000002,
                13.827088805000074
              ],
              [
                121.22864232800009,
                13.825358600000072
              ],
              [
                121.22783074000006,
                13.825108881000062
              ],
              [
                121.22687348300008,
                13.824963211000068
              ],
              [
                121.22579136600007,
                13.824796732000038
              ],
              [
                121.2249851580001,
                13.82453169300004
              ],
              [
                121.22426016000009,
                13.82475368300004
              ],
              [
                121.22342115700008,
                13.824301717000026
              ],
              [
                121.22250515600001,
                13.823998742000072
              ],
              [
                121.22195615700002,
                13.824109738000061
              ],
              [
                121.22023140700003,
                13.823856044000024
              ],
              [
                121.21984140000006,
                13.82365104300004
              ],
              [
                121.21954514800007,
                13.82241586200007
              ],
              [
                121.21866814200007,
                13.821363935000022
              ],
              [
                121.21779013700007,
                13.820499996000024
              ],
              [
                121.21684413500009,
                13.820047031000058
              ],
              [
                121.22347410500004,
                13.815759270000058
              ],
              [
                121.22427510000011,
                13.814937319000023
              ],
              [
                121.22551910100003,
                13.815241292000053
              ],
              [
                121.226831102,
                13.815470269000059
              ],
              [
                121.22796009300009,
                13.814049355000066
              ],
              [
                121.23248636000005,
                13.814481003000026
              ],
              [
                121.23442630600005,
                13.813671641000042
              ],
              [
                121.234642054,
                13.808201695000037
              ],
              [
                121.23502004700003,
                13.807075766000025
              ],
              [
                121.23881189100007,
                13.805299766000076
              ],
              [
                121.2389287210001,
                13.805267944000036
              ],
              [
                121.23893557200006,
                13.805266078000045
              ],
              [
                121.23893738900006,
                13.805272778000074
              ],
              [
                121.2406140710001,
                13.81145545000004
              ],
              [
                121.2433027190001,
                13.814771569000072
              ],
              [
                121.24200411900006,
                13.819599914000037
              ],
              [
                121.24089214100002,
                13.82308269500004
              ]
            ]
          ]
        ]
      },
      "id": 23
    },
    {
      "type": "Feature",
      "properties": {
        "id": 24,
        "name": "Mayuro",
        "ADM4_EN": "Mayuro",
        "diversity": 0.66,
        "diversity_score": 0.66,
        "height": 774,
        "min_height": 0,
        "base_height": 0,
        "color": "#94d180",
        "colorRgb": [
          148,
          209,
          128
        ],
        "tier": "Diverse Growth Node",
        "primaryZone": "PDA-SZ",
        "area_sqkm": 4.61,
        "distribution": [
          {
            "name": "PDA-SZ",
            "value": 54.7
          },
          {
            "name": "PTA-SZ-RA",
            "value": 14.2
          },
          {
            "name": "R1-Z",
            "value": 9.2
          },
          {
            "name": "I1-Z",
            "value": 6.6
          },
          {
            "name": "FZ",
            "value": 5.1
          },
          {
            "name": "C1-Z",
            "value": 3.8
          },
          {
            "name": "ROAD",
            "value": 2
          },
          {
            "name": "AgIndZ-PTR",
            "value": 1.9
          },
          {
            "name": "WZ",
            "value": 1.2
          },
          {
            "name": "AgIndZ-PGR",
            "value": 1
          },
          {
            "name": "GI-Z",
            "value": 0.3
          }
        ],
        "extrusion_height": 774,
        "centroid": [
          121.263903,
          13.787706
        ],
        "zoneLabel": "Production Agricultural",
        "clupColor": "#94d180"
      },
      "geometry": {
        "type": "MultiPolygon",
        "coordinates": [
          [
            [
              [
                121.27127001100007,
                13.804117748000067
              ],
              [
                121.26054525000006,
                13.806020870000054
              ],
              [
                121.25571902200011,
                13.804683801000067
              ],
              [
                121.25549100900002,
                13.802534942000023
              ],
              [
                121.25554697600012,
                13.79712629200003
              ],
              [
                121.25493594300008,
                13.791580655000075
              ],
              [
                121.25277440900004,
                13.789757476000034
              ],
              [
                121.25065168300011,
                13.78540931200007
              ],
              [
                121.2551438910001,
                13.782962213000076
              ],
              [
                121.25714987700007,
                13.78075734500004
              ],
              [
                121.26148386400007,
                13.778973435000069
              ],
              [
                121.2652748590001,
                13.778535442000077
              ],
              [
                121.26632349500005,
                13.778316632000042
              ],
              [
                121.2664773250001,
                13.778404372000068
              ],
              [
                121.26757031000011,
                13.779027771000074
              ],
              [
                121.26852958800009,
                13.78037076000004
              ],
              [
                121.26872144300012,
                13.780946327000038
              ],
              [
                121.26894070700007,
                13.781686341000068
              ],
              [
                121.26907774600011,
                13.782590803000062
              ],
              [
                121.26918737800008,
                13.783221186000048
              ],
              [
                121.26921478600002,
                13.783769344000063
              ],
              [
                121.26921478600002,
                13.784564175000071
              ],
              [
                121.26902293100011,
                13.785331597000038
              ],
              [
                121.26888589100008,
                13.78637309800007
              ],
              [
                121.26861181200002,
                13.787277560000064
              ],
              [
                121.26834042100006,
                13.789604219000068
              ],
              [
                121.27127001100007,
                13.804117748000067
              ]
            ]
          ]
        ]
      },
      "id": 24
    },
    {
      "type": "Feature",
      "properties": {
        "id": 25,
        "name": "Namuco",
        "ADM4_EN": "Namuco",
        "diversity": 0.73,
        "diversity_score": 0.73,
        "height": 862,
        "min_height": 0,
        "base_height": 0,
        "color": "#94d180",
        "colorRgb": [
          148,
          209,
          128
        ],
        "tier": "Diverse Growth Node",
        "primaryZone": "PDA-SZ",
        "area_sqkm": 1.84,
        "distribution": [
          {
            "name": "PDA-SZ",
            "value": 47.9
          },
          {
            "name": "R1-Z",
            "value": 12.5
          },
          {
            "name": "R2-Z",
            "value": 11.1
          },
          {
            "name": "PTA-SZ-RA",
            "value": 8.7
          },
          {
            "name": "PROPOSED ROAD",
            "value": 6.1
          },
          {
            "name": "C1-Z",
            "value": 5.5
          },
          {
            "name": "ROAD",
            "value": 3.9
          },
          {
            "name": "WZ",
            "value": 2.1
          },
          {
            "name": "I1-Z",
            "value": 0.9
          },
          {
            "name": "AgIndZ-PTR",
            "value": 0.5
          },
          {
            "name": "C/MP-Z",
            "value": 0.4
          },
          {
            "name": "FZ",
            "value": 0.3
          },
          {
            "name": "GI-Z",
            "value": 0.1
          },
          {
            "name": "T-Z",
            "value": 0
          },
          {
            "name": "I2-Z",
            "value": 0
          }
        ],
        "extrusion_height": 862,
        "centroid": [
          121.204089,
          13.837477
        ],
        "zoneLabel": "Production Agricultural",
        "clupColor": "#94d180"
      },
      "geometry": {
        "type": "MultiPolygon",
        "coordinates": [
          [
            [
              [
                121.21134007500007,
                13.841744266000035
              ],
              [
                121.21131014100001,
                13.842313029000024
              ],
              [
                121.20964419800009,
                13.84219618700007
              ],
              [
                121.20809983700008,
                13.84209532400007
              ],
              [
                121.20803172700005,
                13.841983859000038
              ],
              [
                121.20801432100006,
                13.841614392000054
              ],
              [
                121.2079924620001,
                13.841263602000026
              ],
              [
                121.20808750800006,
                13.841082325000059
              ],
              [
                121.2082156140001,
                13.840868507000039
              ],
              [
                121.20822185400004,
                13.840656765000062
              ],
              [
                121.20805517500003,
                13.840410914000074
              ],
              [
                121.20789913600004,
                13.840139154000042
              ],
              [
                121.20784108700002,
                13.839866864000044
              ],
              [
                121.20762754700002,
                13.839804615000048
              ],
              [
                121.2062811730001,
                13.83957081400007
              ],
              [
                121.205674283,
                13.839516824000043
              ],
              [
                121.20425772100009,
                13.839265144000024
              ],
              [
                121.20420645900003,
                13.839561315000026
              ],
              [
                121.20413789800011,
                13.839912889000061
              ],
              [
                121.20399173500005,
                13.839879475000032
              ],
              [
                121.20394276000002,
                13.840186740000036
              ],
              [
                121.20336964900002,
                13.840122232000056
              ],
              [
                121.2014022410001,
                13.839896934000024
              ],
              [
                121.20068526200009,
                13.839665854000032
              ],
              [
                121.19999227400001,
                13.838331750000066
              ],
              [
                121.19947217000004,
                13.83818552300005
              ],
              [
                121.19867191300011,
                13.838116521000074
              ],
              [
                121.19560676800006,
                13.837987627000075
              ],
              [
                121.19529924400001,
                13.837974514000052
              ],
              [
                121.1945427070001,
                13.837795929000038
              ],
              [
                121.19447606200004,
                13.837582957000052
              ],
              [
                121.19448282400003,
                13.837339301000043
              ],
              [
                121.19453202800003,
                13.83709923500004
              ],
              [
                121.194681048,
                13.836823519000063
              ],
              [
                121.19505456400009,
                13.836635090000073
              ],
              [
                121.1954033290001,
                13.836461110000073
              ],
              [
                121.19571098400002,
                13.83632355900005
              ],
              [
                121.19590932100004,
                13.83620983700007
              ],
              [
                121.19619929800001,
                13.835958676000075
              ],
              [
                121.19640142500009,
                13.835590265000064
              ],
              [
                121.1964600880001,
                13.83513154600007
              ],
              [
                121.19644577100007,
                13.83464834800003
              ],
              [
                121.19622573600009,
                13.834180192000076
              ],
              [
                121.1960753410001,
                13.833882298000049
              ],
              [
                121.19610740100006,
                13.833590722000054
              ],
              [
                121.19601823800008,
                13.833303460000025
              ],
              [
                121.19608090200006,
                13.833001121000052
              ],
              [
                121.19634309500009,
                13.832849226000064
              ],
              [
                121.19651698400003,
                13.832553757000028
              ],
              [
                121.19666731000007,
                13.831906712000034
              ],
              [
                121.19698763000008,
                13.831894400000067
              ],
              [
                121.20434761000001,
                13.831501638000077
              ],
              [
                121.21182370400004,
                13.832120705000023
              ],
              [
                121.21552471900009,
                13.832383338000056
              ],
              [
                121.21640355200009,
                13.832862528000021
              ],
              [
                121.21599836900009,
                13.833464825000021
              ],
              [
                121.215976468,
                13.834099976000061
              ],
              [
                121.21575745000007,
                13.834592765000025
              ],
              [
                121.2152899560001,
                13.835199235000061
              ],
              [
                121.21537312800001,
                13.835849483000061
              ],
              [
                121.21501776000002,
                13.836023386000022
              ],
              [
                121.21490899800006,
                13.836357133000035
              ],
              [
                121.21448459200008,
                13.837994131000073
              ],
              [
                121.21321137100006,
                13.839752388000022
              ],
              [
                121.21199878000004,
                13.840904350000073
              ],
              [
                121.21179907700002,
                13.841145568000059
              ],
              [
                121.21134007500007,
                13.841744266000035
              ]
            ]
          ]
        ]
      },
      "id": 25
    },
    {
      "type": "Feature",
      "properties": {
        "id": 26,
        "name": "Namunga",
        "ADM4_EN": "Namunga",
        "diversity": 0.81,
        "diversity_score": 0.81,
        "height": 965,
        "min_height": 0,
        "base_height": 0,
        "color": "#fffc2b",
        "colorRgb": [
          255,
          252,
          43
        ],
        "tier": "High Urban Mix",
        "primaryZone": "R1-Z",
        "area_sqkm": 0.8,
        "distribution": [
          {
            "name": "R1-Z",
            "value": 33.9
          },
          {
            "name": "PDA-SZ",
            "value": 17.7
          },
          {
            "name": "R2-Z",
            "value": 14.5
          },
          {
            "name": "C1-Z",
            "value": 12.3
          },
          {
            "name": "ROAD",
            "value": 6
          },
          {
            "name": "PROPOSED ROAD",
            "value": 4
          },
          {
            "name": "AgIndZ-PTR",
            "value": 3.2
          },
          {
            "name": "C/MP-Z",
            "value": 3.2
          },
          {
            "name": "WZ",
            "value": 2.3
          },
          {
            "name": "GI-Z",
            "value": 1.7
          },
          {
            "name": "T-Z",
            "value": 0.5
          },
          {
            "name": "C2-Z",
            "value": 0.5
          },
          {
            "name": "I2-Z",
            "value": 0.1
          }
        ],
        "extrusion_height": 965,
        "centroid": [
          121.195858,
          13.842826
        ],
        "zoneLabel": "Low-Density Residential",
        "clupColor": "#fffc2b"
      },
      "geometry": {
        "type": "MultiPolygon",
        "coordinates": [
          [
            [
              [
                121.20141427300007,
                13.846357652000052
              ],
              [
                121.20136041600006,
                13.848511957000028
              ],
              [
                121.19894357100009,
                13.84767077500004
              ],
              [
                121.19810630300003,
                13.84617744700006
              ],
              [
                121.19745030800004,
                13.846999398000037
              ],
              [
                121.19599331400002,
                13.847819353000034
              ],
              [
                121.19488372600006,
                13.848118545000034
              ],
              [
                121.19436907400006,
                13.848252698000067
              ],
              [
                121.1943983330001,
                13.847814332000041
              ],
              [
                121.19450900400011,
                13.847409052000046
              ],
              [
                121.1945125630001,
                13.847067689000028
              ],
              [
                121.19432708700003,
                13.846831429000076
              ],
              [
                121.19427533800001,
                13.846546207000074
              ],
              [
                121.19423922700003,
                13.846229937000032
              ],
              [
                121.19411031000004,
                13.84591079300003
              ],
              [
                121.19387882800004,
                13.845675519000054
              ],
              [
                121.19373355800008,
                13.845410877000063
              ],
              [
                121.19368644400004,
                13.845106045000023
              ],
              [
                121.1936468560001,
                13.84462276000005
              ],
              [
                121.19367988800002,
                13.844159256000069
              ],
              [
                121.19376541800011,
                13.843539196000052
              ],
              [
                121.19389699200008,
                13.843314901000042
              ],
              [
                121.19410376000008,
                13.843161748000057
              ],
              [
                121.19419911600005,
                13.84299797600005
              ],
              [
                121.19422972600012,
                13.842796715000077
              ],
              [
                121.19407869600002,
                13.842495886000052
              ],
              [
                121.19387983700005,
                13.84222115800003
              ],
              [
                121.19374420300005,
                13.841940645000022
              ],
              [
                121.19378030100006,
                13.841707674000077
              ],
              [
                121.19401340200011,
                13.841531320000058
              ],
              [
                121.19425126800002,
                13.841389278000065
              ],
              [
                121.19438524700001,
                13.841214085000047
              ],
              [
                121.19440606700005,
                13.840867296000056
              ],
              [
                121.19447433900007,
                13.84030260000003
              ],
              [
                121.19450837200009,
                13.839806678000059
              ],
              [
                121.19452444700005,
                13.839541229000076
              ],
              [
                121.194543081,
                13.839354357000047
              ],
              [
                121.19463892200008,
                13.839087685000038
              ],
              [
                121.19478962200003,
                13.838914896000063
              ],
              [
                121.1948105990001,
                13.83870987000006
              ],
              [
                121.1948138350001,
                13.838451471000042
              ],
              [
                121.19482100800008,
                13.83824755300003
              ],
              [
                121.19471080800008,
                13.838039466000055
              ],
              [
                121.1945427070001,
                13.837795929000038
              ],
              [
                121.19529924400001,
                13.837974514000052
              ],
              [
                121.19560676800006,
                13.837987627000075
              ],
              [
                121.19867191300011,
                13.838116521000074
              ],
              [
                121.19947217000004,
                13.83818552300005
              ],
              [
                121.19999227400001,
                13.838331750000066
              ],
              [
                121.20068526200009,
                13.839665854000032
              ],
              [
                121.2014022410001,
                13.839896934000024
              ],
              [
                121.20137752500011,
                13.841293399000051
              ],
              [
                121.2014531960001,
                13.842899016000047
              ],
              [
                121.20137788800002,
                13.844614269000033
              ],
              [
                121.20141427300007,
                13.846357652000052
              ]
            ]
          ]
        ]
      },
      "id": 26
    },
    {
      "type": "Feature",
      "properties": {
        "id": 27,
        "name": "Natu",
        "ADM4_EN": "Natu",
        "diversity": 0.56,
        "diversity_score": 0.56,
        "height": 653,
        "min_height": 0,
        "base_height": 0,
        "color": "#94d180",
        "colorRgb": [
          148,
          209,
          128
        ],
        "tier": "Balanced Agro-Town",
        "primaryZone": "PDA-SZ",
        "area_sqkm": 4.33,
        "distribution": [
          {
            "name": "PDA-SZ",
            "value": 63.1
          },
          {
            "name": "R1-Z",
            "value": 18.6
          },
          {
            "name": "C1-Z",
            "value": 7
          },
          {
            "name": "PTA-SZ-RA",
            "value": 4.3
          },
          {
            "name": "ROAD",
            "value": 2.8
          },
          {
            "name": "WZ",
            "value": 2.3
          },
          {
            "name": "AgIndZ-PTR",
            "value": 1.1
          },
          {
            "name": "AgIndZ-PGR",
            "value": 0.8
          },
          {
            "name": "GI-Z",
            "value": 0.1
          }
        ],
        "extrusion_height": 653,
        "centroid": [
          121.269031,
          13.84223
        ],
        "zoneLabel": "Production Agricultural",
        "clupColor": "#94d180"
      },
      "geometry": {
        "type": "MultiPolygon",
        "coordinates": [
          [
            [
              [
                121.27755742600004,
                13.844027654000058
              ],
              [
                121.2758525160001,
                13.857937135000043
              ],
              [
                121.27409646300009,
                13.857303949000027
              ],
              [
                121.2727293260001,
                13.856266361000053
              ],
              [
                121.27163131900011,
                13.854951452000023
              ],
              [
                121.27101331800009,
                13.854799466000031
              ],
              [
                121.26947932000007,
                13.855019460000051
              ],
              [
                121.26827432000005,
                13.854903475000071
              ],
              [
                121.26600831200005,
                13.853359588000046
              ],
              [
                121.26473430700003,
                13.852456654000036
              ],
              [
                121.26359730000001,
                13.85121674100003
              ],
              [
                121.26362540900004,
                13.849776615000053
              ],
              [
                121.26333866900006,
                13.848242554000024
              ],
              [
                121.26272217700011,
                13.84736799500007
              ],
              [
                121.26206267400005,
                13.846722829000043
              ],
              [
                121.26110209300009,
                13.845418160000065
              ],
              [
                121.26052226200011,
                13.844575189000068
              ],
              [
                121.2596072560001,
                13.843598257000053
              ],
              [
                121.25954248700009,
                13.842058787000042
              ],
              [
                121.258287246,
                13.841870377000077
              ],
              [
                121.25824924300002,
                13.84138340900006
              ],
              [
                121.2585462400001,
                13.840784446000043
              ],
              [
                121.2601492330001,
                13.83989049400003
              ],
              [
                121.26167422900005,
                13.839295524000022
              ],
              [
                121.26361222300011,
                13.838552561000029
              ],
              [
                121.26504163600009,
                13.837922413000058
              ],
              [
                121.26622045900001,
                13.837106813000048
              ],
              [
                121.267686206,
                13.836092697000026
              ],
              [
                121.26844919700011,
                13.834671784000022
              ],
              [
                121.26841118900006,
                13.833284874000071
              ],
              [
                121.2680451760001,
                13.831111017000069
              ],
              [
                121.26819016400009,
                13.829087148000042
              ],
              [
                121.26938815100004,
                13.827143267000054
              ],
              [
                121.27055514500012,
                13.826173323000035
              ],
              [
                121.27585258500005,
                13.83154606100004
              ],
              [
                121.27713953600005,
                13.833638490000055
              ],
              [
                121.27731019700002,
                13.833879770000067
              ],
              [
                121.27750247300003,
                13.834091534000038
              ],
              [
                121.2786322610001,
                13.834791842000072
              ],
              [
                121.28432620100011,
                13.836594568000066
              ],
              [
                121.28243099800011,
                13.837168402000032
              ],
              [
                121.28020605300003,
                13.838151013000072
              ],
              [
                121.27772296500007,
                13.840716870000051
              ],
              [
                121.27769019100003,
                13.841371607000042
              ],
              [
                121.27755742600004,
                13.844027654000058
              ]
            ]
          ]
        ]
      },
      "id": 27
    },
    {
      "type": "Feature",
      "properties": {
        "id": 28,
        "name": "Nazi",
        "ADM4_EN": "Nazi",
        "diversity": 0.5,
        "diversity_score": 0.5,
        "height": 582,
        "min_height": 0,
        "base_height": 0,
        "color": "#94d180",
        "colorRgb": [
          148,
          209,
          128
        ],
        "tier": "Balanced Agro-Town",
        "primaryZone": "PDA-SZ",
        "area_sqkm": 11.76,
        "distribution": [],
        "extrusion_height": 582,
        "centroid": [
          121.30647,
          13.776993
        ],
        "zoneLabel": "Production Agricultural",
        "clupColor": "#94d180"
      },
      "geometry": {
        "type": "MultiPolygon",
        "coordinates": [
          [
            [
              [
                121.32963686700009,
                13.785481619000052
              ],
              [
                121.33026988900008,
                13.789305368000043
              ],
              [
                121.30733116500005,
                13.78695996700003
              ],
              [
                121.30729578100011,
                13.786951072000022
              ],
              [
                121.3061982800001,
                13.786643236000032
              ],
              [
                121.29969486900006,
                13.787048531000039
              ],
              [
                121.29960445400002,
                13.786935110000059
              ],
              [
                121.2995215730001,
                13.786748514000067
              ],
              [
                121.29957808200004,
                13.786583870000072
              ],
              [
                121.29983049100008,
                13.786152136000055
              ],
              [
                121.29996611400009,
                13.786024079000072
              ],
              [
                121.30010550400004,
                13.785738695000077
              ],
              [
                121.30010550400004,
                13.785054504000072
              ],
              [
                121.30019215100003,
                13.784922788000074
              ],
              [
                121.30031270500001,
                13.78478009500003
              ],
              [
                121.30051613800003,
                13.784652038000047
              ],
              [
                121.30080245300007,
                13.784450804000073
              ],
              [
                121.30097574800004,
                13.784384946000046
              ],
              [
                121.30111890500007,
                13.784304452000072
              ],
              [
                121.3012356910001,
                13.784198347000029
              ],
              [
                121.30132233900008,
                13.784048337000058
              ],
              [
                121.30135247700002,
                13.783869056000071
              ],
              [
                121.30136001200003,
                13.78371538600004
              ],
              [
                121.3013976850001,
                13.783532446000038
              ],
              [
                121.30158981700004,
                13.783111683000072
              ],
              [
                121.30163125700005,
                13.782947036000053
              ],
              [
                121.301574748,
                13.782793366000021
              ],
              [
                121.30143912500012,
                13.782676284000047
              ],
              [
                121.30125829500003,
                13.782606766000072
              ],
              [
                121.3011754150001,
                13.78250797800007
              ],
              [
                121.30106616300009,
                13.782314060000033
              ],
              [
                121.3010473270001,
                13.782006719000037
              ],
              [
                121.30096444600008,
                13.781834754000045
              ],
              [
                121.30094937700005,
                13.781681083000024
              ],
              [
                121.30106993100003,
                13.781549365000046
              ],
              [
                121.30132610600003,
                13.781329834000076
              ],
              [
                121.30156344600005,
                13.780949315000043
              ],
              [
                121.30169530100011,
                13.780773690000046
              ],
              [
                121.30197408100003,
                13.780539524000062
              ],
              [
                121.30229806800003,
                13.780565136000064
              ],
              [
                121.30254294200006,
                13.78071514900006
              ],
              [
                121.30254294200006,
                13.780894432000025
              ],
              [
                121.30266349500005,
                13.78101517400006
              ],
              [
                121.30296864600007,
                13.781055421000076
              ],
              [
                121.3032135200001,
                13.780828573000065
              ],
              [
                121.30343955800004,
                13.78071514900006
              ],
              [
                121.30371833700008,
                13.780532206000032
              ],
              [
                121.30385396000008,
                13.78047000500004
              ],
              [
                121.30398581500003,
                13.780330969000033
              ],
              [
                121.30430980200003,
                13.780257792000043
              ],
              [
                121.30445672700012,
                13.780177297000023
              ],
              [
                121.304558444,
                13.780056555000044
              ],
              [
                121.30470913600004,
                13.779976060000024
              ],
              [
                121.30487112900005,
                13.779913859000033
              ],
              [
                121.3050293550001,
                13.779902882000044
              ],
              [
                121.30517628000007,
                13.779994354000053
              ],
              [
                121.30530060100011,
                13.780100461000075
              ],
              [
                121.30547389600008,
                13.78013339100005
              ],
              [
                121.30557184600002,
                13.78001630700004
              ],
              [
                121.30555300900005,
                13.779855317000056
              ],
              [
                121.3053194370001,
                13.779569926000022
              ],
              [
                121.3052252550001,
                13.779255263000039
              ],
              [
                121.30514237400007,
                13.779112567000027
              ],
              [
                121.30499168300003,
                13.778988165000044
              ],
              [
                121.30497284600006,
                13.778812539000057
              ],
              [
                121.3050632610001,
                13.778139304000035
              ],
              [
                121.30512353800009,
                13.777970995000032
              ],
              [
                121.30527422900002,
                13.777890500000069
              ],
              [
                121.30535334300009,
                13.77772950800005
              ],
              [
                121.30536087700011,
                13.77749533900004
              ],
              [
                121.30537594600003,
                13.777312394000035
              ],
              [
                121.3054211540001,
                13.777114813000026
              ],
              [
                121.30550403400002,
                13.776807464000058
              ],
              [
                121.30552475400009,
                13.776661108000042
              ],
              [
                121.30548896500011,
                13.776441573000056
              ],
              [
                121.30557938000004,
                13.776302534000024
              ],
              [
                121.30569993400002,
                13.776273263000064
              ],
              [
                121.30589583300002,
                13.776229356000044
              ],
              [
                121.30603899000005,
                13.776119588000029
              ],
              [
                121.30610680100006,
                13.775987867000026
              ],
              [
                121.30623488900005,
                13.77588541700004
              ],
              [
                121.306408185,
                13.775841510000078
              ],
              [
                121.30654380700003,
                13.775731742000062
              ],
              [
                121.30668696400005,
                13.775687835000042
              ],
              [
                121.30680751800003,
                13.775570749000053
              ],
              [
                121.30683012100008,
                13.775417074000075
              ],
              [
                121.30673217200001,
                13.775021909000031
              ],
              [
                121.30672463700012,
                13.77485359800005
              ],
              [
                121.30675477600005,
                13.77473651200006
              ],
              [
                121.3067849140001,
                13.774641379000059
              ],
              [
                121.30682258700006,
                13.774531611000043
              ],
              [
                121.30681505200005,
                13.774363299000072
              ],
              [
                121.30676231000007,
                13.77426084900003
              ],
              [
                121.30669449900006,
                13.774019358000032
              ],
              [
                121.30669449900006,
                13.773646144000054
              ],
              [
                121.30674724100004,
                13.773485150000056
              ],
              [
                121.29701945400006,
                13.771165587000041
              ],
              [
                121.2945257560001,
                13.764097210000045
              ],
              [
                121.29637918700007,
                13.761968742000022
              ],
              [
                121.29974014200002,
                13.758614754000064
              ],
              [
                121.30193061200009,
                13.756903858000044
              ],
              [
                121.30385790600008,
                13.755697521000059
              ],
              [
                121.30655944700004,
                13.754892895000069
              ],
              [
                121.30830705900007,
                13.754241428000057
              ],
              [
                121.30999068300002,
                13.753309821000073
              ],
              [
                121.31257767800003,
                13.752755842000056
              ],
              [
                121.3163696690001,
                13.751568897000027
              ],
              [
                121.32071066800006,
                13.75173286100005
              ],
              [
                121.32557767000003,
                13.752561779000075
              ],
              [
                121.328042675,
                13.75351670300006
              ],
              [
                121.32801970800006,
                13.759024346000047
              ],
              [
                121.32813373300007,
                13.763221073000068
              ],
              [
                121.32869074700011,
                13.76565891100006
              ],
              [
                121.32880476500009,
                13.768581721000032
              ],
              [
                121.32874379900011,
                13.774253353000063
              ],
              [
                121.32878281300009,
                13.776449210000067
              ],
              [
                121.3292708460001,
                13.781958850000024
              ],
              [
                121.32963686700009,
                13.785481619000052
              ]
            ]
          ]
        ]
      },
      "id": 28
    },
    {
      "type": "Feature",
      "properties": {
        "id": 29,
        "name": "Palakpak",
        "ADM4_EN": "Palakpak",
        "diversity": 0.5,
        "diversity_score": 0.5,
        "height": 582,
        "min_height": 0,
        "base_height": 0,
        "color": "#94d180",
        "colorRgb": [
          148,
          209,
          128
        ],
        "tier": "Balanced Agro-Town",
        "primaryZone": "PDA-SZ",
        "area_sqkm": 2.42,
        "distribution": [],
        "extrusion_height": 582,
        "centroid": [
          121.331414,
          13.706859
        ],
        "zoneLabel": "Production Agricultural",
        "clupColor": "#94d180"
      },
      "geometry": {
        "type": "MultiPolygon",
        "coordinates": [
          [
            [
              [
                121.33589567100012,
                13.718501889000038
              ],
              [
                121.33547939800007,
                13.718819361000044
              ],
              [
                121.33298244000002,
                13.71508317100006
              ],
              [
                121.3309694410001,
                13.714928193000048
              ],
              [
                121.3304204310001,
                13.713223307000021
              ],
              [
                121.33042042300008,
                13.711983387000032
              ],
              [
                121.32913941700008,
                13.71089846500007
              ],
              [
                121.32676043000004,
                13.71275835800003
              ],
              [
                121.32602843900008,
                13.714308261000042
              ],
              [
                121.32493043200009,
                13.712913358000037
              ],
              [
                121.32511342400005,
                13.711673438000048
              ],
              [
                121.3258454060001,
                13.708728625000049
              ],
              [
                121.32529639600011,
                13.707023739000022
              ],
              [
                121.32401539200009,
                13.706248797000057
              ],
              [
                121.32218538400002,
                13.704697908000071
              ],
              [
                121.32050538700003,
                13.705001898000035
              ],
              [
                121.32178637400011,
                13.70298702100007
              ],
              [
                121.32416535300001,
                13.699732219000055
              ],
              [
                121.32616334200009,
                13.69802431900007
              ],
              [
                121.32778434300008,
                13.698350288000029
              ],
              [
                121.32919934300003,
                13.698589265000066
              ],
              [
                121.33040634600002,
                13.699107224000045
              ],
              [
                121.33111935300008,
                13.700388137000061
              ],
              [
                121.33143335700004,
                13.701122087000044
              ],
              [
                121.33148636800001,
                13.702874973000064
              ],
              [
                121.3315743710001,
                13.70338693900004
              ],
              [
                121.33199537400003,
                13.703900903000033
              ],
              [
                121.3330873750001,
                13.704197878000059
              ],
              [
                121.33361137500003,
                13.70431086700006
              ],
              [
                121.33410237500004,
                13.70431286400003
              ],
              [
                121.33482137700003,
                13.704645839000023
              ],
              [
                121.33543753100003,
                13.702323874000058
              ],
              [
                121.33686471800002,
                13.701902596000025
              ],
              [
                121.33767437100005,
                13.703965867000022
              ],
              [
                121.33847537300005,
                13.704444831000046
              ],
              [
                121.33936737200008,
                13.70437583000006
              ],
              [
                121.3401603750001,
                13.70481879700003
              ],
              [
                121.3401443790001,
                13.705475754000076
              ],
              [
                121.33911238900009,
                13.707066657000041
              ],
              [
                121.33758781000006,
                13.709085562000041
              ],
              [
                121.33994975100006,
                13.713409139000078
              ],
              [
                121.33589567100012,
                13.718501889000038
              ]
            ]
          ]
        ]
      },
      "id": 29
    },
    {
      "type": "Feature",
      "properties": {
        "id": 30,
        "name": "Pinagsibaan",
        "ADM4_EN": "Pinagsibaan",
        "diversity": 0.75,
        "diversity_score": 0.75,
        "height": 888,
        "min_height": 0,
        "base_height": 0,
        "color": "#94d180",
        "colorRgb": [
          148,
          209,
          128
        ],
        "tier": "High Urban Mix",
        "primaryZone": "PDA-SZ",
        "area_sqkm": 3.22,
        "distribution": [
          {
            "name": "PDA-SZ",
            "value": 37.8
          },
          {
            "name": "PTA-SZ-RA",
            "value": 29.6
          },
          {
            "name": "R1-Z",
            "value": 9.9
          },
          {
            "name": "C1-Z",
            "value": 7.5
          },
          {
            "name": "AgIndZ-PGR",
            "value": 4.5
          },
          {
            "name": "ROAD",
            "value": 3.6
          },
          {
            "name": "I1-Z",
            "value": 3.5
          },
          {
            "name": "WZ",
            "value": 3.1
          },
          {
            "name": "AgIndZ-PTR",
            "value": 0.4
          },
          {
            "name": "GI-Z",
            "value": 0.1
          }
        ],
        "extrusion_height": 888,
        "centroid": [
          121.318286,
          13.846126
        ],
        "zoneLabel": "Production Agricultural",
        "clupColor": "#94d180"
      },
      "geometry": {
        "type": "MultiPolygon",
        "coordinates": [
          [
            [
              [
                121.33156493500007,
                13.854563143000064
              ],
              [
                121.33032428700005,
                13.85491111400006
              ],
              [
                121.32919528200011,
                13.853895187000035
              ],
              [
                121.32824128300001,
                13.85408018000004
              ],
              [
                121.32729528300001,
                13.85392719600003
              ],
              [
                121.32685227800005,
                13.853102252000042
              ],
              [
                121.32623427700003,
                13.852799275000052
              ],
              [
                121.32437327900004,
                13.853056269000035
              ],
              [
                121.32353427800001,
                13.85271629600004
              ],
              [
                121.32280927700003,
                13.85248931500007
              ],
              [
                121.32225928000003,
                13.852937289000067
              ],
              [
                121.32090928100001,
                13.853045290000068
              ],
              [
                121.31952027700004,
                13.852329344000054
              ],
              [
                121.31875827400006,
                13.851765385000022
              ],
              [
                121.3162702730001,
                13.85130742900003
              ],
              [
                121.31375326600005,
                13.84987553700006
              ],
              [
                121.31328026300002,
                13.849424569000064
              ],
              [
                121.31349325300005,
                13.847701679000068
              ],
              [
                121.3134423780001,
                13.847071080000035
              ],
              [
                121.31313147100002,
                13.84697215500006
              ],
              [
                121.31297601800009,
                13.846618851000073
              ],
              [
                121.3126933750001,
                13.846350341000061
              ],
              [
                121.31238246700002,
                13.846011169000064
              ],
              [
                121.31167586000004,
                13.845671998000057
              ],
              [
                121.31092685700003,
                13.845460016000061
              ],
              [
                121.31068661000006,
                13.845262165000065
              ],
              [
                121.31037570300009,
                13.845134976000054
              ],
              [
                121.30996452300008,
                13.84489267400005
              ],
              [
                121.30958430300007,
                13.844668615000046
              ],
              [
                121.309174471,
                13.844541426000035
              ],
              [
                121.30896248800002,
                13.844032669000057
              ],
              [
                121.3086657130001,
                13.84369349700006
              ],
              [
                121.30825588100004,
                13.843453251000028
              ],
              [
                121.30790257800004,
                13.843128212000067
              ],
              [
                121.30726287300001,
                13.84176891900006
              ],
              [
                121.3070020450001,
                13.841102360000036
              ],
              [
                121.30604567700004,
                13.840117011000075
              ],
              [
                121.30485746200009,
                13.838986757000043
              ],
              [
                121.30266202100006,
                13.837501263000036
              ],
              [
                121.30198019600004,
                13.837324418000037
              ],
              [
                121.30154915700007,
                13.835593169000049
              ],
              [
                121.30099934800012,
                13.833384883000065
              ],
              [
                121.30112395200001,
                13.832507035000049
              ],
              [
                121.31513828600009,
                13.837370002000057
              ],
              [
                121.31648359100006,
                13.839437822000036
              ],
              [
                121.31818521500009,
                13.841984022000076
              ],
              [
                121.31822322100004,
                13.842919961000064
              ],
              [
                121.31870422400004,
                13.843483922000075
              ],
              [
                121.31961222600012,
                13.843861892000064
              ],
              [
                121.32074922700008,
                13.844202864000067
              ],
              [
                121.32122223100009,
                13.844877817000054
              ],
              [
                121.32187823000004,
                13.844655828000043
              ],
              [
                121.32278622900003,
                13.844583827000065
              ],
              [
                121.32454123100001,
                13.845113783000045
              ],
              [
                121.32575107600007,
                13.84595273900004
              ],
              [
                121.3271681440001,
                13.846051604000024
              ],
              [
                121.32907953600011,
                13.846216380000044
              ],
              [
                121.330265918,
                13.846216380000044
              ],
              [
                121.3312875250001,
                13.845820919000062
              ],
              [
                121.33205622800006,
                13.845249730000035
              ],
              [
                121.33307823000007,
                13.845664697000075
              ],
              [
                121.33370423300005,
                13.846341650000056
              ],
              [
                121.33410023600004,
                13.84675462100006
              ],
              [
                121.3351612350001,
                13.846758614000066
              ],
              [
                121.33318211000005,
                13.851056118000031
              ],
              [
                121.33156493500007,
                13.854563143000064
              ]
            ]
          ]
        ]
      },
      "id": 30
    },
    {
      "type": "Feature",
      "properties": {
        "id": 31,
        "name": "Barangay A (Pob.)",
        "ADM4_EN": "Barangay A (Pob.)",
        "diversity": 0.5,
        "diversity_score": 0.5,
        "height": 582,
        "min_height": 0,
        "base_height": 0,
        "color": "#fffc2b",
        "colorRgb": [
          255,
          252,
          43
        ],
        "tier": "Balanced Agro-Town",
        "primaryZone": "R2-Z",
        "area_sqkm": 0.31,
        "distribution": [],
        "extrusion_height": 582,
        "centroid": [
          121.209673,
          13.845343
        ],
        "zoneLabel": "Medium-Density Residential",
        "clupColor": "#fffc2b"
      },
      "geometry": {
        "type": "MultiPolygon",
        "coordinates": [
          [
            [
              [
                121.20905843000003,
                13.849043662000042
              ],
              [
                121.20779146100006,
                13.849287274000062
              ],
              [
                121.20803626800011,
                13.847487276000038
              ],
              [
                121.20816423500003,
                13.847337886000048
              ],
              [
                121.2081891790001,
                13.847025349000035
              ],
              [
                121.20807455400006,
                13.846826357000054
              ],
              [
                121.20793436000008,
                13.84662296600004
              ],
              [
                121.2078293720001,
                13.84639876700004
              ],
              [
                121.2078856490001,
                13.846190511000032
              ],
              [
                121.20806060500001,
                13.845986208000056
              ],
              [
                121.20816726300006,
                13.845710402000066
              ],
              [
                121.20828169600009,
                13.845496569000034
              ],
              [
                121.20832838800004,
                13.845346866000057
              ],
              [
                121.20824429400011,
                13.845133062000059
              ],
              [
                121.20815116200004,
                13.844911750000051
              ],
              [
                121.20832264900002,
                13.844707067000058
              ],
              [
                121.20851030300003,
                13.844588581000039
              ],
              [
                121.20862368600001,
                13.844395392000024
              ],
              [
                121.208542125,
                13.844195109000054
              ],
              [
                121.20834169300008,
                13.843995971000027
              ],
              [
                121.20818694400009,
                13.843766384000048
              ],
              [
                121.20814493600005,
                13.843493719000037
              ],
              [
                121.2082999380001,
                13.843279712000026
              ],
              [
                121.20842010600006,
                13.843085115000065
              ],
              [
                121.20845383900007,
                13.842810241000052
              ],
              [
                121.20841948100008,
                13.842651647000025
              ],
              [
                121.20836812800007,
                13.84255646300005
              ],
              [
                121.20825286200011,
                13.842345755000053
              ],
              [
                121.20809983700008,
                13.84209532400007
              ],
              [
                121.20964419800009,
                13.84219618700007
              ],
              [
                121.21131014100001,
                13.842313029000024
              ],
              [
                121.21150805600007,
                13.842875767000066
              ],
              [
                121.21166067200011,
                13.843236215000047
              ],
              [
                121.21215078400007,
                13.843760128000042
              ],
              [
                121.21240429000011,
                13.844627683000056
              ],
              [
                121.21264089600004,
                13.845224831000053
              ],
              [
                121.21255076000011,
                13.845652974000075
              ],
              [
                121.21254412300004,
                13.846008255000072
              ],
              [
                121.2125174250001,
                13.846632789000068
              ],
              [
                121.21256184200001,
                13.846928903000048
              ],
              [
                121.21264327300003,
                13.847136183000032
              ],
              [
                121.21259145300007,
                13.847373075000064
              ],
              [
                121.2127173020001,
                13.847617369000034
              ],
              [
                121.21285055300007,
                13.847839455000042
              ],
              [
                121.212820942,
                13.847994915000072
              ],
              [
                121.21129163300009,
                13.847880056000065
              ],
              [
                121.20905843000003,
                13.849043662000042
              ]
            ]
          ]
        ]
      },
      "id": 31
    },
    {
      "type": "Feature",
      "properties": {
        "id": 32,
        "name": "Barangay B (Pob.)",
        "ADM4_EN": "Barangay B (Pob.)",
        "diversity": 0.5,
        "diversity_score": 0.5,
        "height": 582,
        "min_height": 0,
        "base_height": 0,
        "color": "#fffc2b",
        "colorRgb": [
          255,
          252,
          43
        ],
        "tier": "Balanced Agro-Town",
        "primaryZone": "R1-Z",
        "area_sqkm": 0.24,
        "distribution": [],
        "extrusion_height": 582,
        "centroid": [
          121.207314,
          13.845555
        ],
        "zoneLabel": "Low-Density Residential",
        "clupColor": "#fffc2b"
      },
      "geometry": {
        "type": "MultiPolygon",
        "coordinates": [
          [
            [
              [
                121.20779146100006,
                13.849287274000062
              ],
              [
                121.20594667800003,
                13.849636377000024
              ],
              [
                121.20440996400009,
                13.849345536000044
              ],
              [
                121.20458832100007,
                13.848382408000077
              ],
              [
                121.2047988490001,
                13.847245557000065
              ],
              [
                121.2048299600001,
                13.84706667000006
              ],
              [
                121.20484502900001,
                13.847030092000068
              ],
              [
                121.20509484100012,
                13.846019789000025
              ],
              [
                121.20530124700008,
                13.845218671000055
              ],
              [
                121.20544660300004,
                13.844425840000042
              ],
              [
                121.2056179110001,
                13.843523206000043
              ],
              [
                121.20632011600003,
                13.843635102000064
              ],
              [
                121.206481929,
                13.842560836000075
              ],
              [
                121.20836812800007,
                13.84255646300005
              ],
              [
                121.20841948100008,
                13.842651647000025
              ],
              [
                121.20845383900007,
                13.842810241000052
              ],
              [
                121.20842010600006,
                13.843085115000065
              ],
              [
                121.2082999380001,
                13.843279712000026
              ],
              [
                121.20814493600005,
                13.843493719000037
              ],
              [
                121.20818694400009,
                13.843766384000048
              ],
              [
                121.20834169300008,
                13.843995971000027
              ],
              [
                121.208542125,
                13.844195109000054
              ],
              [
                121.20862368600001,
                13.844395392000024
              ],
              [
                121.20851030300003,
                13.844588581000039
              ],
              [
                121.20832264900002,
                13.844707067000058
              ],
              [
                121.20815116200004,
                13.844911750000051
              ],
              [
                121.20824429400011,
                13.845133062000059
              ],
              [
                121.20832838800004,
                13.845346866000057
              ],
              [
                121.20828169600009,
                13.845496569000034
              ],
              [
                121.20816726300006,
                13.845710402000066
              ],
              [
                121.20806060500001,
                13.845986208000056
              ],
              [
                121.2078856490001,
                13.846190511000032
              ],
              [
                121.2078293720001,
                13.84639876700004
              ],
              [
                121.20793436000008,
                13.84662296600004
              ],
              [
                121.20807455400006,
                13.846826357000054
              ],
              [
                121.2081891790001,
                13.847025349000035
              ],
              [
                121.20816423500003,
                13.847337886000048
              ],
              [
                121.20803626800011,
                13.847487276000038
              ],
              [
                121.20779146100006,
                13.849287274000062
              ]
            ]
          ]
        ]
      },
      "id": 32
    },
    {
      "type": "Feature",
      "properties": {
        "id": 33,
        "name": "Barangay C (Pob.)",
        "ADM4_EN": "Barangay C (Pob.)",
        "diversity": 0.5,
        "diversity_score": 0.5,
        "height": 582,
        "min_height": 0,
        "base_height": 0,
        "color": "#eb3356",
        "colorRgb": [
          235,
          51,
          86
        ],
        "tier": "Balanced Agro-Town",
        "primaryZone": "C2-Z",
        "area_sqkm": 0.17,
        "distribution": [],
        "extrusion_height": 582,
        "centroid": [
          121.203706,
          13.847057
        ],
        "zoneLabel": "Commercial-2 Zone",
        "clupColor": "#eb3356"
      },
      "geometry": {
        "type": "MultiPolygon",
        "coordinates": [
          [
            [
              [
                121.20458832100007,
                13.848382408000077
              ],
              [
                121.20440996400009,
                13.849345536000044
              ],
              [
                121.20322858400004,
                13.84894044500004
              ],
              [
                121.2031212070001,
                13.848911796000039
              ],
              [
                121.20136041600006,
                13.848511957000028
              ],
              [
                121.20141427300007,
                13.846357652000052
              ],
              [
                121.20137788800002,
                13.844614269000033
              ],
              [
                121.20248939800001,
                13.84478488700006
              ],
              [
                121.20414738400007,
                13.845037221000041
              ],
              [
                121.20530124700008,
                13.845218671000055
              ],
              [
                121.20509484100012,
                13.846019789000025
              ],
              [
                121.20484502900001,
                13.847030092000068
              ],
              [
                121.2048299600001,
                13.84706667000006
              ],
              [
                121.2047988490001,
                13.847245557000065
              ],
              [
                121.20458832100007,
                13.848382408000077
              ]
            ]
          ]
        ]
      },
      "id": 33
    },
    {
      "type": "Feature",
      "properties": {
        "id": 34,
        "name": "Barangay D (Pob.)",
        "ADM4_EN": "Barangay D (Pob.)",
        "diversity": 0.5,
        "diversity_score": 0.5,
        "height": 582,
        "min_height": 0,
        "base_height": 0,
        "color": "#eb3356",
        "colorRgb": [
          235,
          51,
          86
        ],
        "tier": "Balanced Agro-Town",
        "primaryZone": "C1-Z",
        "area_sqkm": 0.08,
        "distribution": [],
        "extrusion_height": 582,
        "centroid": [
          121.203891,
          13.843953
        ],
        "zoneLabel": "Commercial-1 Zone",
        "clupColor": "#eb3356"
      },
      "geometry": {
        "type": "MultiPolygon",
        "coordinates": [
          [
            [
              [
                121.20544660300004,
                13.844425840000042
              ],
              [
                121.20530124700008,
                13.845218671000055
              ],
              [
                121.20414738400007,
                13.845037221000041
              ],
              [
                121.20248939800001,
                13.84478488700006
              ],
              [
                121.20137788800002,
                13.844614269000033
              ],
              [
                121.2014531960001,
                13.842899016000047
              ],
              [
                121.20279493300006,
                13.84313704300007
              ],
              [
                121.20340310600011,
                13.843228742000065
              ],
              [
                121.2039867740001,
                13.84331000800006
              ],
              [
                121.20450408700003,
                13.843381908000026
              ],
              [
                121.20461333800006,
                13.843396540000072
              ],
              [
                121.2056179110001,
                13.843523206000043
              ],
              [
                121.20544660300004,
                13.844425840000042
              ]
            ]
          ]
        ]
      },
      "id": 34
    },
    {
      "type": "Feature",
      "properties": {
        "id": 35,
        "name": "Barangay E (Pob.)",
        "ADM4_EN": "Barangay E (Pob.)",
        "diversity": 0.5,
        "diversity_score": 0.5,
        "height": 582,
        "min_height": 0,
        "base_height": 0,
        "color": "#fffc2b",
        "colorRgb": [
          255,
          252,
          43
        ],
        "tier": "Balanced Agro-Town",
        "primaryZone": "R2-Z",
        "area_sqkm": 0.27,
        "distribution": [],
        "extrusion_height": 582,
        "centroid": [
          121.205727,
          13.84138
        ],
        "zoneLabel": "Medium-Density Residential",
        "clupColor": "#fffc2b"
      },
      "geometry": {
        "type": "MultiPolygon",
        "coordinates": [
          [
            [
              [
                121.206481929,
                13.842560836000075
              ],
              [
                121.20632011600003,
                13.843635102000064
              ],
              [
                121.2056179110001,
                13.843523206000043
              ],
              [
                121.20461333800006,
                13.843396540000072
              ],
              [
                121.20450408700003,
                13.843381908000026
              ],
              [
                121.2039867740001,
                13.84331000800006
              ],
              [
                121.20340310600011,
                13.843228742000065
              ],
              [
                121.20279493300006,
                13.84313704300007
              ],
              [
                121.2014531960001,
                13.842899016000047
              ],
              [
                121.20137752500011,
                13.841293399000051
              ],
              [
                121.2014022410001,
                13.839896934000024
              ],
              [
                121.20336964900002,
                13.840122232000056
              ],
              [
                121.20394276000002,
                13.840186740000036
              ],
              [
                121.20399173500005,
                13.839879475000032
              ],
              [
                121.20413789800011,
                13.839912889000061
              ],
              [
                121.20420645900003,
                13.839561315000026
              ],
              [
                121.20425772100009,
                13.839265144000024
              ],
              [
                121.205674283,
                13.839516824000043
              ],
              [
                121.2062811730001,
                13.83957081400007
              ],
              [
                121.20762754700002,
                13.839804615000048
              ],
              [
                121.20784108700002,
                13.839866864000044
              ],
              [
                121.20789913600004,
                13.840139154000042
              ],
              [
                121.20805517500003,
                13.840410914000074
              ],
              [
                121.20822185400004,
                13.840656765000062
              ],
              [
                121.2082156140001,
                13.840868507000039
              ],
              [
                121.20808750800006,
                13.841082325000059
              ],
              [
                121.2079924620001,
                13.841263602000026
              ],
              [
                121.20801432100006,
                13.841614392000054
              ],
              [
                121.20803172700005,
                13.841983859000038
              ],
              [
                121.20809983700008,
                13.84209532400007
              ],
              [
                121.20825286200011,
                13.842345755000053
              ],
              [
                121.20836812800007,
                13.84255646300005
              ],
              [
                121.206481929,
                13.842560836000075
              ]
            ]
          ]
        ]
      },
      "id": 35
    },
    {
      "type": "Feature",
      "properties": {
        "id": 36,
        "name": "Putingkahoy",
        "ADM4_EN": "Putingkahoy",
        "diversity": 0.67,
        "diversity_score": 0.67,
        "height": 787,
        "min_height": 0,
        "base_height": 0,
        "color": "#94d180",
        "colorRgb": [
          148,
          209,
          128
        ],
        "tier": "Diverse Growth Node",
        "primaryZone": "PDA-SZ",
        "area_sqkm": 6.85,
        "distribution": [
          {
            "name": "PDA-SZ",
            "value": 45.3
          },
          {
            "name": "PTA-SZ-RA",
            "value": 34.4
          },
          {
            "name": "R1-Z",
            "value": 7
          },
          {
            "name": "C1-Z",
            "value": 6
          },
          {
            "name": "WZ",
            "value": 2
          },
          {
            "name": "FZ",
            "value": 1.8
          },
          {
            "name": "ROAD",
            "value": 1.6
          },
          {
            "name": "AgIndZ-PGR",
            "value": 1.1
          },
          {
            "name": "T-Z",
            "value": 0.6
          },
          {
            "name": "GI-Z",
            "value": 0.2
          },
          {
            "name": "I2-Z",
            "value": 0
          }
        ],
        "extrusion_height": 787,
        "centroid": [
          121.318763,
          13.829277
        ],
        "zoneLabel": "Production Agricultural",
        "clupColor": "#94d180"
      },
      "geometry": {
        "type": "MultiPolygon",
        "coordinates": [
          [
            [
              [
                121.33552697000005,
                13.82888448400007
              ],
              [
                121.34117693000007,
                13.847905927000056
              ],
              [
                121.33964722700011,
                13.84587364600003
              ],
              [
                121.33760222800004,
                13.845828660000052
              ],
              [
                121.33639723200008,
                13.846350634000032
              ],
              [
                121.3351612350001,
                13.846758614000066
              ],
              [
                121.33410023600004,
                13.84675462100006
              ],
              [
                121.33370423300005,
                13.846341650000056
              ],
              [
                121.33307823000007,
                13.845664697000075
              ],
              [
                121.33205622800006,
                13.845249730000035
              ],
              [
                121.3312875250001,
                13.845820919000062
              ],
              [
                121.330265918,
                13.846216380000044
              ],
              [
                121.32907953600011,
                13.846216380000044
              ],
              [
                121.3271681440001,
                13.846051604000024
              ],
              [
                121.32575107600007,
                13.84595273900004
              ],
              [
                121.32454123100001,
                13.845113783000045
              ],
              [
                121.32278622900003,
                13.844583827000065
              ],
              [
                121.32187823000004,
                13.844655828000043
              ],
              [
                121.32122223100009,
                13.844877817000054
              ],
              [
                121.32074922700008,
                13.844202864000067
              ],
              [
                121.31961222600012,
                13.843861892000064
              ],
              [
                121.31870422400004,
                13.843483922000075
              ],
              [
                121.31822322100004,
                13.842919961000064
              ],
              [
                121.31818521500009,
                13.841984022000076
              ],
              [
                121.31648359100006,
                13.839437822000036
              ],
              [
                121.31513828600009,
                13.837370002000057
              ],
              [
                121.30112395200001,
                13.832507035000049
              ],
              [
                121.3015626240001,
                13.82932930100003
              ],
              [
                121.30447179600003,
                13.821628477000047
              ],
              [
                121.30470913600004,
                13.821573604000037
              ],
              [
                121.30499168300003,
                13.821430934000034
              ],
              [
                121.30516874500006,
                13.821299238000051
              ],
              [
                121.30549273200006,
                13.821273631000054
              ],
              [
                121.3059674110001,
                13.82131021300006
              ],
              [
                121.3061972160001,
                13.821474832000035
              ],
              [
                121.30649106500005,
                13.821855286000073
              ],
              [
                121.30672087000005,
                13.821997956000075
              ],
              [
                121.30695067500005,
                13.822063803000049
              ],
              [
                121.30710136700009,
                13.822513762000028
              ],
              [
                121.30710136700009,
                13.82273691100005
              ],
              [
                121.30715410900007,
                13.823003959000062
              ],
              [
                121.30716164300009,
                13.823208818000069
              ],
              [
                121.30722945500008,
                13.823450258000037
              ],
              [
                121.30741405200001,
                13.823629508000067
              ],
              [
                121.30764762400008,
                13.823739253000042
              ],
              [
                121.30812607000007,
                13.82376120300006
              ],
              [
                121.308318202,
                13.823955086000069
              ],
              [
                121.30854424000006,
                13.824361142000043
              ],
              [
                121.30880041600005,
                13.824448938000046
              ],
              [
                121.30904905700004,
                13.82450015300003
              ],
              [
                121.30963675500004,
                13.824485520000053
              ],
              [
                121.30979874800005,
                13.824474545000044
              ],
              [
                121.31011143400008,
                13.824419673000023
              ],
              [
                121.31032616900006,
                13.824357484000075
              ],
              [
                121.31056727600003,
                13.824251397000069
              ],
              [
                121.31068406200006,
                13.824031907000062
              ],
              [
                121.31065015700005,
                13.823794126000053
              ],
              [
                121.31056727600003,
                13.823578294000072
              ],
              [
                121.31064262200005,
                13.82335514500005
              ],
              [
                121.31087619400012,
                13.823344170000041
              ],
              [
                121.31113237000011,
                13.823446599000022
              ],
              [
                121.3113885460001,
                13.823501472000032
              ],
              [
                121.31155430700005,
                13.823442941000053
              ],
              [
                121.31191596700012,
                13.823560003000068
              ],
              [
                121.31214200500006,
                13.824137994000068
              ],
              [
                121.31231906700009,
                13.824489178000022
              ],
              [
                121.312563941,
                13.824770856000043
              ],
              [
                121.31299341300007,
                13.824891576000027
              ],
              [
                121.31366399100011,
                13.825037902000076
              ],
              [
                121.31396537400008,
                13.825118381000038
              ],
              [
                121.31431950000001,
                13.825198861000047
              ],
              [
                121.31467739300001,
                13.82522812600007
              ],
              [
                121.31497124200007,
                13.82544761500003
              ],
              [
                121.31496747400001,
                13.825740266000025
              ],
              [
                121.3148582230001,
                13.825956097000073
              ],
              [
                121.31462088300009,
                13.826336543000025
              ],
              [
                121.31456437400004,
                13.826676749000057
              ],
              [
                121.31469246200004,
                13.826973057000032
              ],
              [
                121.31509933000007,
                13.827090117000068
              ],
              [
                121.3157623730001,
                13.827141331000064
              ],
              [
                121.31607129100007,
                13.827291314000036
              ],
              [
                121.31641788200011,
                13.827404716000046
              ],
              [
                121.31677200800004,
                13.827430323000044
              ],
              [
                121.31719771200005,
                13.82742666400003
              ],
              [
                121.31757444100003,
                13.827379109000049
              ],
              [
                121.31790219600009,
                13.827371793000054
              ],
              [
                121.31821488100002,
                13.82725107500005
              ],
              [
                121.31858407600009,
                13.827282169000057
              ],
              [
                121.318940085,
                13.827421177000076
              ],
              [
                121.3192150970001,
                13.827690049000068
              ],
              [
                121.31949576000011,
                13.827874783000027
              ],
              [
                121.31980656200005,
                13.828010133000078
              ],
              [
                121.32010229500008,
                13.82784003100005
              ],
              [
                121.32039237600009,
                13.82760957000005
              ],
              [
                121.3207069450001,
                13.827278511000031
              ],
              [
                121.3211759730001,
                13.826846852000074
              ],
              [
                121.3214999600001,
                13.826667604000022
              ],
              [
                121.32169868500011,
                13.826574779000055
              ],
              [
                121.32185220200006,
                13.826504817000057
              ],
              [
                121.32217053900001,
                13.826248748000069
              ],
              [
                121.3230426670001,
                13.826188389000038
              ],
              [
                121.32380366000007,
                13.825725634000037
              ],
              [
                121.32430094300003,
                13.825851840000041
              ],
              [
                121.32480764400009,
                13.825793310000051
              ],
              [
                121.32535766800004,
                13.825250075000042
              ],
              [
                121.32598492300008,
                13.825195202000032
              ],
              [
                121.32939055600002,
                13.825204348000057
              ],
              [
                121.32972019400006,
                13.825204348000057
              ],
              [
                121.33146068300005,
                13.825081800000078
              ],
              [
                121.33246466700007,
                13.825197032000062
              ],
              [
                121.3329826690001,
                13.824904379000031
              ],
              [
                121.3332294270001,
                13.824573316000055
              ],
              [
                121.33349878900003,
                13.82456417000003
              ],
              [
                121.33419950500002,
                13.82486779800007
              ],
              [
                121.33425981700009,
                13.82489614700006
              ],
              [
                121.33536146600011,
                13.825989194000044
              ],
              [
                121.33536303800008,
                13.825990908000051
              ],
              [
                121.3359077,
                13.827127860000076
              ],
              [
                121.33609464200003,
                13.827610640000046
              ],
              [
                121.33552697000005,
                13.82888448400007
              ]
            ]
          ]
        ]
      },
      "id": 36
    },
    {
      "type": "Feature",
      "properties": {
        "id": 37,
        "name": "Quilib",
        "ADM4_EN": "Quilib",
        "diversity": 0.65,
        "diversity_score": 0.65,
        "height": 762,
        "min_height": 0,
        "base_height": 0,
        "color": "#94d180",
        "colorRgb": [
          148,
          209,
          128
        ],
        "tier": "Diverse Growth Node",
        "primaryZone": "PDA-SZ",
        "area_sqkm": 1.28,
        "distribution": [
          {
            "name": "PDA-SZ",
            "value": 53.2
          },
          {
            "name": "R2-Z",
            "value": 21.3
          },
          {
            "name": "C1-Z",
            "value": 10.7
          },
          {
            "name": "R1-Z",
            "value": 9.9
          },
          {
            "name": "ROAD",
            "value": 1.5
          },
          {
            "name": "WZ",
            "value": 1.5
          },
          {
            "name": "T-Z",
            "value": 0.5
          },
          {
            "name": "PR-Z",
            "value": 0.5
          },
          {
            "name": "I1-Z",
            "value": 0.4
          },
          {
            "name": "C2-Z",
            "value": 0.3
          },
          {
            "name": "GI-Z",
            "value": 0.2
          },
          {
            "name": "AgIndZ-PGR",
            "value": 0
          }
        ],
        "extrusion_height": 762,
        "centroid": [
          121.200275,
          13.86018
        ],
        "zoneLabel": "Production Agricultural",
        "clupColor": "#94d180"
      },
      "geometry": {
        "type": "MultiPolygon",
        "coordinates": [
          [
            [
              [
                121.20456841200007,
                13.86466921300007
              ],
              [
                121.20270741700006,
                13.865338180000037
              ],
              [
                121.19996841400007,
                13.864617243000055
              ],
              [
                121.19712240800004,
                13.863409337000064
              ],
              [
                121.19604182900002,
                13.863112852000029
              ],
              [
                121.19532940600004,
                13.862917380000056
              ],
              [
                121.19325693600001,
                13.862328207000076
              ],
              [
                121.19332644400004,
                13.860833770000056
              ],
              [
                121.19346546200006,
                13.859026544000073
              ],
              [
                121.1940910400001,
                13.858157685000037
              ],
              [
                121.19440382900007,
                13.857288827000048
              ],
              [
                121.19440382900007,
                13.856246197000075
              ],
              [
                121.19688636100011,
                13.855727836000028
              ],
              [
                121.1997693620001,
                13.856073797000022
              ],
              [
                121.2010210420001,
                13.855884500000059
              ],
              [
                121.20507335800005,
                13.855978913000058
              ],
              [
                121.2055302550001,
                13.856000866000045
              ],
              [
                121.20859736300008,
                13.856963688000064
              ],
              [
                121.20724759100005,
                13.859796324000058
              ],
              [
                121.20674338800006,
                13.860854447000065
              ],
              [
                121.20668887600004,
                13.860961172000032
              ],
              [
                121.20550740300007,
                13.863274297000032
              ],
              [
                121.20456841200007,
                13.86466921300007
              ]
            ]
          ]
        ]
      },
      "id": 37
    },
    {
      "type": "Feature",
      "properties": {
        "id": 38,
        "name": "Salao",
        "ADM4_EN": "Salao",
        "diversity": 0.45,
        "diversity_score": 0.45,
        "height": 525,
        "min_height": 0,
        "base_height": 0,
        "color": "#94d180",
        "colorRgb": [
          148,
          209,
          128
        ],
        "tier": "Balanced Agro-Town",
        "primaryZone": "PDA-SZ",
        "area_sqkm": 4.16,
        "distribution": [
          {
            "name": "PDA-SZ",
            "value": 71.1
          },
          {
            "name": "PTA-SZ-RA",
            "value": 21.6
          },
          {
            "name": "WZ",
            "value": 2.7
          },
          {
            "name": "R1-Z",
            "value": 2.7
          },
          {
            "name": "AgIndZ-PTR",
            "value": 1.2
          },
          {
            "name": "ROAD",
            "value": 0.7
          },
          {
            "name": "GI-Z",
            "value": 0.1
          }
        ],
        "extrusion_height": 525,
        "centroid": [
          121.351559,
          13.862531
        ],
        "zoneLabel": "Production Agricultural",
        "clupColor": "#94d180"
      },
      "geometry": {
        "type": "MultiPolygon",
        "coordinates": [
          [
            [
              [
                121.36324278600011,
                13.86975424600007
              ],
              [
                121.36285696300001,
                13.869872961000056
              ],
              [
                121.3619217690001,
                13.869814126000051
              ],
              [
                121.36091300600003,
                13.869398101000058
              ],
              [
                121.36030459200003,
                13.869056796000052
              ],
              [
                121.36003748300004,
                13.868819366000025
              ],
              [
                121.35969617800004,
                13.868522578000068
              ],
              [
                121.35941423000008,
                13.868136755000023
              ],
              [
                121.35905623000008,
                13.86757100400007
              ],
              [
                121.3585554010001,
                13.867237118000048
              ],
              [
                121.35786931100006,
                13.866986466000071
              ],
              [
                121.35745860400004,
                13.866971255000067
              ],
              [
                121.35698705200002,
                13.86701688900007
              ],
              [
                121.35651550000011,
                13.867047312000068
              ],
              [
                121.35596789100009,
                13.867108157000075
              ],
              [
                121.35538986000006,
                13.867275482000025
              ],
              [
                121.35487267300005,
                13.867427596000027
              ],
              [
                121.35437069900001,
                13.867427596000027
              ],
              [
                121.35408168300012,
                13.867184214000076
              ],
              [
                121.3535797080001,
                13.867077735000066
              ],
              [
                121.35315379000008,
                13.866743085000053
              ],
              [
                121.35274308300006,
                13.866317167000034
              ],
              [
                121.35254503400006,
                13.865820582000026
              ],
              [
                121.35219158300004,
                13.865382976000035
              ],
              [
                121.35204010400003,
                13.864928539000061
              ],
              [
                121.35182130200008,
                13.864608751000048
              ],
              [
                121.35128271000008,
                13.86437311700007
              ],
              [
                121.35067679400004,
                13.864423610000074
              ],
              [
                121.35013820300003,
                13.86407015900005
              ],
              [
                121.34975109000004,
                13.863834525000073
              ],
              [
                121.3494817940001,
                13.863464243000067
              ],
              [
                121.34922933000007,
                13.863346427000067
              ],
              [
                121.34870756900011,
                13.863077131000068
              ],
              [
                121.34835411800009,
                13.86280783500007
              ],
              [
                121.34806799100011,
                13.862572201000035
              ],
              [
                121.34761355500007,
                13.862437553000063
              ],
              [
                121.3469403150001,
                13.862420722000024
              ],
              [
                121.3465532030001,
                13.862555370000052
              ],
              [
                121.34614925900007,
                13.862992976000044
              ],
              [
                121.34554334300003,
                13.862992976000044
              ],
              [
                121.34500475200002,
                13.862959314000022
              ],
              [
                121.34416320200012,
                13.863009807000026
              ],
              [
                121.34348996300002,
                13.863009807000026
              ],
              [
                121.3434731320001,
                13.862723680000045
              ],
              [
                121.34311968100008,
                13.862420722000024
              ],
              [
                121.34285038500002,
                13.862471215000028
              ],
              [
                121.34253059700006,
                13.86294248300004
              ],
              [
                121.34237911800005,
                13.863127624000072
              ],
              [
                121.34199200500007,
                13.863447412000028
              ],
              [
                121.3415207380001,
                13.863649384000041
              ],
              [
                121.34081383600005,
                13.86391868000004
              ],
              [
                121.34061186400004,
                13.864305793000028
              ],
              [
                121.33997228700002,
                13.864861215000076
              ],
              [
                121.33978432200001,
                13.861534630000051
              ],
              [
                121.33941832100004,
                13.86127164900006
              ],
              [
                121.33841445700011,
                13.859980256000028
              ],
              [
                121.33750292400009,
                13.859251029000063
              ],
              [
                121.33640908400002,
                13.85852180300003
              ],
              [
                121.33502876200009,
                13.857688401000075
              ],
              [
                121.33401305300004,
                13.856828955000026
              ],
              [
                121.33320569500006,
                13.855943465000053
              ],
              [
                121.33278899400011,
                13.85500588800005
              ],
              [
                121.33156493500007,
                13.854563143000064
              ],
              [
                121.33318211000005,
                13.851056118000031
              ],
              [
                121.3351612350001,
                13.846758614000066
              ],
              [
                121.33639723200008,
                13.846350634000032
              ],
              [
                121.33760222800004,
                13.845828660000052
              ],
              [
                121.33964722700011,
                13.84587364600003
              ],
              [
                121.34117693000007,
                13.847905927000056
              ],
              [
                121.34518601500008,
                13.84944583500004
              ],
              [
                121.34803924500011,
                13.849496362000025
              ],
              [
                121.34925225600011,
                13.851523224000061
              ],
              [
                121.35001526100007,
                13.852350166000065
              ],
              [
                121.3512592620001,
                13.85265313900004
              ],
              [
                121.3528692650001,
                13.853258090000054
              ],
              [
                121.35408461800012,
                13.853594500000042
              ],
              [
                121.35473383700003,
                13.854643238000051
              ],
              [
                121.35528317700005,
                13.854643238000051
              ],
              [
                121.35561607300008,
                13.855331913000043
              ],
              [
                121.35576029200001,
                13.857987767000054
              ],
              [
                121.35615729800008,
                13.85896370200004
              ],
              [
                121.35882732000005,
                13.862868433000074
              ],
              [
                121.35908731800009,
                13.862494456000036
              ],
              [
                121.35963631800007,
                13.86257144800004
              ],
              [
                121.36017832100003,
                13.86321040300004
              ],
              [
                121.36145932700003,
                13.864262328000052
              ],
              [
                121.36182533100009,
                13.86501327700006
              ],
              [
                121.36332907400003,
                13.865165990000037
              ],
              [
                121.36321433900002,
                13.866479174000062
              ],
              [
                121.36496933900003,
                13.866634154000053
              ],
              [
                121.36854044100005,
                13.869130992000066
              ],
              [
                121.36813977800011,
                13.869279386000073
              ],
              [
                121.36747200600007,
                13.869398101000058
              ],
              [
                121.36707134300002,
                13.869368422000036
              ],
              [
                121.36653712600003,
                13.869160671000031
              ],
              [
                121.36609194500011,
                13.868715490000056
              ],
              [
                121.36539449500003,
                13.868626454000037
              ],
              [
                121.36466736600005,
                13.868641293000053
              ],
              [
                121.36419250600011,
                13.868774848000044
              ],
              [
                121.36388087900002,
                13.869160671000031
              ],
              [
                121.36365828900011,
                13.86944261900004
              ],
              [
                121.36324278600011,
                13.86975424600007
              ]
            ]
          ]
        ]
      },
      "id": 38
    },
    {
      "type": "Feature",
      "properties": {
        "id": 39,
        "name": "San Carlos",
        "ADM4_EN": "San Carlos",
        "diversity": 0.53,
        "diversity_score": 0.53,
        "height": 617,
        "min_height": 0,
        "base_height": 0,
        "color": "#94d180",
        "colorRgb": [
          148,
          209,
          128
        ],
        "tier": "Balanced Agro-Town",
        "primaryZone": "PDA-SZ",
        "area_sqkm": 7.11,
        "distribution": [
          {
            "name": "PDA-SZ",
            "value": 66.6
          },
          {
            "name": "PTA-SZ-RA",
            "value": 11
          },
          {
            "name": "R1-Z",
            "value": 8.6
          },
          {
            "name": "C1-Z",
            "value": 3.8
          },
          {
            "name": "WZ",
            "value": 3
          },
          {
            "name": "ROAD",
            "value": 2.8
          },
          {
            "name": "AgIndZ-PTR",
            "value": 2.1
          },
          {
            "name": "R2-Z",
            "value": 0.9
          },
          {
            "name": "GI-Z",
            "value": 0.8
          },
          {
            "name": "I2-Z",
            "value": 0.4
          },
          {
            "name": "PR-Z",
            "value": 0
          }
        ],
        "extrusion_height": 617,
        "centroid": [
          121.258434,
          13.854922
        ],
        "zoneLabel": "Production Agricultural",
        "clupColor": "#94d180"
      },
      "geometry": {
        "type": "MultiPolygon",
        "coordinates": [
          [
            [
              [
                121.2524340330001,
                13.85940333600007
              ],
              [
                121.2518027530001,
                13.859464428000024
              ],
              [
                121.25147693000008,
                13.85940333600007
              ],
              [
                121.2510594370001,
                13.859304808000047
              ],
              [
                121.2508341460001,
                13.859213023000052
              ],
              [
                121.25065057600011,
                13.859146270000053
              ],
              [
                121.25043363000009,
                13.859137926000074
              ],
              [
                121.25027509200004,
                13.859187991000056
              ],
              [
                121.24976560100004,
                13.858469170000035
              ],
              [
                121.24948215300003,
                13.858327446000033
              ],
              [
                121.24902155000007,
                13.858203438000032
              ],
              [
                121.24815349100004,
                13.858292015000075
              ],
              [
                121.24728543100002,
                13.857955421000042
              ],
              [
                121.24610334700003,
                13.857344445000024
              ],
              [
                121.2380003510001,
                13.85739348900006
              ],
              [
                121.23263735100011,
                13.856964548000064
              ],
              [
                121.22864035900011,
                13.85620841900004
              ],
              [
                121.2265793470001,
                13.855821657000035
              ],
              [
                121.22833106500002,
                13.852593305000028
              ],
              [
                121.23457390100009,
                13.844250591000048
              ],
              [
                121.23731425000005,
                13.840680576000068
              ],
              [
                121.23996923600009,
                13.838591695000048
              ],
              [
                121.24215029000004,
                13.836852156000077
              ],
              [
                121.24528945200007,
                13.838392431000045
              ],
              [
                121.24531166600002,
                13.838403352000057
              ],
              [
                121.24719689400001,
                13.839922173000048
              ],
              [
                121.25110801100004,
                13.840595053000072
              ],
              [
                121.25402224200002,
                13.840771473000075
              ],
              [
                121.258287246,
                13.841870377000077
              ],
              [
                121.25954248700009,
                13.842058787000042
              ],
              [
                121.2596072560001,
                13.843598257000053
              ],
              [
                121.26052226200011,
                13.844575189000068
              ],
              [
                121.26110209300009,
                13.845418160000065
              ],
              [
                121.26206267400005,
                13.846722829000043
              ],
              [
                121.26272217700011,
                13.84736799500007
              ],
              [
                121.26333866900006,
                13.848242554000024
              ],
              [
                121.26362540900004,
                13.849776615000053
              ],
              [
                121.26359730000001,
                13.85121674100003
              ],
              [
                121.26473430700003,
                13.852456654000036
              ],
              [
                121.26600831200005,
                13.853359588000046
              ],
              [
                121.26827432000005,
                13.854903475000071
              ],
              [
                121.26947932000007,
                13.855019460000051
              ],
              [
                121.27101331800009,
                13.854799466000031
              ],
              [
                121.27163131900011,
                13.854951452000023
              ],
              [
                121.2727293260001,
                13.856266361000053
              ],
              [
                121.27409646300009,
                13.857303949000027
              ],
              [
                121.2758525160001,
                13.857937135000043
              ],
              [
                121.27526196300005,
                13.858120411000073
              ],
              [
                121.2748139570001,
                13.858222230000024
              ],
              [
                121.27420304000009,
                13.85848696100004
              ],
              [
                121.27363285100012,
                13.858649872000058
              ],
              [
                121.27294047900011,
                13.858649872000058
              ],
              [
                121.27216665100002,
                13.858812783000076
              ],
              [
                121.27173900900004,
                13.858853511000063
              ],
              [
                121.27118918400004,
                13.858955330000072
              ],
              [
                121.27057826700002,
                13.858955330000072
              ],
              [
                121.27015062500004,
                13.858812783000076
              ],
              [
                121.26974334700003,
                13.858568416000026
              ],
              [
                121.26923424900008,
                13.858466597000074
              ],
              [
                121.268582605,
                13.858405505000064
              ],
              [
                121.26821605400005,
                13.858344413000054
              ],
              [
                121.26766622900004,
                13.858364777000077
              ],
              [
                121.26705531200002,
                13.858527688000038
              ],
              [
                121.26662767000005,
                13.858690600000045
              ],
              [
                121.2663833040001,
                13.858710964000068
              ],
              [
                121.2661796650001,
                13.858670236000023
              ],
              [
                121.26579275100005,
                13.858670236000023
              ],
              [
                121.2652836530001,
                13.858772055000031
              ],
              [
                121.26469310000004,
                13.85899605800006
              ],
              [
                121.26414327500004,
                13.85905715000007
              ],
              [
                121.26349163000009,
                13.859097878000057
              ],
              [
                121.26300289700009,
                13.858975694000037
              ],
              [
                121.26267707400007,
                13.858853511000063
              ],
              [
                121.26235125200003,
                13.858507325000062
              ],
              [
                121.26182179000011,
                13.858242594000046
              ],
              [
                121.2614145120001,
                13.857916772000067
              ],
              [
                121.26094614300007,
                13.857774224000025
              ],
              [
                121.26025377000008,
                13.857590949000041
              ],
              [
                121.25974467300011,
                13.857428038000023
              ],
              [
                121.25925593900001,
                13.85730585500005
              ],
              [
                121.25876720600002,
                13.857326218000026
              ],
              [
                121.25850247500011,
                13.857590949000041
              ],
              [
                121.25801374200012,
                13.857774224000025
              ],
              [
                121.2575453720001,
                13.857835316000035
              ],
              [
                121.25683263500002,
                13.857896408000045
              ],
              [
                121.25634390200003,
                13.85797786300003
              ],
              [
                121.25583480400007,
                13.858262958000068
              ],
              [
                121.2550609760001,
                13.858446233000052
              ],
              [
                121.25465369800008,
                13.858833147000041
              ],
              [
                121.2542260560001,
                13.859118242000022
              ],
              [
                121.25371695900003,
                13.859321880000039
              ],
              [
                121.25306531400008,
                13.85940333600007
              ],
              [
                121.2524340330001,
                13.85940333600007
              ]
            ]
          ]
        ]
      },
      "id": 39
    },
    {
      "type": "Feature",
      "properties": {
        "id": 40,
        "name": "San Ignacio",
        "ADM4_EN": "San Ignacio",
        "diversity": 0.71,
        "diversity_score": 0.71,
        "height": 837,
        "min_height": 0,
        "base_height": 0,
        "color": "#de29c0",
        "colorRgb": [
          222,
          41,
          192
        ],
        "tier": "Diverse Growth Node",
        "primaryZone": "I1-Z",
        "area_sqkm": 2.23,
        "distribution": [
          {
            "name": "I1-Z",
            "value": 48.7
          },
          {
            "name": "FZ",
            "value": 13.8
          },
          {
            "name": "PTA-SZ-RA",
            "value": 11.4
          },
          {
            "name": "PDA-SZ",
            "value": 10.6
          },
          {
            "name": "C1-Z",
            "value": 4.1
          },
          {
            "name": "WZ",
            "value": 3.7
          },
          {
            "name": "ROAD",
            "value": 2.7
          },
          {
            "name": "R1-Z",
            "value": 2.7
          },
          {
            "name": "AgIndZ-PGR",
            "value": 1
          },
          {
            "name": "T-Z",
            "value": 0.4
          },
          {
            "name": "AgIndZ-PTR",
            "value": 0.3
          },
          {
            "name": "I2-Z",
            "value": 0.3
          },
          {
            "name": "GI-Z",
            "value": 0.2
          }
        ],
        "extrusion_height": 837,
        "centroid": [
          121.181783,
          13.831425
        ],
        "zoneLabel": "Light Industrial",
        "clupColor": "#de29c0"
      },
      "geometry": {
        "type": "MultiPolygon",
        "coordinates": [
          [
            [
              [
                121.18295633900004,
                13.841008669000075
              ],
              [
                121.18285846100002,
                13.841408337000075
              ],
              [
                121.18149727900004,
                13.84102987700004
              ],
              [
                121.1805467590001,
                13.840543307000075
              ],
              [
                121.17722526800003,
                13.838843043000054
              ],
              [
                121.174562261,
                13.837411151000026
              ],
              [
                121.17207455200003,
                13.836320722000039
              ],
              [
                121.1709072540001,
                13.83601326300004
              ],
              [
                121.17015525300008,
                13.835819280000067
              ],
              [
                121.16828325200004,
                13.835443315000077
              ],
              [
                121.16956422800001,
                13.831608556000049
              ],
              [
                121.16943612700004,
                13.830782211000042
              ],
              [
                121.16919921400006,
                13.829253710000046
              ],
              [
                121.16924820300005,
                13.827487824000059
              ],
              [
                121.16931519500008,
                13.826161910000053
              ],
              [
                121.16925018400002,
                13.824384025000029
              ],
              [
                121.17376918900004,
                13.82545693000003
              ],
              [
                121.17400000900011,
                13.825493846000029
              ],
              [
                121.17703319200007,
                13.82630685600003
              ],
              [
                121.18231455800003,
                13.825200018000032
              ],
              [
                121.18231790900006,
                13.825196577000042
              ],
              [
                121.18231815500008,
                13.825196525000024
              ],
              [
                121.18478339500007,
                13.822664706000069
              ],
              [
                121.18482417700011,
                13.822852305000026
              ],
              [
                121.18484864700008,
                13.822990966000077
              ],
              [
                121.1848690380001,
                13.823076609000054
              ],
              [
                121.18486496000003,
                13.823198957000045
              ],
              [
                121.1847915510001,
                13.82348851200004
              ],
              [
                121.1847915510001,
                13.823680190000061
              ],
              [
                121.18472629900009,
                13.823880024000061
              ],
              [
                121.18464881200009,
                13.824161423000021
              ],
              [
                121.18459579500006,
                13.824414275000038
              ],
              [
                121.18457132600008,
                13.824634500000059
              ],
              [
                121.18471814300005,
                13.824948525000025
              ],
              [
                121.184767082,
                13.825164672000028
              ],
              [
                121.18466512500004,
                13.82532780200006
              ],
              [
                121.184567248,
                13.825531715000068
              ],
              [
                121.18452646500009,
                13.825739705000046
              ],
              [
                121.1844693700001,
                13.82582942700003
              ],
              [
                121.18450199600011,
                13.825898757000061
              ],
              [
                121.18450199600011,
                13.826041496000073
              ],
              [
                121.18445305700004,
                13.826216861000034
              ],
              [
                121.18438780500003,
                13.826457477000076
              ],
              [
                121.18435110000007,
                13.826751111000021
              ],
              [
                121.1841920490001,
                13.826991728000053
              ],
              [
                121.18413495300001,
                13.82712631000004
              ],
              [
                121.18411048400003,
                13.827505587000076
              ],
              [
                121.18416757900002,
                13.827587152000035
              ],
              [
                121.1840819360001,
                13.827812041000072
              ],
              [
                121.18389841500004,
                13.82824375000007
              ],
              [
                121.18374752000011,
                13.828541462000032
              ],
              [
                121.18366187600009,
                13.828688279000062
              ],
              [
                121.18366187600009,
                13.828806548000045
              ],
              [
                121.18349874600005,
                13.829030852000074
              ],
              [
                121.18333561600002,
                13.829279625000026
              ],
              [
                121.18324181700007,
                13.829487616000051
              ],
              [
                121.18319287800011,
                13.829809798000042
              ],
              [
                121.18329891200005,
                13.830078962000073
              ],
              [
                121.1834171810001,
                13.830152371000054
              ],
              [
                121.18349874600005,
                13.830397065000057
              ],
              [
                121.18337232100009,
                13.830698856000026
              ],
              [
                121.18344165100007,
                13.830898690000026
              ],
              [
                121.18336416400007,
                13.83113522800005
              ],
              [
                121.1834049470001,
                13.831290202000048
              ],
              [
                121.18315617300004,
                13.831567523000047
              ],
              [
                121.18290740000009,
                13.831767357000047
              ],
              [
                121.18305829500002,
                13.831979426000032
              ],
              [
                121.18320511200011,
                13.832191495000075
              ],
              [
                121.18339271200011,
                13.832472894000034
              ],
              [
                121.18357623300005,
                13.832737980000047
              ],
              [
                121.18362925000008,
                13.833019379000064
              ],
              [
                121.18364556300003,
                13.833313013000065
              ],
              [
                121.18375567600003,
                13.833557708000058
              ],
              [
                121.18375159800007,
                13.83375346400004
              ],
              [
                121.183625172,
                13.833912516000055
              ],
              [
                121.1836047810001,
                13.834034863000056
              ],
              [
                121.18342126000005,
                13.834430453000039
              ],
              [
                121.18339679000007,
                13.834540566000044
              ],
              [
                121.1834498070001,
                13.83467514800003
              ],
              [
                121.1834049470001,
                13.834830122000028
              ],
              [
                121.183270364,
                13.835168616000033
              ],
              [
                121.18330706900008,
                13.835295042000041
              ],
              [
                121.1832499730001,
                13.835445937000031
              ],
              [
                121.18319695600007,
                13.835682476000045
              ],
              [
                121.18317656500005,
                13.83594348400004
              ],
              [
                121.1831602520001,
                13.836155553000026
              ],
              [
                121.18320511200011,
                13.836359465000044
              ],
              [
                121.18323773800012,
                13.83649404700003
              ],
              [
                121.18307053,
                13.836697960000038
              ],
              [
                121.18289108700003,
                13.836848855000028
              ],
              [
                121.18272387900004,
                13.837379027000054
              ],
              [
                121.18255667100004,
                13.83779093000004
              ],
              [
                121.18234868000002,
                13.838231381000071
              ],
              [
                121.18210398500003,
                13.838786023000068
              ],
              [
                121.18216108100012,
                13.838855353000042
              ],
              [
                121.18236907100004,
                13.839055187000042
              ],
              [
                121.18235683700004,
                13.839303961000041
              ],
              [
                121.18246694900006,
                13.839483404000077
              ],
              [
                121.18255259300008,
                13.839764803000037
              ],
              [
                121.18276874000003,
                13.840233801000068
              ],
              [
                121.18287477400008,
                13.840454027000021
              ],
              [
                121.18290740000009,
                13.840670174000024
              ],
              [
                121.18295633900004,
                13.841008669000075
              ]
            ]
          ]
        ]
      },
      "id": 40
    },
    {
      "type": "Feature",
      "properties": {
        "id": 41,
        "name": "San Isidro",
        "ADM4_EN": "San Isidro",
        "diversity": 0.76,
        "diversity_score": 0.76,
        "height": 901,
        "min_height": 0,
        "base_height": 0,
        "color": "#94d180",
        "colorRgb": [
          148,
          209,
          128
        ],
        "tier": "High Urban Mix",
        "primaryZone": "PDA-SZ",
        "area_sqkm": 13.99,
        "distribution": [
          {
            "name": "PDA-SZ",
            "value": 39.4
          },
          {
            "name": "FZ",
            "value": 20.5
          },
          {
            "name": "C1-Z",
            "value": 14.5
          },
          {
            "name": "FR-SZ",
            "value": 10.8
          },
          {
            "name": "R1-Z",
            "value": 5.5
          },
          {
            "name": "PTA-SZ-RA",
            "value": 4.4
          },
          {
            "name": "WZ",
            "value": 1.5
          },
          {
            "name": "ROAD",
            "value": 1.5
          },
          {
            "name": "PR-Z",
            "value": 0.7
          },
          {
            "name": "GI-Z",
            "value": 0.4
          },
          {
            "name": "AgIndZ-PGR",
            "value": 0.3
          },
          {
            "name": "AgIndZ-PTR",
            "value": 0.3
          },
          {
            "name": "CMRF",
            "value": 0.2
          }
        ],
        "extrusion_height": 901,
        "centroid": [
          121.30566,
          13.810613
        ],
        "zoneLabel": "Production Agricultural",
        "clupColor": "#94d180"
      },
      "geometry": {
        "type": "MultiPolygon",
        "coordinates": [
          [
            [
              [
                121.32010229500008,
                13.82784003100005
              ],
              [
                121.31980656200005,
                13.828010133000078
              ],
              [
                121.31949576000011,
                13.827874783000027
              ],
              [
                121.3192150970001,
                13.827690049000068
              ],
              [
                121.318940085,
                13.827421177000076
              ],
              [
                121.31858407600009,
                13.827282169000057
              ],
              [
                121.31821488100002,
                13.82725107500005
              ],
              [
                121.31790219600009,
                13.827371793000054
              ],
              [
                121.31757444100003,
                13.827379109000049
              ],
              [
                121.31719771200005,
                13.82742666400003
              ],
              [
                121.31677200800004,
                13.827430323000044
              ],
              [
                121.31641788200011,
                13.827404716000046
              ],
              [
                121.31607129100007,
                13.827291314000036
              ],
              [
                121.3157623730001,
                13.827141331000064
              ],
              [
                121.31509933000007,
                13.827090117000068
              ],
              [
                121.31469246200004,
                13.826973057000032
              ],
              [
                121.31456437400004,
                13.826676749000057
              ],
              [
                121.31462088300009,
                13.826336543000025
              ],
              [
                121.3148582230001,
                13.825956097000073
              ],
              [
                121.31496747400001,
                13.825740266000025
              ],
              [
                121.31497124200007,
                13.82544761500003
              ],
              [
                121.31467739300001,
                13.82522812600007
              ],
              [
                121.31431950000001,
                13.825198861000047
              ],
              [
                121.31396537400008,
                13.825118381000038
              ],
              [
                121.31366399100011,
                13.825037902000076
              ],
              [
                121.31299341300007,
                13.824891576000027
              ],
              [
                121.312563941,
                13.824770856000043
              ],
              [
                121.31231906700009,
                13.824489178000022
              ],
              [
                121.31214200500006,
                13.824137994000068
              ],
              [
                121.31191596700012,
                13.823560003000068
              ],
              [
                121.31155430700005,
                13.823442941000053
              ],
              [
                121.3113885460001,
                13.823501472000032
              ],
              [
                121.31113237000011,
                13.823446599000022
              ],
              [
                121.31087619400012,
                13.823344170000041
              ],
              [
                121.31064262200005,
                13.82335514500005
              ],
              [
                121.31056727600003,
                13.823578294000072
              ],
              [
                121.31065015700005,
                13.823794126000053
              ],
              [
                121.31068406200006,
                13.824031907000062
              ],
              [
                121.31056727600003,
                13.824251397000069
              ],
              [
                121.31032616900006,
                13.824357484000075
              ],
              [
                121.31011143400008,
                13.824419673000023
              ],
              [
                121.30979874800005,
                13.824474545000044
              ],
              [
                121.30963675500004,
                13.824485520000053
              ],
              [
                121.30904905700004,
                13.82450015300003
              ],
              [
                121.30880041600005,
                13.824448938000046
              ],
              [
                121.30854424000006,
                13.824361142000043
              ],
              [
                121.308318202,
                13.823955086000069
              ],
              [
                121.30812607000007,
                13.82376120300006
              ],
              [
                121.30764762400008,
                13.823739253000042
              ],
              [
                121.30741405200001,
                13.823629508000067
              ],
              [
                121.30722945500008,
                13.823450258000037
              ],
              [
                121.30716164300009,
                13.823208818000069
              ],
              [
                121.30715410900007,
                13.823003959000062
              ],
              [
                121.30710136700009,
                13.82273691100005
              ],
              [
                121.30710136700009,
                13.822513762000028
              ],
              [
                121.30695067500005,
                13.822063803000049
              ],
              [
                121.30672087000005,
                13.821997956000075
              ],
              [
                121.30649106500005,
                13.821855286000073
              ],
              [
                121.3061972160001,
                13.821474832000035
              ],
              [
                121.3059674110001,
                13.82131021300006
              ],
              [
                121.30549273200006,
                13.821273631000054
              ],
              [
                121.30516874500006,
                13.821299238000051
              ],
              [
                121.30499168300003,
                13.821430934000034
              ],
              [
                121.30470913600004,
                13.821573604000037
              ],
              [
                121.30447179600003,
                13.821628477000047
              ],
              [
                121.30421185300008,
                13.82164676800005
              ],
              [
                121.30400088400006,
                13.821485807000045
              ],
              [
                121.30393307300005,
                13.821237049000047
              ],
              [
                121.30392177100009,
                13.820980973000076
              ],
              [
                121.30383889100005,
                13.820538329000044
              ],
              [
                121.30378238100002,
                13.820081050000056
              ],
              [
                121.30377484700011,
                13.819846923000057
              ],
              [
                121.30382005400008,
                13.819594505000055
              ],
              [
                121.30391800400002,
                13.819400618000031
              ],
              [
                121.3041591110001,
                13.819071376000068
              ],
              [
                121.30417794700008,
                13.81860677800006
              ],
              [
                121.30373717400005,
                13.818449473000044
              ],
              [
                121.30354880900006,
                13.81838728200006
              ],
              [
                121.30334537500005,
                13.81828850900007
              ],
              [
                121.30313817400008,
                13.818131204000053
              ],
              [
                121.30303269,
                13.817886100000067
              ],
              [
                121.30304399200008,
                13.817421500000023
              ],
              [
                121.30311557100003,
                13.816949582000063
              ],
              [
                121.30310803600003,
                13.816708136000045
              ],
              [
                121.30299501700006,
                13.816466689000038
              ],
              [
                121.30284055800007,
                13.816302066000048
              ],
              [
                121.30263712400006,
                13.816174025000066
              ],
              [
                121.30240732000004,
                13.816089885000054
              ],
              [
                121.30215491100012,
                13.816064276000077
              ],
              [
                121.30196277900006,
                13.815881362000027
              ],
              [
                121.30187613100009,
                13.815658205000034
              ],
              [
                121.30188743300005,
                13.815475290000052
              ],
              [
                121.30195901200011,
                13.815252134000048
              ],
              [
                121.30198161500005,
                13.81512043400005
              ],
              [
                121.30199330800008,
                13.814989620000063
              ],
              [
                121.30198161500005,
                13.814794845000051
              ],
              [
                121.30183845800002,
                13.814579004000052
              ],
              [
                121.30148810000003,
                13.814260730000058
              ],
              [
                121.30135247700002,
                13.814037572000075
              ],
              [
                121.30134117600005,
                13.813664422000045
              ],
              [
                121.30129220100002,
                13.81344492200003
              ],
              [
                121.30097198100009,
                13.813342489000036
              ],
              [
                121.30074217600009,
                13.813221764000048
              ],
              [
                121.30026749700005,
                13.81303884700003
              ],
              [
                121.30014694400006,
                13.812954705000038
              ],
              [
                121.30006406300004,
                13.812870563000047
              ],
              [
                121.30003769200005,
                13.812779104000072
              ],
              [
                121.30001885600007,
                13.812636429000065
              ],
              [
                121.300048994,
                13.812504728000022
              ],
              [
                121.30019968600004,
                13.812190110000074
              ],
              [
                121.3002373590001,
                13.811945
              ],
              [
                121.30017331500005,
                13.81162306400006
              ],
              [
                121.30016201300009,
                13.811396245000026
              ],
              [
                121.30009796900003,
                13.81114747600003
              ],
              [
                121.29970617000004,
                13.81050360100005
              ],
              [
                121.29966473000002,
                13.810371900000064
              ],
              [
                121.29966849800007,
                13.810020694000059
              ],
              [
                121.29957431500009,
                13.809643880000067
              ],
              [
                121.29961952300005,
                13.809329258000048
              ],
              [
                121.29977021400009,
                13.808989026000063
              ],
              [
                121.29992467300008,
                13.808718304000024
              ],
              [
                121.29993220800009,
                13.808560992000025
              ],
              [
                121.29986062900002,
                13.808392705000074
              ],
              [
                121.29970617000004,
                13.808356121000031
              ],
              [
                121.29954041000008,
                13.808286611000028
              ],
              [
                121.29937464900001,
                13.808198809000032
              ],
              [
                121.29923525900006,
                13.808063447000052
              ],
              [
                121.29921642200009,
                13.80788784300006
              ],
              [
                121.29938218300003,
                13.807565902000022
              ],
              [
                121.29943115800006,
                13.80744151500005
              ],
              [
                121.29946506400006,
                13.807291519000046
              ],
              [
                121.29934827800002,
                13.807145182000056
              ],
              [
                121.29882085700001,
                13.807061038000029
              ],
              [
                121.29866263000008,
                13.806929334000074
              ],
              [
                121.29860612100003,
                13.80677933800007
              ],
              [
                121.29858351700011,
                13.806605562000072
              ],
              [
                121.2985837010001,
                13.806605164000075
              ],
              [
                121.29869276900001,
                13.806369592000067
              ],
              [
                121.29883592600004,
                13.806142769000076
              ],
              [
                121.29888866800002,
                13.805948871000055
              ],
              [
                121.29886983100005,
                13.805780582000068
              ],
              [
                121.29882085700001,
                13.805634243000043
              ],
              [
                121.29870030300003,
                13.805495222000047
              ],
              [
                121.2985496120001,
                13.805418394000071
              ],
              [
                121.29834617800009,
                13.805400102000021
              ],
              [
                121.298199253,
                13.805356200000062
              ],
              [
                121.29800335400012,
                13.805272056000035
              ],
              [
                121.2977660150001,
                13.805085474000066
              ],
              [
                121.29766053000003,
                13.804946452000024
              ],
              [
                121.29762285700008,
                13.804774504000022
              ],
              [
                121.29769066900008,
                13.804628165000054
              ],
              [
                121.29779615300004,
                13.804459875000077
              ],
              [
                121.29824446100008,
                13.804174514000067
              ],
              [
                121.29834617800009,
                13.803852567000035
              ],
              [
                121.29834994500004,
                13.803702569000052
              ],
              [
                121.29822562400011,
                13.803431841000076
              ],
              [
                121.29810883800008,
                13.80325623300007
              ],
              [
                121.29773587600005,
                13.803120868000065
              ],
              [
                121.29744579500004,
                13.803029406000064
              ],
              [
                121.29723482600002,
                13.802905017000057
              ],
              [
                121.29707660000008,
                13.802769652000052
              ],
              [
                121.29700878900007,
                13.802583069000036
              ],
              [
                121.29697865000003,
                13.802250144000027
              ],
              [
                121.29700878900007,
                13.802070877000062
              ],
              [
                121.29712557500011,
                13.801935512000057
              ],
              [
                121.29739682000002,
                13.801759903000061
              ],
              [
                121.29750230400009,
                13.801635513000065
              ],
              [
                121.29755127900012,
                13.801503807000074
              ],
              [
                121.29755127900012,
                13.801328197000032
              ],
              [
                121.29762285700008,
                13.80097697900004
              ],
              [
                121.29764546100012,
                13.800808686000039
              ],
              [
                121.29758141700006,
                13.800629418000028
              ],
              [
                121.2973742160001,
                13.800340393000056
              ],
              [
                121.29730263800002,
                13.800179417000038
              ],
              [
                121.29716324800006,
                13.799919660000057
              ],
              [
                121.29713687700007,
                13.799817221000069
              ],
              [
                121.29711427300003,
                13.799659903000077
              ],
              [
                121.29708790200004,
                13.799466
              ],
              [
                121.29709543600006,
                13.799224535000064
              ],
              [
                121.2971519460001,
                13.79907087600003
              ],
              [
                121.29731017200004,
                13.798829410000053
              ],
              [
                121.29743826000004,
                13.798668433000046
              ],
              [
                121.29758895200007,
                13.798394041000051
              ],
              [
                121.29762285700008,
                13.79823672200007
              ],
              [
                121.29763415900004,
                13.79809037900003
              ],
              [
                121.29760025400003,
                13.797903791000067
              ],
              [
                121.29743826000004,
                13.797523299000034
              ],
              [
                121.29768690100002,
                13.796952559000033
              ],
              [
                121.29774341100006,
                13.796703774000036
              ],
              [
                121.29772457400009,
                13.79636718300003
              ],
              [
                121.29767936700011,
                13.796136690000026
              ],
              [
                121.29759271900002,
                13.795990346000053
              ],
              [
                121.2975701150001,
                13.795814733000043
              ],
              [
                121.29766053000003,
                13.795664730000055
              ],
              [
                121.29782252400003,
                13.795609850000062
              ],
              [
                121.29789787000004,
                13.795540337000034
              ],
              [
                121.29825576300004,
                13.795335454000053
              ],
              [
                121.29837631600003,
                13.795295209000074
              ],
              [
                121.29846673100008,
                13.795163499000068
              ],
              [
                121.298462964,
                13.794991543000037
              ],
              [
                121.29839515300011,
                13.79484154000005
              ],
              [
                121.29827083200007,
                13.794735439000021
              ],
              [
                121.29816534800011,
                13.794570801000077
              ],
              [
                121.2981917190001,
                13.794402504000061
              ],
              [
                121.29847803300004,
                13.794076885000038
              ],
              [
                121.29866639800002,
                13.79397810200004
              ],
              [
                121.29881332200011,
                13.793795170000067
              ],
              [
                121.29899415200009,
                13.793498819000035
              ],
              [
                121.29903936000005,
                13.793315887000063
              ],
              [
                121.29903936000005,
                13.79294270400004
              ],
              [
                121.29901675600001,
                13.792763430000036
              ],
              [
                121.29898285000002,
                13.792510982000067
              ],
              [
                121.2989677810001,
                13.792360976000055
              ],
              [
                121.29897908300006,
                13.792163408000022
              ],
              [
                121.2990619630001,
                13.792006085000025
              ],
              [
                121.29939348500011,
                13.791358500000058
              ],
              [
                121.29952534000006,
                13.791256056000066
              ],
              [
                121.29958938400011,
                13.791109709000068
              ],
              [
                121.29959315200006,
                13.790915798000071
              ],
              [
                121.29934451000008,
                13.790465779000044
              ],
              [
                121.29942362300005,
                13.790081616000066
              ],
              [
                121.29951403900009,
                13.789927950000049
              ],
              [
                121.29957431500009,
                13.78967915800007
              ],
              [
                121.2996760320001,
                13.789401096000063
              ],
              [
                121.29977021400009,
                13.789276700000073
              ],
              [
                121.29993597500004,
                13.789269382000043
              ],
              [
                121.30010927100011,
                13.789210843000035
              ],
              [
                121.3002298240001,
                13.789115716000026
              ],
              [
                121.30022229000008,
                13.788962050000066
              ],
              [
                121.30007913200006,
                13.788833995000061
              ],
              [
                121.29993220800009,
                13.788731550000023
              ],
              [
                121.299691101,
                13.788479098000039
              ],
              [
                121.29952534000006,
                13.788182741000071
              ],
              [
                121.29940102000012,
                13.788029074000065
              ],
              [
                121.29935581200004,
                13.787890042000072
              ],
              [
                121.299333208,
                13.787699788000054
              ],
              [
                121.29938595100009,
                13.787542462000033
              ],
              [
                121.29958561700005,
                13.787418065000054
              ],
              [
                121.29969486900006,
                13.787048531000039
              ],
              [
                121.3061982800001,
                13.786643236000032
              ],
              [
                121.30729578100011,
                13.786951072000022
              ],
              [
                121.30733116500005,
                13.78695996700003
              ],
              [
                121.33026988900008,
                13.789305368000043
              ],
              [
                121.33075837800004,
                13.793364843000063
              ],
              [
                121.33180586300011,
                13.802069724000035
              ],
              [
                121.330925653,
                13.806686092000064
              ],
              [
                121.33131358600008,
                13.815996486000074
              ],
              [
                121.33352264900009,
                13.824164632000077
              ],
              [
                121.33424720300002,
                13.824883630000045
              ],
              [
                121.33425981700009,
                13.82489614700006
              ],
              [
                121.33419950500002,
                13.82486779800007
              ],
              [
                121.33349878900003,
                13.82456417000003
              ],
              [
                121.3332294270001,
                13.824573316000055
              ],
              [
                121.3329826690001,
                13.824904379000031
              ],
              [
                121.33246466700007,
                13.825197032000062
              ],
              [
                121.33146068300005,
                13.825081800000078
              ],
              [
                121.32972019400006,
                13.825204348000057
              ],
              [
                121.32939055600002,
                13.825204348000057
              ],
              [
                121.32598492300008,
                13.825195202000032
              ],
              [
                121.32535766800004,
                13.825250075000042
              ],
              [
                121.32480764400009,
                13.825793310000051
              ],
              [
                121.32430094300003,
                13.825851840000041
              ],
              [
                121.32380366000007,
                13.825725634000037
              ],
              [
                121.3230426670001,
                13.826188389000038
              ],
              [
                121.32217053900001,
                13.826248748000069
              ],
              [
                121.32185220200006,
                13.826504817000057
              ],
              [
                121.32169868500011,
                13.826574779000055
              ],
              [
                121.3214999600001,
                13.826667604000022
              ],
              [
                121.3211759730001,
                13.826846852000074
              ],
              [
                121.3207069450001,
                13.827278511000031
              ],
              [
                121.32039237600009,
                13.82760957000005
              ],
              [
                121.32010229500008,
                13.82784003100005
              ]
            ]
          ]
        ]
      },
      "id": 41
    },
    {
      "type": "Feature",
      "properties": {
        "id": 42,
        "name": "San Jose",
        "ADM4_EN": "San Jose",
        "diversity": 0.77,
        "diversity_score": 0.77,
        "height": 913,
        "min_height": 0,
        "base_height": 0,
        "color": "#94d180",
        "colorRgb": [
          148,
          209,
          128
        ],
        "tier": "High Urban Mix",
        "primaryZone": "PDA-SZ",
        "area_sqkm": 1.92,
        "distribution": [
          {
            "name": "PDA-SZ",
            "value": 36.7
          },
          {
            "name": "PTA-SZ-RA",
            "value": 25.6
          },
          {
            "name": "R1-Z",
            "value": 10.5
          },
          {
            "name": "GI-Z",
            "value": 9.5
          },
          {
            "name": "R2-Z",
            "value": 5.1
          },
          {
            "name": "C1-Z",
            "value": 4.8
          },
          {
            "name": "ROAD",
            "value": 2.6
          },
          {
            "name": "WZ",
            "value": 2.5
          },
          {
            "name": "PROPOSED ROAD",
            "value": 2.3
          },
          {
            "name": "FZ",
            "value": 0.3
          },
          {
            "name": "I2-Z",
            "value": 0.1
          }
        ],
        "extrusion_height": 913,
        "centroid": [
          121.230089,
          13.841924
        ],
        "zoneLabel": "Production Agricultural",
        "clupColor": "#94d180"
      },
      "geometry": {
        "type": "MultiPolygon",
        "coordinates": [
          [
            [
              [
                121.22833106500002,
                13.852593305000028
              ],
              [
                121.2265793470001,
                13.855821657000035
              ],
              [
                121.22513388700008,
                13.85576498000006
              ],
              [
                121.21983534900005,
                13.855575712000075
              ],
              [
                121.22307803800004,
                13.854613931000074
              ],
              [
                121.22366938100004,
                13.854121038000073
              ],
              [
                121.22386649500004,
                13.853712838000035
              ],
              [
                121.22383833600009,
                13.852924382000026
              ],
              [
                121.2236975400001,
                13.852248562000057
              ],
              [
                121.22372569900006,
                13.851544583000077
              ],
              [
                121.22378201700008,
                13.85092508200006
              ],
              [
                121.22417624500008,
                13.850474535000046
              ],
              [
                121.22468311000011,
                13.849967671000059
              ],
              [
                121.2254152480001,
                13.849573443000054
              ],
              [
                121.22704847900002,
                13.849320010000042
              ],
              [
                121.22744270700002,
                13.848728668000035
              ],
              [
                121.22772429800011,
                13.847743098000024
              ],
              [
                121.22803404900003,
                13.84672936800007
              ],
              [
                121.22780877600007,
                13.84596907100007
              ],
              [
                121.22710479700004,
                13.845631161000028
              ],
              [
                121.22702032000007,
                13.84520877400007
              ],
              [
                121.22798938200003,
                13.844361109000033
              ],
              [
                121.2280433410001,
                13.844149019000042
              ],
              [
                121.22847828400006,
                13.842999428000041
              ],
              [
                121.22895973800007,
                13.842223133000061
              ],
              [
                121.2298513180001,
                13.841484050000076
              ],
              [
                121.23030366300009,
                13.840654974000074
              ],
              [
                121.23073729400005,
                13.839724853000064
              ],
              [
                121.23120881000011,
                13.83916603700004
              ],
              [
                121.23110132200009,
                13.838539990000072
              ],
              [
                121.23083306800004,
                13.837738966000074
              ],
              [
                121.23114947300007,
                13.83702377700007
              ],
              [
                121.23172645400007,
                13.836270510000077
              ],
              [
                121.23226979900005,
                13.835849688000053
              ],
              [
                121.23275029500007,
                13.835053060000064
              ],
              [
                121.23299821100011,
                13.83427368200006
              ],
              [
                121.23309328500011,
                13.833371192000072
              ],
              [
                121.23349834800001,
                13.832332652000048
              ],
              [
                121.23344480500009,
                13.831514404000075
              ],
              [
                121.23263722700005,
                13.83054949500007
              ],
              [
                121.23156118500003,
                13.82957232800004
              ],
              [
                121.23127117900003,
                13.828597393000052
              ],
              [
                121.23196412700008,
                13.82866404200007
              ],
              [
                121.23309773200003,
                13.829291872000056
              ],
              [
                121.23397726400003,
                13.829739764000067
              ],
              [
                121.23493541700009,
                13.830592853000041
              ],
              [
                121.23623388600004,
                13.831279645000052
              ],
              [
                121.23738567300006,
                13.831823894000024
              ],
              [
                121.23891083,
                13.832458287000065
              ],
              [
                121.24014617400007,
                13.834344448000024
              ],
              [
                121.24215029000004,
                13.836852156000077
              ],
              [
                121.23996923600009,
                13.838591695000048
              ],
              [
                121.23731425000005,
                13.840680576000068
              ],
              [
                121.23457390100009,
                13.844250591000048
              ],
              [
                121.22833106500002,
                13.852593305000028
              ]
            ]
          ]
        ]
      },
      "id": 42
    },
    {
      "type": "Feature",
      "properties": {
        "id": 43,
        "name": "San Roque",
        "ADM4_EN": "San Roque",
        "diversity": 0.69,
        "diversity_score": 0.69,
        "height": 812,
        "min_height": 0,
        "base_height": 0,
        "color": "#94d180",
        "colorRgb": [
          148,
          209,
          128
        ],
        "tier": "Diverse Growth Node",
        "primaryZone": "PDA-SZ",
        "area_sqkm": 1.61,
        "distribution": [
          {
            "name": "PDA-SZ",
            "value": 49.3
          },
          {
            "name": "R1-Z",
            "value": 21.9
          },
          {
            "name": "R2-Z",
            "value": 12.8
          },
          {
            "name": "C1-Z",
            "value": 4.1
          },
          {
            "name": "ROAD",
            "value": 2.6
          },
          {
            "name": "WZ",
            "value": 2.2
          },
          {
            "name": "PROPOSED ROAD",
            "value": 2
          },
          {
            "name": "GI-Z",
            "value": 1.6
          },
          {
            "name": "THSP-SZ",
            "value": 1.1
          },
          {
            "name": "AgIndZ-PTR",
            "value": 0.8
          },
          {
            "name": "C2-Z",
            "value": 0.7
          },
          {
            "name": "AgIndZ-PGR",
            "value": 0.5
          },
          {
            "name": "I1-Z",
            "value": 0.2
          },
          {
            "name": "PR-Z",
            "value": 0.1
          },
          {
            "name": "I2-Z",
            "value": 0.1
          }
        ],
        "extrusion_height": 812,
        "centroid": [
          121.204468,
          13.851798
        ],
        "zoneLabel": "Production Agricultural",
        "clupColor": "#94d180"
      },
      "geometry": {
        "type": "MultiPolygon",
        "coordinates": [
          [
            [
              [
                121.20917477000012,
                13.856489387000067
              ],
              [
                121.20859736300008,
                13.856963688000064
              ],
              [
                121.2055302550001,
                13.856000866000045
              ],
              [
                121.20507335800005,
                13.855978913000058
              ],
              [
                121.2010210420001,
                13.855884500000059
              ],
              [
                121.1997693620001,
                13.856073797000022
              ],
              [
                121.19688636100011,
                13.855727836000028
              ],
              [
                121.19440382900007,
                13.856246197000075
              ],
              [
                121.19413057300005,
                13.855084859000044
              ],
              [
                121.19412579400012,
                13.855064549000076
              ],
              [
                121.19395202200008,
                13.853848147000065
              ],
              [
                121.19395202200008,
                13.85200616700007
              ],
              [
                121.19419530300001,
                13.851102554000022
              ],
              [
                121.19419647400002,
                13.851058285000022
              ],
              [
                121.19427758600011,
                13.849825062000036
              ],
              [
                121.19429956600004,
                13.849503854000034
              ],
              [
                121.19436907400006,
                13.848252698000067
              ],
              [
                121.19488372600006,
                13.848118545000034
              ],
              [
                121.19599331400002,
                13.847819353000034
              ],
              [
                121.19745030800004,
                13.846999398000037
              ],
              [
                121.19810630300003,
                13.84617744700006
              ],
              [
                121.19894357100009,
                13.84767077500004
              ],
              [
                121.20136041600006,
                13.848511957000028
              ],
              [
                121.2031212070001,
                13.848911796000039
              ],
              [
                121.20322858400004,
                13.84894044500004
              ],
              [
                121.20440996400009,
                13.849345536000044
              ],
              [
                121.20594667800003,
                13.849636377000024
              ],
              [
                121.20779146100006,
                13.849287274000062
              ],
              [
                121.20905843000003,
                13.849043662000042
              ],
              [
                121.21129163300009,
                13.847880056000065
              ],
              [
                121.212820942,
                13.847994915000072
              ],
              [
                121.21276084700003,
                13.848476884000036
              ],
              [
                121.21257439500005,
                13.848849787000063
              ],
              [
                121.2127895320001,
                13.849323087000073
              ],
              [
                121.21254571000009,
                13.849667305000025
              ],
              [
                121.21243097100012,
                13.850269687000036
              ],
              [
                121.21223628200005,
                13.850745586000073
              ],
              [
                121.21215507000011,
                13.851533190000055
              ],
              [
                121.21206619600002,
                13.852175233000025
              ],
              [
                121.21190061400011,
                13.852722362000065
              ],
              [
                121.21180211800004,
                13.853137701000037
              ],
              [
                121.21163599300007,
                13.853380661000074
              ],
              [
                121.21120476800002,
                13.853825981000057
              ],
              [
                121.21082567300004,
                13.85420192500004
              ],
              [
                121.21047660400006,
                13.854631638000058
              ],
              [
                121.21026037100012,
                13.855138732000057
              ],
              [
                121.21004267400008,
                13.855808639000031
              ],
              [
                121.20968839900002,
                13.856254449000062
              ],
              [
                121.20917477000012,
                13.856489387000067
              ]
            ]
          ]
        ]
      },
      "id": 43
    },
    {
      "type": "Feature",
      "properties": {
        "id": 44,
        "name": "Santa Cruz",
        "ADM4_EN": "Santa Cruz",
        "diversity": 0.43,
        "diversity_score": 0.43,
        "height": 503,
        "min_height": 0,
        "base_height": 0,
        "color": "#94d180",
        "colorRgb": [
          148,
          209,
          128
        ],
        "tier": "Balanced Agro-Town",
        "primaryZone": "PDA-SZ",
        "area_sqkm": 4.91,
        "distribution": [
          {
            "name": "PDA-SZ",
            "value": 75.1
          },
          {
            "name": "T-Z",
            "value": 5.4
          },
          {
            "name": "FZ",
            "value": 4.5
          },
          {
            "name": "PTA-SZ-RA",
            "value": 3.7
          },
          {
            "name": "R1-Z",
            "value": 3.4
          },
          {
            "name": "WZ",
            "value": 2.9
          },
          {
            "name": "ROAD",
            "value": 1.8
          },
          {
            "name": "AgIndZ-PTR",
            "value": 1.5
          },
          {
            "name": "AgIndZ-PGR",
            "value": 1.3
          },
          {
            "name": "PROPOSED ROAD",
            "value": 0.3
          },
          {
            "name": "GI-Z",
            "value": 0.2
          },
          {
            "name": "I1-Z",
            "value": 0
          }
        ],
        "extrusion_height": 503,
        "centroid": [
          121.183384,
          13.855122
        ],
        "zoneLabel": "Production Agricultural",
        "clupColor": "#94d180"
      },
      "geometry": {
        "type": "MultiPolygon",
        "coordinates": [
          [
            [
              [
                121.18795248100002,
                13.874658663000048
              ],
              [
                121.18475550500011,
                13.87831744500005
              ],
              [
                121.18283249700005,
                13.87688754800007
              ],
              [
                121.18134548900002,
                13.875466649000032
              ],
              [
                121.17994847900002,
                13.873789765000026
              ],
              [
                121.17804147000004,
                13.872154882000075
              ],
              [
                121.17702646600003,
                13.871349940000073
              ],
              [
                121.17644646400004,
                13.870945970000037
              ],
              [
                121.17370790000007,
                13.869213061000039
              ],
              [
                121.17419116300005,
                13.86818
              ],
              [
                121.17443585800004,
                13.867598850000036
              ],
              [
                121.17443585800004,
                13.867299099000036
              ],
              [
                121.17443585800004,
                13.86688923500003
              ],
              [
                121.17444197600003,
                13.866369258000077
              ],
              [
                121.17455208800004,
                13.865733051000063
              ],
              [
                121.17457044000002,
                13.865427182000076
              ],
              [
                121.17465608400005,
                13.86501731800007
              ],
              [
                121.17493136500002,
                13.863971248000041
              ],
              [
                121.17509653500008,
                13.863004703000058
              ],
              [
                121.17528005600002,
                13.86222779600007
              ],
              [
                121.17502924300004,
                13.86165888100004
              ],
              [
                121.17494971800011,
                13.861487594000039
              ],
              [
                121.17512712100006,
                13.861273486000073
              ],
              [
                121.17546969400007,
                13.861089965000076
              ],
              [
                121.17578168000011,
                13.861224547000063
              ],
              [
                121.1760263750001,
                13.861206195000022
              ],
              [
                121.17627718800009,
                13.86105937800005
              ],
              [
                121.17660752600011,
                13.860722923000026
              ],
              [
                121.17708468100011,
                13.860043894000057
              ],
              [
                121.17740890200002,
                13.859842021000077
              ],
              [
                121.17763524400004,
                13.859413805000031
              ],
              [
                121.17787382200004,
                13.85882042000003
              ],
              [
                121.17801758000007,
                13.858488042000033
              ],
              [
                121.178168475,
                13.858259660000044
              ],
              [
                121.17813177100004,
                13.858047591000059
              ],
              [
                121.17829490100007,
                13.85789261800005
              ],
              [
                121.1786578650001,
                13.85759082800007
              ],
              [
                121.17931221300012,
                13.857228448000058
              ],
              [
                121.1801668170001,
                13.856754787000057
              ],
              [
                121.18053793800004,
                13.856224614000041
              ],
              [
                121.18086827600007,
                13.855808633000038
              ],
              [
                121.18130464900003,
                13.855074548000061
              ],
              [
                121.18160236100005,
                13.854528063000032
              ],
              [
                121.18184705600004,
                13.853895934000036
              ],
              [
                121.18208767200008,
                13.853467718000047
              ],
              [
                121.18230789800009,
                13.853092519000029
              ],
              [
                121.18243024500009,
                13.852696929000047
              ],
              [
                121.18238130600002,
                13.852639834000058
              ],
              [
                121.18235275800009,
                13.852448156000037
              ],
              [
                121.18258114000002,
                13.85039679700003
              ],
              [
                121.18245879300002,
                13.850135789000035
              ],
              [
                121.18244248000008,
                13.84984623300005
              ],
              [
                121.18246694900006,
                13.84964639900005
              ],
              [
                121.18250773200009,
                13.849466956000072
              ],
              [
                121.18266678400005,
                13.849263044000054
              ],
              [
                121.1827728180001,
                13.849189635000073
              ],
              [
                121.18280136600004,
                13.84904689700005
              ],
              [
                121.18291147900004,
                13.848928627000078
              ],
              [
                121.18291147900004,
                13.848749185000031
              ],
              [
                121.18270756600009,
                13.848422925000023
              ],
              [
                121.182748349,
                13.848267951000025
              ],
              [
                121.18272795700011,
                13.848080352000068
              ],
              [
                121.1828503050001,
                13.847786718000066
              ],
              [
                121.18308276500011,
                13.847460458000057
              ],
              [
                121.18317656500005,
                13.847138276000067
              ],
              [
                121.18324181700007,
                13.847032242000068
              ],
              [
                121.18325405100006,
                13.846591791000037
              ],
              [
                121.18319695600007,
                13.846481678000032
              ],
              [
                121.1832173470001,
                13.846073853000064
              ],
              [
                121.18319695600007,
                13.845931115000042
              ],
              [
                121.183225504,
                13.845743515000038
              ],
              [
                121.18322142500006,
                13.845519212000056
              ],
              [
                121.18303790400012,
                13.845364238000059
              ],
              [
                121.1829604180001,
                13.845144013000038
              ],
              [
                121.1828176790001,
                13.844923787000027
              ],
              [
                121.18289924400005,
                13.844458867000071
              ],
              [
                121.182948183,
                13.844108138000024
              ],
              [
                121.18281360100002,
                13.843834895000043
              ],
              [
                121.18270348800002,
                13.843520870000077
              ],
              [
                121.18278913100005,
                13.84319868800003
              ],
              [
                121.18278505300009,
                13.842937680000034
              ],
              [
                121.18282991400008,
                13.84277047200004
              ],
              [
                121.18277689600006,
                13.842566560000023
              ],
              [
                121.18267494000008,
                13.842427899000029
              ],
              [
                121.18271980100008,
                13.842240300000071
              ],
              [
                121.1826953310001,
                13.842077170000039
              ],
              [
                121.18287885300003,
                13.841767223000033
              ],
              [
                121.18285846100002,
                13.841408337000075
              ],
              [
                121.18580828800009,
                13.842767739000067
              ],
              [
                121.18602930300005,
                13.84531557300005
              ],
              [
                121.18659927700003,
                13.846806049000065
              ],
              [
                121.1868284630001,
                13.846994309000024
              ],
              [
                121.18723772400006,
                13.847198940000055
              ],
              [
                121.18796731500004,
                13.847344430000021
              ],
              [
                121.18952755600003,
                13.847502488000032
              ],
              [
                121.19054136700004,
                13.84732869100003
              ],
              [
                121.19164207600011,
                13.847531454000034
              ],
              [
                121.19263631600006,
                13.84795936300003
              ],
              [
                121.19398631800004,
                13.848300334000044
              ],
              [
                121.19436907400006,
                13.848252698000067
              ],
              [
                121.19429956600004,
                13.849503854000034
              ],
              [
                121.19427758600011,
                13.849825062000036
              ],
              [
                121.19419647400002,
                13.851058285000022
              ],
              [
                121.19419530300001,
                13.851102554000022
              ],
              [
                121.19395202200008,
                13.85200616700007
              ],
              [
                121.19395202200008,
                13.853848147000065
              ],
              [
                121.19412579400012,
                13.855064549000076
              ],
              [
                121.19413057300005,
                13.855084859000044
              ],
              [
                121.19440382900007,
                13.856246197000075
              ],
              [
                121.19440382900007,
                13.857288827000048
              ],
              [
                121.1940910400001,
                13.858157685000037
              ],
              [
                121.19346546200006,
                13.859026544000073
              ],
              [
                121.19332644400004,
                13.860833770000056
              ],
              [
                121.19325693600001,
                13.862328207000076
              ],
              [
                121.1926313570001,
                13.862780013000076
              ],
              [
                121.19162348100008,
                13.863231819000077
              ],
              [
                121.19106741200005,
                13.86417018700007
              ],
              [
                121.19099790300004,
                13.865699378000045
              ],
              [
                121.19053961800012,
                13.86616078700007
              ],
              [
                121.19021095300002,
                13.867728268000064
              ],
              [
                121.19013446000008,
                13.871330865000061
              ],
              [
                121.18795248100002,
                13.874658663000048
              ]
            ]
          ]
        ]
      },
      "id": 44
    },
    {
      "type": "Feature",
      "properties": {
        "id": 45,
        "name": "Timbugan",
        "ADM4_EN": "Timbugan",
        "diversity": 0.73,
        "diversity_score": 0.73,
        "height": 862,
        "min_height": 0,
        "base_height": 0,
        "color": "#5bb93c",
        "colorRgb": [
          91,
          185,
          60
        ],
        "tier": "Diverse Growth Node",
        "primaryZone": "FZ",
        "area_sqkm": 2.32,
        "distribution": [
          {
            "name": "FZ",
            "value": 37.6
          },
          {
            "name": "PDA-SZ",
            "value": 26.7
          },
          {
            "name": "PTA-SZ-RA",
            "value": 21.6
          },
          {
            "name": "WZ",
            "value": 5.5
          },
          {
            "name": "I1-Z",
            "value": 4.9
          },
          {
            "name": "R1-Z",
            "value": 1.9
          },
          {
            "name": "ROAD",
            "value": 1.1
          },
          {
            "name": "GI-Z",
            "value": 0.4
          },
          {
            "name": "AgIndZ-PGR",
            "value": 0.2
          }
        ],
        "extrusion_height": 862,
        "centroid": [
          121.185884,
          13.802944
        ],
        "zoneLabel": "Forest Zone",
        "clupColor": "#5bb93c"
      },
      "geometry": {
        "type": "MultiPolygon",
        "coordinates": [
          [
            [
              [
                121.19549219500004,
                13.821189588000038
              ],
              [
                121.19472846000008,
                13.821372884000027
              ],
              [
                121.19375087800006,
                13.821128489000046
              ],
              [
                121.19179571500001,
                13.820120358000054
              ],
              [
                121.1893212120001,
                13.819601018000071
              ],
              [
                121.18666341300002,
                13.819081678000032
              ],
              [
                121.18521169700011,
                13.817787981000038
              ],
              [
                121.18520683100007,
                13.817786905000048
              ],
              [
                121.18519567600003,
                13.817783710000072
              ],
              [
                121.1839995040001,
                13.817441104000068
              ],
              [
                121.18269822500008,
                13.811535801000048
              ],
              [
                121.18261844400001,
                13.809488075000047
              ],
              [
                121.18209019800008,
                13.806143324000061
              ],
              [
                121.18193316200006,
                13.804101850000052
              ],
              [
                121.18185464300007,
                13.801392970000052
              ],
              [
                121.18216776000008,
                13.79938753700003
              ],
              [
                121.1822426870001,
                13.799352893000048
              ],
              [
                121.18224521600007,
                13.799360429000046
              ],
              [
                121.18225791000009,
                13.799370929000077
              ],
              [
                121.1822710350001,
                13.799380977000055
              ],
              [
                121.18228291700007,
                13.799391686000035
              ],
              [
                121.18229359700001,
                13.799400496000032
              ],
              [
                121.18230455900004,
                13.799409637000053
              ],
              [
                121.18231402900005,
                13.799417435000066
              ],
              [
                121.18232271500005,
                13.799424653000074
              ],
              [
                121.18233151000004,
                13.799431963000075
              ],
              [
                121.1823413080001,
                13.799440031000074
              ],
              [
                121.18235402800008,
                13.799450603000025
              ],
              [
                121.18236347200002,
                13.799458392000076
              ],
              [
                121.18237297700011,
                13.79946624400003
              ],
              [
                121.1823843520001,
                13.799475749000067
              ],
              [
                121.18239429000005,
                13.799484017000054
              ],
              [
                121.18240217800007,
                13.799490572000025
              ],
              [
                121.18240344000003,
                13.799491637000074
              ],
              [
                121.18241393400001,
                13.799500230000035
              ],
              [
                121.18242376400008,
                13.799508391000074
              ],
              [
                121.18243640600008,
                13.799518916000068
              ],
              [
                121.18244665700001,
                13.799526823000065
              ],
              [
                121.18245659100012,
                13.799535670000068
              ],
              [
                121.18246784300004,
                13.799544881000031
              ],
              [
                121.18247705400006,
                13.799552609000045
              ],
              [
                121.18248736300006,
                13.79956117100005
              ],
              [
                121.18249656600005,
                13.799568973000078
              ],
              [
                121.18250578600009,
                13.79957648800007
              ],
              [
                121.18251394700007,
                13.799583226000038
              ],
              [
                121.18252688300004,
                13.799593922000042
              ],
              [
                121.1825375630001,
                13.799602793000076
              ],
              [
                121.18254782500003,
                13.799611355000025
              ],
              [
                121.18255818000011,
                13.799619949000032
              ],
              [
                121.18257000400001,
                13.799629809000066
              ],
              [
                121.18258337300006,
                13.799640984000064
              ],
              [
                121.18259337500001,
                13.799649084000066
              ],
              [
                121.18260103900002,
                13.799655682000036
              ],
              [
                121.182610683,
                13.799663750000036
              ],
              [
                121.18262051200009,
                13.79967192600003
              ],
              [
                121.18262909000009,
                13.799679066000067
              ],
              [
                121.18263853400003,
                13.799686933000032
              ],
              [
                121.18264252100005,
                13.799692141000037
              ],
              [
                121.1826468800001,
                13.799698555000077
              ],
              [
                121.18265334000012,
                13.799707875000024
              ],
              [
                121.1826592750001,
                13.799716700000033
              ],
              [
                121.18266325800005,
                13.799722501000076
              ],
              [
                121.18267102100003,
                13.799733810000077
              ],
              [
                121.18267706400002,
                13.799742588000072
              ],
              [
                121.18268352500002,
                13.79975207800004
              ],
              [
                121.18268788400007,
                13.799758458000042
              ],
              [
                121.18268876400009,
                13.79976883200004
              ],
              [
                121.18268892600008,
                13.799770917000046
              ],
              [
                121.18268958300007,
                13.799779202000025
              ],
              [
                121.18269031000011,
                13.799788213000056
              ],
              [
                121.18269108200002,
                13.79979774900005
              ],
              [
                121.18269321500009,
                13.799823900000035
              ],
              [
                121.18269391100011,
                13.799832493000054
              ],
              [
                121.18269483800009,
                13.799843868000039
              ],
              [
                121.18269553400012,
                13.799852384000076
              ],
              [
                121.182695781,
                13.799855475000072
              ],
              [
                121.18269726500012,
                13.799874007000028
              ],
              [
                121.18269877900002,
                13.799892182000065
              ],
              [
                121.18269942800009,
                13.799900343000047
              ],
              [
                121.18270015500002,
                13.799908905000052
              ],
              [
                121.18270088100007,
                13.799917869000069
              ],
              [
                121.1827015770001,
                13.799926354000036
              ],
              [
                121.18270187000007,
                13.799930466000035
              ],
              [
                121.18270253500009,
                13.799938317000056
              ],
              [
                121.18270324600007,
                13.799947019000058
              ],
              [
                121.18270477600004,
                13.799966245000064
              ],
              [
                121.18270511600008,
                13.799969815000054
              ],
              [
                121.18270587300003,
                13.79997884100004
              ],
              [
                121.18270975300004,
                13.800026692000074
              ],
              [
                121.182710541,
                13.800037279000037
              ],
              [
                121.18271208600004,
                13.80005559400007
              ],
              [
                121.18271301400011,
                13.800066397000023
              ],
              [
                121.1827147140001,
                13.800084990000073
              ],
              [
                121.18271582700004,
                13.800094866000052
              ],
              [
                121.18271676900008,
                13.800102934000051
              ],
              [
                121.1827179600001,
                13.800113475000046
              ],
              [
                121.18271910300007,
                13.800123258000042
              ],
              [
                121.18272100400009,
                13.800139672000057
              ],
              [
                121.18272188500009,
                13.80014821900005
              ],
              [
                121.1827231530001,
                13.800158666000073
              ],
              [
                121.18272380700012,
                13.800164384000027
              ],
              [
                121.18272406400001,
                13.800166595000064
              ],
              [
                121.18272591900006,
                13.80018314800003
              ],
              [
                121.18272819100002,
                13.800202653000042
              ],
              [
                121.18273052500001,
                13.800223502000051
              ],
              [
                121.1827338060001,
                13.800239820000058
              ],
              [
                121.18276600200011,
                13.800532197000052
              ],
              [
                121.18281064100006,
                13.800710753000033
              ],
              [
                121.18284040000003,
                13.800822350000033
              ],
              [
                121.182859,
                13.800904187000071
              ],
              [
                121.18288733700001,
                13.80096620200004
              ],
              [
                121.183082194,
                13.801105062000033
              ],
              [
                121.18328306800004,
                13.801224099000024
              ],
              [
                121.18349882300004,
                13.801317096000048
              ],
              [
                121.183640179,
                13.801391494000029
              ],
              [
                121.18373689600003,
                13.801417534000052
              ],
              [
                121.18380385400008,
                13.801413814000057
              ],
              [
                121.18390801200007,
                13.801428693000048
              ],
              [
                121.18402332800008,
                13.801451013000076
              ],
              [
                121.18423908300008,
                13.801480772000048
              ],
              [
                121.18431614800011,
                13.801492180000025
              ],
              [
                121.184421358,
                13.80150309100003
              ],
              [
                121.18458503300008,
                13.801480772000048
              ],
              [
                121.18470779000006,
                13.801473332000057
              ],
              [
                121.18479334800008,
                13.801477052000052
              ],
              [
                121.18488634500011,
                13.801499371000034
              ],
              [
                121.18497190300002,
                13.801495652000028
              ],
              [
                121.18506490100003,
                13.801469612000062
              ],
              [
                121.18516533800005,
                13.801417534000052
              ],
              [
                121.18526577500006,
                13.801395214000024
              ],
              [
                121.18536249300007,
                13.801398934000076
              ],
              [
                121.18548524900007,
                13.801413814000057
              ],
              [
                121.18561172600005,
                13.801424973000053
              ],
              [
                121.18571960300005,
                13.801413814000057
              ],
              [
                121.18577540100011,
                13.801406374000067
              ],
              [
                121.18585351900003,
                13.801380335000033
              ],
              [
                121.18588327900011,
                13.801335696000024
              ],
              [
                121.18592047800007,
                13.801309657000047
              ],
              [
                121.18596139600004,
                13.801291057000071
              ],
              [
                121.1860097550001,
                13.801320816000043
              ],
              [
                121.18603207500007,
                13.801365455000052
              ],
              [
                121.1861250720001,
                13.801477052000052
              ],
              [
                121.18625526900007,
                13.801588649000053
              ],
              [
                121.18636686600007,
                13.801681647000066
              ],
              [
                121.18648590200007,
                13.801756045000047
              ],
              [
                121.18672397600005,
                13.801867642000047
              ],
              [
                121.18684301300004,
                13.801960639000072
              ],
              [
                121.18690997100009,
                13.802027597000063
              ],
              [
                121.18695089000005,
                13.802101995000044
              ],
              [
                121.18700296800012,
                13.802139194000063
              ],
              [
                121.18705132700006,
                13.802154074000043
              ],
              [
                121.18708852600003,
                13.802176393000025
              ],
              [
                121.18711828500011,
                13.802213592000044
              ],
              [
                121.1871257250001,
                13.802269391000038
              ],
              [
                121.18714804500007,
                13.802362388000063
              ],
              [
                121.18718152400004,
                13.802433066000049
              ],
              [
                121.18722988200011,
                13.802518624000072
              ],
              [
                121.18727824100006,
                13.802585582000063
              ],
              [
                121.18739355800005,
                13.802712059000044
              ],
              [
                121.18748283600007,
                13.802793897000072
              ],
              [
                121.18761675200005,
                13.802920373000063
              ],
              [
                121.18784366600005,
                13.803039410000054
              ],
              [
                121.18793666300007,
                13.80305801000003
              ],
              [
                121.18805570000006,
                13.803035690000058
              ],
              [
                121.18815613800007,
                13.803054290000034
              ],
              [
                121.1882305360001,
                13.803098928000054
              ],
              [
                121.18840537100004,
                13.803247724000073
              ],
              [
                121.18859136600008,
                13.803418840000063
              ],
              [
                121.1888034000001,
                13.80356391600003
              ],
              [
                121.18909355200003,
                13.80372015200004
              ],
              [
                121.18927210800007,
                13.803794550000077
              ],
              [
                121.18949902100007,
                13.803861508000068
              ],
              [
                121.18975197500004,
                13.80389126700004
              ],
              [
                121.1900272470001,
                13.803906147000077
              ],
              [
                121.19028020000007,
                13.803894987000035
              ],
              [
                121.19042155700004,
                13.803894987000035
              ],
              [
                121.19054059300004,
                13.80388382700005
              ],
              [
                121.19064103100004,
                13.803876388000049
              ],
              [
                121.19076006800003,
                13.803857788000073
              ],
              [
                121.19087538400004,
                13.803861508000068
              ],
              [
                121.1909274630001,
                13.80388382700005
              ],
              [
                121.19110973800002,
                13.803954505000036
              ],
              [
                121.19123621500012,
                13.80401030400003
              ],
              [
                121.19132177300003,
                13.804073542000026
              ],
              [
                121.19148916800009,
                13.804196299000068
              ],
              [
                121.19163052400006,
                13.804356255000073
              ],
              [
                121.19173096200007,
                13.804527370000073
              ],
              [
                121.19180907900011,
                13.804668726000045
              ],
              [
                121.19189091700002,
                13.80481380200007
              ],
              [
                121.19211783100002,
                13.805122554000036
              ],
              [
                121.19230382600006,
                13.805304829000022
              ],
              [
                121.19246378200012,
                13.805449905000046
              ],
              [
                121.1925865390001,
                13.805554063000045
              ],
              [
                121.19269441600011,
                13.80561730100004
              ],
              [
                121.19285437100007,
                13.805687979000027
              ],
              [
                121.19298456800004,
                13.805740058000026
              ],
              [
                121.19312220400002,
                13.805792136000036
              ],
              [
                121.19323008100002,
                13.805821895000065
              ],
              [
                121.19331563900005,
                13.80582561500006
              ],
              [
                121.1934793150001,
                13.805847935000031
              ],
              [
                121.1935983510001,
                13.805844215000036
              ],
              [
                121.1937025090001,
                13.805836775000046
              ],
              [
                121.19378248600003,
                13.805845145000035
              ],
              [
                121.19401684000002,
                13.80587025400007
              ],
              [
                121.194200066,
                13.806862016000025
              ],
              [
                121.19431407200011,
                13.807873950000044
              ],
              [
                121.19505251500004,
                13.810819457000036
              ],
              [
                121.19489871400003,
                13.812119578000022
              ],
              [
                121.19411495700001,
                13.815077420000023
              ],
              [
                121.19442525400007,
                13.816098417000035
              ],
              [
                121.1946150440001,
                13.817334156000072
              ],
              [
                121.19479905300011,
                13.818462621000037
              ],
              [
                121.19517394900004,
                13.820081382000069
              ],
              [
                121.19549219500004,
                13.821189588000038
              ]
            ]
          ]
        ]
      },
      "id": 45
    },
    {
      "type": "Feature",
      "properties": {
        "id": 46,
        "name": "Tiquiwan",
        "ADM4_EN": "Tiquiwan",
        "diversity": 0.68,
        "diversity_score": 0.68,
        "height": 799,
        "min_height": 0,
        "base_height": 0,
        "color": "#94d180",
        "colorRgb": [
          148,
          209,
          128
        ],
        "tier": "Diverse Growth Node",
        "primaryZone": "PTA-SZ-RA",
        "area_sqkm": 3.78,
        "distribution": [
          {
            "name": "PTA-SZ-RA",
            "value": 41.7
          },
          {
            "name": "PDA-SZ",
            "value": 35.9
          },
          {
            "name": "R1-Z",
            "value": 10.8
          },
          {
            "name": "C1-Z",
            "value": 4.6
          },
          {
            "name": "PROPOSED ROAD",
            "value": 2.9
          },
          {
            "name": "ROAD",
            "value": 1.5
          },
          {
            "name": "WZ",
            "value": 1.4
          },
          {
            "name": "AgIndZ-PTR",
            "value": 0.7
          },
          {
            "name": "I1-Z",
            "value": 0.3
          },
          {
            "name": "GI-Z",
            "value": 0.1
          },
          {
            "name": "I2-Z",
            "value": 0.1
          },
          {
            "name": "T-Z",
            "value": 0.1
          }
        ],
        "extrusion_height": 799,
        "centroid": [
          121.247385,
          13.8311
        ],
        "zoneLabel": "Protection Agricultural Rice Area",
        "clupColor": "#94d180"
      },
      "geometry": {
        "type": "MultiPolygon",
        "coordinates": [
          [
            [
              [
                121.25824924300002,
                13.84138340900006
              ],
              [
                121.258287246,
                13.841870377000077
              ],
              [
                121.25402224200002,
                13.840771473000075
              ],
              [
                121.25110801100004,
                13.840595053000072
              ],
              [
                121.24719689400001,
                13.839922173000048
              ],
              [
                121.24531166600002,
                13.838403352000057
              ],
              [
                121.24528945200007,
                13.838392431000045
              ],
              [
                121.24215029000004,
                13.836852156000077
              ],
              [
                121.24014617400007,
                13.834344448000024
              ],
              [
                121.23891083,
                13.832458287000065
              ],
              [
                121.23738567300006,
                13.831823894000024
              ],
              [
                121.23623388600004,
                13.831279645000052
              ],
              [
                121.23493541700009,
                13.830592853000041
              ],
              [
                121.23397726400003,
                13.829739764000067
              ],
              [
                121.23309773200003,
                13.829291872000056
              ],
              [
                121.23196412700008,
                13.82866404200007
              ],
              [
                121.23127117900003,
                13.828597393000052
              ],
              [
                121.23101594000002,
                13.827088805000074
              ],
              [
                121.24089214100002,
                13.82308269500004
              ],
              [
                121.24200411900006,
                13.819599914000037
              ],
              [
                121.2433027190001,
                13.814771569000072
              ],
              [
                121.24868911100009,
                13.818760930000053
              ],
              [
                121.24832312300009,
                13.820669808000048
              ],
              [
                121.24897912100005,
                13.820484816000032
              ],
              [
                121.24978011900009,
                13.820187831000055
              ],
              [
                121.25029111900005,
                13.820226825000077
              ],
              [
                121.25040612300006,
                13.820938779000073
              ],
              [
                121.24986413300007,
                13.822473682000066
              ],
              [
                121.2488491580001,
                13.826479429000074
              ],
              [
                121.24857549400008,
                13.828170442000044
              ],
              [
                121.24874688300008,
                13.829370169000072
              ],
              [
                121.2495891860001,
                13.831278113000053
              ],
              [
                121.2520704430001,
                13.83263669300004
              ],
              [
                121.25323619700009,
                13.833274963000065
              ],
              [
                121.25652520400001,
                13.834708851000073
              ],
              [
                121.25988121000012,
                13.835993748000021
              ],
              [
                121.26361222300011,
                13.838552561000029
              ],
              [
                121.26167422900005,
                13.839295524000022
              ],
              [
                121.2601492330001,
                13.83989049400003
              ],
              [
                121.2585462400001,
                13.840784446000043
              ],
              [
                121.25824924300002,
                13.84138340900006
              ]
            ]
          ]
        ]
      },
      "id": 46
    },
    {
      "type": "Feature",
      "properties": {
        "id": 47,
        "name": "Leviste (Tubahan)",
        "ADM4_EN": "Leviste (Tubahan)",
        "diversity": 0.5,
        "diversity_score": 0.5,
        "height": 582,
        "min_height": 0,
        "base_height": 0,
        "color": "#94d180",
        "colorRgb": [
          148,
          209,
          128
        ],
        "tier": "Balanced Agro-Town",
        "primaryZone": "PDA-SZ",
        "area_sqkm": 4.06,
        "distribution": [],
        "extrusion_height": 582,
        "centroid": [
          121.278392,
          13.77351
        ],
        "zoneLabel": "Production Agricultural",
        "clupColor": "#94d180"
      },
      "geometry": {
        "type": "MultiPolygon",
        "coordinates": [
          [
            [
              [
                121.27710086400009,
                13.78040825200003
              ],
              [
                121.27582686900007,
                13.781079216000023
              ],
              [
                121.27392687000008,
                13.781035230000043
              ],
              [
                121.27202686400005,
                13.779905314000075
              ],
              [
                121.26867085700007,
                13.778583419000029
              ],
              [
                121.26649827000006,
                13.778336496000065
              ],
              [
                121.26632349500005,
                13.778316632000042
              ],
              [
                121.2661243330001,
                13.777411867000069
              ],
              [
                121.26638090400002,
                13.774384561000034
              ],
              [
                121.26965157300003,
                13.770658785000023
              ],
              [
                121.27348210700006,
                13.770204014000058
              ],
              [
                121.27657456700001,
                13.771292102000075
              ],
              [
                121.27972429400006,
                13.770719424000049
              ],
              [
                121.28217054100003,
                13.763564231000032
              ],
              [
                121.28354771500005,
                13.756336777000058
              ],
              [
                121.28624871600005,
                13.756682739000041
              ],
              [
                121.291913528,
                13.759886204000054
              ],
              [
                121.2945257560001,
                13.764097210000045
              ],
              [
                121.29395078300001,
                13.768527925000058
              ],
              [
                121.28817183600006,
                13.776688429000046
              ],
              [
                121.28480583900011,
                13.776856438000038
              ],
              [
                121.28421184600006,
                13.778032365000058
              ],
              [
                121.28242985300005,
                13.779040310000028
              ],
              [
                121.27945985500003,
                13.779040327000075
              ],
              [
                121.27735286000006,
                13.779772292000075
              ],
              [
                121.27710086400009,
                13.78040825200003
              ]
            ]
          ]
        ]
      },
      "id": 47
    },
    {
      "type": "Feature",
      "properties": {
        "id": 48,
        "name": "Tulos",
        "ADM4_EN": "Tulos",
        "diversity": 0.09,
        "diversity_score": 0.09,
        "height": 174,
        "min_height": 0,
        "base_height": 0,
        "color": "#94d180",
        "colorRgb": [
          148,
          209,
          128
        ],
        "tier": "Specialized Agriculture",
        "primaryZone": "PDA-SZ",
        "area_sqkm": 9.69,
        "distribution": [
          {
            "name": "PDA-SZ",
            "value": 95.4
          },
          {
            "name": "WZ",
            "value": 2.5
          },
          {
            "name": "ROAD",
            "value": 1
          },
          {
            "name": "R1-Z",
            "value": 0.8
          },
          {
            "name": "PTA-SZ-RA",
            "value": 0.1
          },
          {
            "name": "GI-Z",
            "value": 0.1
          },
          {
            "name": "C/MP-Z",
            "value": 0
          }
        ],
        "extrusion_height": 174,
        "centroid": [
          121.289354,
          13.717689
        ],
        "zoneLabel": "Production Agricultural",
        "clupColor": "#94d180"
      },
      "geometry": {
        "type": "MultiPolygon",
        "coordinates": [
          [
            [
              [
                121.2899337130001,
                13.756506729000023
              ],
              [
                121.28624871600005,
                13.756682739000041
              ],
              [
                121.28354771500005,
                13.756336777000058
              ],
              [
                121.26672415000007,
                13.743167197000048
              ],
              [
                121.26652582400004,
                13.74301194700007
              ],
              [
                121.26645910500008,
                13.742959719000055
              ],
              [
                121.2664042990001,
                13.742738906000056
              ],
              [
                121.26637966300007,
                13.74260094400006
              ],
              [
                121.2664190810001,
                13.742482690000031
              ],
              [
                121.26649791600005,
                13.742418636000025
              ],
              [
                121.26658660600003,
                13.742305310000063
              ],
              [
                121.26670978700008,
                13.742226475000052
              ],
              [
                121.26681818500003,
                13.74217720300004
              ],
              [
                121.26694136600008,
                13.742147639000052
              ],
              [
                121.26711381900009,
                13.742167348000066
              ],
              [
                121.26723699900003,
                13.742123003000074
              ],
              [
                121.26731090800001,
                13.741989968000041
              ],
              [
                121.26756219600009,
                13.741861860000029
              ],
              [
                121.26783827600002,
                13.741768617000048
              ],
              [
                121.26795578300005,
                13.741780086000063
              ],
              [
                121.26912341200011,
                13.742223116000048
              ],
              [
                121.26965627300001,
                13.74237984000007
              ],
              [
                121.27014211700009,
                13.742238789000055
              ],
              [
                121.27091006400008,
                13.741596221000066
              ],
              [
                121.27153696000005,
                13.741235756000037
              ],
              [
                121.2723832690001,
                13.741408152000076
              ],
              [
                121.27291613000011,
                13.741439497000044
              ],
              [
                121.27365273300006,
                13.741345462000027
              ],
              [
                121.27454605900004,
                13.741690255000037
              ],
              [
                121.2755177470001,
                13.741799962000073
              ],
              [
                121.27653645300006,
                13.74156487600004
              ],
              [
                121.276865573,
                13.74093798000007
              ],
              [
                121.27664615900005,
                13.740185706000034
              ],
              [
                121.27655212500008,
                13.739386414000023
              ],
              [
                121.2768342280001,
                13.738289346000045
              ],
              [
                121.27715340300006,
                13.736219262000077
              ],
              [
                121.27799479900011,
                13.735567181000022
              ],
              [
                121.27858377500002,
                13.735020273000032
              ],
              [
                121.27965655500009,
                13.73422094800003
              ],
              [
                121.29095756700008,
                13.732304294000073
              ],
              [
                121.29108956200002,
                13.73161133800005
              ],
              [
                121.29109055300012,
                13.730076438000026
              ],
              [
                121.29234754200002,
                13.728402539000058
              ],
              [
                121.2922465360001,
                13.727305611000077
              ],
              [
                121.2928745270001,
                13.725920698000039
              ],
              [
                121.2930545160001,
                13.724166810000042
              ],
              [
                121.29288250400009,
                13.722119944000042
              ],
              [
                121.29281949900007,
                13.721206004000067
              ],
              [
                121.29320649300007,
                13.720259063000071
              ],
              [
                121.29406249100009,
                13.720043073000056
              ],
              [
                121.29378148700005,
                13.719348119000074
              ],
              [
                121.29294248500003,
                13.718905153000037
              ],
              [
                121.29251748200011,
                13.71831919300007
              ],
              [
                121.2929484770001,
                13.717516243000034
              ],
              [
                121.29397947300004,
                13.716973272000075
              ],
              [
                121.2933914680001,
                13.71616732800004
              ],
              [
                121.29248446600002,
                13.715797357000042
              ],
              [
                121.29254346300002,
                13.715249393000022
              ],
              [
                121.2929194620001,
                13.715141397000025
              ],
              [
                121.2934614510001,
                13.713244518000067
              ],
              [
                121.2930914430001,
                13.712000601000057
              ],
              [
                121.29292944100007,
                13.71159762800005
              ],
              [
                121.29382843200005,
                13.710177715000043
              ],
              [
                121.29379942700007,
                13.70933677000005
              ],
              [
                121.2934874230001,
                13.70864081700006
              ],
              [
                121.29308941900001,
                13.70794486400007
              ],
              [
                121.29274241500002,
                13.707321906000061
              ],
              [
                121.29327941000008,
                13.70644696000005
              ],
              [
                121.29408440600002,
                13.705902991000073
              ],
              [
                121.29399240200007,
                13.70528203200007
              ],
              [
                121.29432039300002,
                13.703749130000062
              ],
              [
                121.29407634300003,
                13.702989598000045
              ],
              [
                121.2938957670001,
                13.702432822000048
              ],
              [
                121.29373023900007,
                13.701966334000076
              ],
              [
                121.29354966300002,
                13.701605182000037
              ],
              [
                121.29323365500011,
                13.700612013000068
              ],
              [
                121.29241236900009,
                13.699610409000059
              ],
              [
                121.29063736600006,
                13.698908465000045
              ],
              [
                121.29042636000008,
                13.697956528000077
              ],
              [
                121.29044635600007,
                13.697189578000064
              ],
              [
                121.28936035700008,
                13.697257580000041
              ],
              [
                121.28877235900006,
                13.697583562000034
              ],
              [
                121.28817735900009,
                13.697470573000032
              ],
              [
                121.28781835400002,
                13.696738622000055
              ],
              [
                121.28779734900002,
                13.695897677000062
              ],
              [
                121.2880873470001,
                13.695533699000066
              ],
              [
                121.28874533700002,
                13.69389280200005
              ],
              [
                121.28938233600002,
                13.69385980100003
              ],
              [
                121.290266341,
                13.694704741000066
              ],
              [
                121.29093634100002,
                13.69474473400004
              ],
              [
                121.29188933700004,
                13.694200764000072
              ],
              [
                121.29280733300004,
                13.693547801000022
              ],
              [
                121.29365432100008,
                13.691724915000066
              ],
              [
                121.29332831600004,
                13.69084597400007
              ],
              [
                121.29364431200008,
                13.69011701900007
              ],
              [
                121.29467431400008,
                13.690670977000025
              ],
              [
                121.29506831900005,
                13.691476923000039
              ],
              [
                121.29554832600002,
                13.692757837000045
              ],
              [
                121.29632133200005,
                13.693747768000037
              ],
              [
                121.29714233100003,
                13.693642770000054
              ],
              [
                121.29750232700007,
                13.693059806000065
              ],
              [
                121.29793232300005,
                13.692439844000035
              ],
              [
                121.29871218300002,
                13.692217139000036
              ],
              [
                121.29927376500007,
                13.691751145000069
              ],
              [
                121.29969196500008,
                13.691559968000035
              ],
              [
                121.29999231500005,
                13.69131890500006
              ],
              [
                121.30044731100008,
                13.690642946000025
              ],
              [
                121.3013453100001,
                13.690570946000037
              ],
              [
                121.3017393130001,
                13.691034913000067
              ],
              [
                121.30118631700009,
                13.69168587400003
              ],
              [
                121.30063429900008,
                13.692181874000028
              ],
              [
                121.30025108200005,
                13.692785928000035
              ],
              [
                121.30006921600011,
                13.693097699000077
              ],
              [
                121.299770136,
                13.693237467000074
              ],
              [
                121.29955284900007,
                13.693612780000024
              ],
              [
                121.29943432900006,
                13.694165874000078
              ],
              [
                121.29931580900006,
                13.694797980000033
              ],
              [
                121.29933556300011,
                13.695647373000043
              ],
              [
                121.29933556300011,
                13.696101699000053
              ],
              [
                121.29951334300006,
                13.696773312000062
              ],
              [
                121.29874798000003,
                13.697712988000035
              ],
              [
                121.297793694,
                13.698250858000051
              ],
              [
                121.2970649670001,
                13.698736676000067
              ],
              [
                121.29647504600007,
                13.699022961000026
              ],
              [
                121.29624948700007,
                13.69948275300004
              ],
              [
                121.2961373600001,
                13.700340227000027
              ],
              [
                121.29621662900001,
                13.70324540300004
              ],
              [
                121.29652052000006,
                13.704460965000067
              ],
              [
                121.29643369400003,
                13.705719939000062
              ],
              [
                121.29704147500001,
                13.70658819700003
              ],
              [
                121.29738877800003,
                13.70723939100003
              ],
              [
                121.29782290700007,
                13.707977410000069
              ],
              [
                121.29876211800001,
                13.708739371000036
              ],
              [
                121.29908363600009,
                13.710505457000068
              ],
              [
                121.29906097000003,
                13.71232559300006
              ],
              [
                121.29879597800004,
                13.713476135000064
              ],
              [
                121.29910265300009,
                13.717401572000028
              ],
              [
                121.300268017,
                13.721143004000055
              ],
              [
                121.30325451500005,
                13.72676956500004
              ],
              [
                121.30068616500012,
                13.736835124000038
              ],
              [
                121.30253386600009,
                13.742059658000073
              ],
              [
                121.30329843200002,
                13.743652504000067
              ],
              [
                121.30361700100002,
                13.744671926000024
              ],
              [
                121.30291614900011,
                13.74632848500005
              ],
              [
                121.3006224510001,
                13.745818775000032
              ],
              [
                121.29818037100006,
                13.745211263000044
              ],
              [
                121.29449283600002,
                13.745801268000037
              ],
              [
                121.29287032000002,
                13.749193801000047
              ],
              [
                121.29448769600003,
                13.754048862000047
              ],
              [
                121.29288570100005,
                13.754830821000041
              ],
              [
                121.29157370700011,
                13.75565077500005
              ],
              [
                121.2899337130001,
                13.756506729000023
              ]
            ]
          ]
        ]
      },
      "id": 48
    }
  ]
}