application_no,date_received,date_released,year,month,quarter,application_type,current_stage,assigned_staff,barangay,purpose,zone_classification,latitude,longitude,lot_area_sqm,floor_area_sqm,no_of_floors,total_fee_php,processing_days,is_compliant,monthly_rainfall_mm,inflation_rate_pct,working_days_month
ZA-2018-0001,2018-01-10,2018-02-06,2018,1,1,Development Permit,Released,"Garduque, H.",Lumbang,Resort/Tourism Facility,Residential Low Density (R-1),13.872703,121.225382,539,444.0,1,2458.92,19,0,11.2,5.39,22
ZA-2018-0002,2018-01-11,2018-01-29,2018,1,1,Locational Clearance,Released,"Cruz, M.",Poblacion Barangay I,Commercial Building Construction,Commercial (C-2),13.876446,121.24402,595,531.0,1,1427.96,12,1,22.1,4.82,22
ZA-2018-0003,2018-01-12,2018-02-12,2018,1,1,Locational Clearance,Released,"Garduque, H.",Bolbok,Apartment/Boarding House,Commercial (C-1),13.857937,121.238963,287,245.0,2,1333.06,21,0,11.0,5.47,22
ZA-2018-0004,2018-01-16,2018-02-07,2018,1,1,Locational Clearance,Released,"Castillo, J.",Lumbang,Medical Clinic,Residential Medium Density (R-2),13.84719,121.227981,244,91.0,1,1236.3,16,1,15.2,5.07,22
ZA-2018-0005,2018-01-22,2018-02-09,2018,1,1,Locational Clearance,Released,"Garduque, H.",Lumbang,Warehouse/Storage Facility,Residential Medium Density (R-2),13.869269,121.188637,1016,499.0,1,3969.06,14,0,28.7,5.21,22
ZA-2018-0006,2018-01-25,2018-02-06,2018,1,1,Locational Clearance,Released,"Bautista, R.",Halang,Food Establishment,Residential Low Density (R-1),13.889894,121.248727,908,491.0,1,2958.37,8,1,11.3,5.64,22
ZA-2018-0007,2018-01-25,2018-03-02,2018,1,1,Development Permit,Released,"Tipan, S.",Poblacion Barangay I,Commercial Complex Development,Commercial (C-2),13.842979,121.193705,2063,914.0,1,5804.15,26,1,0.0,4.84,22
ZA-2018-0008,2018-01-26,2018-03-27,2018,1,1,Development Permit,Released,"Castillo, J.",Mataas na Lupa,Resort/Tourism Facility,Agricultural (A),13.853406,121.240329,2585,2249.0,1,6555.73,42,1,17.3,5.4,22
ZA-2018-0009,2018-01-29,2018-02-19,2018,1,1,Locational Clearance,Released,"Tipan, S.",Lodlod,Commercial Building Construction,Residential Low Density (R-1),13.871972,121.218619,281,251.0,1,1077.72,15,1,0.0,5.22,22
ZA-2018-0010,2018-01-31,2018-03-07,2018,1,1,Development Permit,Released,"Garduque, H.",Mataas na Lupa,Reclamation Project,Residential Medium Density (R-2),13.824627,121.247528,380,157.0,1,2579.33,25,1,39.3,5.03,22
ZA-2018-0011,2018-01-31,2018-03-27,2018,1,1,Development Permit,Released,"Cruz, M.",Calumpang,Industrial Plant Expansion,Commercial (C-2),13.862958,121.217435,786,621.0,2,2935.87,39,1,5.4,5.25,22
ZA-2018-0012,2018-02-05,2018-02-27,2018,2,1,Locational Clearance,Released,"Cruz, M.",Sampaguita,Place of Worship,Open Space (OS),13.88897,121.234761,411,155.0,1,1383.06,16,0,31.9,5.8,20
ZA-2018-0013,2018-02-05,2018-03-08,2018,2,1,Development Permit,Released,"Bautista, R.",Tambo,New Residential Subdivision,Residential Low Density (R-1),13.85967,121.176484,451,236.0,1,2538.35,23,1,32.4,4.88,20
ZA-2018-0014,2018-02-07,2018-02-16,2018,2,1,Locational Clearance,Released,"Bautista, R.",Poblacion Barangay II,Place of Worship,Agricultural (A),13.874241,121.215259,609,399.0,1,2021.56,7,1,30.8,5.09,20
ZA-2018-0015,2018-02-12,2018-02-27,2018,2,1,Zoning Certificate,Released,"Garduque, H.",Iligan,Business Permit Application,Commercial (C-1),13.876669,121.236961,662,,1,2036.25,11,0,38.0,5.55,20
ZA-2018-0016,2018-02-16,2018-03-13,2018,2,1,Locational Clearance,Released,"Bautista, R.",Poblacion Barangay II,Mini-Grocery/Sari-Sari Store,Commercial (C-1),13.82234,121.236065,983,388.0,1,3935.66,17,0,16.4,4.95,20
ZA-2018-0017,2018-02-16,2018-03-12,2018,2,1,Locational Clearance,Released,"Garduque, H.",Bulacnin,Commercial Building Construction,Residential Low Density (R-1),13.820511,121.192963,349,276.0,1,1461.46,16,1,24.9,5.21,20
ZA-2018-0018,2018-02-16,2018-04-18,2018,2,1,Development Permit,Released,"Tipan, S.",Calumpang,Mixed-Use Development,Residential Medium Density (R-2),13.828558,121.230882,250,170.0,1,2172.94,43,0,30.1,5.21,20
ZA-2018-0019,2018-02-22,2018-03-01,2018,2,1,Locational Clearance,Released,"Castillo, J.",Poblacion Barangay I,Residential House Construction,Residential Low Density (R-1),13.875031,121.175427,902,775.0,1,3082.81,5,0,38.1,4.89,20
ZA-2018-0020,2018-02-22,2018-03-06,2018,2,1,Locational Clearance,Released,"Castillo, J.",Sampaguita,Food Establishment,Residential Low Density (R-1),13.889723,121.247879,527,267.0,1,1599.85,8,1,27.5,5.04,20
ZA-2018-0021,2018-02-26,2018-03-02,2018,2,1,Locational Clearance,Released,"Bautista, R.",Santol,Place of Worship,Residential Low Density (R-1),13.84189,121.24977,461,351.0,1,2087.58,4,1,0.3,4.54,20
ZA-2018-0022,2018-03-02,2018-04-09,2018,3,1,Development Permit,Released,"Cruz, M.",Halang,Memorial Park Development,Commercial (C-1),13.87444,121.222361,614,440.0,2,2608.69,26,1,24.7,4.86,22
ZA-2018-0023,2018-03-05,2018-05-02,2018,3,1,Development Permit,Released,"Cruz, M.",Sico,New Residential Subdivision,Commercial (C-1),13.898718,121.202747,465,318.0,1,2215.61,42,1,24.4,5.31,22
ZA-2018-0024,2018-03-07,2018-03-26,2018,3,1,Zoning Certificate,Released,"Garduque, H.",Tambo,Business Permit Application,Agricultural (A),13.897455,121.184842,2319,,1,7850.71,13,1,33.1,5.34,22
ZA-2018-0025,2018-03-09,2018-03-20,2018,3,1,Zoning Certificate,Released,"Cruz, M.",Pinagtongulan,Property Sale/Transfer,Residential Low Density (R-1),13.8305,121.172602,655,,1,2285.74,7,1,30.9,5.41,22
ZA-2018-0026,2018-03-09,2018-04-13,2018,3,1,Locational Clearance,Released,"Bautista, R.",Poblacion Barangay I,Warehouse/Storage Facility,Residential Medium Density (R-2),13.854424,121.186042,471,174.0,1,1703.57,25,1,16.9,5.2,22
ZA-2018-0027,2018-03-09,2018-05-04,2018,3,1,Development Permit,Released,"Bautista, R.",Poblacion Barangay I,Resort/Tourism Facility,Institutional (Inst),13.82093,121.175796,222,173.0,1,2131.23,40,1,21.2,4.47,22
ZA-2018-0028,2018-03-13,2018-04-06,2018,3,1,Locational Clearance,Released,"Garduque, H.",Pinagkawitan,Commercial Building Construction,Agricultural (A),13.82317,121.208441,1900,1362.0,1,4634.73,18,0,24.1,5.08,22
ZA-2018-0029,2018-03-13,2018-04-26,2018,3,1,Development Permit,Released,"Castillo, J.",Lodlod,New Residential Subdivision,Residential Low Density (R-1),13.846117,121.211417,1638,1182.0,1,6275.89,32,1,24.3,5.0,22
ZA-2018-0030,2018-03-13,2018-03-27,2018,3,1,Locational Clearance,Released,"Castillo, J.",Bulacnin,Food Establishment,Residential Low Density (R-1),13.836012,121.183399,299,192.0,1,1255.97,10,0,32.1,4.96,22
ZA-2018-0031,2018-03-14,2018-04-04,2018,3,1,Locational Clearance,Released,"Cruz, M.",Poblacion Barangay I,Warehouse/Storage Facility,Residential Medium Density (R-2),13.847156,121.235186,1219,1003.0,1,3733.3,15,0,47.8,5.26,22
ZA-2018-0032,2018-03-19,2018-03-29,2018,3,1,Locational Clearance,Released,"Castillo, J.",Parang,Poultry/Livestock Farm,Residential Medium Density (R-2),13.824828,121.189768,1391,857.0,1,2856.16,8,1,12.5,5.04,22
ZA-2018-0033,2018-03-23,2018-04-23,2018,3,1,Locational Clearance,Released,"Castillo, J.",Pinagkawitan,Place of Worship,Residential Medium Density (R-2),13.838276,121.249707,671,402.0,1,2410.16,21,1,28.6,5.24,22
ZA-2018-0034,2018-03-26,2018-03-28,2018,3,1,Zoning Certificate,Released,"Bautista, R.",Munting Pulo,Estate Settlement,Residential Low Density (R-1),13.840615,121.20701,670,,1,2377.79,2,1,34.0,5.39,22
ZA-2018-0035,2018-03-26,2018-05-01,2018,3,1,Locational Clearance,Released,"Garduque, H.",Poblacion Barangay I,Subdivision Development,Residential Low Density (R-1),13.823209,121.239363,387,196.0,1,1407.04,26,0,4.6,5.8,22
ZA-2018-0036,2018-03-30,2018-05-10,2018,3,1,Locational Clearance,Released,"Cruz, M.",Calumpang,Subdivision Development,Residential Low Density (R-1),13.842146,121.217388,467,385.0,1,1291.95,29,1,50.1,5.61,22
ZA-2018-0037,2018-04-03,2018-05-25,2018,4,2,Development Permit,Released,"Garduque, H.",Bolbok,Commercial Complex Development,Commercial (C-1),13.839003,121.247712,360,263.0,1,2389.66,38,1,39.9,5.11,21
ZA-2018-0038,2018-04-06,2018-04-24,2018,4,2,Locational Clearance,Released,"Tipan, S.",Bulacnin,Warehouse/Storage Facility,Residential Medium Density (R-2),13.848739,121.217436,216,178.0,1,824.93,12,1,29.6,4.86,21
ZA-2018-0039,2018-04-09,2018-05-09,2018,4,2,Locational Clearance,Released,"Bautista, R.",Talisay,Subdivision Development,Agricultural (A),13.856303,121.188884,2260,1727.0,1,8217.08,22,0,3.6,5.28,21
ZA-2018-0040,2018-04-10,2018-04-26,2018,4,2,Zoning Certificate,Released,"Garduque, H.",Santo Niño,Building Permit Requirement,Commercial (C-1),13.876542,121.183363,433,,1,1138.03,12,1,47.7,5.57,21
ZA-2018-0041,2018-04-10,2018-04-26,2018,4,2,Locational Clearance,Released,"Bautista, R.",Bulacnin,Place of Worship,Commercial (C-2),13.836467,121.178954,1783,1397.0,1,5257.68,12,0,33.9,5.19,21
ZA-2018-0042,2018-04-11,2018-04-30,2018,4,2,Locational Clearance,Released,"Cruz, M.",Kayumanggi,Residential House Construction,Agricultural (A),13.89471,121.195292,7605,2461.0,1,14733.9,13,0,26.2,5.2,21
ZA-2018-0043,2018-04-17,2018-06-11,2018,4,2,Development Permit,Released,"Castillo, J.",Lodlod,Mixed-Use Development,Commercial (C-1),13.859108,121.223349,528,433.0,4,2893.58,39,1,51.6,4.89,21
ZA-2018-0044,2018-04-20,2018-05-21,2018,4,2,Development Permit,Released,"Cruz, M.",Calumpang,Mixed-Use Development,Residential Low Density (R-1),13.8555,121.239451,669,590.0,1,3259.77,21,1,43.2,4.92,21
ZA-2018-0045,2018-04-20,2018-06-04,2018,4,2,Locational Clearance,Released,"Bautista, R.",San Jose,Place of Worship,Residential Low Density (R-1),13.822431,121.244476,485,325.0,1,1459.03,31,1,51.6,5.56,21
ZA-2018-0046,2018-04-20,2018-04-30,2018,4,2,Locational Clearance,Released,"Bautista, R.",Mabini,Subdivision Development,Commercial (C-1),13.872628,121.249953,678,364.0,4,2785.86,6,1,50.1,5.12,21
ZA-2018-0047,2018-04-26,2018-05-31,2018,4,2,Locational Clearance,Released,"Castillo, J.",Poblacion Barangay II,Commercial Building Construction,Commercial (C-1),13.846163,121.223407,584,434.0,2,1966.87,25,1,44.0,5.41,21
ZA-2018-0048,2018-05-03,2018-06-06,2018,5,2,Locational Clearance,Released,"Bautista, R.",Calumpang,Poultry/Livestock Farm,Residential Medium Density (R-2),13.820461,121.195967,425,336.0,1,1379.74,24,1,100.8,4.71,22
ZA-2018-0049,2018-05-03,2018-06-08,2018,5,2,Locational Clearance,Released,"Cruz, M.",Mabini,Car Wash,Commercial (C-1),13.838182,121.175856,317,180.0,1,1493.54,26,1,144.6,5.5,22
ZA-2018-0050,2018-05-03,2018-06-21,2018,5,2,Locational Clearance,Released,"Castillo, J.",Iligan,Gasoline Station,Commercial (C-1),13.858335,121.172051,349,184.0,4,1541.71,35,1,102.6,4.74,22
ZA-2018-0051,2018-05-04,2018-05-10,2018,5,2,Locational Clearance,Released,"Bautista, R.",Latag,Place of Worship,Residential Low Density (R-1),13.885039,121.22745,1015,629.0,1,2435.8,4,0,131.4,5.28,22
ZA-2018-0052,2018-05-07,2018-06-20,2018,5,2,Development Permit,Released,"Castillo, J.",Pinagtongulan,Memorial Park Development,Residential Low Density (R-1),13.828114,121.20887,519,174.0,1,2374.31,32,1,106.9,4.9,22
ZA-2018-0053,2018-05-09,2018-05-22,2018,5,2,Locational Clearance,Released,"Garduque, H.",Bolbok,Food Establishment,Residential Low Density (R-1),13.877292,121.19181,801,499.0,1,2722.16,9,1,105.3,5.13,22
ZA-2018-0054,2018-05-10,2018-05-21,2018,5,2,Locational Clearance,Released,"Tipan, S.",Poblacion Barangay I,Place of Worship,Commercial (C-2),13.82855,121.215385,1367,559.0,2,2856.36,7,1,141.0,5.18,22
ZA-2018-0055,2018-05-28,2018-06-05,2018,5,2,Zoning Certificate,Released,"Castillo, J.",Iligan,Boundary Dispute Resolution,Commercial (C-2),13.868129,121.235535,870,,3,2618.57,6,0,115.7,5.32,22
ZA-2018-0056,2018-05-28,2018-06-05,2018,5,2,Locational Clearance,Released,"Castillo, J.",Mabini,Food Establishment,Residential Low Density (R-1),13.848274,121.18895,633,346.0,1,2587.54,6,0,109.2,5.47,22
ZA-2018-0057,2018-05-28,2018-06-28,2018,5,2,Locational Clearance,Released,"Cruz, M.",Halang,Food Establishment,Residential Low Density (R-1),13.856141,121.216929,425,298.0,1,1889.01,23,1,127.9,4.98,22
ZA-2018-0058,2018-05-29,2018-06-19,2018,5,2,Locational Clearance,Released,"Garduque, H.",Iligan,Poultry/Livestock Farm,Commercial (C-1),13.868568,121.213736,413,148.0,5,1789.2,15,1,111.6,4.79,22
ZA-2018-0059,2018-06-08,2018-06-19,2018,6,2,Zoning Certificate,Released,"Tipan, S.",Santol,Business Permit Application,Residential Low Density (R-1),13.877408,121.225395,471,,1,1762.21,7,1,173.4,5.29,21
ZA-2018-0060,2018-06-15,2018-06-18,2018,6,2,Zoning Certificate,Released,"Castillo, J.",Lumbang,Bank/Loan Requirement,Industrial (I-1),13.891535,121.185349,2282,,1,3899.74,1,1,193.5,4.87,21
ZA-2018-0061,2018-06-15,2018-07-03,2018,6,2,Locational Clearance,Released,"Bautista, R.",Pinagkawitan,Food Establishment,Residential Low Density (R-1),13.838697,121.213201,345,177.0,1,1583.67,12,0,173.5,5.3,21
ZA-2018-0062,2018-06-21,2018-06-22,2018,6,2,Zoning Certificate,Released,"Tipan, S.",San Jose,Bank/Loan Requirement,Residential Low Density (R-1),13.899531,121.222947,748,,1,1913.08,1,1,190.6,5.7,21
ZA-2018-0063,2018-06-22,2018-06-27,2018,6,2,Zoning Certificate,Released,"Cruz, M.",Lumbang,Business Permit Application,Institutional (Inst),13.834024,121.2252,608,,1,2405.08,3,0,184.2,5.25,21
ZA-2018-0064,2018-07-05,2018-08-10,2018,7,3,Locational Clearance,Released,"Garduque, H.",Halang,Gasoline Station,Institutional (Inst),13.883636,121.244174,243,87.0,2,1342.51,26,1,205.4,5.04,23
ZA-2018-0065,2018-07-13,2018-08-14,2018,7,3,Locational Clearance,Released,"Bautista, R.",Mataas na Lupa,Place of Worship,Commercial (C-1),13.82713,121.230422,244,96.0,1,1346.31,22,1,212.1,5.24,23
ZA-2018-0066,2018-07-13,2018-07-24,2018,7,3,Locational Clearance,Released,"Castillo, J.",Latag,Gasoline Station,Agricultural (A),13.894957,121.214304,4485,3450.0,2,7242.67,7,1,196.7,4.95,23
ZA-2018-0067,2018-07-19,2018-08-15,2018,7,3,Zoning Certificate,Released,"Garduque, H.",Santol,Estate Settlement,Commercial (C-1),13.859757,121.249373,221,,1,662.43,19,0,193.0,5.08,23
ZA-2018-0068,2018-07-23,2018-09-07,2018,7,3,Development Permit,Released,"Bautista, R.",Marawoy,Commercial Complex Development,Residential Medium Density (R-2),13.889445,121.234474,621,533.0,1,3061.35,34,1,208.5,5.0,23
ZA-2018-0069,2018-07-25,2018-08-22,2018,7,3,Development Permit,Released,"Cruz, M.",Santo Niño,Memorial Park Development,Residential Medium Density (R-2),13.898049,121.221278,809,282.0,1,2919.45,20,1,204.7,5.13,23
ZA-2018-0070,2018-07-27,2018-08-14,2018,7,3,Locational Clearance,Released,"Garduque, H.",San Jose,Place of Worship,Institutional (Inst),13.833987,121.210205,544,445.0,2,1643.43,12,0,222.3,4.88,23
ZA-2018-0071,2018-08-06,2018-08-28,2018,8,3,Locational Clearance,Released,"Tipan, S.",Mabini,Poultry/Livestock Farm,Residential Low Density (R-1),13.860491,121.205161,423,220.0,1,1799.25,16,1,195.8,5.28,22
ZA-2018-0072,2018-08-09,2018-10-29,2018,8,3,Development Permit,Released,"Garduque, H.",Pinagkawitan,Eco-Tourism Site,Residential Medium Density (R-2),13.882461,121.206784,331,142.0,1,2334.9,57,1,213.3,5.24,22
ZA-2018-0073,2018-08-13,2018-09-18,2018,8,3,Development Permit,Released,"Castillo, J.",Santol,Industrial Plant Expansion,Institutional (Inst),13.828084,121.225373,416,370.0,1,2676.33,26,1,188.8,5.2,22
ZA-2018-0074,2018-08-17,2018-10-11,2018,8,3,Development Permit,Released,"Bautista, R.",Sico,Resort/Tourism Facility,Residential Low Density (R-1),13.862163,121.204087,342,307.0,1,2166.65,39,1,212.9,4.79,22
ZA-2018-0075,2018-08-22,2018-09-21,2018,8,3,Locational Clearance,Released,"Cruz, M.",Lodlod,Subdivision Development,Residential Low Density (R-1),13.820883,121.203292,440,229.0,1,1907.77,22,0,190.3,5.08,22
ZA-2018-0076,2018-08-22,2018-09-04,2018,8,3,Locational Clearance,Released,"Garduque, H.",Sampaguita,Car Wash,Residential Medium Density (R-2),13.82097,121.189296,489,223.0,1,1936.04,9,1,200.9,5.2,22
ZA-2018-0077,2018-08-24,2018-08-30,2018,8,3,Locational Clearance,Released,"Castillo, J.",Iligan,School/Learning Center,Residential Medium Density (R-2),13.859059,121.182004,658,241.0,1,2661.74,4,1,225.9,5.55,22
ZA-2018-0078,2018-08-27,2018-08-28,2018,8,3,Zoning Certificate,Released,"Garduque, H.",Sico,Building Permit Requirement,Agricultural (A),13.882801,121.241367,2929,,1,10305.27,1,1,188.3,5.54,22
ZA-2018-0079,2018-08-29,2018-09-21,2018,8,3,Locational Clearance,Released,"Tipan, S.",Lodlod,Commercial Building Construction,Residential Low Density (R-1),13.856918,121.220976,281,158.0,1,996.44,17,1,187.7,5.42,22
ZA-2018-0080,2018-09-03,2018-09-14,2018,9,3,Locational Clearance,Released,"Bautista, R.",Poblacion Barangay I,Car Wash,Commercial (C-1),13.878995,121.210978,572,390.0,5,2377.79,9,1,162.5,5.13,21
ZA-2018-0081,2018-09-05,2018-10-15,2018,9,3,Development Permit,Released,"Cruz, M.",Plaridel,Mixed-Use Development,Commercial (C-2),13.89652,121.229001,1137,399.0,1,3567.43,28,1,162.8,4.8,21
ZA-2018-0082,2018-09-07,2018-09-25,2018,9,3,Zoning Certificate,Released,"Bautista, R.",Sico,Bank/Loan Requirement,Residential Medium Density (R-2),13.833929,121.177872,303,,1,1218.58,12,1,150.1,5.56,21
ZA-2018-0083,2018-09-13,2018-10-08,2018,9,3,Locational Clearance,Released,"Castillo, J.",Lumbang,Subdivision Development,Commercial (C-1),13.829711,121.219201,706,324.0,2,1890.1,17,1,179.7,5.39,21
ZA-2018-0084,2018-09-18,2018-09-28,2018,9,3,Locational Clearance,Released,"Garduque, H.",Calumpang,Warehouse/Storage Facility,Agricultural (A),13.866594,121.229846,10247,6335.0,1,30092.31,8,1,173.9,5.36,21
ZA-2018-0085,2018-09-19,2018-11-14,2018,9,3,Development Permit,Released,"Cruz, M.",Parang,Reclamation Project,Residential Low Density (R-1),13.854566,121.205152,842,317.0,1,3547.62,40,1,156.8,5.37,21
ZA-2018-0086,2018-09-21,2018-10-08,2018,9,3,Locational Clearance,Released,"Cruz, M.",Munting Pulo,Medical Clinic,Agricultural (A),13.842873,121.235276,5370,2387.0,4,8764.77,11,1,155.8,5.15,21
ZA-2018-0087,2018-09-25,2018-10-02,2018,9,3,Zoning Certificate,Released,"Bautista, R.",Pinagtongulan,Property Sale/Transfer,Commercial (C-1),13.882116,121.222493,568,,1,1595.02,5,1,184.1,5.25,21
ZA-2018-0088,2018-09-26,2018-10-05,2018,9,3,Zoning Certificate,Released,"Cruz, M.",Poblacion Barangay I,Estate Settlement,Agricultural (A),13.860468,121.237256,2257,,3,7738.22,7,1,150.2,5.29,21
ZA-2018-0089,2018-09-26,2018-10-02,2018,9,3,Locational Clearance,Released,"Tipan, S.",Pinagtongulan,Residential House Construction,Residential Low Density (R-1),13.889866,121.220903,1154,755.0,1,3006.79,4,1,161.2,5.01,21
ZA-2018-0090,2018-09-28,2018-11-09,2018,9,3,Development Permit,Released,"Garduque, H.",Kayumanggi,Eco-Tourism Site,Residential Medium Density (R-2),13.864407,121.228646,626,361.0,1,3666.86,30,1,147.2,4.84,21
ZA-2018-0091,2018-10-01,2018-10-19,2018,10,4,Locational Clearance,Released,"Castillo, J.",Poblacion Barangay II,Car Wash,Agricultural (A),13.822825,121.229659,6417,3293.0,1,15626.32,14,0,151.8,4.77,23
ZA-2018-0092,2018-10-01,2018-10-05,2018,10,4,Zoning Certificate,Released,"Bautista, R.",Lumbang,Building Permit Requirement,Residential Low Density (R-1),13.849465,121.205889,283,,1,844.3,4,0,117.7,5.38,23
ZA-2018-0093,2018-10-01,2018-10-08,2018,10,4,Locational Clearance,Released,"Tipan, S.",Munting Pulo,Gasoline Station,Industrial (I-1),13.869567,121.198439,3531,2316.0,1,6374.92,5,1,103.6,5.03,23
ZA-2018-0094,2018-10-04,2018-10-23,2018,10,4,Locational Clearance,Released,"Castillo, J.",Mataas na Lupa,Poultry/Livestock Farm,Commercial (C-1),13.868279,121.224117,1771,1214.0,3,5465.01,13,1,119.7,5.01,23
ZA-2018-0095,2018-10-09,2018-11-09,2018,10,4,Development Permit,Released,"Cruz, M.",Latag,New Residential Subdivision,Institutional (Inst),13.882792,121.226614,745,592.0,1,2805.57,23,1,129.9,5.23,23
ZA-2018-0096,2018-10-10,2018-11-16,2018,10,4,Development Permit,Released,"Bautista, R.",Latag,Eco-Tourism Site,Commercial (C-1),13.837649,121.217858,1031,582.0,3,3392.48,27,1,116.7,5.26,23
ZA-2018-0097,2018-10-15,2018-12-25,2018,10,4,Development Permit,Released,"Bautista, R.",Halang,Industrial Plant Expansion,Commercial (C-2),13.887184,121.200707,1381,763.0,1,3642.42,51,1,138.7,5.77,23
ZA-2018-0098,2018-10-17,2018-10-24,2018,10,4,Locational Clearance,Released,"Garduque, H.",Munting Pulo,Mini-Grocery/Sari-Sari Store,Commercial (C-1),13.886536,121.191846,1066,438.0,1,3571.39,5,1,112.4,4.63,23
ZA-2018-0099,2018-10-17,2018-11-23,2018,10,4,Development Permit,Released,"Cruz, M.",Sico,Memorial Park Development,Residential Low Density (R-1),13.834888,121.234211,537,464.0,1,3170.64,27,0,106.1,4.85,23
ZA-2018-0100,2018-10-18,2018-12-06,2018,10,4,Development Permit,Released,"Cruz, M.",Bulacnin,Reclamation Project,Commercial (C-1),13.878361,121.231241,117,44.0,1,1762.21,35,1,124.3,5.31,23
ZA-2018-0101,2018-10-23,2018-11-16,2018,10,4,Locational Clearance,Released,"Tipan, S.",Tulo,Mini-Grocery/Sari-Sari Store,Residential Medium Density (R-2),13.824564,121.192575,285,109.0,1,987.66,18,1,148.4,4.94,23
ZA-2018-0102,2018-10-24,2018-10-31,2018,10,4,Zoning Certificate,Released,"Garduque, H.",Tambo,Building Permit Requirement,Commercial (C-1),13.855979,121.232137,326,,1,1267.43,5,0,135.5,5.19,23
ZA-2018-0103,2018-10-24,2018-10-25,2018,10,4,Zoning Certificate,Released,"Tipan, S.",Talisay,Boundary Dispute Resolution,Residential Low Density (R-1),13.821746,121.223103,339,,1,1123.68,1,0,143.3,5.22,23
ZA-2018-0104,2018-10-25,2018-10-29,2018,10,4,Zoning Certificate,Released,"Castillo, J.",Marawoy,Bank/Loan Requirement,Commercial (C-1),13.840522,121.222334,638,,1,1832.22,2,0,122.1,5.29,23
ZA-2018-0105,2018-11-02,2018-12-20,2018,11,4,Development Permit,Released,"Bautista, R.",San Jose,Mixed-Use Development,Commercial (C-1),13.8321,121.188025,250,145.0,1,2300.48,34,1,80.2,5.39,21
ZA-2018-0106,2018-11-05,2018-11-14,2018,11,4,Locational Clearance,Released,"Bautista, R.",Talisay,Gasoline Station,Residential Low Density (R-1),13.825413,121.226627,394,251.0,1,1311.37,7,1,75.9,4.95,21
ZA-2018-0107,2018-11-05,2018-11-30,2018,11,4,Development Permit,Released,"Cruz, M.",Poblacion Barangay I,New Residential Subdivision,Agricultural (A),13.873522,121.206984,5175,2976.0,4,10148.59,19,1,74.1,5.73,21
ZA-2018-0108,2018-11-08,2018-12-25,2018,11,4,Development Permit,Released,"Tipan, S.",Sico,Resort/Tourism Facility,Residential Medium Density (R-2),13.824157,121.232902,294,184.0,1,2320.79,33,1,64.1,5.01,21
ZA-2018-0109,2018-11-12,2018-12-12,2018,11,4,Locational Clearance,Released,"Garduque, H.",Calumpang,Gasoline Station,Industrial (I-1),13.890226,121.240367,1999,797.0,1,4471.23,22,1,63.5,5.09,21
ZA-2018-0110,2018-11-13,2019-01-16,2018,11,4,Development Permit,Released,"Tipan, S.",Poblacion Barangay I,Reclamation Project,Residential Medium Density (R-2),13.828438,121.222542,636,363.0,1,3721.72,46,1,73.8,5.07,21
ZA-2018-0111,2018-11-14,2018-12-05,2018,11,4,Development Permit,Released,"Bautista, R.",Pinagkawitan,Memorial Park Development,Residential Medium Density (R-2),13.870767,121.233833,875,670.0,1,3252.46,15,1,78.0,5.43,21
ZA-2018-0112,2018-11-14,2018-12-06,2018,11,4,Locational Clearance,Released,"Cruz, M.",Halang,Place of Worship,Residential Low Density (R-1),13.888574,121.242491,448,278.0,1,2023.99,16,1,62.3,5.1,21
ZA-2018-0113,2018-11-19,2019-01-09,2018,11,4,Development Permit,Released,"Bautista, R.",Santol,Eco-Tourism Site,Residential Low Density (R-1),13.869224,121.176677,403,165.0,1,2688.52,37,1,86.4,5.26,21
ZA-2018-0114,2018-11-20,2018-11-30,2018,11,4,Zoning Certificate,Released,"Garduque, H.",Mabini,Property Sale/Transfer,Commercial (C-1),13.873434,121.220774,556,,1,1535.3,8,0,75.1,4.84,21
ZA-2018-0115,2018-11-27,2018-12-27,2018,11,4,Locational Clearance,Released,"Castillo, J.",Iligan,Gasoline Station,Commercial (C-2),13.826353,121.22852,990,304.0,5,3080.65,22,0,113.8,5.3,21
ZA-2018-0116,2018-11-28,2019-02-25,2018,11,4,Development Permit,Released,"Castillo, J.",Tulo,Eco-Tourism Site,Residential Low Density (R-1),13.885731,121.206741,425,336.0,1,2879.31,63,1,80.3,5.17,21
ZA-2018-0117,2018-11-29,2018-12-28,2018,11,4,Development Permit,Released,"Garduque, H.",Pinagkawitan,Reclamation Project,Residential Medium Density (R-2),13.828051,121.18919,161,128.0,1,2052.39,21,0,67.4,5.08,21
ZA-2018-0118,2018-12-07,2019-01-02,2018,12,4,Locational Clearance,Released,"Tipan, S.",Halang,Commercial Building Construction,Agricultural (A),13.887316,121.207703,2826,1611.0,1,8000.32,18,1,58.9,5.21,20
ZA-2018-0119,2018-12-11,2019-01-08,2018,12,4,Development Permit,Released,"Castillo, J.",Talisay,Memorial Park Development,Residential Low Density (R-1),13.833991,121.238459,527,198.0,1,3338.09,20,1,57.8,5.38,20
ZA-2018-0120,2018-12-13,2019-01-16,2018,12,4,Locational Clearance,Released,"Cruz, M.",Poblacion Barangay III,Car Wash,Industrial (I-1),13.837012,121.172655,2351,1099.0,1,6483.64,24,1,55.2,5.51,20
ZA-2018-0121,2018-12-17,2019-01-07,2018,12,4,Locational Clearance,Released,"Tipan, S.",Tulo,Car Wash,Residential Medium Density (R-2),13.840823,121.242576,255,220.0,1,1038.24,15,1,47.3,5.4,20
ZA-2018-0122,2018-12-21,2019-01-14,2018,12,4,Development Permit,Released,"Garduque, H.",Santol,Commercial Complex Development,Commercial (C-1),13.850432,121.248144,1274,467.0,2,4085.32,16,1,5.8,5.14,20
ZA-2018-0123,2018-12-24,2019-01-11,2018,12,4,Locational Clearance,Released,"Garduque, H.",Poblacion Barangay I,Commercial Building Construction,Residential Low Density (R-1),13.843377,121.242862,308,100.0,1,963.65,14,1,42.9,5.42,20
ZA-2018-0124,2018-12-24,2019-01-18,2018,12,4,Locational Clearance,Released,"Garduque, H.",Mabini,Residential House Construction,Commercial (C-1),13.829006,121.226295,670,208.0,1,1883.84,19,0,32.1,4.93,20
ZA-2018-0125,2018-12-28,2018-12-31,2018,12,4,Zoning Certificate,Released,"Cruz, M.",Lodlod,Business Permit Application,Residential Low Density (R-1),13.843994,121.229455,516,,1,1756.34,1,1,35.6,5.33,20
ZA-2019-0126,2019-01-01,2019-01-15,2019,1,1,Zoning Certificate,Released,"Garduque, H.",Poblacion Barangay I,Bank/Loan Requirement,Residential Medium Density (R-2),13.839161,121.233566,772,,1,2860.59,10,1,21.2,2.52,22
ZA-2019-0127,2019-01-01,2019-01-04,2019,1,1,Zoning Certificate,Released,"Cruz, M.",Kayumanggi,Business Permit Application,Residential Low Density (R-1),13.829195,121.177509,390,,1,1469.19,3,1,18.5,2.58,22
ZA-2019-0128,2019-01-03,2019-02-21,2019,1,1,Development Permit,Released,"Bautista, R.",Halang,Eco-Tourism Site,Residential Low Density (R-1),13.845356,121.204768,679,542.0,1,3468.74,35,1,33.0,2.65,22
ZA-2019-0129,2019-01-03,2019-01-10,2019,1,1,Zoning Certificate,Released,"Castillo, J.",Pinagtongulan,Building Permit Requirement,Commercial (C-1),13.867336,121.226211,979,,2,3509.99,5,1,32.3,2.52,22
ZA-2019-0130,2019-01-04,2019-02-14,2019,1,1,Development Permit,Released,"Garduque, H.",Bolbok,Commercial Complex Development,Commercial (C-1),13.868052,121.229488,221,80.0,5,2200.99,29,0,0.0,3.19,22
ZA-2019-0131,2019-01-04,2019-02-07,2019,1,1,Development Permit,Released,"Cruz, M.",Sico,Memorial Park Development,Institutional (Inst),13.831202,121.192145,520,178.0,1,3066.52,24,1,0.0,2.08,22
ZA-2019-0132,2019-01-07,2019-01-16,2019,1,1,Locational Clearance,Released,"Cruz, M.",Lumbang,Warehouse/Storage Facility,Commercial (C-1),13.820613,121.187526,473,315.0,1,1979.78,7,1,8.0,2.83,22
ZA-2019-0133,2019-01-08,2019-01-18,2019,1,1,Zoning Certificate,Released,"Bautista, R.",Parang,Business Permit Application,Residential Medium Density (R-2),13.851761,121.176967,369,,1,1348.06,8,0,59.0,2.23,22
ZA-2019-0134,2019-01-09,2019-01-17,2019,1,1,Zoning Certificate,Released,"Bautista, R.",Santo Niño,Building Permit Requirement,Residential Medium Density (R-2),13.876181,121.249425,564,,1,1893.39,6,1,0.0,2.38,22
ZA-2019-0135,2019-01-09,2019-01-15,2019,1,1,Locational Clearance,Released,"Castillo, J.",Bulacnin,Subdivision Development,Industrial (I-1),13.868632,121.19475,2151,1155.0,1,5117.22,4,1,0.0,2.36,22
ZA-2019-0136,2019-01-09,2019-01-30,2019,1,1,Zoning Certificate,Released,"Cruz, M.",Plaridel,Property Sale/Transfer,Residential Medium Density (R-2),13.856499,121.199524,530,,1,1584.69,15,1,31.5,2.44,22
ZA-2019-0137,2019-01-11,2019-02-04,2019,1,1,Locational Clearance,Released,"Tipan, S.",Poblacion Barangay III,Medical Clinic,Commercial (C-1),13.848954,121.217493,301,226.0,2,1409.01,16,1,15.5,2.56,22
ZA-2019-0138,2019-01-15,2019-01-28,2019,1,1,Locational Clearance,Released,"Tipan, S.",Mabini,Subdivision Development,Commercial (C-1),13.862717,121.181371,720,593.0,1,2981.33,9,1,23.4,2.49,22
ZA-2019-0139,2019-01-21,2019-05-17,2019,1,1,Development Permit,Released,"Cruz, M.",Kayumanggi,Memorial Park Development,Residential Low Density (R-1),13.864691,121.197453,444,212.0,1,2178.14,84,1,10.7,2.76,22
ZA-2019-0140,2019-01-21,2019-01-31,2019,1,1,Locational Clearance,Released,"Tipan, S.",Tambo,Commercial Building Construction,Residential Low Density (R-1),13.844505,121.233119,938,757.0,1,3683.69,8,0,44.6,2.92,22
ZA-2019-0141,2019-01-25,2019-02-15,2019,1,1,Development Permit,Released,"Cruz, M.",Santo Niño,Memorial Park Development,Residential Low Density (R-1),13.868086,121.226447,435,345.0,1,2766.21,15,1,7.6,2.2,22
ZA-2019-0142,2019-01-28,2019-02-05,2019,1,1,Locational Clearance,Released,"Tipan, S.",Pinagtongulan,Poultry/Livestock Farm,Residential Medium Density (R-2),13.832357,121.172036,1034,414.0,1,3191.02,6,1,14.8,2.89,22
ZA-2019-0143,2019-01-28,2019-02-12,2019,1,1,Locational Clearance,Released,"Garduque, H.",Plaridel,Place of Worship,Agricultural (A),13.868462,121.199167,11355,5727.0,3,23806.08,11,1,7.3,3.07,22
ZA-2019-0144,2019-01-28,2019-03-06,2019,1,1,Development Permit,Released,"Castillo, J.",Talisay,Memorial Park Development,Residential Medium Density (R-2),13.850737,121.17312,391,150.0,1,2307.68,27,0,17.8,2.47,22
ZA-2019-0145,2019-01-30,2019-02-05,2019,1,1,Locational Clearance,Released,"Garduque, H.",San Jose,Subdivision Development,Commercial (C-1),13.896474,121.195117,410,162.0,1,1512.16,4,1,12.7,2.57,22
ZA-2019-0146,2019-01-30,2019-02-14,2019,1,1,Locational Clearance,Released,"Bautista, R.",Munting Pulo,Subdivision Development,Industrial (I-1),13.863313,121.182332,4684,3729.0,3,16713.9,11,1,24.7,3.02,22
ZA-2019-0147,2019-02-14,2019-03-01,2019,2,1,Locational Clearance,Released,"Tipan, S.",Tulo,Medical Clinic,Residential Medium Density (R-2),13.83557,121.174612,1504,1139.0,1,2887.29,11,1,40.4,2.12,20
ZA-2019-0148,2019-02-14,2019-03-06,2019,2,1,Development Permit,Released,"Tipan, S.",Talisay,Mixed-Use Development,Commercial (C-2),13.855523,121.220099,776,683.0,5,3893.79,14,1,33.2,1.74,20
ZA-2019-0149,2019-02-21,2019-04-12,2019,2,1,Development Permit,Released,"Cruz, M.",Bulacnin,Industrial Plant Expansion,Residential Low Density (R-1),13.836105,121.201611,427,383.0,1,2964.91,36,1,35.5,2.49,20
ZA-2019-0150,2019-02-22,2019-03-14,2019,2,1,Locational Clearance,Released,"Castillo, J.",Tulo,Subdivision Development,Residential Low Density (R-1),13.830452,121.233241,371,232.0,1,1446.76,14,0,29.0,2.58,20
ZA-2019-0151,2019-02-22,2019-03-11,2019,2,1,Locational Clearance,Released,"Garduque, H.",Parang,School/Learning Center,Commercial (C-2),13.889084,121.217099,956,445.0,1,3428.28,11,1,4.4,2.07,20
ZA-2019-0152,2019-02-25,2019-03-08,2019,2,1,Locational Clearance,Released,"Castillo, J.",Munting Pulo,School/Learning Center,Commercial (C-1),13.866182,121.239246,323,136.0,3,1535.11,9,1,42.6,2.48,20
ZA-2019-0153,2019-02-28,2019-03-12,2019,2,1,Zoning Certificate,Released,"Tipan, S.",Marawoy,Estate Settlement,Residential Medium Density (R-2),13.836038,121.178741,568,,1,2143.03,8,0,31.7,2.44,20
ZA-2019-0154,2019-03-01,2019-03-18,2019,3,1,Locational Clearance,Released,"Bautista, R.",Sampaguita,School/Learning Center,Residential Low Density (R-1),13.894111,121.171529,869,702.0,1,3537.03,11,1,43.1,3.09,22
ZA-2019-0155,2019-03-01,2019-04-04,2019,3,1,Development Permit,Released,"Tipan, S.",Halang,Commercial Complex Development,Residential Medium Density (R-2),13.884355,121.192301,437,321.0,1,2300.9,24,0,34.1,2.79,22
ZA-2019-0156,2019-03-01,2019-03-25,2019,3,1,Locational Clearance,Released,"Castillo, J.",Marawoy,Medical Clinic,Residential Low Density (R-1),13.881514,121.222683,637,304.0,1,1829.25,16,0,38.7,2.68,22
ZA-2019-0157,2019-03-04,2019-03-20,2019,3,1,Locational Clearance,Released,"Cruz, M.",Plaridel,Mini-Grocery/Sari-Sari Store,Residential Low Density (R-1),13.852569,121.175281,617,412.0,1,2266.84,12,1,14.8,2.26,22
ZA-2019-0158,2019-03-04,2019-03-20,2019,3,1,Locational Clearance,Released,"Cruz, M.",Poblacion Barangay III,Mini-Grocery/Sari-Sari Store,Residential Low Density (R-1),13.86005,121.233561,422,331.0,1,1709.57,12,1,37.1,2.45,22
ZA-2019-0159,2019-03-04,2019-03-11,2019,3,1,Locational Clearance,Released,"Bautista, R.",Lodlod,Subdivision Development,Commercial (C-1),13.884279,121.244338,514,177.0,1,1956.51,5,1,16.6,2.75,22
ZA-2019-0160,2019-03-06,2019-03-13,2019,3,1,Zoning Certificate,Released,"Cruz, M.",Mabini,Estate Settlement,Residential Medium Density (R-2),13.898318,121.218279,447,,1,1111.73,5,1,0.0,2.91,22
ZA-2019-0161,2019-03-06,2019-03-22,2019,3,1,Locational Clearance,Released,"Tipan, S.",Poblacion Barangay II,Gasoline Station,Residential Medium Density (R-2),13.869983,121.175742,256,96.0,1,1237.44,12,1,43.1,2.17,22
ZA-2019-0162,2019-03-11,2019-04-02,2019,3,1,Locational Clearance,Released,"Castillo, J.",Munting Pulo,Subdivision Development,Residential Medium Density (R-2),13.83143,121.232028,729,531.0,1,1939.35,16,1,35.6,2.49,22
ZA-2019-0163,2019-03-15,2019-05-07,2019,3,1,Development Permit,Released,"Castillo, J.",Santo Niño,Memorial Park Development,Commercial (C-1),13.845407,121.170011,203,96.0,5,2071.74,37,1,13.8,2.31,22
ZA-2019-0164,2019-03-20,2019-04-03,2019,3,1,Locational Clearance,Released,"Castillo, J.",San Jose,Medical Clinic,Commercial (C-1),13.839746,121.229272,497,231.0,4,1986.2,10,1,30.3,2.3,22
ZA-2019-0165,2019-03-25,2019-03-27,2019,3,1,Zoning Certificate,Released,"Cruz, M.",Sico,Bank/Loan Requirement,Agricultural (A),13.883115,121.24135,4096,,3,8238.09,2,1,15.7,2.76,22
ZA-2019-0166,2019-03-27,2019-04-12,2019,3,1,Locational Clearance,Released,"Garduque, H.",Sico,Place of Worship,Residential Low Density (R-1),13.876309,121.170349,460,242.0,1,1767.99,12,1,57.7,2.66,22
ZA-2019-0167,2019-03-28,2019-04-05,2019,3,1,Zoning Certificate,Released,"Castillo, J.",Mabini,Building Permit Requirement,Commercial (C-1),13.876203,121.193844,328,,2,1272.43,6,0,29.0,2.56,22
ZA-2019-0168,2019-04-01,2019-04-16,2019,4,2,Locational Clearance,Released,"Garduque, H.",Santol,Mini-Grocery/Sari-Sari Store,Residential Low Density (R-1),13.854618,121.206616,427,293.0,1,1311.98,11,1,28.2,2.33,21
ZA-2019-0169,2019-04-02,2019-06-13,2019,4,2,Development Permit,Released,"Garduque, H.",Mataas na Lupa,Memorial Park Development,Agricultural (A),13.872588,121.207783,2363,1233.0,1,8941.98,52,1,30.2,2.42,21
ZA-2019-0170,2019-04-03,2019-04-10,2019,4,2,Locational Clearance,Released,"Castillo, J.",Santol,Food Establishment,Industrial (I-1),13.879088,121.19525,3578,2529.0,1,6405.84,5,1,47.3,2.14,21
ZA-2019-0171,2019-04-03,2019-05-22,2019,4,2,Development Permit,Released,"Cruz, M.",San Jose,Mixed-Use Development,Residential Low Density (R-1),13.824647,121.178921,1120,815.0,1,3999.34,35,1,32.8,1.98,21
ZA-2019-0172,2019-04-04,2019-05-16,2019,4,2,Development Permit,Released,"Tipan, S.",Poblacion Barangay I,Commercial Complex Development,Residential Low Density (R-1),13.862475,121.217611,523,419.0,1,2670.04,30,0,20.1,2.49,21
ZA-2019-0173,2019-04-08,2019-07-11,2019,4,2,Development Permit,Released,"Castillo, J.",Munting Pulo,Reclamation Project,Residential Low Density (R-1),13.881834,121.211704,432,379.0,1,2731.06,68,0,38.2,2.43,21
ZA-2019-0174,2019-04-10,2019-04-29,2019,4,2,Locational Clearance,Released,"Cruz, M.",Poblacion Barangay I,Food Establishment,Commercial (C-1),13.820108,121.193984,542,249.0,1,1381.53,13,1,58.2,2.55,21
ZA-2019-0175,2019-04-11,2019-04-19,2019,4,2,Zoning Certificate,Released,"Tipan, S.",Mabini,Estate Settlement,Agricultural (A),13.85184,121.194233,5067,,1,8360.04,6,1,38.7,2.47,21
ZA-2019-0176,2019-04-11,2019-04-23,2019,4,2,Locational Clearance,Released,"Garduque, H.",Halang,Commercial Building Construction,Open Space (OS),13.882815,121.249306,217,162.0,4,884.38,8,0,34.4,2.66,21
ZA-2019-0177,2019-04-12,2019-04-22,2019,4,2,Locational Clearance,Released,"Cruz, M.",Santol,Place of Worship,Commercial (C-1),13.869793,121.232506,506,175.0,1,2010.18,6,1,25.8,2.17,21
ZA-2019-0178,2019-04-12,2019-04-22,2019,4,2,Locational Clearance,Released,"Cruz, M.",Halang,Subdivision Development,Residential Medium Density (R-2),13.847615,121.243399,557,438.0,1,1790.14,6,1,58.7,2.42,21
ZA-2019-0179,2019-04-24,2019-05-03,2019,4,2,Zoning Certificate,Released,"Tipan, S.",Mataas na Lupa,Bank/Loan Requirement,Residential Low Density (R-1),13.820627,121.220474,197,,1,770.71,7,1,44.3,2.17,21
ZA-2019-0180,2019-04-24,2019-05-01,2019,4,2,Locational Clearance,Released,"Cruz, M.",San Jose,Food Establishment,Residential Medium Density (R-2),13.826099,121.191976,456,399.0,1,2006.35,5,1,37.8,2.45,21
ZA-2019-0181,2019-04-25,2019-05-31,2019,4,2,Development Permit,Released,"Castillo, J.",Lumbang,Resort/Tourism Facility,Residential Low Density (R-1),13.836735,121.173998,979,615.0,1,4826.66,26,1,33.8,2.63,21
ZA-2019-0182,2019-04-26,2019-05-06,2019,4,2,Zoning Certificate,Released,"Cruz, M.",Latag,Estate Settlement,Residential Low Density (R-1),13.867485,121.175847,593,,1,2341.22,6,1,40.0,2.55,21
ZA-2019-0183,2019-04-30,2019-05-21,2019,4,2,Locational Clearance,Released,"Cruz, M.",Iligan,Medical Clinic,Residential Medium Density (R-2),13.858152,121.227466,503,208.0,1,1460.94,15,1,35.3,2.72,21
ZA-2019-0184,2019-04-30,2019-05-03,2019,4,2,Zoning Certificate,Released,"Garduque, H.",Poblacion Barangay II,Bank/Loan Requirement,Commercial (C-1),13.859912,121.170968,258,,1,763.14,3,0,42.1,2.12,21
ZA-2019-0185,2019-05-02,2019-05-16,2019,5,2,Zoning Certificate,Released,"Garduque, H.",Tulo,Bank/Loan Requirement,Residential Low Density (R-1),13.854296,121.172334,667,,1,2021.15,10,1,113.2,3.13,22
ZA-2019-0186,2019-05-03,2019-06-06,2019,5,2,Development Permit,Released,"Garduque, H.",Tulo,New Residential Subdivision,Residential Low Density (R-1),13.823593,121.230881,435,161.0,1,2165.43,24,0,96.5,2.1,22
ZA-2019-0187,2019-05-10,2019-05-31,2019,5,2,Development Permit,Released,"Garduque, H.",Marawoy,New Residential Subdivision,Residential Low Density (R-1),13.865126,121.198686,221,166.0,1,1948.79,15,1,135.1,2.14,22
ZA-2019-0188,2019-05-21,2019-05-28,2019,5,2,Locational Clearance,Released,"Castillo, J.",Halang,Place of Worship,Residential Medium Density (R-2),13.834018,121.239342,710,295.0,1,2241.27,5,1,120.5,2.04,22
ZA-2019-0189,2019-05-22,2019-08-13,2019,5,2,Development Permit,Released,"Cruz, M.",Halang,Eco-Tourism Site,Commercial (C-1),13.891528,121.245717,1328,861.0,1,5125.72,59,1,121.6,2.44,22
ZA-2019-0190,2019-05-27,2019-07-04,2019,5,2,Development Permit,Released,"Tipan, S.",San Jose,Memorial Park Development,Agricultural (A),13.834891,121.196525,8544,6564.0,2,14848.3,28,1,67.9,2.39,22
ZA-2019-0191,2019-05-28,2019-06-05,2019,5,2,Zoning Certificate,Released,"Castillo, J.",Parang,Estate Settlement,Agricultural (A),13.886866,121.196575,6415,,1,21593.96,6,0,130.6,2.81,22
ZA-2019-0192,2019-05-30,2019-06-05,2019,5,2,Locational Clearance,Released,"Castillo, J.",Poblacion Barangay III,Warehouse/Storage Facility,Residential Low Density (R-1),13.830229,121.231244,714,495.0,1,1751.2,4,1,124.8,2.3,22
ZA-2019-0193,2019-05-31,2019-07-04,2019,5,2,Development Permit,Released,"Tipan, S.",Santo Niño,Reclamation Project,Commercial (C-1),13.820118,121.228348,501,443.0,5,2783.12,24,1,104.7,2.87,22
ZA-2019-0194,2019-06-05,2019-06-11,2019,6,2,Locational Clearance,Released,"Castillo, J.",Halang,Medical Clinic,Commercial (C-1),13.885342,121.184529,743,601.0,3,2581.76,4,1,174.8,2.74,21
ZA-2019-0195,2019-06-05,2019-08-22,2019,6,2,Development Permit,Released,"Tipan, S.",Latag,Mixed-Use Development,Commercial (C-2),13.86356,121.226746,992,778.0,4,3809.01,56,1,159.2,2.64,21
ZA-2019-0196,2019-06-05,2019-06-17,2019,6,2,Zoning Certificate,Released,"Bautista, R.",Santol,Property Sale/Transfer,Residential Medium Density (R-2),13.868124,121.193725,371,,1,1173.16,8,1,186.6,2.79,21
ZA-2019-0197,2019-06-10,2019-09-11,2019,6,2,Development Permit,Released,"Castillo, J.",Iligan,Eco-Tourism Site,Residential Medium Density (R-2),13.886201,121.225777,736,266.0,1,2738.28,67,0,231.6,2.4,21
ZA-2019-0198,2019-06-13,2019-07-12,2019,6,2,Locational Clearance,Released,"Bautista, R.",Santol,Place of Worship,Residential Medium Density (R-2),13.884566,121.185619,1209,1031.0,1,4276.36,21,1,198.9,2.11,21
ZA-2019-0199,2019-06-17,2019-08-09,2019,6,2,Development Permit,Released,"Castillo, J.",Poblacion Barangay I,Reclamation Project,Commercial (C-1),13.895767,121.209701,267,237.0,1,2367.01,39,1,196.7,2.17,21
ZA-2019-0200,2019-06-19,2019-07-02,2019,6,2,Zoning Certificate,Released,"Bautista, R.",Santol,Property Sale/Transfer,Residential Medium Density (R-2),13.88712,121.170913,406,,1,1396.53,9,1,197.7,2.04,21
ZA-2019-0201,2019-06-19,2019-07-08,2019,6,2,Locational Clearance,Released,"Tipan, S.",Latag,Warehouse/Storage Facility,Commercial (C-1),13.860384,121.227476,412,298.0,1,1207.17,13,1,204.8,2.43,21
ZA-2019-0202,2019-06-20,2019-07-01,2019,6,2,Zoning Certificate,Released,"Cruz, M.",Sico,Business Permit Application,Residential Medium Density (R-2),13.889224,121.182582,564,,1,1401.11,7,1,205.8,2.16,21
ZA-2019-0203,2019-06-24,2019-07-23,2019,6,2,Locational Clearance,Released,"Cruz, M.",Sico,Car Wash,Commercial (C-1),13.86574,121.236626,297,244.0,2,1276.2,21,1,194.3,2.39,21
ZA-2019-0204,2019-06-25,2019-07-24,2019,6,2,Development Permit,Released,"Castillo, J.",Santo Niño,Memorial Park Development,Commercial (C-1),13.846724,121.228616,529,333.0,1,3036.96,21,1,168.5,2.29,21
ZA-2019-0205,2019-07-04,2019-07-17,2019,7,3,Locational Clearance,Released,"Garduque, H.",Bolbok,Warehouse/Storage Facility,Residential Medium Density (R-2),13.824527,121.199914,457,352.0,1,1703.12,9,1,184.4,2.55,23
ZA-2019-0206,2019-07-05,2019-07-15,2019,7,3,Locational Clearance,Released,"Castillo, J.",Sampaguita,Residential House Construction,Residential Low Density (R-1),13.82811,121.192228,633,445.0,1,2394.08,6,1,217.8,2.35,23
ZA-2019-0207,2019-07-05,2019-07-23,2019,7,3,Locational Clearance,Released,"Bautista, R.",Marawoy,Warehouse/Storage Facility,Residential Medium Density (R-2),13.829064,121.202288,214,190.0,1,954.38,12,0,198.6,2.77,23
ZA-2019-0208,2019-07-08,2019-07-16,2019,7,3,Locational Clearance,Released,"Castillo, J.",Poblacion Barangay III,Commercial Building Construction,Institutional (Inst),13.858643,121.191483,827,458.0,1,2988.34,6,1,185.1,2.78,23
ZA-2019-0209,2019-07-08,2019-07-18,2019,7,3,Locational Clearance,Released,"Tipan, S.",Pinagkawitan,School/Learning Center,Residential Low Density (R-1),13.843783,121.177365,259,228.0,1,1140.07,8,0,212.7,3.0,23
ZA-2019-0210,2019-07-08,2019-08-07,2019,7,3,Locational Clearance,Released,"Castillo, J.",Sico,Apartment/Boarding House,Residential Low Density (R-1),13.841688,121.217813,963,664.0,1,2609.3,22,1,225.2,2.44,23
ZA-2019-0211,2019-07-12,2019-08-12,2019,7,3,Locational Clearance,Released,"Cruz, M.",Poblacion Barangay II,Subdivision Development,Commercial (C-1),13.866634,121.190248,566,369.0,2,1400.41,21,1,227.5,2.67,23
ZA-2019-0212,2019-07-16,2019-07-30,2019,7,3,Locational Clearance,Released,"Bautista, R.",Bolbok,Poultry/Livestock Farm,Commercial (C-1),13.828151,121.170666,478,258.0,4,1950.59,10,0,216.3,2.24,23
ZA-2019-0213,2019-07-17,2019-08-29,2019,7,3,Development Permit,Released,"Tipan, S.",Halang,New Residential Subdivision,Residential Low Density (R-1),13.877876,121.170724,459,344.0,1,2874.26,31,1,222.4,3.02,23
ZA-2019-0214,2019-07-23,2019-08-16,2019,7,3,Locational Clearance,Released,"Cruz, M.",Santo Niño,Poultry/Livestock Farm,Residential Medium Density (R-2),13.890198,121.229098,983,671.0,1,3072.95,18,1,195.4,2.29,23
ZA-2019-0215,2019-07-24,2019-09-06,2019,7,3,Development Permit,Released,"Tipan, S.",Munting Pulo,New Residential Subdivision,Residential Medium Density (R-2),13.87383,121.176492,319,143.0,1,1990.46,32,1,199.3,2.65,23
ZA-2019-0216,2019-07-24,2019-08-01,2019,7,3,Zoning Certificate,Released,"Cruz, M.",Poblacion Barangay II,Building Permit Requirement,Agricultural (A),13.879431,121.229033,6524,,1,18438.57,6,1,221.1,2.27,23
ZA-2019-0217,2019-07-25,2019-08-13,2019,7,3,Locational Clearance,Released,"Cruz, M.",Marawoy,Warehouse/Storage Facility,Residential Medium Density (R-2),13.849476,121.241628,502,262.0,1,1714.94,13,1,221.5,2.83,23
ZA-2019-0218,2019-07-29,2019-08-22,2019,7,3,Development Permit,Released,"Garduque, H.",Parang,Commercial Complex Development,Residential Medium Density (R-2),13.855404,121.221946,679,389.0,1,3110.15,18,0,220.4,2.34,23
ZA-2019-0219,2019-08-07,2019-08-19,2019,8,3,Locational Clearance,Released,"Bautista, R.",Tulo,Gasoline Station,Residential Low Density (R-1),13.828431,121.231155,757,429.0,1,1970.96,8,0,195.1,3.02,22
ZA-2019-0220,2019-08-13,2019-09-23,2019,8,3,Development Permit,Released,"Cruz, M.",Sampaguita,Commercial Complex Development,Residential Low Density (R-1),13.873138,121.240535,296,135.0,1,2245.89,29,0,190.8,2.67,22
ZA-2019-0221,2019-08-22,2019-08-28,2019,8,3,Zoning Certificate,Released,"Garduque, H.",Santol,Estate Settlement,Residential Medium Density (R-2),13.8612,121.212844,800,,1,1878.03,4,1,185.8,2.09,22
ZA-2019-0222,2019-08-23,2019-09-04,2019,8,3,Locational Clearance,Released,"Castillo, J.",Poblacion Barangay III,Warehouse/Storage Facility,Residential Low Density (R-1),13.846139,121.198354,254,202.0,1,970.99,8,0,210.1,2.71,22
ZA-2019-0223,2019-08-26,2019-10-07,2019,8,3,Development Permit,Released,"Cruz, M.",Sico,Eco-Tourism Site,Residential Medium Density (R-2),13.835509,121.238705,495,409.0,1,2879.06,30,1,182.2,2.78,22
ZA-2019-0224,2019-09-03,2019-09-12,2019,9,3,Zoning Certificate,Released,"Garduque, H.",Sampaguita,Business Permit Application,Residential Medium Density (R-2),13.832829,121.223892,627,,1,1791.96,7,1,169.1,2.67,21
ZA-2019-0225,2019-09-05,2019-09-24,2019,9,3,Locational Clearance,Released,"Cruz, M.",Talisay,Gasoline Station,Commercial (C-1),13.82153,121.18326,311,136.0,1,1282.06,13,1,186.2,2.42,21
ZA-2019-0226,2019-09-12,2019-09-27,2019,9,3,Locational Clearance,Released,"Bautista, R.",Bulacnin,Food Establishment,Residential Medium Density (R-2),13.839628,121.174619,609,312.0,1,1506.96,11,1,155.4,2.09,21
ZA-2019-0227,2019-09-23,2019-10-08,2019,9,3,Zoning Certificate,Released,"Cruz, M.",Poblacion Barangay III,Boundary Dispute Resolution,Agricultural (A),13.863272,121.225714,3502,,1,9617.63,11,1,191.3,2.24,21
ZA-2019-0228,2019-09-24,2019-10-02,2019,9,3,Zoning Certificate,Released,"Cruz, M.",Bulacnin,Building Permit Requirement,Commercial (C-2),13.829232,121.218451,1358,,2,3210.27,6,1,155.0,2.26,21
ZA-2019-0229,2019-09-26,2019-10-08,2019,9,3,Locational Clearance,Released,"Castillo, J.",Bulacnin,Subdivision Development,Residential Low Density (R-1),13.836345,121.210624,612,259.0,1,2410.62,8,0,155.5,2.48,21
ZA-2019-0230,2019-09-26,2019-09-30,2019,9,3,Zoning Certificate,Released,"Garduque, H.",Calumpang,Boundary Dispute Resolution,Open Space (OS),13.840262,121.170798,1827,,1,5626.15,2,1,164.2,3.03,21
ZA-2019-0231,2019-10-02,2019-10-11,2019,10,4,Zoning Certificate,Released,"Bautista, R.",Poblacion Barangay III,Bank/Loan Requirement,Commercial (C-1),13.84669,121.233325,594,,1,1527.08,7,1,110.2,2.44,23
ZA-2019-0232,2019-10-04,2019-10-22,2019,10,4,Locational Clearance,Released,"Bautista, R.",Poblacion Barangay III,Residential House Construction,Residential Medium Density (R-2),13.836278,121.175358,330,176.0,1,1038.5,12,0,125.9,2.78,23
ZA-2019-0233,2019-10-07,2019-10-23,2019,10,4,Locational Clearance,Released,"Cruz, M.",Mabini,Gasoline Station,Commercial (C-1),13.850038,121.234305,631,215.0,4,1867.2,12,1,101.9,2.69,23
ZA-2019-0234,2019-10-10,2019-11-07,2019,10,4,Development Permit,Released,"Tipan, S.",Mataas na Lupa,Memorial Park Development,Residential Low Density (R-1),13.857139,121.227819,359,188.0,1,2131.09,20,1,149.3,2.79,23
ZA-2019-0235,2019-10-14,2020-01-20,2019,10,4,Development Permit,Released,"Bautista, R.",Poblacion Barangay I,Mixed-Use Development,Residential Low Density (R-1),13.863874,121.175317,444,135.0,1,2888.11,70,0,136.9,2.94,23
ZA-2019-0236,2019-10-15,2019-12-16,2019,10,4,Development Permit,Released,"Tipan, S.",Santol,Commercial Complex Development,Industrial (I-1),13.873693,121.219638,4240,3315.0,2,8014.59,44,1,119.2,2.66,23
ZA-2019-0237,2019-10-21,2019-11-05,2019,10,4,Locational Clearance,Released,"Tipan, S.",Marawoy,Medical Clinic,Institutional (Inst),13.867772,121.222331,531,398.0,1,2358.48,11,0,132.9,2.78,23
ZA-2019-0238,2019-10-22,2019-11-12,2019,10,4,Locational Clearance,Released,"Cruz, M.",Talisay,Commercial Building Construction,Residential Low Density (R-1),13.83618,121.195106,294,172.0,1,1394.27,15,0,118.6,2.29,23
ZA-2019-0239,2019-11-06,2019-11-13,2019,11,4,Zoning Certificate,Released,"Bautista, R.",Bulacnin,Estate Settlement,Agricultural (A),13.826158,121.225692,8188,,4,22702.88,5,1,92.3,2.37,21
ZA-2019-0240,2019-11-06,2020-01-02,2019,11,4,Development Permit,Released,"Tipan, S.",Kayumanggi,Industrial Plant Expansion,Residential Low Density (R-1),13.895125,121.22091,858,397.0,1,2861.98,41,1,57.4,2.23,21
ZA-2019-0241,2019-11-11,2019-11-20,2019,11,4,Locational Clearance,Released,"Bautista, R.",Pinagkawitan,Car Wash,Commercial (C-2),13.872958,121.235195,1393,601.0,3,4773.17,7,1,85.7,2.73,21
ZA-2019-0242,2019-11-12,2019-12-17,2019,11,4,Locational Clearance,Released,"Tipan, S.",Talisay,Medical Clinic,Residential Low Density (R-1),13.822694,121.240335,307,172.0,1,1515.54,25,1,80.2,2.03,21
ZA-2019-0243,2019-11-13,2019-11-28,2019,11,4,Locational Clearance,Released,"Tipan, S.",Poblacion Barangay II,Subdivision Development,Commercial (C-1),13.846023,121.242077,517,255.0,3,2080.08,11,0,68.0,2.69,21
ZA-2019-0244,2019-11-18,2019-12-05,2019,11,4,Locational Clearance,Released,"Cruz, M.",Kayumanggi,Poultry/Livestock Farm,Residential Medium Density (R-2),13.879855,121.234533,346,124.0,1,1114.77,13,1,59.7,2.43,21
ZA-2019-0245,2019-11-20,2019-12-05,2019,11,4,Locational Clearance,Released,"Cruz, M.",Tulo,Food Establishment,Commercial (C-1),13.872347,121.188561,483,372.0,4,1911.71,11,1,95.0,2.69,21
ZA-2019-0246,2019-11-22,2020-01-07,2019,11,4,Locational Clearance,Released,"Garduque, H.",Calumpang,Medical Clinic,Residential Low Density (R-1),13.866476,121.249254,842,568.0,1,2222.38,32,1,69.7,2.97,21
ZA-2019-0247,2019-11-22,2019-12-12,2019,11,4,Zoning Certificate,Released,"Garduque, H.",Parang,Property Sale/Transfer,Residential Low Density (R-1),13.894255,121.244331,327,,1,1324.62,14,1,80.5,1.87,21
ZA-2019-0248,2019-11-25,2019-12-09,2019,11,4,Zoning Certificate,Released,"Tipan, S.",Parang,Property Sale/Transfer,Institutional (Inst),13.856381,121.223983,674,,2,1628.83,10,1,59.1,2.94,21
ZA-2019-0249,2019-11-28,2019-12-06,2019,11,4,Zoning Certificate,Released,"Castillo, J.",Bolbok,Business Permit Application,Residential Medium Density (R-2),13.842023,121.182497,1315,,1,4479.53,6,1,93.5,3.01,21
ZA-2019-0250,2019-12-02,2020-01-02,2019,12,4,Development Permit,Released,"Bautista, R.",Iligan,New Residential Subdivision,Industrial (I-1),13.833578,121.171532,3950,2264.0,4,11157.39,23,1,47.8,2.9,20
ZA-2019-0251,2019-12-20,2020-01-01,2019,12,4,Zoning Certificate,Released,"Cruz, M.",Pinagtongulan,Building Permit Requirement,Commercial (C-2),13.862875,121.20908,1539,,1,2852.36,8,0,23.5,2.41,20
ZA-2019-0252,2019-12-20,2020-01-13,2019,12,4,Locational Clearance,Released,"Cruz, M.",Poblacion Barangay I,Place of Worship,Agricultural (A),13.848394,121.174159,1821,1553.0,2,3636.44,16,1,38.9,2.36,20
ZA-2019-0253,2019-12-23,2020-01-02,2019,12,4,Locational Clearance,Released,"Tipan, S.",Bulacnin,Poultry/Livestock Farm,Residential Medium Density (R-2),13.836899,121.23904,543,450.0,1,2008.4,8,1,37.5,2.56,20
ZA-2019-0254,2019-12-24,2020-02-27,2019,12,4,Development Permit,Released,"Cruz, M.",Tambo,Eco-Tourism Site,Residential Low Density (R-1),13.891789,121.21981,315,246.0,1,2310.21,47,1,39.5,2.64,20
ZA-2019-0255,2019-12-30,2020-02-10,2019,12,4,Development Permit,Released,"Bautista, R.",Santo Niño,Industrial Plant Expansion,Commercial (C-1),13.895037,121.176808,381,337.0,1,2539.98,30,0,30.0,2.45,20
ZA-2020-0256,2020-01-01,2020-01-13,2020,1,1,Locational Clearance,Released,"Castillo, J.",San Jose,School/Learning Center,Residential Medium Density (R-2),13.833399,121.181782,354,206.0,1,1401.63,8,1,17.1,2.54,22
ZA-2020-0257,2020-01-03,2020-01-15,2020,1,1,Locational Clearance,Released,"Cruz, M.",Poblacion Barangay I,Apartment/Boarding House,Institutional (Inst),13.830374,121.190517,763,378.0,2,2240.33,8,1,38.5,2.06,22
ZA-2020-0258,2020-01-06,2020-01-24,2020,1,1,Locational Clearance,Released,"Castillo, J.",Mataas na Lupa,Gasoline Station,Commercial (C-1),13.826619,121.208763,408,206.0,1,1167.13,14,1,26.6,1.86,22
ZA-2020-0259,2020-01-06,2020-01-24,2020,1,1,Locational Clearance,Released,"Cruz, M.",Halang,Medical Clinic,Commercial (C-1),13.86992,121.191891,412,267.0,2,1392.0,14,1,5.3,2.39,22
ZA-2020-0260,2020-01-06,2020-01-20,2020,1,1,Locational Clearance,Released,"Garduque, H.",Tambo,School/Learning Center,Commercial (C-1),13.856675,121.228,192,152.0,3,1050.92,10,1,45.5,2.64,22
ZA-2020-0261,2020-01-07,2020-01-16,2020,1,1,Zoning Certificate,Released,"Castillo, J.",Kayumanggi,Bank/Loan Requirement,Residential Medium Density (R-2),13.887209,121.249156,627,,1,2138.42,7,1,13.8,2.65,22
ZA-2020-0262,2020-01-08,2020-01-10,2020,1,1,Zoning Certificate,Released,"Garduque, H.",Latag,Property Sale/Transfer,Residential Low Density (R-1),13.858654,121.237058,481,,1,1873.63,2,1,32.3,2.29,22
ZA-2020-0263,2020-01-10,2020-01-21,2020,1,1,Locational Clearance,Released,"Tipan, S.",Munting Pulo,Apartment/Boarding House,Residential Medium Density (R-2),13.835714,121.246116,210,120.0,1,921.39,7,1,21.9,2.02,22
ZA-2020-0264,2020-01-13,2020-05-08,2020,1,1,Development Permit,Released,"Bautista, R.",Mataas na Lupa,New Residential Subdivision,Residential Low Density (R-1),13.849774,121.222933,413,284.0,1,2345.18,84,1,21.3,2.07,22
ZA-2020-0265,2020-01-14,2020-02-14,2020,1,1,Development Permit,Released,"Tipan, S.",Munting Pulo,Eco-Tourism Site,Residential Medium Density (R-2),13.842857,121.24417,367,158.0,1,2299.35,23,0,19.0,2.53,22
ZA-2020-0266,2020-01-15,2020-01-24,2020,1,1,Locational Clearance,Released,"Cruz, M.",Mataas na Lupa,Medical Clinic,Commercial (C-2),13.864543,121.23761,953,742.0,1,2086.96,7,1,10.0,2.55,22
ZA-2020-0267,2020-01-16,2020-02-10,2020,1,1,Locational Clearance,Released,"Cruz, M.",Tambo,Warehouse/Storage Facility,Residential Medium Density (R-2),13.84106,121.170052,284,122.0,1,1092.86,17,1,22.4,2.51,22
ZA-2020-0268,2020-01-17,2020-02-11,2020,1,1,Locational Clearance,Released,"Tipan, S.",Mabini,Gasoline Station,Residential Medium Density (R-2),13.827502,121.20889,970,379.0,1,3124.09,17,1,4.0,2.2,22
ZA-2020-0269,2020-01-20,2020-02-04,2020,1,1,Locational Clearance,Released,"Castillo, J.",Mataas na Lupa,Subdivision Development,Commercial (C-2),13.832359,121.208981,1233,716.0,2,4597.52,11,0,47.1,1.98,22
ZA-2020-0270,2020-01-22,2020-03-02,2020,1,1,Development Permit,Released,"Castillo, J.",Sampaguita,New Residential Subdivision,Residential Medium Density (R-2),13.847233,121.210846,885,356.0,1,4015.5,28,1,29.5,2.46,22
ZA-2020-0271,2020-01-24,2020-04-23,2020,1,1,Locational Clearance,Released,"Garduque, H.",Santol,School/Learning Center,Commercial (C-1),13.855054,121.237134,635,210.0,5,1633.83,64,1,0.0,2.31,22
ZA-2020-0272,2020-01-24,2020-02-25,2020,1,1,Development Permit,Released,"Castillo, J.",Bulacnin,Industrial Plant Expansion,Industrial (I-1),13.884116,121.201367,3376,1582.0,1,10920.14,22,1,10.0,2.51,22
ZA-2020-0273,2020-01-27,2020-02-20,2020,1,1,Locational Clearance,Released,"Garduque, H.",Bulacnin,Car Wash,Institutional (Inst),13.850986,121.175293,342,242.0,2,1662.0,18,0,41.0,2.44,22
ZA-2020-0274,2020-01-30,2020-02-07,2020,1,1,Locational Clearance,Released,"Cruz, M.",Poblacion Barangay II,Warehouse/Storage Facility,Industrial (I-1),13.894656,121.19124,2098,667.0,1,4966.16,6,1,41.7,2.7,22
ZA-2020-0275,2020-02-07,2020-02-20,2020,2,1,Locational Clearance,Released,"Garduque, H.",Bolbok,Place of Worship,Institutional (Inst),13.842197,121.192529,761,661.0,1,2230.49,9,1,36.9,2.71,20
ZA-2020-0276,2020-02-07,2020-03-05,2020,2,1,Development Permit,Released,"Garduque, H.",Lumbang,Eco-Tourism Site,Residential Low Density (R-1),13.847471,121.236766,286,99.0,1,2498.92,19,1,31.6,2.34,20
ZA-2020-0277,2020-02-07,2020-02-17,2020,2,1,Locational Clearance,Released,"Castillo, J.",Pinagtongulan,Poultry/Livestock Farm,Agricultural (A),13.860121,121.189733,5970,2330.0,1,10339.18,6,1,53.1,2.29,20
ZA-2020-0278,2020-02-10,2020-03-05,2020,2,1,Locational Clearance,Released,"Bautista, R.",Calumpang,Medical Clinic,Commercial (C-2),13.880564,121.174448,1525,986.0,2,4951.6,18,0,7.8,2.92,20
ZA-2020-0279,2020-02-11,2020-02-26,2020,2,1,Locational Clearance,Released,"Garduque, H.",Mabini,Warehouse/Storage Facility,Residential Low Density (R-1),13.875284,121.191731,785,657.0,1,2923.6,11,1,14.5,2.25,20
ZA-2020-0280,2020-02-13,2020-02-19,2020,2,1,Locational Clearance,Released,"Garduque, H.",Latag,Medical Clinic,Residential Low Density (R-1),13.862516,121.193036,324,259.0,1,1139.41,4,1,0.0,2.38,20
ZA-2020-0281,2020-02-20,2020-04-03,2020,2,1,Locational Clearance,Released,"Tipan, S.",Poblacion Barangay II,Food Establishment,Residential Medium Density (R-2),13.892193,121.197517,249,99.0,1,1273.72,31,1,34.8,2.78,20
ZA-2020-0282,2020-02-28,2020-04-30,2020,2,1,Development Permit,Released,"Bautista, R.",Calumpang,Commercial Complex Development,Commercial (C-1),13.820865,121.236124,1280,1074.0,1,5255.35,44,1,20.2,2.43,20
ZA-2020-0283,2020-03-06,2020-04-10,2020,3,1,Locational Clearance,Released,"Castillo, J.",Parang,Car Wash,Residential Medium Density (R-2),13.862583,121.178261,280,104.0,1,990.18,25,1,37.0,2.48,22
ZA-2020-0284,2020-03-09,2020-03-25,2020,3,1,Locational Clearance,Released,"Cruz, M.",Pinagkawitan,School/Learning Center,Residential Low Density (R-1),13.824221,121.225361,265,127.0,1,1080.09,12,1,34.8,1.94,22
ZA-2020-0285,2020-03-10,2020-03-12,2020,3,1,Zoning Certificate,Released,"Garduque, H.",Sampaguita,Boundary Dispute Resolution,Industrial (I-1),13.885884,121.235656,2652,,3,4962.39,2,1,37.8,1.75,22
ZA-2020-0286,2020-03-12,2020-03-25,2020,3,1,Locational Clearance,Released,"Cruz, M.",Tambo,Commercial Building Construction,Agricultural (A),13.857335,121.208571,4035,2088.0,1,7881.28,9,1,43.6,2.26,22
ZA-2020-0287,2020-03-12,2020-04-03,2020,3,1,Locational Clearance,Released,"Bautista, R.",Mataas na Lupa,Apartment/Boarding House,Commercial (C-2),13.844263,121.244604,1367,723.0,3,3235.65,16,1,34.9,2.5,22
ZA-2020-0288,2020-03-13,2020-03-30,2020,3,1,Development Permit,Released,"Cruz, M.",Iligan,Memorial Park Development,Commercial (C-1),13.897692,121.214975,1311,419.0,2,4784.25,11,1,18.1,2.3,22
ZA-2020-0289,2020-03-17,2020-04-06,2020,3,1,Locational Clearance,Released,"Cruz, M.",Iligan,Warehouse/Storage Facility,Institutional (Inst),13.826144,121.198373,537,296.0,2,1955.42,14,1,14.4,1.74,22
ZA-2020-0290,2020-03-17,2020-03-26,2020,3,1,Zoning Certificate,Released,"Castillo, J.",Tambo,Property Sale/Transfer,Commercial (C-1),13.840427,121.17847,873,,1,2729.48,7,1,34.4,2.08,22
ZA-2020-0291,2020-03-19,2020-04-24,2020,3,1,Development Permit,Released,"Cruz, M.",Sico,Mixed-Use Development,Commercial (C-1),13.832545,121.236184,202,143.0,2,2004.21,26,1,31.1,2.37,22
ZA-2020-0292,2020-03-20,2020-05-08,2020,3,1,Development Permit,Released,"Garduque, H.",Mabini,Eco-Tourism Site,Residential Low Density (R-1),13.878519,121.246649,378,152.0,1,2675.34,35,1,43.3,2.51,22
ZA-2020-0293,2020-03-26,2020-05-15,2020,3,1,Development Permit,Released,"Garduque, H.",Calumpang,New Residential Subdivision,Residential Low Density (R-1),13.880192,121.212504,434,373.0,1,2532.58,36,1,38.4,2.18,22
ZA-2020-0294,2020-03-27,2020-04-10,2020,3,1,Locational Clearance,Released,"Bautista, R.",Poblacion Barangay III,Warehouse/Storage Facility,Residential Low Density (R-1),13.887573,121.204504,1223,904.0,1,4441.69,10,1,32.1,2.62,22
ZA-2020-0295,2020-03-31,2020-04-16,2020,3,1,Locational Clearance,Released,"Garduque, H.",Mataas na Lupa,Mini-Grocery/Sari-Sari Store,Open Space (OS),13.865843,121.196017,443,200.0,3,1620.77,12,1,46.3,2.37,22
ZA-2020-0296,2020-03-31,2020-05-01,2020,3,1,Locational Clearance,Released,"Tipan, S.",Halang,Gasoline Station,Residential Low Density (R-1),13.852017,121.232664,608,448.0,1,1713.47,23,0,10.3,2.42,22
ZA-2020-0297,2020-04-02,2020-04-14,2020,4,2,Locational Clearance,Released,"Tipan, S.",Munting Pulo,Car Wash,Residential Low Density (R-1),13.86982,121.187814,416,289.0,1,1330.56,8,1,40.4,2.54,21
ZA-2020-0298,2020-04-02,2020-04-06,2020,4,2,Zoning Certificate,Released,"Bautista, R.",Marawoy,Boundary Dispute Resolution,Residential Low Density (R-1),13.880583,121.241837,193,,1,662.78,2,1,30.8,2.34,21
ZA-2020-0299,2020-04-03,2020-04-13,2020,4,2,Locational Clearance,Released,"Bautista, R.",Pinagkawitan,Subdivision Development,Open Space (OS),13.886796,121.247975,338,122.0,1,1067.87,6,1,40.2,2.29,21
ZA-2020-0300,2020-04-06,2020-04-21,2020,4,2,Locational Clearance,Released,"Cruz, M.",Lodlod,Poultry/Livestock Farm,Residential Medium Density (R-2),13.865916,121.201432,382,314.0,1,1342.61,11,1,46.1,2.42,21
ZA-2020-0301,2020-04-06,2020-04-16,2020,4,2,Locational Clearance,Released,"Tipan, S.",Tambo,School/Learning Center,Residential Medium Density (R-2),13.851815,121.247904,401,123.0,1,1330.67,8,1,50.1,1.88,21
ZA-2020-0302,2020-04-07,2020-04-29,2020,4,2,Locational Clearance,Released,"Bautista, R.",Iligan,Gasoline Station,Residential Low Density (R-1),13.824046,121.20409,584,424.0,1,2268.18,16,1,31.0,2.53,21
ZA-2020-0303,2020-04-08,2020-05-01,2020,4,2,Locational Clearance,Released,"Garduque, H.",Poblacion Barangay II,Apartment/Boarding House,Residential Medium Density (R-2),13.856005,121.196996,623,271.0,1,1886.2,17,1,26.8,2.6,21
ZA-2020-0304,2020-04-13,2020-04-15,2020,4,2,Locational Clearance,Released,"Cruz, M.",Pinagkawitan,Medical Clinic,Residential Medium Density (R-2),13.862395,121.182909,334,110.0,1,1187.85,2,1,29.4,2.8,21
ZA-2020-0305,2020-04-14,2020-04-17,2020,4,2,Zoning Certificate,Released,"Castillo, J.",Halang,Bank/Loan Requirement,Commercial (C-2),13.848886,121.202676,1243,,1,4140.61,3,1,41.8,2.28,21
ZA-2020-0306,2020-04-15,2020-05-21,2020,4,2,Locational Clearance,Released,"Garduque, H.",Sico,Warehouse/Storage Facility,Institutional (Inst),13.840786,121.240887,533,171.0,2,1727.38,26,1,22.1,2.31,21
ZA-2020-0307,2020-04-16,2020-04-23,2020,4,2,Locational Clearance,Released,"Tipan, S.",Santo Niño,Food Establishment,Residential Low Density (R-1),13.873847,121.235948,668,293.0,1,2195.83,5,0,27.5,2.07,21
ZA-2020-0308,2020-04-17,2020-05-21,2020,4,2,Locational Clearance,Released,"Cruz, M.",Iligan,Food Establishment,Agricultural (A),13.899407,121.182496,4030,2993.0,1,9712.21,24,1,17.9,2.58,21
ZA-2020-0309,2020-04-23,2020-06-02,2020,4,2,Development Permit,Released,"Cruz, M.",Poblacion Barangay II,Reclamation Project,Agricultural (A),13.852895,121.204199,9598,6207.0,3,26115.8,28,1,45.7,2.61,21
ZA-2020-0310,2020-04-23,2020-06-26,2020,4,2,Development Permit,Released,"Bautista, R.",Tambo,New Residential Subdivision,Residential Low Density (R-1),13.821296,121.23547,192,156.0,1,1915.2,46,1,43.1,2.6,21
ZA-2020-0311,2020-04-27,2020-05-22,2020,4,2,Locational Clearance,Released,"Castillo, J.",Mabini,Medical Clinic,Residential Medium Density (R-2),13.867539,121.218252,343,155.0,1,1423.98,19,1,41.8,2.62,21
ZA-2020-0312,2020-04-29,2020-05-26,2020,4,2,Locational Clearance,Released,"Cruz, M.",Sico,Car Wash,Commercial (C-1),13.838667,121.220026,1201,669.0,1,2424.86,19,1,23.5,2.16,21
ZA-2020-0313,2020-05-01,2020-05-21,2020,5,2,Locational Clearance,Released,"Tipan, S.",Santol,Car Wash,Commercial (C-1),13.878732,121.197305,703,236.0,1,2511.6,14,1,105.2,2.63,22
ZA-2020-0314,2020-05-06,2020-05-20,2020,5,2,Locational Clearance,Released,"Castillo, J.",Halang,Poultry/Livestock Farm,Institutional (Inst),13.822228,121.22051,483,241.0,1,1629.04,10,1,119.7,2.83,22
ZA-2020-0315,2020-05-06,2020-06-03,2020,5,2,Locational Clearance,Released,"Cruz, M.",Plaridel,Medical Clinic,Residential Low Density (R-1),13.891231,121.21615,163,66.0,1,1044.59,20,1,101.2,2.4,22
ZA-2020-0316,2020-05-07,2020-05-08,2020,5,2,Zoning Certificate,Released,"Garduque, H.",Bulacnin,Estate Settlement,Commercial (C-2),13.831463,121.227178,3454,,2,9355.61,1,1,135.9,2.47,22
ZA-2020-0317,2020-05-11,2020-05-21,2020,5,2,Zoning Certificate,Released,"Garduque, H.",Munting Pulo,Business Permit Application,Residential Medium Density (R-2),13.874371,121.245674,195,,1,771.77,8,1,124.5,2.14,22
ZA-2020-0318,2020-05-11,2020-06-10,2020,5,2,Locational Clearance,Released,"Bautista, R.",San Jose,Medical Clinic,Commercial (C-1),13.845882,121.223204,345,240.0,2,1150.16,22,1,146.0,1.81,22
ZA-2020-0319,2020-05-19,2020-06-08,2020,5,2,Locational Clearance,Released,"Bautista, R.",Lodlod,Gasoline Station,Commercial (C-1),13.878315,121.232386,702,267.0,2,2522.1,14,1,129.7,2.13,22
ZA-2020-0320,2020-05-29,2020-06-16,2020,5,2,Locational Clearance,Released,"Bautista, R.",Poblacion Barangay I,Medical Clinic,Residential Medium Density (R-2),13.86526,121.211157,970,439.0,1,2513.31,12,0,115.5,2.43,22
ZA-2020-0321,2020-06-02,2020-06-25,2020,6,2,Development Permit,Released,"Garduque, H.",Munting Pulo,Reclamation Project,Commercial (C-1),13.845193,121.177732,323,171.0,1,2170.31,17,1,207.6,2.83,21
ZA-2020-0322,2020-06-11,2020-07-17,2020,6,2,Development Permit,Released,"Tipan, S.",Pinagkawitan,Memorial Park Development,Residential Medium Density (R-2),13.873801,121.224575,142,117.0,1,1773.77,26,1,200.2,2.16,21
ZA-2020-0323,2020-06-12,2020-06-17,2020,6,2,Zoning Certificate,Released,"Bautista, R.",Poblacion Barangay I,Estate Settlement,Residential Low Density (R-1),13.876049,121.230278,404,,1,1016.92,3,1,189.9,2.4,21
ZA-2020-0324,2020-07-01,2020-07-29,2020,7,3,Development Permit,Released,"Cruz, M.",Lodlod,New Residential Subdivision,Commercial (C-1),13.855443,121.219368,847,625.0,1,3164.93,20,1,216.7,2.29,23
ZA-2020-0325,2020-07-06,2020-08-28,2020,7,3,Locational Clearance,Released,"Garduque, H.",Pinagtongulan,Commercial Building Construction,Residential Medium Density (R-2),13.824562,121.178439,607,228.0,1,1416.79,39,0,200.4,2.75,23
ZA-2020-0326,2020-07-08,2020-09-15,2020,7,3,Development Permit,Released,"Tipan, S.",Parang,Eco-Tourism Site,Agricultural (A),13.875145,121.190185,19284,8490.0,2,59579.98,49,1,217.1,2.67,23
ZA-2020-0327,2020-07-08,2020-07-29,2020,7,3,Locational Clearance,Released,"Castillo, J.",Bulacnin,Medical Clinic,Residential Low Density (R-1),13.871277,121.207295,227,190.0,1,1136.64,15,1,229.3,2.58,23
ZA-2020-0328,2020-07-16,2020-08-10,2020,7,3,Locational Clearance,Released,"Garduque, H.",Tulo,Residential House Construction,Commercial (C-2),13.824551,121.231322,759,481.0,1,2909.98,17,1,206.4,2.09,23
ZA-2020-0329,2020-07-24,2020-07-29,2020,7,3,Zoning Certificate,Released,"Tipan, S.",Tambo,Building Permit Requirement,Residential Low Density (R-1),13.852982,121.244778,911,,1,2005.96,3,1,234.4,2.24,23
ZA-2020-0330,2020-07-28,2020-09-09,2020,7,3,Development Permit,Released,"Castillo, J.",Mabini,New Residential Subdivision,Agricultural (A),13.860475,121.182954,4006,2607.0,1,12338.5,31,0,215.1,1.78,23
ZA-2020-0331,2020-07-30,2020-08-04,2020,7,3,Zoning Certificate,Released,"Cruz, M.",Pinagkawitan,Estate Settlement,Residential Medium Density (R-2),13.850982,121.222775,350,,1,1192.02,3,1,206.4,3.0,23
ZA-2020-0332,2020-07-31,2020-08-10,2020,7,3,Zoning Certificate,Released,"Bautista, R.",Plaridel,Building Permit Requirement,Residential Low Density (R-1),13.858193,121.218145,334,,1,929.8,6,1,217.7,1.86,23
ZA-2020-0333,2020-08-04,2020-08-18,2020,8,3,Locational Clearance,Released,"Bautista, R.",Pinagkawitan,School/Learning Center,Residential Low Density (R-1),13.836706,121.174685,1038,522.0,1,3548.81,10,1,180.5,3.05,22
ZA-2020-0334,2020-08-05,2020-08-11,2020,8,3,Locational Clearance,Released,"Garduque, H.",Mabini,Car Wash,Residential Medium Density (R-2),13.826342,121.215268,894,736.0,1,2154.78,4,1,208.8,2.34,22
ZA-2020-0335,2020-08-10,2020-08-13,2020,8,3,Zoning Certificate,Released,"Cruz, M.",Tambo,Building Permit Requirement,Agricultural (A),13.867654,121.176449,7961,,1,18623.57,3,1,188.4,2.76,22
ZA-2020-0336,2020-08-11,2020-09-29,2020,8,3,Locational Clearance,Released,"Garduque, H.",Pinagtongulan,Food Establishment,Open Space (OS),13.842166,121.24527,577,201.0,1,1808.14,35,0,188.9,2.53,22
ZA-2020-0337,2020-08-12,2020-08-31,2020,8,3,Locational Clearance,Released,"Cruz, M.",Marawoy,Gasoline Station,Residential Low Density (R-1),13.896043,121.171765,139,90.0,1,909.46,13,0,202.1,2.22,22
ZA-2020-0338,2020-08-13,2020-09-25,2020,8,3,Locational Clearance,Released,"Castillo, J.",Santo Niño,Poultry/Livestock Farm,Commercial (C-1),13.867957,121.242192,752,285.0,2,2327.95,31,1,182.5,2.01,22
ZA-2020-0339,2020-08-14,2020-09-03,2020,8,3,Locational Clearance,Released,"Bautista, R.",Santo Niño,Medical Clinic,Commercial (C-2),13.864375,121.236075,886,501.0,2,2960.8,14,0,213.1,2.77,22
ZA-2020-0340,2020-08-20,2020-09-11,2020,8,3,Zoning Certificate,Released,"Garduque, H.",Lodlod,Bank/Loan Requirement,Residential Medium Density (R-2),13.837639,121.220052,656,,1,1911.37,16,1,175.7,2.49,22
ZA-2020-0341,2020-08-20,2020-09-02,2020,8,3,Locational Clearance,Released,"Cruz, M.",Mataas na Lupa,Mini-Grocery/Sari-Sari Store,Open Space (OS),13.873322,121.176408,530,402.0,4,2097.79,9,1,176.8,2.34,22
ZA-2020-0342,2020-08-20,2020-09-25,2020,8,3,Development Permit,Released,"Cruz, M.",Sico,Resort/Tourism Facility,Industrial (I-1),13.860937,121.208664,2302,1225.0,4,5329.93,26,1,211.3,2.29,22
ZA-2020-0343,2020-08-27,2020-09-04,2020,8,3,Locational Clearance,Released,"Castillo, J.",Calumpang,Car Wash,Commercial (C-2),13.865281,121.240243,1105,373.0,1,3367.8,6,1,203.2,2.42,22
ZA-2020-0344,2020-09-01,2020-09-24,2020,9,3,Locational Clearance,Released,"Bautista, R.",Iligan,Warehouse/Storage Facility,Commercial (C-1),13.843729,121.176175,1411,462.0,3,3863.37,17,0,158.6,2.38,21
ZA-2020-0345,2020-09-01,2020-09-30,2020,9,3,Development Permit,Released,"Cruz, M.",Pinagtongulan,Commercial Complex Development,Commercial (C-2),13.874745,121.245918,1120,501.0,1,3304.62,21,0,155.0,2.1,21
ZA-2020-0346,2020-09-07,2020-09-24,2020,9,3,Locational Clearance,Released,"Cruz, M.",Poblacion Barangay II,Residential House Construction,Residential Medium Density (R-2),13.852863,121.209172,332,100.0,1,1305.02,13,1,154.6,2.38,21
ZA-2020-0347,2020-09-15,2020-10-21,2020,9,3,Development Permit,Released,"Castillo, J.",Munting Pulo,Memorial Park Development,Commercial (C-2),13.878293,121.195229,732,263.0,2,3444.65,26,1,139.1,2.23,21
ZA-2020-0348,2020-09-16,2020-10-15,2020,9,3,Locational Clearance,Released,"Castillo, J.",Calumpang,Apartment/Boarding House,Residential Medium Density (R-2),13.825819,121.192448,672,422.0,1,2764.08,21,0,177.7,2.21,21
ZA-2020-0349,2020-09-18,2020-10-07,2020,9,3,Locational Clearance,Released,"Tipan, S.",Bulacnin,Gasoline Station,Institutional (Inst),13.898258,121.184471,504,219.0,1,1392.51,13,1,151.0,2.72,21
ZA-2020-0350,2020-09-18,2020-12-10,2020,9,3,Development Permit,Released,"Tipan, S.",Parang,Reclamation Project,Commercial (C-2),13.889314,121.174769,879,569.0,1,4430.79,59,0,148.1,2.53,21
ZA-2020-0351,2020-09-23,2020-09-28,2020,9,3,Locational Clearance,Released,"Garduque, H.",San Jose,Apartment/Boarding House,Residential Low Density (R-1),13.830817,121.224036,934,506.0,1,3121.8,3,0,145.0,2.31,21
ZA-2020-0352,2020-09-25,2020-10-05,2020,9,3,Locational Clearance,Released,"Cruz, M.",Poblacion Barangay I,Mini-Grocery/Sari-Sari Store,Residential Low Density (R-1),13.867502,121.216047,977,577.0,1,2214.34,6,1,158.4,2.03,21
ZA-2020-0353,2020-09-28,2020-10-19,2020,9,3,Zoning Certificate,Released,"Bautista, R.",Sico,Property Sale/Transfer,Agricultural (A),13.822016,121.198387,17283,,1,51080.7,15,1,165.0,2.84,21
ZA-2020-0354,2020-09-30,2020-10-09,2020,9,3,Locational Clearance,Released,"Tipan, S.",Lodlod,Poultry/Livestock Farm,Residential Medium Density (R-2),13.868809,121.209054,765,490.0,1,2177.12,7,1,154.0,2.22,21
ZA-2020-0355,2020-10-05,2020-10-12,2020,10,4,Locational Clearance,Released,"Castillo, J.",Santol,Medical Clinic,Institutional (Inst),13.859699,121.19285,1218,741.0,1,3935.24,5,1,139.6,2.44,23
ZA-2020-0356,2020-10-06,2020-11-02,2020,10,4,Development Permit,Released,"Garduque, H.",Bolbok,Resort/Tourism Facility,Institutional (Inst),13.852589,121.21171,466,165.0,1,2752.56,19,1,129.4,2.41,23
ZA-2020-0357,2020-10-07,2020-10-26,2020,10,4,Locational Clearance,Released,"Garduque, H.",Tulo,Residential House Construction,Commercial (C-1),13.879989,121.243043,787,518.0,2,2313.67,13,1,110.9,2.49,23
ZA-2020-0358,2020-10-07,2020-10-20,2020,10,4,Locational Clearance,Released,"Castillo, J.",Tulo,Medical Clinic,Residential Low Density (R-1),13.867039,121.20412,325,146.0,1,1078.59,9,1,119.1,2.46,23
ZA-2020-0359,2020-10-16,2020-10-26,2020,10,4,Zoning Certificate,Released,"Bautista, R.",Santol,Boundary Dispute Resolution,Residential Low Density (R-1),13.884949,121.171109,234,,1,921.26,6,1,150.1,2.75,23
ZA-2020-0360,2020-10-16,2020-12-23,2020,10,4,Development Permit,Released,"Garduque, H.",Lodlod,Memorial Park Development,Industrial (I-1),13.894539,121.249756,2825,1804.0,5,8682.57,48,1,115.4,2.7,23
ZA-2020-0361,2020-10-19,2020-11-03,2020,10,4,Locational Clearance,Released,"Garduque, H.",Poblacion Barangay I,Car Wash,Residential Low Density (R-1),13.888729,121.210005,583,265.0,1,2104.41,11,1,113.0,2.63,23
ZA-2020-0362,2020-10-20,2020-11-13,2020,10,4,Locational Clearance,Released,"Tipan, S.",Mataas na Lupa,School/Learning Center,Residential Medium Density (R-2),13.898125,121.221648,732,357.0,1,2748.42,18,1,127.3,2.52,23
ZA-2020-0363,2020-10-22,2020-11-17,2020,10,4,Locational Clearance,Released,"Tipan, S.",Iligan,Gasoline Station,Residential Medium Density (R-2),13.830457,121.223737,697,498.0,1,1801.83,18,1,138.0,2.89,23
ZA-2020-0364,2020-10-23,2020-10-30,2020,10,4,Locational Clearance,Released,"Garduque, H.",Lodlod,Gasoline Station,Residential Low Density (R-1),13.879617,121.188578,498,243.0,1,2049.55,5,1,106.9,2.21,23
ZA-2020-0365,2020-10-26,2020-10-29,2020,10,4,Zoning Certificate,Released,"Cruz, M.",Parang,Boundary Dispute Resolution,Commercial (C-1),13.880102,121.24176,664,,1,1618.52,3,1,124.9,2.51,23
ZA-2020-0366,2020-10-28,2020-11-18,2020,10,4,Locational Clearance,Released,"Castillo, J.",Pinagkawitan,Food Establishment,Commercial (C-1),13.828721,121.189883,463,233.0,2,1962.53,15,1,144.9,2.22,23
ZA-2020-0367,2020-10-29,2020-11-24,2020,10,4,Locational Clearance,Released,"Castillo, J.",Poblacion Barangay III,Car Wash,Residential Medium Density (R-2),13.831736,121.225226,408,333.0,1,1824.87,18,0,132.2,2.51,23
ZA-2020-0368,2020-11-04,2020-11-10,2020,11,4,Locational Clearance,Released,"Cruz, M.",Santol,School/Learning Center,Industrial (I-1),13.844965,121.234192,2992,2057.0,1,6237.99,4,1,73.1,2.5,21
ZA-2020-0369,2020-11-09,2020-11-20,2020,11,4,Zoning Certificate,Released,"Garduque, H.",Bolbok,Bank/Loan Requirement,Residential Medium Density (R-2),13.845034,121.238681,899,,1,3378.32,9,0,81.0,2.18,21
ZA-2020-0370,2020-11-10,2020-12-10,2020,11,4,Locational Clearance,Released,"Cruz, M.",Pinagtongulan,Poultry/Livestock Farm,Open Space (OS),13.824291,121.227397,752,339.0,2,2224.53,22,1,92.9,2.37,21
ZA-2020-0371,2020-11-10,2020-11-24,2020,11,4,Locational Clearance,Released,"Tipan, S.",Mabini,Mini-Grocery/Sari-Sari Store,Residential Medium Density (R-2),13.877631,121.210889,282,226.0,1,1223.98,10,1,62.1,3.09,21
ZA-2020-0372,2020-11-11,2020-12-02,2020,11,4,Locational Clearance,Released,"Tipan, S.",Plaridel,Subdivision Development,Residential Low Density (R-1),13.873681,121.225762,596,432.0,1,1511.54,15,0,88.1,2.31,21
ZA-2020-0373,2020-11-13,2020-11-24,2020,11,4,Zoning Certificate,Released,"Garduque, H.",Tambo,Business Permit Application,Residential Medium Density (R-2),13.823776,121.246913,370,,1,1129.32,7,0,91.0,2.84,21
ZA-2020-0374,2020-11-16,2020-11-26,2020,11,4,Locational Clearance,Released,"Garduque, H.",Lodlod,Place of Worship,Commercial (C-1),13.85145,121.18114,312,270.0,1,1313.27,8,0,75.4,2.32,21
ZA-2020-0375,2020-11-16,2021-01-04,2020,11,4,Development Permit,Released,"Garduque, H.",Mabini,Industrial Plant Expansion,Commercial (C-2),13.855253,121.240393,1070,550.0,1,3917.86,35,1,123.6,3.09,21
ZA-2020-0376,2020-11-17,2020-11-24,2020,11,4,Zoning Certificate,Released,"Bautista, R.",Sampaguita,Estate Settlement,Residential Medium Density (R-2),13.853212,121.203775,450,,1,1206.59,5,1,65.7,2.57,21
ZA-2020-0377,2020-11-19,2020-12-04,2020,11,4,Zoning Certificate,Released,"Tipan, S.",Sampaguita,Estate Settlement,Institutional (Inst),13.840532,121.230169,632,,1,2174.22,11,1,44.7,2.44,21
ZA-2020-0378,2020-11-20,2020-12-07,2020,11,4,Locational Clearance,Released,"Garduque, H.",Poblacion Barangay I,Subdivision Development,Residential Low Density (R-1),13.853496,121.187571,733,372.0,1,2943.67,11,1,82.2,2.6,21
ZA-2020-0379,2020-11-24,2020-12-08,2020,11,4,Locational Clearance,Released,"Castillo, J.",Bulacnin,Apartment/Boarding House,Commercial (C-1),13.860991,121.197907,531,455.0,3,1375.44,10,1,96.4,1.96,21
ZA-2020-0380,2020-11-25,2021-01-15,2020,11,4,Development Permit,Released,"Garduque, H.",Bolbok,Mixed-Use Development,Residential Low Density (R-1),13.824306,121.18519,368,118.0,1,2672.11,37,1,73.4,2.26,21
ZA-2020-0381,2020-11-26,2020-12-25,2020,11,4,Locational Clearance,Released,"Cruz, M.",Bolbok,Poultry/Livestock Farm,Commercial (C-2),13.888916,121.239283,872,494.0,1,1913.43,21,1,79.2,2.39,21
ZA-2020-0382,2020-11-27,2021-01-12,2020,11,4,Development Permit,Released,"Castillo, J.",Pinagtongulan,Eco-Tourism Site,Institutional (Inst),13.899371,121.238602,579,436.0,1,3007.3,32,1,79.3,2.23,21
ZA-2020-0383,2020-12-03,2020-12-16,2020,12,4,Locational Clearance,Released,"Bautista, R.",Lumbang,Apartment/Boarding House,Commercial (C-1),13.820048,121.194626,242,191.0,1,1256.57,9,0,28.3,2.17,20
ZA-2020-0384,2020-12-09,2021-02-02,2020,12,4,Development Permit,Released,"Castillo, J.",Kayumanggi,Commercial Complex Development,Industrial (I-1),13.892424,121.209437,1230,677.0,2,3937.78,39,0,29.2,2.31,20
ZA-2020-0385,2020-12-09,2021-01-07,2020,12,4,Development Permit,Released,"Tipan, S.",Mataas na Lupa,Memorial Park Development,Residential Low Density (R-1),13.8298,121.220793,291,143.0,1,1982.49,21,0,42.7,2.79,20
ZA-2020-0386,2020-12-14,2020-12-18,2020,12,4,Zoning Certificate,Released,"Garduque, H.",Lodlod,Estate Settlement,Residential Medium Density (R-2),13.821058,121.210942,661,,1,1688.07,4,0,37.5,2.46,20
ZA-2020-0387,2020-12-17,2020-12-22,2020,12,4,Zoning Certificate,Released,"Castillo, J.",Tulo,Estate Settlement,Residential Low Density (R-1),13.863564,121.18279,300,,1,806.1,3,1,26.6,2.55,20
ZA-2020-0388,2020-12-18,2020-12-24,2020,12,4,Locational Clearance,Released,"Castillo, J.",Bulacnin,School/Learning Center,Commercial (C-1),13.832462,121.213764,501,390.0,2,1334.35,4,1,36.7,2.18,20
ZA-2020-0389,2020-12-21,2020-12-28,2020,12,4,Zoning Certificate,Released,"Castillo, J.",Marawoy,Boundary Dispute Resolution,Commercial (C-1),13.896291,121.198186,383,,4,1578.57,5,0,48.4,2.36,20
ZA-2020-0390,2020-12-24,2021-01-06,2020,12,4,Locational Clearance,Released,"Tipan, S.",Santo Niño,Car Wash,Agricultural (A),13.882019,121.197407,6261,2287.0,1,21463.82,9,1,22.4,2.55,20
ZA-2020-0391,2020-12-29,2021-02-22,2020,12,4,Development Permit,Released,"Garduque, H.",Poblacion Barangay I,New Residential Subdivision,Residential Low Density (R-1),13.870852,121.198477,890,304.0,1,4488.2,39,1,44.5,2.07,20
ZA-2021-0392,2021-01-01,2021-02-02,2021,1,1,Locational Clearance,Released,"Tipan, S.",Poblacion Barangay II,Warehouse/Storage Facility,Institutional (Inst),13.843992,121.221424,395,150.0,4,1328.93,22,1,42.1,4.15,22
ZA-2021-0393,2021-01-01,2021-02-09,2021,1,1,Development Permit,Released,"Cruz, M.",Tulo,Mixed-Use Development,Commercial (C-1),13.834413,121.178789,850,359.0,1,4059.54,27,0,13.1,4.14,22
ZA-2021-0394,2021-01-01,2021-02-02,2021,1,1,Locational Clearance,Released,"Cruz, M.",Santol,Commercial Building Construction,Open Space (OS),13.850945,121.176446,283,94.0,2,1120.26,22,1,11.2,3.66,22
ZA-2021-0395,2021-01-04,2021-01-19,2021,1,1,Locational Clearance,Released,"Cruz, M.",Calumpang,Food Establishment,Residential Low Density (R-1),13.832936,121.247267,491,184.0,1,1991.66,11,0,27.9,3.66,22
ZA-2021-0396,2021-01-05,2021-01-13,2021,1,1,Zoning Certificate,Released,"Castillo, J.",Sico,Business Permit Application,Residential Medium Density (R-2),13.835637,121.183298,814,,1,2553.35,6,1,14.3,4.08,22
ZA-2021-0397,2021-01-05,2021-02-09,2021,1,1,Development Permit,Released,"Cruz, M.",Lodlod,Reclamation Project,Residential Medium Density (R-2),13.867794,121.240472,956,481.0,1,4733.47,25,1,0.0,3.84,22
ZA-2021-0398,2021-01-06,2021-01-25,2021,1,1,Locational Clearance,Released,"Castillo, J.",San Jose,Mini-Grocery/Sari-Sari Store,Commercial (C-1),13.855588,121.209124,573,318.0,3,1698.0,13,0,28.5,3.82,22
ZA-2021-0399,2021-01-06,2021-01-27,2021,1,1,Locational Clearance,Released,"Tipan, S.",Lumbang,Warehouse/Storage Facility,Residential Low Density (R-1),13.887878,121.19906,1050,826.0,1,3569.52,15,1,38.9,4.11,22
ZA-2021-0400,2021-01-07,2021-03-02,2021,1,1,Development Permit,Released,"Castillo, J.",Marawoy,Reclamation Project,Commercial (C-2),13.8739,121.206028,1302,699.0,1,5908.47,38,1,6.9,4.29,22
ZA-2021-0401,2021-01-12,2021-02-03,2021,1,1,Locational Clearance,Released,"Castillo, J.",Halang,Warehouse/Storage Facility,Industrial (I-1),13.843353,121.229889,1690,1267.0,1,4552.09,16,1,0.0,3.87,22
ZA-2021-0402,2021-01-14,2021-03-11,2021,1,1,Development Permit,Released,"Bautista, R.",Bolbok,Commercial Complex Development,Residential Medium Density (R-2),13.876582,121.190174,472,276.0,1,2731.18,40,1,2.5,3.86,22
ZA-2021-0403,2021-01-19,2021-02-16,2021,1,1,Development Permit,Released,"Castillo, J.",Tulo,Mixed-Use Development,Industrial (I-1),13.878249,121.21802,4343,3489.0,1,11382.93,20,1,31.3,4.13,22
ZA-2021-0404,2021-01-20,2021-02-10,2021,1,1,Locational Clearance,Released,"Cruz, M.",Lodlod,Car Wash,Agricultural (A),13.891792,121.17955,5095,2573.0,1,12022.16,15,1,33.1,3.74,22
ZA-2021-0405,2021-01-22,2021-02-26,2021,1,1,Locational Clearance,Released,"Castillo, J.",Pinagtongulan,Warehouse/Storage Facility,Residential Medium Density (R-2),13.889572,121.177051,216,126.0,1,896.23,25,1,26.1,4.03,22
ZA-2021-0406,2021-01-25,2021-02-02,2021,1,1,Locational Clearance,Released,"Bautista, R.",Talisay,Commercial Building Construction,Residential Low Density (R-1),13.870826,121.185719,428,171.0,1,1357.45,6,1,27.5,3.34,22
ZA-2021-0407,2021-01-26,2021-02-22,2021,1,1,Locational Clearance,Released,"Garduque, H.",Poblacion Barangay III,Car Wash,Commercial (C-1),13.894413,121.212207,605,340.0,1,1571.44,19,1,8.9,4.01,22
ZA-2021-0408,2021-01-28,2021-02-03,2021,1,1,Locational Clearance,Released,"Tipan, S.",Tambo,Car Wash,Residential Medium Density (R-2),13.850379,121.219376,576,368.0,1,2290.3,4,1,19.2,3.94,22
ZA-2021-0409,2021-01-29,2021-02-19,2021,1,1,Locational Clearance,Released,"Cruz, M.",Tambo,School/Learning Center,Residential Medium Density (R-2),13.859183,121.212293,261,183.0,1,962.56,15,1,21.6,3.28,22
ZA-2021-0410,2021-01-29,2021-02-11,2021,1,1,Locational Clearance,Released,"Bautista, R.",Latag,Subdivision Development,Institutional (Inst),13.872665,121.205017,650,267.0,1,1992.71,9,1,24.7,3.39,22
ZA-2021-0411,2021-01-29,2021-02-15,2021,1,1,Locational Clearance,Released,"Cruz, M.",Sampaguita,Subdivision Development,Commercial (C-2),13.878971,121.172937,1367,1167.0,3,3441.47,11,1,0.0,3.8,22
ZA-2021-0412,2021-02-08,2021-03-01,2021,2,1,Locational Clearance,Released,"Cruz, M.",Mataas na Lupa,Commercial Building Construction,Industrial (I-1),13.861441,121.219135,6780,4007.0,1,24192.91,15,0,20.5,3.42,20
ZA-2021-0413,2021-02-09,2021-02-24,2021,2,1,Locational Clearance,Released,"Tipan, S.",Bolbok,Place of Worship,Industrial (I-1),13.835597,121.210393,2038,741.0,4,4411.53,11,1,7.2,3.96,20
ZA-2021-0414,2021-02-10,2021-03-18,2021,2,1,Development Permit,Released,"Tipan, S.",Calumpang,Mixed-Use Development,Agricultural (A),13.823194,121.205926,4687,3780.0,1,11369.25,26,1,47.3,4.45,20
ZA-2021-0415,2021-02-18,2021-02-26,2021,2,1,Locational Clearance,Released,"Tipan, S.",Parang,Medical Clinic,Residential Low Density (R-1),13.881328,121.247302,266,97.0,1,938.35,6,1,46.0,4.14,20
ZA-2021-0416,2021-02-22,2021-02-24,2021,2,1,Zoning Certificate,Released,"Cruz, M.",Munting Pulo,Boundary Dispute Resolution,Residential Medium Density (R-2),13.880622,121.192553,758,,1,2837.02,2,1,29.8,3.83,20
ZA-2021-0417,2021-02-22,2021-02-25,2021,2,1,Zoning Certificate,Released,"Cruz, M.",Bulacnin,Business Permit Application,Residential Medium Density (R-2),13.863713,121.18998,487,,1,1608.88,3,1,36.0,3.78,20
ZA-2021-0418,2021-02-23,2021-03-31,2021,2,1,Zoning Certificate,Released,"Bautista, R.",Lodlod,Estate Settlement,Residential Low Density (R-1),13.897095,121.200159,699,,1,1581.04,26,1,10.9,3.95,20
ZA-2021-0419,2021-02-24,2021-04-14,2021,2,1,Development Permit,Released,"Bautista, R.",Sampaguita,Mixed-Use Development,Commercial (C-1),13.881308,121.202513,620,400.0,5,2963.76,35,1,26.9,4.15,20
ZA-2021-0420,2021-02-24,2021-03-22,2021,2,1,Locational Clearance,Released,"Cruz, M.",Plaridel,Place of Worship,Residential Low Density (R-1),13.892706,121.230832,558,211.0,1,1959.72,18,1,4.2,4.22,20
ZA-2021-0421,2021-02-25,2021-03-31,2021,2,1,Development Permit,Released,"Tipan, S.",Mataas na Lupa,Mixed-Use Development,Residential Low Density (R-1),13.823227,121.196094,656,383.0,1,3497.31,24,1,4.4,3.87,20
ZA-2021-0422,2021-03-02,2021-04-09,2021,3,1,Development Permit,Released,"Tipan, S.",Mataas na Lupa,New Residential Subdivision,Commercial (C-1),13.821681,121.172755,426,324.0,1,2493.41,28,1,47.7,3.83,22
ZA-2021-0423,2021-03-02,2021-03-10,2021,3,1,Zoning Certificate,Released,"Bautista, R.",Santol,Bank/Loan Requirement,Residential Low Density (R-1),13.830696,121.244832,757,,1,1907.7,6,0,11.5,4.33,22
ZA-2021-0424,2021-03-08,2021-03-26,2021,3,1,Locational Clearance,Released,"Tipan, S.",Pinagtongulan,Food Establishment,Residential Low Density (R-1),13.894352,121.186384,466,233.0,1,1289.98,14,0,37.7,4.14,22
ZA-2021-0425,2021-03-18,2021-04-22,2021,3,1,Development Permit,Released,"Castillo, J.",Calumpang,Memorial Park Development,Residential Medium Density (R-2),13.871422,121.227414,455,214.0,1,2919.77,25,0,27.1,3.97,22
ZA-2021-0426,2021-03-18,2021-04-21,2021,3,1,Locational Clearance,Released,"Garduque, H.",Sampaguita,Commercial Building Construction,Agricultural (A),13.837502,121.196098,4119,3385.0,4,12778.65,24,0,19.2,4.33,22
ZA-2021-0427,2021-03-19,2021-05-05,2021,3,1,Locational Clearance,Released,"Tipan, S.",Marawoy,Apartment/Boarding House,Commercial (C-1),13.843994,121.207945,287,214.0,5,1063.59,33,1,21.2,3.59,22
ZA-2021-0428,2021-03-22,2021-04-06,2021,3,1,Locational Clearance,Released,"Tipan, S.",Sampaguita,School/Learning Center,Residential Low Density (R-1),13.867825,121.223179,364,237.0,1,1333.98,11,1,53.5,3.7,22
ZA-2021-0429,2021-03-22,2021-04-05,2021,3,1,Development Permit,Released,"Tipan, S.",Pinagkawitan,Mixed-Use Development,Agricultural (A),13.823072,121.19946,5333,1623.0,1,11790.52,10,1,27.2,4.0,22
ZA-2021-0430,2021-03-25,2021-04-12,2021,3,1,Locational Clearance,Released,"Cruz, M.",Talisay,Commercial Building Construction,Commercial (C-2),13.889149,121.206551,1566,1144.0,1,5580.04,12,1,0.0,3.75,22
ZA-2021-0431,2021-03-26,2021-04-13,2021,3,1,Locational Clearance,Released,"Bautista, R.",Pinagkawitan,Commercial Building Construction,Residential Medium Density (R-2),13.83632,121.236117,336,212.0,1,1454.71,12,1,18.3,3.93,22
ZA-2021-0432,2021-03-31,2021-04-22,2021,3,1,Locational Clearance,Released,"Tipan, S.",Marawoy,Car Wash,Institutional (Inst),13.844392,121.185414,496,235.0,2,1826.31,16,0,22.1,3.68,22
ZA-2021-0433,2021-03-31,2021-05-05,2021,3,1,Locational Clearance,Released,"Bautista, R.",Poblacion Barangay III,Warehouse/Storage Facility,Agricultural (A),13.895194,121.197442,4484,1957.0,4,12518.63,25,1,27.9,3.99,22
ZA-2021-0434,2021-04-06,2021-05-14,2021,4,2,Development Permit,Released,"Castillo, J.",Lodlod,Memorial Park Development,Residential Medium Density (R-2),13.877637,121.192546,1220,1086.0,1,3776.63,28,1,33.5,3.57,21
ZA-2021-0435,2021-04-08,2021-07-09,2021,4,2,Development Permit,Released,"Cruz, M.",Parang,Industrial Plant Expansion,Commercial (C-1),13.880951,121.241464,256,81.0,1,1979.11,66,1,54.3,3.17,21
ZA-2021-0436,2021-04-08,2021-05-17,2021,4,2,Development Permit,Released,"Cruz, M.",Sampaguita,Industrial Plant Expansion,Commercial (C-2),13.869206,121.244153,422,351.0,1,2376.78,27,1,35.2,4.07,21
ZA-2021-0437,2021-04-09,2021-04-23,2021,4,2,Locational Clearance,Released,"Bautista, R.",Poblacion Barangay III,Residential House Construction,Agricultural (A),13.842604,121.192321,1728,1513.0,5,4766.81,10,0,36.7,3.71,21
ZA-2021-0438,2021-04-12,2021-04-14,2021,4,2,Locational Clearance,Released,"Tipan, S.",Poblacion Barangay I,Apartment/Boarding House,Residential Medium Density (R-2),13.844258,121.247325,631,287.0,1,1962.83,2,1,32.6,4.03,21
ZA-2021-0439,2021-04-15,2021-05-04,2021,4,2,Locational Clearance,Released,"Garduque, H.",Pinagkawitan,Subdivision Development,Commercial (C-2),13.827306,121.182916,1539,467.0,1,2903.49,13,0,35.7,4.07,21
ZA-2021-0440,2021-04-21,2021-05-28,2021,4,2,Development Permit,Released,"Cruz, M.",Lumbang,Resort/Tourism Facility,Residential Low Density (R-1),13.863058,121.212666,1247,923.0,1,4090.44,27,1,17.4,3.8,21
ZA-2021-0441,2021-04-21,2021-06-04,2021,4,2,Development Permit,Released,"Cruz, M.",Sico,Eco-Tourism Site,Commercial (C-1),13.861213,121.249223,1730,755.0,2,6076.59,32,1,11.4,4.31,21
ZA-2021-0442,2021-04-23,2021-05-17,2021,4,2,Locational Clearance,Released,"Castillo, J.",Mataas na Lupa,Apartment/Boarding House,Commercial (C-1),13.882542,121.208734,363,193.0,3,1364.93,16,1,40.3,4.31,21
ZA-2021-0443,2021-04-23,2021-05-06,2021,4,2,Locational Clearance,Released,"Garduque, H.",Santol,School/Learning Center,Residential Medium Density (R-2),13.840868,121.170727,843,373.0,1,2266.44,9,1,37.5,4.56,21
ZA-2021-0444,2021-04-28,2021-05-05,2021,4,2,Zoning Certificate,Released,"Tipan, S.",Mataas na Lupa,Property Sale/Transfer,Residential Medium Density (R-2),13.831156,121.215537,630,,1,2335.27,5,0,38.5,4.21,21
ZA-2021-0445,2021-04-29,2021-06-02,2021,4,2,Locational Clearance,Released,"Cruz, M.",Latag,Medical Clinic,Industrial (I-1),13.889365,121.18952,1962,697.0,2,6821.76,24,1,23.7,3.53,21
ZA-2021-0446,2021-04-30,2021-06-04,2021,4,2,Development Permit,Released,"Garduque, H.",Poblacion Barangay III,Industrial Plant Expansion,Residential Medium Density (R-2),13.878918,121.174133,192,118.0,1,2100.4,25,1,33.0,3.74,21
ZA-2021-0447,2021-05-03,2021-06-01,2021,5,2,Development Permit,Released,"Cruz, M.",Poblacion Barangay I,Memorial Park Development,Commercial (C-1),13.844758,121.247992,250,149.0,2,2036.83,21,1,100.2,3.26,22
ZA-2021-0448,2021-05-11,2021-06-25,2021,5,2,Development Permit,Released,"Garduque, H.",Lumbang,Commercial Complex Development,Residential Low Density (R-1),13.868586,121.177086,570,254.0,1,3452.56,33,1,113.1,3.96,22
ZA-2021-0449,2021-05-11,2021-07-07,2021,5,2,Development Permit,Released,"Garduque, H.",Lumbang,Industrial Plant Expansion,Agricultural (A),13.887505,121.206826,12155,5185.0,1,37026.51,41,1,113.4,3.8,22
ZA-2021-0450,2021-05-17,2021-05-19,2021,5,2,Zoning Certificate,Released,"Tipan, S.",San Jose,Building Permit Requirement,Industrial (I-1),13.830051,121.193178,2246,,1,6509.75,2,1,108.8,3.7,22
ZA-2021-0451,2021-05-20,2021-06-23,2021,5,2,Development Permit,Released,"Tipan, S.",Calumpang,Commercial Complex Development,Residential Medium Density (R-2),13.898117,121.246373,1124,484.0,1,4345.1,24,0,110.5,4.12,22
ZA-2021-0452,2021-05-24,2021-06-04,2021,5,2,Locational Clearance,Released,"Tipan, S.",Mataas na Lupa,Subdivision Development,Institutional (Inst),13.888666,121.237589,447,206.0,1,1172.71,9,0,140.9,3.59,22
ZA-2021-0453,2021-05-27,2021-07-08,2021,5,2,Development Permit,Released,"Bautista, R.",Santol,Eco-Tourism Site,Commercial (C-2),13.84635,121.22547,936,675.0,3,4393.51,30,1,108.6,4.21,22
ZA-2021-0454,2021-06-02,2021-06-29,2021,6,2,Locational Clearance,Released,"Tipan, S.",Tambo,Poultry/Livestock Farm,Institutional (Inst),13.898989,121.188013,366,208.0,1,1655.35,19,1,201.3,4.38,21
ZA-2021-0455,2021-06-02,2021-07-08,2021,6,2,Locational Clearance,Released,"Bautista, R.",Poblacion Barangay II,Subdivision Development,Commercial (C-1),13.866345,121.24112,609,283.0,4,2341.93,26,1,214.2,4.21,21
ZA-2021-0456,2021-06-04,2021-06-22,2021,6,2,Locational Clearance,Released,"Castillo, J.",Tambo,Subdivision Development,Commercial (C-1),13.834541,121.210331,355,156.0,1,1641.43,12,1,167.7,3.65,21
ZA-2021-0457,2021-06-08,2021-06-23,2021,6,2,Locational Clearance,Released,"Garduque, H.",Parang,Poultry/Livestock Farm,Residential Low Density (R-1),13.828497,121.23207,284,243.0,1,1427.06,11,1,193.9,4.1,21
ZA-2021-0458,2021-06-10,2021-06-22,2021,6,2,Locational Clearance,Released,"Bautista, R.",Lumbang,Commercial Building Construction,Agricultural (A),13.856669,121.212297,5910,4732.0,1,13760.19,8,1,186.5,3.8,21
ZA-2021-0459,2021-06-25,2021-06-30,2021,6,2,Zoning Certificate,Released,"Bautista, R.",Munting Pulo,Estate Settlement,Residential Low Density (R-1),13.830673,121.225331,463,,1,1666.77,3,1,177.5,4.03,21
ZA-2021-0460,2021-06-30,2021-09-07,2021,6,2,Development Permit,Released,"Castillo, J.",Calumpang,Commercial Complex Development,Residential Medium Density (R-2),13.88944,121.236255,513,298.0,1,2488.47,49,1,175.0,3.96,21
ZA-2021-0461,2021-07-02,2021-07-16,2021,7,3,Locational Clearance,Released,"Tipan, S.",Plaridel,School/Learning Center,Commercial (C-1),13.86883,121.236798,364,166.0,1,1552.39,10,0,200.6,4.0,23
ZA-2021-0462,2021-07-09,2021-09-14,2021,7,3,Development Permit,Released,"Tipan, S.",Parang,Industrial Plant Expansion,Open Space (OS),13.841084,121.19233,314,215.0,1,2211.57,47,0,226.2,4.18,23
ZA-2021-0463,2021-07-09,2021-09-16,2021,7,3,Development Permit,Released,"Bautista, R.",Marawoy,Reclamation Project,Residential Low Density (R-1),13.898599,121.242945,629,433.0,1,2616.01,49,1,201.9,3.88,23
ZA-2021-0464,2021-07-14,2021-08-20,2021,7,3,Development Permit,Released,"Castillo, J.",Iligan,Industrial Plant Expansion,Commercial (C-2),13.854152,121.207522,1690,1218.0,2,4063.64,27,1,213.0,4.08,23
ZA-2021-0465,2021-07-15,2021-08-24,2021,7,3,Development Permit,Released,"Garduque, H.",Santol,Resort/Tourism Facility,Residential Medium Density (R-2),13.872979,121.227226,562,191.0,1,3376.96,28,1,176.7,3.63,23
ZA-2021-0466,2021-07-19,2021-08-27,2021,7,3,Development Permit,Released,"Castillo, J.",Latag,Commercial Complex Development,Residential Medium Density (R-2),13.891267,121.205923,280,105.0,1,1998.41,29,1,211.6,3.66,23
ZA-2021-0467,2021-07-21,2021-08-03,2021,7,3,Locational Clearance,Released,"Bautista, R.",Mataas na Lupa,Mini-Grocery/Sari-Sari Store,Commercial (C-2),13.89017,121.189454,1063,747.0,3,2621.29,9,0,220.4,3.49,23
ZA-2021-0468,2021-07-26,2021-09-06,2021,7,3,Development Permit,Released,"Castillo, J.",Poblacion Barangay III,Memorial Park Development,Residential Low Density (R-1),13.827308,121.230532,551,199.0,1,3260.88,30,1,227.7,3.52,23
ZA-2021-0469,2021-07-27,2021-10-05,2021,7,3,Development Permit,Released,"Tipan, S.",Plaridel,Resort/Tourism Facility,Residential Medium Density (R-2),13.865822,121.23556,583,241.0,1,2719.1,50,1,214.4,3.55,23
ZA-2021-0470,2021-08-02,2021-08-26,2021,8,3,Locational Clearance,Released,"Tipan, S.",Lodlod,Subdivision Development,Agricultural (A),13.874018,121.186471,2209,1453.0,1,6020.66,18,1,216.0,3.64,22
ZA-2021-0471,2021-08-04,2021-10-06,2021,8,3,Development Permit,Released,"Bautista, R.",Bolbok,Reclamation Project,Commercial (C-1),13.834728,121.178452,415,157.0,1,2836.98,45,1,201.3,4.0,22
ZA-2021-0472,2021-08-10,2021-10-08,2021,8,3,Development Permit,Released,"Tipan, S.",San Jose,Industrial Plant Expansion,Residential Medium Density (R-2),13.879802,121.238068,936,628.0,1,4690.74,43,1,209.7,4.17,22
ZA-2021-0473,2021-08-12,2021-09-09,2021,8,3,Development Permit,Released,"Bautista, R.",Calumpang,New Residential Subdivision,Residential Low Density (R-1),13.838831,121.20955,249,122.0,1,1980.94,20,1,199.3,4.03,22
ZA-2021-0474,2021-08-16,2021-08-30,2021,8,3,Zoning Certificate,Released,"Bautista, R.",Munting Pulo,Boundary Dispute Resolution,Institutional (Inst),13.83863,121.182541,369,,2,1223.27,10,1,195.0,4.16,22
ZA-2021-0475,2021-08-16,2021-08-27,2021,8,3,Locational Clearance,Released,"Cruz, M.",Calumpang,School/Learning Center,Commercial (C-2),13.84338,121.193585,2145,1615.0,2,4372.5,9,0,167.1,4.16,22
ZA-2021-0476,2021-08-18,2021-09-02,2021,8,3,Locational Clearance,Released,"Garduque, H.",Latag,Medical Clinic,Residential Low Density (R-1),13.872525,121.242559,185,84.0,1,975.96,11,1,200.7,4.1,22
ZA-2021-0477,2021-08-24,2021-09-02,2021,8,3,Locational Clearance,Released,"Castillo, J.",Tambo,School/Learning Center,Commercial (C-1),13.831509,121.178373,476,336.0,1,1630.49,7,1,186.1,4.31,22
ZA-2021-0478,2021-09-02,2021-09-06,2021,9,3,Zoning Certificate,Released,"Tipan, S.",Lodlod,Property Sale/Transfer,Residential Low Density (R-1),13.893899,121.235718,413,,1,1015.3,2,1,168.1,4.3,21
ZA-2021-0479,2021-09-02,2021-11-12,2021,9,3,Development Permit,Released,"Castillo, J.",San Jose,Industrial Plant Expansion,Residential Low Density (R-1),13.823121,121.206445,262,163.0,1,1899.64,51,1,177.2,3.95,21
ZA-2021-0480,2021-09-09,2021-10-08,2021,9,3,Locational Clearance,Released,"Cruz, M.",Pinagtongulan,Food Establishment,Residential Low Density (R-1),13.874934,121.189489,790,632.0,1,2502.21,21,0,178.0,3.85,21
ZA-2021-0481,2021-09-10,2021-09-20,2021,9,3,Zoning Certificate,Released,"Bautista, R.",Mataas na Lupa,Bank/Loan Requirement,Residential Low Density (R-1),13.854411,121.205021,528,,1,1865.98,6,1,161.3,4.22,21
ZA-2021-0482,2021-09-10,2021-10-01,2021,9,3,Locational Clearance,Released,"Tipan, S.",Marawoy,Medical Clinic,Agricultural (A),13.84144,121.242977,3090,2663.0,1,5529.73,15,1,168.8,4.32,21
ZA-2021-0483,2021-09-15,2021-12-02,2021,9,3,Development Permit,Released,"Tipan, S.",Calumpang,Eco-Tourism Site,Commercial (C-1),13.838803,121.222182,750,341.0,2,2708.16,56,0,138.6,4.39,21
ZA-2021-0484,2021-09-16,2021-09-23,2021,9,3,Zoning Certificate,Released,"Castillo, J.",Kayumanggi,Business Permit Application,Residential Low Density (R-1),13.836915,121.191214,221,,1,1026.77,5,0,166.5,3.97,21
ZA-2021-0485,2021-09-16,2021-12-03,2021,9,3,Development Permit,Released,"Castillo, J.",Santol,New Residential Subdivision,Residential Low Density (R-1),13.897148,121.183098,512,435.0,1,3147.3,56,0,160.2,3.72,21
ZA-2021-0486,2021-09-22,2021-10-05,2021,9,3,Locational Clearance,Released,"Garduque, H.",Mataas na Lupa,Mini-Grocery/Sari-Sari Store,Residential Low Density (R-1),13.898511,121.220375,424,196.0,1,1287.76,9,1,177.5,3.54,21
ZA-2021-0487,2021-10-05,2021-10-11,2021,10,4,Zoning Certificate,Released,"Tipan, S.",Talisay,Estate Settlement,Residential Low Density (R-1),13.866461,121.244301,424,,1,1126.39,4,1,127.4,4.27,23
ZA-2021-0488,2021-10-13,2021-11-10,2021,10,4,Locational Clearance,Released,"Castillo, J.",Marawoy,Gasoline Station,Agricultural (A),13.870984,121.175656,4881,2770.0,2,8987.09,20,1,143.8,4.06,23
ZA-2021-0489,2021-10-19,2022-01-03,2021,10,4,Development Permit,Released,"Tipan, S.",Lodlod,New Residential Subdivision,Residential Low Density (R-1),13.867633,121.240928,166,149.0,1,1771.88,54,1,128.4,4.42,23
ZA-2021-0490,2021-10-25,2021-11-03,2021,10,4,Locational Clearance,Released,"Bautista, R.",Tulo,Gasoline Station,Residential Low Density (R-1),13.889883,121.188918,235,159.0,1,893.1,7,1,126.2,4.11,23
ZA-2021-0491,2021-10-28,2021-11-05,2021,10,4,Locational Clearance,Released,"Bautista, R.",Mabini,Car Wash,Residential Medium Density (R-2),13.889103,121.202542,324,159.0,1,1465.25,6,0,130.3,3.73,23
ZA-2021-0492,2021-10-29,2021-11-17,2021,10,4,Locational Clearance,Released,"Garduque, H.",Pinagtongulan,Medical Clinic,Residential Medium Density (R-2),13.820597,121.203815,606,185.0,1,2296.75,13,1,125.4,3.76,23
ZA-2021-0493,2021-11-01,2021-11-24,2021,11,4,Locational Clearance,Released,"Tipan, S.",Iligan,Residential House Construction,Industrial (I-1),13.838938,121.220242,7066,5224.0,1,18752.12,17,0,66.4,3.81,21
ZA-2021-0494,2021-11-01,2021-12-23,2021,11,4,Development Permit,Released,"Castillo, J.",Bolbok,Reclamation Project,Commercial (C-2),13.836341,121.220144,1773,807.0,3,5493.77,38,1,87.6,3.29,21
ZA-2021-0495,2021-11-01,2022-01-26,2021,11,4,Development Permit,Released,"Tipan, S.",Latag,Resort/Tourism Facility,Residential Medium Density (R-2),13.835385,121.207115,120,77.0,1,1798.09,62,1,69.1,3.98,21
ZA-2021-0496,2021-11-02,2021-11-18,2021,11,4,Locational Clearance,Released,"Castillo, J.",Santo Niño,Gasoline Station,Open Space (OS),13.83035,121.200066,452,227.0,1,1387.25,12,1,84.4,3.97,21
ZA-2021-0497,2021-11-03,2021-11-23,2021,11,4,Zoning Certificate,Released,"Castillo, J.",Mataas na Lupa,Building Permit Requirement,Residential Medium Density (R-2),13.852507,121.244127,330,,1,1178.31,14,1,70.8,3.71,21
ZA-2021-0498,2021-11-05,2021-11-15,2021,11,4,Locational Clearance,Released,"Cruz, M.",Munting Pulo,Commercial Building Construction,Commercial (C-1),13.897267,121.183983,1133,692.0,2,3185.17,6,1,89.4,3.52,21
ZA-2021-0499,2021-11-05,2021-11-19,2021,11,4,Zoning Certificate,Released,"Tipan, S.",Lumbang,Business Permit Application,Residential Low Density (R-1),13.891398,121.17629,710,,1,2360.03,10,1,86.0,3.55,21
ZA-2021-0500,2021-11-08,2022-01-25,2021,11,4,Development Permit,Released,"Castillo, J.",Lumbang,Resort/Tourism Facility,Residential Medium Density (R-2),13.83912,121.192503,332,296.0,1,2624.52,56,1,64.5,3.47,21
ZA-2021-0501,2021-11-10,2021-11-18,2021,11,4,Locational Clearance,Released,"Castillo, J.",Halang,Warehouse/Storage Facility,Industrial (I-1),13.886035,121.181729,2341,730.0,1,6193.57,6,1,56.3,4.03,21
ZA-2021-0502,2021-11-11,2021-11-30,2021,11,4,Locational Clearance,Released,"Tipan, S.",Sico,Poultry/Livestock Farm,Commercial (C-1),13.881579,121.234875,382,256.0,1,1275.47,13,1,68.0,4.07,21
ZA-2021-0503,2021-11-11,2021-11-29,2021,11,4,Locational Clearance,Released,"Cruz, M.",San Jose,Gasoline Station,Residential Low Density (R-1),13.826993,121.244919,462,251.0,1,1230.26,12,0,98.3,4.05,21
ZA-2021-0504,2021-11-18,2021-11-30,2021,11,4,Zoning Certificate,Released,"Garduque, H.",Calumpang,Estate Settlement,Residential Medium Density (R-2),13.896181,121.173989,648,,1,2527.05,8,1,66.7,3.94,21
ZA-2021-0505,2021-11-19,2021-12-15,2021,11,4,Locational Clearance,Released,"Garduque, H.",Mabini,Gasoline Station,Residential Low Density (R-1),13.821062,121.213361,273,176.0,1,926.47,18,0,76.7,3.88,21
ZA-2021-0506,2021-11-22,2021-12-08,2021,11,4,Locational Clearance,Released,"Garduque, H.",Santol,Apartment/Boarding House,Residential Medium Density (R-2),13.831951,121.221861,101,35.0,1,670.63,12,1,105.0,3.94,21
ZA-2021-0507,2021-11-22,2021-12-02,2021,11,4,Locational Clearance,Released,"Castillo, J.",Halang,Residential House Construction,Industrial (I-1),13.884295,121.235426,2809,1876.0,3,10233.56,8,0,75.5,3.9,21
ZA-2021-0508,2021-11-22,2021-12-03,2021,11,4,Locational Clearance,Released,"Castillo, J.",Mataas na Lupa,School/Learning Center,Industrial (I-1),13.827158,121.203439,3668,2102.0,2,7900.71,9,1,80.7,4.08,21
ZA-2021-0509,2021-11-22,2021-12-28,2021,11,4,Development Permit,Released,"Tipan, S.",Calumpang,Resort/Tourism Facility,Residential Low Density (R-1),13.883113,121.188695,409,154.0,1,2775.51,26,1,79.4,3.52,21
ZA-2021-0510,2021-11-23,2021-12-13,2021,11,4,Locational Clearance,Released,"Castillo, J.",Talisay,Food Establishment,Agricultural (A),13.832869,121.226028,7342,5346.0,1,18282.25,14,1,90.3,3.78,21
ZA-2021-0511,2021-11-26,2021-12-21,2021,11,4,Locational Clearance,Released,"Tipan, S.",Tambo,Place of Worship,Commercial (C-1),13.887856,121.209439,563,340.0,1,1775.45,17,1,75.3,3.57,21
ZA-2021-0512,2021-11-26,2021-12-10,2021,11,4,Locational Clearance,Released,"Bautista, R.",Kayumanggi,Gasoline Station,Residential Medium Density (R-2),13.865822,121.189067,101,82.0,1,741.59,10,1,92.5,3.88,21
ZA-2021-0513,2021-12-01,2021-12-16,2021,12,4,Locational Clearance,Released,"Bautista, R.",Poblacion Barangay III,Poultry/Livestock Farm,Commercial (C-1),13.833509,121.206854,1020,510.0,1,3830.87,11,1,34.0,4.05,20
ZA-2021-0514,2021-12-06,2021-12-16,2021,12,4,Locational Clearance,Released,"Tipan, S.",Munting Pulo,Warehouse/Storage Facility,Residential Low Density (R-1),13.840658,121.189477,186,117.0,1,853.2,8,1,9.3,4.37,20
ZA-2021-0515,2021-12-13,2021-12-24,2021,12,4,Zoning Certificate,Released,"Castillo, J.",Sampaguita,Boundary Dispute Resolution,Commercial (C-1),13.882069,121.197099,433,,5,1626.64,9,1,26.0,3.48,20
ZA-2021-0516,2021-12-14,2022-01-03,2021,12,4,Locational Clearance,Released,"Cruz, M.",Pinagtongulan,Food Establishment,Commercial (C-1),13.845538,121.242473,573,427.0,2,1804.58,14,1,36.3,3.85,20
ZA-2021-0517,2021-12-15,2022-01-07,2021,12,4,Locational Clearance,Released,"Bautista, R.",Lodlod,Residential House Construction,Residential Medium Density (R-2),13.876192,121.222712,449,268.0,1,1226.11,17,1,37.0,3.79,20
ZA-2021-0518,2021-12-16,2021-12-24,2021,12,4,Zoning Certificate,Released,"Garduque, H.",Sico,Boundary Dispute Resolution,Commercial (C-1),13.842774,121.200078,530,,5,1201.14,6,1,62.3,3.97,20
ZA-2021-0519,2021-12-23,2022-02-21,2021,12,4,Development Permit,Released,"Garduque, H.",Tambo,New Residential Subdivision,Residential Low Density (R-1),13.85731,121.198933,1097,380.0,1,4408.57,42,1,37.9,3.73,20
ZA-2021-0520,2021-12-23,2022-01-10,2021,12,4,Zoning Certificate,Released,"Garduque, H.",Tambo,Bank/Loan Requirement,Residential Medium Density (R-2),13.834988,121.172598,626,,1,1535.16,12,1,75.2,4.16,20
ZA-2021-0521,2021-12-30,2022-01-13,2021,12,4,Locational Clearance,Released,"Castillo, J.",Mataas na Lupa,Car Wash,Commercial (C-2),13.849785,121.190373,1603,612.0,2,4031.99,10,1,44.0,3.13,20
ZA-2022-0522,2022-01-05,2022-02-22,2022,1,1,Development Permit,Released,"Cruz, M.",Latag,Eco-Tourism Site,Residential Low Density (R-1),13.860955,121.212161,423,377.0,1,2395.96,34,0,10.2,5.43,22
ZA-2022-0523,2022-01-05,2022-02-01,2022,1,1,Locational Clearance,Released,"Garduque, H.",Lodlod,Car Wash,Residential Low Density (R-1),13.897609,121.171759,554,232.0,1,1353.08,19,1,0.0,5.98,22
ZA-2022-0524,2022-01-05,2022-02-02,2022,1,1,Locational Clearance,Released,"Garduque, H.",Poblacion Barangay III,Poultry/Livestock Farm,Residential Medium Density (R-2),13.875354,121.182468,670,320.0,1,1961.62,20,0,38.6,5.99,22
ZA-2022-0525,2022-01-05,2022-01-25,2022,1,1,Locational Clearance,Released,"Castillo, J.",Tulo,Food Establishment,Industrial (I-1),13.87202,121.177234,2352,1001.0,1,6787.41,14,0,11.7,5.5,22
ZA-2022-0526,2022-01-07,2022-01-14,2022,1,1,Zoning Certificate,Released,"Bautista, R.",Tulo,Boundary Dispute Resolution,Industrial (I-1),13.848057,121.231827,1282,,5,3180.89,5,1,8.1,5.67,22
ZA-2022-0527,2022-01-07,2022-01-11,2022,1,1,Zoning Certificate,Released,"Bautista, R.",Halang,Business Permit Application,Residential Medium Density (R-2),13.876578,121.185231,595,,1,1576.4,2,0,0.0,5.56,22
ZA-2022-0528,2022-01-07,2022-01-12,2022,1,1,Zoning Certificate,Released,"Tipan, S.",Parang,Estate Settlement,Commercial (C-2),13.851219,121.216285,983,,2,2116.98,3,0,22.6,5.83,22
ZA-2022-0529,2022-01-12,2022-01-18,2022,1,1,Zoning Certificate,Released,"Garduque, H.",Poblacion Barangay III,Business Permit Application,Commercial (C-2),13.872058,121.239346,1545,,2,5134.16,4,1,1.0,5.83,22
ZA-2022-0530,2022-01-12,2022-02-03,2022,1,1,Locational Clearance,Released,"Garduque, H.",Mabini,Warehouse/Storage Facility,Commercial (C-2),13.877609,121.176891,765,569.0,2,3099.15,16,0,39.2,5.41,22
ZA-2022-0531,2022-01-13,2022-01-28,2022,1,1,Zoning Certificate,Released,"Castillo, J.",Sico,Boundary Dispute Resolution,Residential Medium Density (R-2),13.886903,121.187237,459,,1,1155.65,11,1,0.0,5.8,22
ZA-2022-0532,2022-01-13,2022-01-27,2022,1,1,Locational Clearance,Released,"Cruz, M.",Poblacion Barangay III,Poultry/Livestock Farm,Industrial (I-1),13.89427,121.17525,5514,4901.0,1,14242.93,10,1,9.1,6.46,22
ZA-2022-0533,2022-01-14,2022-01-26,2022,1,1,Locational Clearance,Released,"Garduque, H.",Mataas na Lupa,Food Establishment,Residential Low Density (R-1),13.886149,121.215012,898,621.0,1,2989.59,8,1,0.0,6.04,22
ZA-2022-0534,2022-01-17,2022-01-26,2022,1,1,Zoning Certificate,Released,"Bautista, R.",San Jose,Estate Settlement,Industrial (I-1),13.897327,121.206177,4841,,1,10129.29,7,1,0.0,5.7,22
ZA-2022-0535,2022-01-17,2022-02-10,2022,1,1,Locational Clearance,Released,"Castillo, J.",Lumbang,Medical Clinic,Residential Low Density (R-1),13.826661,121.227965,294,256.0,1,1364.6,18,1,12.1,6.11,22
ZA-2022-0536,2022-01-18,2022-02-23,2022,1,1,Locational Clearance,Released,"Tipan, S.",Parang,Warehouse/Storage Facility,Residential Medium Density (R-2),13.850095,121.199387,349,197.0,1,1367.67,26,1,16.8,6.21,22
ZA-2022-0537,2022-01-21,2022-03-08,2022,1,1,Locational Clearance,Released,"Cruz, M.",Halang,Subdivision Development,Commercial (C-1),13.894673,121.227883,522,270.0,2,2000.4,32,1,22.4,6.36,22
ZA-2022-0538,2022-01-25,2022-02-11,2022,1,1,Locational Clearance,Released,"Bautista, R.",Tulo,Residential House Construction,Residential Low Density (R-1),13.826518,121.185467,801,254.0,1,1733.66,13,1,53.9,5.77,22
ZA-2022-0539,2022-01-27,2022-02-16,2022,1,1,Locational Clearance,Released,"Tipan, S.",Marawoy,Warehouse/Storage Facility,Residential Low Density (R-1),13.87958,121.183459,654,379.0,1,1691.46,14,1,44.7,5.75,22
ZA-2022-0540,2022-01-28,2022-02-23,2022,1,1,Locational Clearance,Released,"Cruz, M.",Calumpang,Food Establishment,Institutional (Inst),13.853417,121.175847,250,118.0,5,1321.61,18,0,0.0,6.28,22
ZA-2022-0541,2022-01-31,2022-03-08,2022,1,1,Development Permit,Released,"Cruz, M.",Sampaguita,Industrial Plant Expansion,Residential Medium Density (R-2),13.897474,121.213244,711,216.0,1,3831.73,26,0,18.3,6.0,22
ZA-2022-0542,2022-01-31,2022-02-16,2022,1,1,Locational Clearance,Released,"Tipan, S.",Latag,Poultry/Livestock Farm,Residential Low Density (R-1),13.856437,121.216572,478,337.0,1,1883.52,12,1,7.0,5.49,22
ZA-2022-0543,2022-02-01,2022-03-28,2022,2,1,Development Permit,Released,"Bautista, R.",Lumbang,Memorial Park Development,Commercial (C-2),13.892977,121.186748,920,554.0,1,2971.33,39,0,36.8,5.87,20
ZA-2022-0544,2022-02-08,2022-05-18,2022,2,1,Development Permit,Released,"Bautista, R.",Iligan,New Residential Subdivision,Agricultural (A),13.842381,121.215196,8441,5217.0,1,15640.84,71,0,11.7,5.75,20
ZA-2022-0545,2022-02-08,2022-02-21,2022,2,1,Zoning Certificate,Released,"Castillo, J.",Pinagtongulan,Bank/Loan Requirement,Commercial (C-1),13.859855,121.196362,328,,1,904.07,9,1,38.1,6.14,20
ZA-2022-0546,2022-02-10,2022-02-25,2022,2,1,Locational Clearance,Released,"Bautista, R.",Tulo,Commercial Building Construction,Residential Low Density (R-1),13.891088,121.196326,449,319.0,1,1878.32,11,0,26.3,5.84,20
ZA-2022-0547,2022-02-11,2022-02-28,2022,2,1,Locational Clearance,Released,"Cruz, M.",Lumbang,Commercial Building Construction,Agricultural (A),13.835933,121.203984,1493,1291.0,1,3847.37,11,1,15.6,6.02,20
ZA-2022-0548,2022-02-16,2022-03-08,2022,2,1,Locational Clearance,Released,"Tipan, S.",Bulacnin,Gasoline Station,Residential Low Density (R-1),13.840982,121.204886,445,337.0,1,1581.4,14,1,22.0,5.57,20
ZA-2022-0549,2022-02-18,2022-03-10,2022,2,1,Locational Clearance,Released,"Castillo, J.",Bulacnin,Warehouse/Storage Facility,Residential Low Density (R-1),13.881972,121.214972,769,503.0,1,1785.32,14,1,23.5,5.5,20
ZA-2022-0550,2022-02-22,2022-02-28,2022,2,1,Locational Clearance,Released,"Garduque, H.",Sico,Car Wash,Commercial (C-1),13.822599,121.217622,527,198.0,2,2176.7,4,1,25.3,5.95,20
ZA-2022-0551,2022-02-24,2022-04-13,2022,2,1,Development Permit,Released,"Cruz, M.",Poblacion Barangay I,Eco-Tourism Site,Residential Medium Density (R-2),13.854427,121.195624,503,297.0,1,3141.44,34,0,11.3,5.38,20
ZA-2022-0552,2022-02-24,2022-03-04,2022,2,1,Locational Clearance,Released,"Castillo, J.",Tulo,Place of Worship,Residential Low Density (R-1),13.841444,121.234917,1155,375.0,1,3392.35,6,0,9.5,5.82,20
ZA-2022-0553,2022-02-24,2022-03-09,2022,2,1,Zoning Certificate,Released,"Garduque, H.",San Jose,Boundary Dispute Resolution,Industrial (I-1),13.897516,121.227117,2130,,1,6720.62,9,1,39.9,5.81,20
ZA-2022-0554,2022-02-28,2022-03-09,2022,2,1,Locational Clearance,Released,"Garduque, H.",Latag,Medical Clinic,Open Space (OS),13.869806,121.170804,737,273.0,1,2229.55,7,1,23.2,5.79,20
ZA-2022-0555,2022-03-03,2022-03-10,2022,3,1,Zoning Certificate,Released,"Garduque, H.",Tambo,Estate Settlement,Residential Medium Density (R-2),13.868303,121.193914,244,,1,1073.04,5,1,35.8,5.39,22
ZA-2022-0556,2022-03-04,2022-03-18,2022,3,1,Locational Clearance,Released,"Castillo, J.",Talisay,Commercial Building Construction,Agricultural (A),13.882438,121.186094,3783,3328.0,1,9180.89,10,1,13.9,5.78,22
ZA-2022-0557,2022-03-09,2022-03-28,2022,3,1,Locational Clearance,Released,"Cruz, M.",Pinagkawitan,Residential House Construction,Residential Low Density (R-1),13.824187,121.232628,325,99.0,1,1369.42,13,1,29.5,5.92,22
ZA-2022-0558,2022-03-10,2022-05-06,2022,3,1,Development Permit,Released,"Cruz, M.",Iligan,Industrial Plant Expansion,Residential Low Density (R-1),13.832455,121.188053,618,374.0,1,3153.69,41,0,21.2,5.99,22
ZA-2022-0559,2022-03-10,2022-05-17,2022,3,1,Development Permit,Released,"Bautista, R.",Halang,Commercial Complex Development,Institutional (Inst),13.894095,121.170728,361,149.0,3,2676.96,48,0,21.9,5.76,22
ZA-2022-0560,2022-03-16,2022-03-29,2022,3,1,Zoning Certificate,Released,"Cruz, M.",Sampaguita,Building Permit Requirement,Residential Low Density (R-1),13.83508,121.234397,443,,1,1504.04,9,1,32.9,5.54,22
ZA-2022-0561,2022-03-16,2022-03-24,2022,3,1,Locational Clearance,Released,"Cruz, M.",Iligan,Car Wash,Residential Low Density (R-1),13.861746,121.216852,490,311.0,1,1902.2,6,1,28.1,5.54,22
ZA-2022-0562,2022-03-18,2022-03-30,2022,3,1,Locational Clearance,Released,"Garduque, H.",Marawoy,Place of Worship,Residential Medium Density (R-2),13.832387,121.198496,994,330.0,1,2088.99,8,1,11.1,5.96,22
ZA-2022-0563,2022-03-21,2022-04-26,2022,3,1,Locational Clearance,Released,"Bautista, R.",Mataas na Lupa,Residential House Construction,Residential Low Density (R-1),13.890501,121.17623,1213,645.0,1,4302.48,26,1,0.0,5.94,22
ZA-2022-0564,2022-03-21,2022-04-19,2022,3,1,Locational Clearance,Released,"Castillo, J.",Pinagtongulan,Place of Worship,Residential Low Density (R-1),13.879165,121.17693,552,255.0,1,2401.64,21,0,0.0,5.52,22
ZA-2022-0565,2022-03-22,2022-04-06,2022,3,1,Locational Clearance,Released,"Bautista, R.",Santol,Subdivision Development,Residential Medium Density (R-2),13.888352,121.22992,1171,682.0,1,2887.48,11,1,49.6,5.62,22
ZA-2022-0566,2022-03-23,2022-04-11,2022,3,1,Locational Clearance,Released,"Garduque, H.",Latag,Subdivision Development,Commercial (C-1),13.849282,121.234569,414,187.0,4,1458.14,13,1,39.6,5.49,22
ZA-2022-0567,2022-03-24,2022-04-19,2022,3,1,Locational Clearance,Released,"Cruz, M.",Mataas na Lupa,Residential House Construction,Commercial (C-1),13.881128,121.189825,508,192.0,3,1328.67,18,0,28.9,5.55,22
ZA-2022-0568,2022-03-24,2022-06-21,2022,3,1,Development Permit,Released,"Garduque, H.",Sico,New Residential Subdivision,Residential Medium Density (R-2),13.858806,121.213266,679,355.0,1,2780.27,63,1,28.2,5.67,22
ZA-2022-0569,2022-03-29,2022-04-08,2022,3,1,Zoning Certificate,Released,"Tipan, S.",Lodlod,Property Sale/Transfer,Agricultural (A),13.852961,121.181072,6308,,1,14308.49,8,1,42.4,5.89,22
ZA-2022-0570,2022-03-30,2022-04-22,2022,3,1,Locational Clearance,Released,"Tipan, S.",Pinagkawitan,Apartment/Boarding House,Residential Medium Density (R-2),13.855984,121.230508,1386,948.0,1,4340.36,17,1,24.0,5.79,22
ZA-2022-0571,2022-04-01,2022-04-14,2022,4,2,Locational Clearance,Released,"Cruz, M.",Mataas na Lupa,Subdivision Development,Residential Low Density (R-1),13.874857,121.238718,1021,854.0,1,2942.44,9,0,11.6,5.51,21
ZA-2022-0572,2022-04-04,2022-04-08,2022,4,2,Zoning Certificate,Released,"Bautista, R.",Poblacion Barangay I,Business Permit Application,Residential Medium Density (R-2),13.830798,121.193694,376,,1,986.96,4,1,12.8,5.31,21
ZA-2022-0573,2022-04-11,2022-04-27,2022,4,2,Zoning Certificate,Released,"Bautista, R.",Santo Niño,Property Sale/Transfer,Commercial (C-2),13.84656,121.229555,2463,,1,4239.08,12,0,23.3,6.13,21
ZA-2022-0574,2022-04-12,2022-04-14,2022,4,2,Zoning Certificate,Released,"Garduque, H.",Latag,Bank/Loan Requirement,Industrial (I-1),13.872435,121.188655,2267,,2,4920.52,2,1,45.9,5.68,21
ZA-2022-0575,2022-04-14,2022-05-09,2022,4,2,Locational Clearance,Released,"Castillo, J.",Sico,Medical Clinic,Residential Low Density (R-1),13.837422,121.224163,729,522.0,1,2284.73,17,0,3.8,5.88,21
ZA-2022-0576,2022-04-18,2022-04-26,2022,4,2,Locational Clearance,Released,"Garduque, H.",Talisay,Residential House Construction,Residential Low Density (R-1),13.865697,121.229632,971,723.0,1,2446.64,6,1,55.5,5.35,21
ZA-2022-0577,2022-04-21,2022-07-26,2022,4,2,Development Permit,Released,"Tipan, S.",Santo Niño,Memorial Park Development,Residential Medium Density (R-2),13.838566,121.226712,311,179.0,1,2523.49,68,1,43.4,5.89,21
ZA-2022-0578,2022-04-21,2022-04-26,2022,4,2,Zoning Certificate,Released,"Bautista, R.",Latag,Building Permit Requirement,Residential Medium Density (R-2),13.843296,121.231781,560,,1,1898.46,3,1,32.5,6.37,21
ZA-2022-0579,2022-04-22,2022-04-29,2022,4,2,Zoning Certificate,Released,"Cruz, M.",Halang,Property Sale/Transfer,Residential Medium Density (R-2),13.884581,121.206771,240,,1,1139.73,5,0,25.2,5.5,21
ZA-2022-0580,2022-04-25,2022-05-05,2022,4,2,Zoning Certificate,Released,"Cruz, M.",Poblacion Barangay I,Estate Settlement,Agricultural (A),13.895076,121.183687,3749,,2,8161.47,8,1,36.4,5.85,21
ZA-2022-0581,2022-04-28,2022-05-18,2022,4,2,Locational Clearance,Released,"Bautista, R.",Lumbang,School/Learning Center,Residential Low Density (R-1),13.899427,121.202632,304,248.0,1,1479.79,14,1,34.9,5.94,21
ZA-2022-0582,2022-05-02,2022-06-01,2022,5,2,Locational Clearance,Released,"Garduque, H.",Sampaguita,Gasoline Station,Commercial (C-2),13.842948,121.192436,545,263.0,1,2151.87,22,0,117.2,5.71,22
ZA-2022-0583,2022-05-04,2022-05-18,2022,5,2,Zoning Certificate,Released,"Tipan, S.",Talisay,Boundary Dispute Resolution,Industrial (I-1),13.838583,121.240504,2565,,2,7639.78,10,0,110.0,5.58,22
ZA-2022-0584,2022-05-06,2022-06-06,2022,5,2,Development Permit,Released,"Tipan, S.",Mabini,Memorial Park Development,Commercial (C-1),13.878944,121.206273,418,344.0,1,2742.91,21,1,126.4,5.72,22
ZA-2022-0585,2022-05-06,2022-07-15,2022,5,2,Development Permit,Released,"Bautista, R.",Tambo,Resort/Tourism Facility,Open Space (OS),13.884407,121.238046,164,99.0,2,1818.94,50,0,106.3,6.18,22
ZA-2022-0586,2022-05-09,2022-05-16,2022,5,2,Locational Clearance,Released,"Cruz, M.",San Jose,Food Establishment,Industrial (I-1),13.896929,121.195028,3291,1587.0,1,6555.35,5,1,106.4,5.82,22
ZA-2022-0587,2022-05-12,2022-06-23,2022,5,2,Development Permit,Released,"Tipan, S.",Mabini,Commercial Complex Development,Commercial (C-1),13.883975,121.229158,310,104.0,1,2125.36,30,1,115.1,5.25,22
ZA-2022-0588,2022-05-18,2022-06-16,2022,5,2,Development Permit,Released,"Castillo, J.",Kayumanggi,Reclamation Project,Industrial (I-1),13.88876,121.226783,1984,972.0,1,5362.17,21,0,119.0,6.57,22
ZA-2022-0589,2022-05-20,2022-06-01,2022,5,2,Zoning Certificate,Released,"Bautista, R.",Marawoy,Business Permit Application,Residential Medium Density (R-2),13.874087,121.2024,160,,1,727.38,8,1,111.6,6.05,22
ZA-2022-0590,2022-05-25,2022-06-08,2022,5,2,Locational Clearance,Released,"Cruz, M.",Bulacnin,School/Learning Center,Residential Low Density (R-1),13.897442,121.24318,498,420.0,1,1824.99,10,1,104.5,5.69,22
ZA-2022-0591,2022-05-26,2022-06-29,2022,5,2,Development Permit,Released,"Tipan, S.",Latag,Commercial Complex Development,Residential Medium Density (R-2),13.892673,121.232503,257,146.0,1,2157.84,24,1,122.4,5.38,22
ZA-2022-0592,2022-05-26,2022-06-08,2022,5,2,Locational Clearance,Released,"Garduque, H.",Iligan,Warehouse/Storage Facility,Agricultural (A),13.826217,121.212589,7958,6730.0,1,28149.14,9,0,123.0,5.54,22
ZA-2022-0593,2022-05-26,2022-06-06,2022,5,2,Zoning Certificate,Released,"Garduque, H.",Iligan,Business Permit Application,Open Space (OS),13.826633,121.2196,224,,3,854.44,7,1,101.2,6.07,22
ZA-2022-0594,2022-05-30,2022-07-05,2022,5,2,Development Permit,Released,"Castillo, J.",Sampaguita,New Residential Subdivision,Residential Low Density (R-1),13.881379,121.186471,402,225.0,1,2466.45,26,1,112.1,5.69,22
ZA-2022-0595,2022-06-02,2022-06-13,2022,6,2,Locational Clearance,Released,"Garduque, H.",Poblacion Barangay II,Medical Clinic,Industrial (I-1),13.892061,121.2444,1110,961.0,1,3860.12,7,1,179.1,5.75,21
ZA-2022-0596,2022-06-03,2022-06-15,2022,6,2,Locational Clearance,Released,"Tipan, S.",Sampaguita,Mini-Grocery/Sari-Sari Store,Commercial (C-1),13.823023,121.22147,148,124.0,1,863.31,8,1,158.4,6.01,21
ZA-2022-0597,2022-06-06,2022-06-17,2022,6,2,Locational Clearance,Released,"Castillo, J.",Santol,Food Establishment,Commercial (C-1),13.843349,121.183821,363,294.0,4,1593.97,9,1,196.3,5.73,21
ZA-2022-0598,2022-06-15,2022-07-25,2022,6,2,Locational Clearance,Released,"Garduque, H.",Bolbok,School/Learning Center,Residential Low Density (R-1),13.865271,121.219244,251,216.0,1,990.09,28,1,183.5,5.66,21
ZA-2022-0599,2022-06-16,2022-07-01,2022,6,2,Zoning Certificate,Released,"Cruz, M.",Halang,Building Permit Requirement,Residential Medium Density (R-2),13.827482,121.204169,962,,1,2875.6,11,1,155.3,5.72,21
ZA-2022-0600,2022-06-16,2022-07-22,2022,6,2,Locational Clearance,Released,"Tipan, S.",Mabini,Gasoline Station,Industrial (I-1),13.873841,121.173757,2963,1440.0,2,8478.59,26,0,207.7,5.91,21
ZA-2022-0601,2022-06-17,2022-06-30,2022,6,2,Locational Clearance,Released,"Tipan, S.",Iligan,Food Establishment,Agricultural (A),13.857902,121.205742,3928,3258.0,1,7872.27,9,0,194.3,5.16,21
ZA-2022-0602,2022-06-20,2022-07-05,2022,6,2,Zoning Certificate,Released,"Garduque, H.",Munting Pulo,Property Sale/Transfer,Agricultural (A),13.851978,121.246296,10002,,1,35004.53,11,1,164.4,6.09,21
ZA-2022-0603,2022-06-20,2022-06-28,2022,6,2,Locational Clearance,Released,"Castillo, J.",Plaridel,Warehouse/Storage Facility,Residential Low Density (R-1),13.824855,121.203067,996,580.0,1,2724.25,6,1,152.1,6.28,21
ZA-2022-0604,2022-06-23,2022-08-18,2022,6,2,Development Permit,Released,"Cruz, M.",Sampaguita,Memorial Park Development,Residential Low Density (R-1),13.862929,121.244786,700,534.0,1,3422.39,40,1,189.4,5.89,21
ZA-2022-0605,2022-06-28,2022-07-19,2022,6,2,Development Permit,Released,"Castillo, J.",Halang,New Residential Subdivision,Residential Low Density (R-1),13.895752,121.189257,360,210.0,1,2536.62,15,1,181.6,5.76,21
ZA-2022-0606,2022-06-29,2022-07-25,2022,6,2,Locational Clearance,Released,"Tipan, S.",Poblacion Barangay I,Gasoline Station,Residential Medium Density (R-2),13.869721,121.173104,527,369.0,1,2030.27,18,1,191.6,5.67,21
ZA-2022-0607,2022-07-01,2022-08-02,2022,7,3,Locational Clearance,Released,"Tipan, S.",Bolbok,Gasoline Station,Commercial (C-2),13.8393,121.186659,834,439.0,2,2856.02,22,1,221.3,5.62,23
ZA-2022-0608,2022-07-04,2022-07-15,2022,7,3,Locational Clearance,Released,"Castillo, J.",Iligan,Mini-Grocery/Sari-Sari Store,Commercial (C-1),13.826283,121.198512,321,193.0,2,1378.06,9,1,215.0,6.29,23
ZA-2022-0609,2022-07-04,2022-08-04,2022,7,3,Locational Clearance,Released,"Cruz, M.",Pinagtongulan,Poultry/Livestock Farm,Industrial (I-1),13.850678,121.182178,3755,2238.0,1,8107.58,23,0,191.5,6.09,23
ZA-2022-0610,2022-07-07,2022-08-15,2022,7,3,Locational Clearance,Released,"Bautista, R.",Santo Niño,Mini-Grocery/Sari-Sari Store,Residential Low Density (R-1),13.855891,121.213015,1147,651.0,1,2588.4,27,1,226.9,5.99,23
ZA-2022-0611,2022-07-08,2022-07-18,2022,7,3,Locational Clearance,Released,"Bautista, R.",Santo Niño,Subdivision Development,Agricultural (A),13.878362,121.171627,13151,5134.0,1,20561.83,6,1,209.0,5.36,23
ZA-2022-0612,2022-07-11,2022-08-09,2022,7,3,Locational Clearance,Released,"Tipan, S.",Poblacion Barangay II,School/Learning Center,Residential Low Density (R-1),13.82958,121.234212,512,439.0,1,1420.72,21,1,216.0,5.72,23
ZA-2022-0613,2022-07-12,2022-08-01,2022,7,3,Locational Clearance,Released,"Castillo, J.",Santol,Place of Worship,Commercial (C-1),13.822744,121.209805,1352,1037.0,4,4270.29,14,1,204.8,5.69,23
ZA-2022-0614,2022-07-18,2022-07-22,2022,7,3,Locational Clearance,Released,"Castillo, J.",Lumbang,Subdivision Development,Institutional (Inst),13.83461,121.215918,302,204.0,1,1058.52,4,1,222.6,6.41,23
ZA-2022-0615,2022-07-19,2022-08-18,2022,7,3,Locational Clearance,Released,"Bautista, R.",Talisay,School/Learning Center,Residential Low Density (R-1),13.871848,121.171469,324,246.0,1,1262.04,22,1,227.8,6.26,23
ZA-2022-0616,2022-07-25,2022-08-09,2022,7,3,Locational Clearance,Released,"Garduque, H.",Bulacnin,Residential House Construction,Agricultural (A),13.830168,121.198538,3527,1251.0,2,6993.29,11,0,227.4,5.9,23
ZA-2022-0617,2022-08-02,2022-08-25,2022,8,3,Locational Clearance,Released,"Castillo, J.",Poblacion Barangay III,Gasoline Station,Residential Medium Density (R-2),13.890519,121.203273,239,81.0,1,1036.61,17,1,201.3,5.87,22
ZA-2022-0618,2022-08-02,2022-08-16,2022,8,3,Locational Clearance,Released,"Bautista, R.",Munting Pulo,Subdivision Development,Residential Low Density (R-1),13.825266,121.225406,261,159.0,1,1327.74,10,0,207.9,5.85,22
ZA-2022-0619,2022-08-03,2022-09-01,2022,8,3,Development Permit,Released,"Castillo, J.",Parang,Industrial Plant Expansion,Residential Medium Density (R-2),13.825637,121.192251,517,428.0,1,2412.52,21,1,200.9,5.75,22
ZA-2022-0620,2022-08-03,2022-08-24,2022,8,3,Development Permit,Released,"Castillo, J.",Tulo,Industrial Plant Expansion,Open Space (OS),13.879083,121.239348,420,295.0,1,2626.23,15,1,217.3,6.13,22
ZA-2022-0621,2022-08-05,2022-09-13,2022,8,3,Development Permit,Released,"Bautista, R.",Kayumanggi,Mixed-Use Development,Commercial (C-1),13.880305,121.187525,587,269.0,2,3393.16,27,1,226.3,5.5,22
ZA-2022-0622,2022-08-11,2022-08-19,2022,8,3,Zoning Certificate,Released,"Tipan, S.",Iligan,Building Permit Requirement,Commercial (C-2),13.841628,121.235821,957,,1,2522.7,6,0,152.5,6.21,22
ZA-2022-0623,2022-08-15,2022-08-19,2022,8,3,Locational Clearance,Released,"Cruz, M.",Marawoy,Residential House Construction,Residential Low Density (R-1),13.875945,121.22689,721,532.0,1,2688.28,4,1,169.8,5.71,22
ZA-2022-0624,2022-08-17,2022-09-08,2022,8,3,Development Permit,Released,"Cruz, M.",San Jose,Reclamation Project,Commercial (C-1),13.827745,121.208085,467,389.0,2,2854.84,16,1,195.1,5.36,22
ZA-2022-0625,2022-08-18,2022-08-25,2022,8,3,Locational Clearance,Released,"Bautista, R.",Lodlod,Subdivision Development,Commercial (C-1),13.893778,121.217405,386,296.0,2,1574.16,5,1,195.6,5.08,22
ZA-2022-0626,2022-08-18,2022-10-03,2022,8,3,Locational Clearance,Released,"Castillo, J.",Poblacion Barangay III,Residential House Construction,Industrial (I-1),13.885019,121.213341,5377,3182.0,2,10253.1,32,0,200.4,5.65,22
ZA-2022-0627,2022-08-23,2022-08-29,2022,8,3,Zoning Certificate,Released,"Castillo, J.",Tulo,Bank/Loan Requirement,Agricultural (A),13.894719,121.184686,2777,,3,6246.3,4,1,186.5,5.35,22
ZA-2022-0628,2022-08-26,2022-09-08,2022,8,3,Locational Clearance,Released,"Cruz, M.",Plaridel,Poultry/Livestock Farm,Residential Low Density (R-1),13.860729,121.181796,923,530.0,1,3072.06,9,1,212.7,6.4,22
ZA-2022-0629,2022-08-30,2022-09-16,2022,8,3,Locational Clearance,Released,"Cruz, M.",Pinagkawitan,Subdivision Development,Residential Low Density (R-1),13.830525,121.194182,568,481.0,1,1861.04,13,1,193.4,5.98,22
ZA-2022-0630,2022-09-05,2022-09-12,2022,9,3,Zoning Certificate,Released,"Castillo, J.",Halang,Building Permit Requirement,Residential Medium Density (R-2),13.847084,121.207875,487,,1,1130.47,5,1,174.6,5.89,21
ZA-2022-0631,2022-09-05,2022-10-17,2022,9,3,Locational Clearance,Released,"Cruz, M.",Bolbok,Commercial Building Construction,Commercial (C-1),13.862555,121.192761,335,265.0,5,1429.65,30,1,161.9,5.7,21
ZA-2022-0632,2022-09-05,2022-09-13,2022,9,3,Zoning Certificate,Released,"Tipan, S.",Sampaguita,Estate Settlement,Commercial (C-1),13.893147,121.191223,461,,5,1326.5,6,0,155.7,5.99,21
ZA-2022-0633,2022-09-09,2022-09-28,2022,9,3,Locational Clearance,Released,"Cruz, M.",Pinagkawitan,Food Establishment,Residential Low Density (R-1),13.840503,121.185233,360,117.0,1,1592.54,13,1,153.3,5.44,21
ZA-2022-0634,2022-09-09,2022-10-21,2022,9,3,Development Permit,Released,"Castillo, J.",Mataas na Lupa,Eco-Tourism Site,Commercial (C-2),13.821875,121.204414,453,223.0,1,2776.47,30,1,154.3,6.01,21
ZA-2022-0635,2022-09-09,2022-09-23,2022,9,3,Locational Clearance,Released,"Bautista, R.",Sampaguita,Medical Clinic,Residential Medium Density (R-2),13.83124,121.219804,548,364.0,1,1922.27,10,1,160.3,5.36,21
ZA-2022-0636,2022-09-14,2022-10-05,2022,9,3,Locational Clearance,Released,"Garduque, H.",Kayumanggi,Subdivision Development,Residential Low Density (R-1),13.82624,121.17849,203,176.0,1,1138.17,15,1,141.3,5.79,21
ZA-2022-0637,2022-09-16,2022-10-28,2022,9,3,Development Permit,Released,"Garduque, H.",Lumbang,Resort/Tourism Facility,Residential Medium Density (R-2),13.841976,121.24102,158,108.0,1,1775.16,30,1,152.2,6.06,21
ZA-2022-0638,2022-09-19,2022-09-29,2022,9,3,Zoning Certificate,Released,"Bautista, R.",Tambo,Bank/Loan Requirement,Residential Low Density (R-1),13.825312,121.249148,500,,1,1157.77,8,1,161.6,5.7,21
ZA-2022-0639,2022-09-20,2022-10-06,2022,9,3,Locational Clearance,Released,"Cruz, M.",Tambo,School/Learning Center,Agricultural (A),13.876229,121.175441,7157,3203.0,1,24000.07,12,1,151.4,5.62,21
ZA-2022-0640,2022-09-20,2022-10-13,2022,9,3,Locational Clearance,Released,"Tipan, S.",Plaridel,Warehouse/Storage Facility,Commercial (C-1),13.895375,121.211479,333,214.0,1,1489.82,17,0,141.5,5.59,21
ZA-2022-0641,2022-09-23,2022-12-29,2022,9,3,Development Permit,Released,"Cruz, M.",Poblacion Barangay II,Eco-Tourism Site,Residential Medium Density (R-2),13.859146,121.211006,619,536.0,1,3395.48,69,0,155.1,5.29,21
ZA-2022-0642,2022-09-28,2022-10-05,2022,9,3,Zoning Certificate,Released,"Garduque, H.",Kayumanggi,Estate Settlement,Commercial (C-2),13.823376,121.209704,2299,,1,6771.79,5,1,141.2,5.85,21
ZA-2022-0643,2022-09-29,2022-11-29,2022,9,3,Development Permit,Released,"Cruz, M.",Munting Pulo,Mixed-Use Development,Residential Medium Density (R-2),13.858411,121.199857,596,341.0,1,3485.77,43,0,200.5,5.73,21
ZA-2022-0644,2022-09-29,2022-12-16,2022,9,3,Development Permit,Released,"Tipan, S.",Marawoy,Memorial Park Development,Residential Low Density (R-1),13.826296,121.212185,855,308.0,1,4158.7,56,1,183.4,5.29,21
ZA-2022-0645,2022-10-03,2022-10-13,2022,10,4,Locational Clearance,Released,"Bautista, R.",Santol,Apartment/Boarding House,Commercial (C-1),13.874995,121.196033,459,186.0,3,1691.39,8,1,121.0,5.3,23
ZA-2022-0646,2022-10-03,2022-10-19,2022,10,4,Locational Clearance,Released,"Garduque, H.",Poblacion Barangay I,School/Learning Center,Commercial (C-2),13.824929,121.183,1050,825.0,1,3385.75,12,1,134.7,6.0,23
ZA-2022-0647,2022-10-06,2022-11-15,2022,10,4,Locational Clearance,Released,"Garduque, H.",San Jose,Warehouse/Storage Facility,Residential Medium Density (R-2),13.873569,121.247653,690,374.0,1,2230.37,28,1,135.4,5.44,23
ZA-2022-0648,2022-10-07,2022-10-26,2022,10,4,Development Permit,Released,"Cruz, M.",Halang,Reclamation Project,Residential Medium Density (R-2),13.863472,121.194381,234,106.0,1,2075.81,13,1,116.6,5.99,23
ZA-2022-0649,2022-10-10,2022-12-29,2022,10,4,Development Permit,Released,"Tipan, S.",Parang,Memorial Park Development,Commercial (C-1),13.82805,121.194771,313,172.0,3,2296.73,58,1,148.7,6.17,23
ZA-2022-0650,2022-10-10,2022-10-14,2022,10,4,Locational Clearance,Released,"Garduque, H.",San Jose,Residential House Construction,Residential Low Density (R-1),13.89174,121.186857,417,174.0,1,1348.16,4,1,118.8,5.52,23
ZA-2022-0651,2022-10-11,2022-11-10,2022,10,4,Development Permit,Released,"Garduque, H.",San Jose,Memorial Park Development,Open Space (OS),13.847173,121.226636,583,201.0,3,3179.73,22,1,105.7,5.91,23
ZA-2022-0652,2022-10-12,2022-11-01,2022,10,4,Locational Clearance,Released,"Tipan, S.",Bulacnin,Food Establishment,Commercial (C-2),13.86832,121.239707,791,492.0,1,3059.73,14,1,109.1,5.66,23
ZA-2022-0653,2022-10-12,2022-11-03,2022,10,4,Development Permit,Released,"Garduque, H.",Santol,Mixed-Use Development,Agricultural (A),13.849876,121.200683,4511,2347.0,2,15455.53,16,1,136.8,6.1,23
ZA-2022-0654,2022-10-12,2022-12-20,2022,10,4,Development Permit,Released,"Tipan, S.",Bulacnin,Mixed-Use Development,Commercial (C-2),13.86102,121.20186,585,463.0,1,3299.59,49,0,161.4,5.79,23
ZA-2022-0655,2022-10-12,2022-11-16,2022,10,4,Development Permit,Released,"Bautista, R.",Bulacnin,New Residential Subdivision,Institutional (Inst),13.852292,121.224293,182,70.0,1,2089.26,25,1,137.6,5.77,23
ZA-2022-0656,2022-10-14,2022-10-25,2022,10,4,Zoning Certificate,Released,"Bautista, R.",Lodlod,Estate Settlement,Residential Medium Density (R-2),13.846948,121.215559,924,,1,3081.44,7,1,139.7,5.47,23
ZA-2022-0657,2022-10-18,2022-11-04,2022,10,4,Locational Clearance,Released,"Garduque, H.",Sico,Place of Worship,Commercial (C-1),13.89571,121.2032,922,346.0,1,2210.17,13,1,144.9,5.32,23
ZA-2022-0658,2022-10-20,2022-11-21,2022,10,4,Development Permit,Released,"Tipan, S.",Kayumanggi,Commercial Complex Development,Residential Low Density (R-1),13.882958,121.174511,559,443.0,1,2383.93,22,0,131.5,5.11,23
ZA-2022-0659,2022-10-20,2022-11-10,2022,10,4,Locational Clearance,Released,"Bautista, R.",Kayumanggi,Car Wash,Residential Low Density (R-1),13.863809,121.221239,1138,584.0,1,2219.85,15,1,124.8,5.74,23
ZA-2022-0660,2022-10-27,2022-11-10,2022,10,4,Locational Clearance,Released,"Bautista, R.",Bulacnin,Warehouse/Storage Facility,Institutional (Inst),13.883123,121.198078,426,256.0,2,1798.16,10,1,105.0,5.35,23
ZA-2022-0661,2022-10-27,2022-12-13,2022,10,4,Development Permit,Released,"Cruz, M.",Mabini,Eco-Tourism Site,Agricultural (A),13.840207,121.236372,5335,2135.0,2,10280.14,33,0,133.9,5.84,23
ZA-2022-0662,2022-10-31,2022-11-30,2022,10,4,Development Permit,Released,"Cruz, M.",Kayumanggi,Commercial Complex Development,Commercial (C-1),13.835091,121.210632,1173,679.0,1,4533.57,22,1,150.5,5.84,23
ZA-2022-0663,2022-10-31,2022-11-30,2022,10,4,Locational Clearance,Released,"Bautista, R.",Latag,School/Learning Center,Residential Medium Density (R-2),13.891528,121.24359,754,277.0,1,2130.25,22,1,128.4,5.69,23
ZA-2022-0664,2022-11-01,2022-11-18,2022,11,4,Locational Clearance,Released,"Tipan, S.",Poblacion Barangay III,Apartment/Boarding House,Institutional (Inst),13.866464,121.227151,275,206.0,5,1365.53,13,1,78.6,5.95,21
ZA-2022-0665,2022-11-02,2022-11-23,2022,11,4,Zoning Certificate,Released,"Tipan, S.",San Jose,Business Permit Application,Residential Low Density (R-1),13.862764,121.22401,299,,1,892.23,15,1,98.9,5.63,21
ZA-2022-0666,2022-11-04,2022-12-21,2022,11,4,Development Permit,Released,"Bautista, R.",Lodlod,New Residential Subdivision,Agricultural (A),13.891581,121.179405,3046,1265.0,1,10919.49,33,1,89.1,5.43,21
ZA-2022-0667,2022-11-07,2022-11-15,2022,11,4,Locational Clearance,Released,"Castillo, J.",Santol,Gasoline Station,Residential Low Density (R-1),13.835032,121.219984,574,484.0,1,2407.21,6,1,58.3,5.61,21
ZA-2022-0668,2022-11-07,2022-11-11,2022,11,4,Zoning Certificate,Released,"Tipan, S.",Talisay,Boundary Dispute Resolution,Residential Medium Density (R-2),13.839622,121.205873,308,,1,1061.87,4,1,92.1,5.55,21
ZA-2022-0669,2022-11-14,2022-12-05,2022,11,4,Locational Clearance,Released,"Castillo, J.",Marawoy,Apartment/Boarding House,Commercial (C-1),13.87525,121.211075,478,390.0,4,1377.03,15,1,86.9,5.89,21
ZA-2022-0670,2022-11-14,2022-11-21,2022,11,4,Zoning Certificate,Released,"Castillo, J.",Bolbok,Estate Settlement,Commercial (C-1),13.868258,121.196046,775,,1,2438.25,5,1,73.3,5.71,21
ZA-2022-0671,2022-11-15,2022-12-02,2022,11,4,Locational Clearance,Released,"Garduque, H.",Tambo,Commercial Building Construction,Commercial (C-2),13.855064,121.191015,879,276.0,2,3053.92,13,1,82.5,5.53,21
ZA-2022-0672,2022-11-17,2022-11-25,2022,11,4,Zoning Certificate,Released,"Garduque, H.",Sampaguita,Property Sale/Transfer,Industrial (I-1),13.825778,121.181796,1461,,1,4586.19,6,1,87.3,6.05,21
ZA-2022-0673,2022-11-18,2022-12-20,2022,11,4,Locational Clearance,Released,"Bautista, R.",Kayumanggi,Medical Clinic,Residential Low Density (R-1),13.869717,121.23223,794,465.0,1,2577.24,22,1,41.4,5.8,21
ZA-2022-0674,2022-11-21,2022-12-15,2022,11,4,Development Permit,Released,"Tipan, S.",Lumbang,Mixed-Use Development,Residential Low Density (R-1),13.881582,121.214908,758,542.0,1,3320.91,18,1,76.1,6.11,21
ZA-2022-0675,2022-11-29,2022-12-22,2022,11,4,Locational Clearance,Released,"Castillo, J.",Munting Pulo,School/Learning Center,Residential Medium Density (R-2),13.824275,121.245004,1846,1384.0,1,5243.61,17,1,109.8,5.98,21
ZA-2022-0676,2022-12-01,2023-01-16,2022,12,4,Development Permit,Released,"Castillo, J.",Sico,New Residential Subdivision,Commercial (C-1),13.844499,121.237027,313,238.0,1,2284.28,32,1,48.6,5.35,20
ZA-2022-0677,2022-12-02,2022-12-23,2022,12,4,Locational Clearance,Released,"Bautista, R.",Poblacion Barangay III,Commercial Building Construction,Commercial (C-2),13.842181,121.249735,1181,648.0,3,3305.29,15,1,51.1,6.18,20
ZA-2022-0678,2022-12-06,2022-12-21,2022,12,4,Locational Clearance,Released,"Cruz, M.",Pinagtongulan,Warehouse/Storage Facility,Commercial (C-1),13.86299,121.237263,395,126.0,1,1682.44,11,0,38.6,5.7,20
ZA-2022-0679,2022-12-07,2022-12-30,2022,12,4,Development Permit,Released,"Bautista, R.",Mabini,Industrial Plant Expansion,Agricultural (A),13.893785,121.204071,4080,1401.0,2,15079.62,17,1,40.5,5.89,20
ZA-2022-0680,2022-12-14,2023-02-02,2022,12,4,Development Permit,Released,"Cruz, M.",Mataas na Lupa,New Residential Subdivision,Commercial (C-2),13.894694,121.213391,1286,494.0,4,3792.61,36,1,22.8,5.83,20
ZA-2022-0681,2022-12-16,2022-12-28,2022,12,4,Locational Clearance,Released,"Cruz, M.",Munting Pulo,Apartment/Boarding House,Commercial (C-1),13.826296,121.2183,554,470.0,4,1668.6,8,1,47.6,5.58,20
ZA-2022-0682,2022-12-16,2023-01-06,2022,12,4,Development Permit,Released,"Tipan, S.",Mataas na Lupa,Resort/Tourism Facility,Agricultural (A),13.844211,121.22299,3996,2636.0,4,14298.86,15,1,47.2,5.54,20
ZA-2022-0683,2022-12-19,2022-12-28,2022,12,4,Locational Clearance,Released,"Garduque, H.",Poblacion Barangay III,Gasoline Station,Residential Low Density (R-1),13.890537,121.241346,444,199.0,1,1267.78,7,1,46.9,5.43,20
ZA-2022-0684,2022-12-22,2023-01-25,2022,12,4,Development Permit,Released,"Cruz, M.",Bulacnin,Eco-Tourism Site,Commercial (C-1),13.842603,121.200242,445,324.0,1,2765.3,24,1,44.5,5.64,20
ZA-2022-0685,2022-12-22,2023-01-09,2022,12,4,Locational Clearance,Released,"Bautista, R.",Poblacion Barangay II,Subdivision Development,Residential Low Density (R-1),13.822059,121.197284,1254,564.0,1,3276.7,12,1,40.4,5.81,20
ZA-2022-0686,2022-12-29,2023-03-09,2022,12,4,Development Permit,Released,"Garduque, H.",Mabini,Commercial Complex Development,Residential Low Density (R-1),13.89558,121.209137,120,38.0,1,1756.27,50,0,48.9,5.73,20
ZA-2023-0687,2023-01-02,2023-01-16,2023,1,1,Locational Clearance,Released,"Cruz, M.",Mabini,Place of Worship,Commercial (C-1),13.872181,121.22817,509,320.0,1,1840.57,10,1,10.7,5.82,22
ZA-2023-0688,2023-01-02,2023-02-09,2023,1,1,Development Permit,Released,"Bautista, R.",Kayumanggi,New Residential Subdivision,Institutional (Inst),13.840556,121.171673,344,125.0,1,2168.41,28,0,15.6,5.72,22
ZA-2023-0689,2023-01-06,2023-01-31,2023,1,1,Development Permit,Released,"Garduque, H.",Tambo,Reclamation Project,Residential Medium Density (R-2),13.865344,121.198354,516,233.0,1,2975.33,17,0,0.0,5.47,22
ZA-2023-0690,2023-01-06,2023-02-15,2023,1,1,Locational Clearance,Released,"Bautista, R.",Pinagkawitan,Food Establishment,Residential Medium Density (R-2),13.864856,121.177605,411,335.0,1,1516.79,28,1,12.3,5.6,22
ZA-2023-0691,2023-01-06,2023-01-23,2023,1,1,Locational Clearance,Released,"Garduque, H.",Calumpang,Gasoline Station,Commercial (C-1),13.875349,121.200646,583,230.0,4,1603.54,11,1,20.9,6.32,22
ZA-2023-0692,2023-01-09,2023-02-21,2023,1,1,Development Permit,Released,"Castillo, J.",Santol,Commercial Complex Development,Commercial (C-1),13.886573,121.209521,343,199.0,3,2447.8,31,1,34.2,5.68,22
ZA-2023-0693,2023-01-09,2023-03-15,2023,1,1,Development Permit,Released,"Castillo, J.",Sico,Resort/Tourism Facility,Commercial (C-1),13.838508,121.18091,352,210.0,2,2410.6,47,1,0.0,6.31,22
ZA-2023-0694,2023-01-17,2023-01-19,2023,1,1,Zoning Certificate,Released,"Bautista, R.",Sico,Bank/Loan Requirement,Residential Medium Density (R-2),13.82256,121.245214,262,,1,898.67,2,0,19.3,6.29,22
ZA-2023-0695,2023-01-19,2023-01-31,2023,1,1,Zoning Certificate,Released,"Garduque, H.",Tulo,Business Permit Application,Commercial (C-1),13.823581,121.174324,1377,,1,3771.17,8,1,50.4,5.44,22
ZA-2023-0696,2023-01-24,2023-02-15,2023,1,1,Locational Clearance,Released,"Cruz, M.",San Jose,Poultry/Livestock Farm,Commercial (C-1),13.83204,121.210286,383,205.0,2,1654.52,16,1,14.0,6.41,22
ZA-2023-0697,2023-01-26,2023-02-13,2023,1,1,Locational Clearance,Released,"Garduque, H.",Poblacion Barangay II,Car Wash,Residential Low Density (R-1),13.890794,121.216162,898,650.0,1,3168.71,12,1,7.1,5.74,22
ZA-2023-0698,2023-01-27,2023-03-01,2023,1,1,Locational Clearance,Released,"Tipan, S.",Lodlod,Medical Clinic,Residential Medium Density (R-2),13.863,121.173944,392,233.0,1,1269.69,23,1,6.7,6.11,22
ZA-2023-0699,2023-01-30,2023-02-08,2023,1,1,Locational Clearance,Released,"Cruz, M.",San Jose,Poultry/Livestock Farm,Residential Low Density (R-1),13.826367,121.245232,442,304.0,1,1965.43,7,1,27.9,5.87,22
ZA-2023-0700,2023-02-07,2023-03-01,2023,2,1,Locational Clearance,Released,"Castillo, J.",Pinagkawitan,Residential House Construction,Residential Medium Density (R-2),13.867738,121.196976,593,238.0,1,2552.48,16,1,13.5,5.89,20
ZA-2023-0701,2023-02-10,2023-03-02,2023,2,1,Locational Clearance,Released,"Bautista, R.",Plaridel,School/Learning Center,Commercial (C-2),13.87128,121.242101,3150,1624.0,3,6883.89,14,1,16.2,5.67,20
ZA-2023-0702,2023-02-13,2023-02-22,2023,2,1,Locational Clearance,Released,"Bautista, R.",Sampaguita,Mini-Grocery/Sari-Sari Store,Residential Low Density (R-1),13.896017,121.175061,585,431.0,1,2065.08,7,1,13.0,6.04,20
ZA-2023-0703,2023-02-15,2023-03-01,2023,2,1,Zoning Certificate,Released,"Garduque, H.",Lumbang,Building Permit Requirement,Residential Low Density (R-1),13.832025,121.173087,511,,1,1594.23,10,0,16.6,6.22,20
ZA-2023-0704,2023-02-20,2023-03-01,2023,2,1,Locational Clearance,Released,"Tipan, S.",Pinagtongulan,Medical Clinic,Agricultural (A),13.822624,121.203627,4651,3065.0,4,7537.87,7,1,6.4,6.13,20
ZA-2023-0705,2023-02-21,2023-03-07,2023,2,1,Zoning Certificate,Released,"Cruz, M.",Lodlod,Property Sale/Transfer,Residential Medium Density (R-2),13.880598,121.228536,502,,1,1699.05,10,0,8.2,6.19,20
ZA-2023-0706,2023-02-23,2023-03-06,2023,2,1,Locational Clearance,Released,"Castillo, J.",Mataas na Lupa,Car Wash,Residential Low Density (R-1),13.882716,121.206261,687,297.0,1,2438.86,7,0,29.6,6.13,20
ZA-2023-0707,2023-02-24,2023-03-21,2023,2,1,Locational Clearance,Released,"Tipan, S.",Halang,Subdivision Development,Residential Medium Density (R-2),13.841853,121.186762,272,126.0,1,1168.59,17,1,35.2,5.97,20
ZA-2023-0708,2023-02-24,2023-04-03,2023,2,1,Development Permit,Released,"Garduque, H.",Parang,New Residential Subdivision,Commercial (C-1),13.865478,121.199098,574,409.0,1,3019.36,26,0,9.8,6.26,20
ZA-2023-0709,2023-02-27,2023-03-15,2023,2,1,Locational Clearance,Released,"Garduque, H.",Bulacnin,Car Wash,Commercial (C-1),13.837699,121.224166,476,383.0,1,1459.86,12,1,19.7,6.46,20
ZA-2023-0710,2023-02-27,2023-04-14,2023,2,1,Locational Clearance,Released,"Castillo, J.",Poblacion Barangay III,Car Wash,Institutional (Inst),13.884108,121.20284,327,274.0,4,1466.6,34,0,14.6,5.58,20
ZA-2023-0711,2023-02-27,2023-03-09,2023,2,1,Zoning Certificate,Released,"Cruz, M.",Latag,Building Permit Requirement,Institutional (Inst),13.848278,121.221377,381,,5,1532.38,8,0,15.4,5.91,20
ZA-2023-0712,2023-03-01,2023-03-20,2023,3,1,Locational Clearance,Released,"Cruz, M.",Poblacion Barangay III,Warehouse/Storage Facility,Agricultural (A),13.897844,121.248379,4588,2123.0,3,9050.97,13,1,21.5,6.54,22
ZA-2023-0713,2023-03-07,2023-04-12,2023,3,1,Development Permit,Released,"Tipan, S.",Santol,Reclamation Project,Residential Low Density (R-1),13.830185,121.184054,572,182.0,1,3040.43,26,1,28.5,6.02,22
ZA-2023-0714,2023-03-08,2023-04-10,2023,3,1,Locational Clearance,Released,"Castillo, J.",Iligan,Commercial Building Construction,Residential Medium Density (R-2),13.864146,121.220542,397,199.0,1,1256.16,23,0,27.8,5.9,22
ZA-2023-0715,2023-03-09,2023-03-10,2023,3,1,Zoning Certificate,Released,"Cruz, M.",Parang,Bank/Loan Requirement,Commercial (C-1),13.853188,121.228618,365,,1,1194.88,1,1,41.6,6.15,22
ZA-2023-0716,2023-03-10,2023-04-05,2023,3,1,Development Permit,Released,"Castillo, J.",Talisay,Commercial Complex Development,Residential Low Density (R-1),13.845103,121.181348,673,438.0,1,3158.6,18,0,24.1,5.94,22
ZA-2023-0717,2023-03-10,2023-04-12,2023,3,1,Locational Clearance,Released,"Tipan, S.",Tambo,Residential House Construction,Commercial (C-1),13.89074,121.239014,862,750.0,2,2431.53,23,1,59.5,5.58,22
ZA-2023-0718,2023-03-13,2023-04-03,2023,3,1,Locational Clearance,Released,"Tipan, S.",Lodlod,Medical Clinic,Commercial (C-1),13.85526,121.216781,500,422.0,3,1631.24,15,1,20.3,5.96,22
ZA-2023-0719,2023-03-16,2023-05-29,2023,3,1,Development Permit,Released,"Tipan, S.",Sico,Commercial Complex Development,Commercial (C-2),13.881633,121.209969,1307,548.0,1,4707.75,52,1,13.4,6.52,22
ZA-2023-0720,2023-03-17,2023-03-28,2023,3,1,Locational Clearance,Released,"Cruz, M.",Mabini,Car Wash,Agricultural (A),13.843199,121.220312,8811,3924.0,1,17047.43,7,1,33.0,5.76,22
ZA-2023-0721,2023-03-17,2023-05-12,2023,3,1,Development Permit,Released,"Cruz, M.",Poblacion Barangay II,Commercial Complex Development,Industrial (I-1),13.849888,121.224517,2483,1905.0,1,8474.98,40,0,25.7,5.81,22
ZA-2023-0722,2023-03-20,2023-05-15,2023,3,1,Development Permit,Released,"Garduque, H.",Mataas na Lupa,Commercial Complex Development,Residential Medium Density (R-2),13.871588,121.199915,504,238.0,1,2685.48,40,1,35.4,5.93,22
ZA-2023-0723,2023-03-28,2023-04-28,2023,3,1,Development Permit,Released,"Cruz, M.",Poblacion Barangay I,Mixed-Use Development,Residential Low Density (R-1),13.895442,121.233606,279,173.0,1,2122.53,23,1,36.6,5.74,22
ZA-2023-0724,2023-03-29,2023-04-05,2023,3,1,Locational Clearance,Released,"Tipan, S.",Sico,Poultry/Livestock Farm,Commercial (C-2),13.85365,121.208475,622,479.0,2,2126.61,5,1,5.8,5.6,22
ZA-2023-0725,2023-03-29,2023-04-12,2023,3,1,Locational Clearance,Released,"Bautista, R.",Pinagtongulan,Gasoline Station,Commercial (C-1),13.884205,121.208911,527,296.0,2,2106.5,10,0,42.3,5.58,22
ZA-2023-0726,2023-03-31,2023-04-12,2023,3,1,Locational Clearance,Released,"Castillo, J.",Tulo,School/Learning Center,Residential Low Density (R-1),13.820543,121.182235,303,224.0,1,1407.68,8,1,16.5,5.86,22
ZA-2023-0727,2023-04-04,2023-04-25,2023,4,2,Locational Clearance,Released,"Garduque, H.",Kayumanggi,Commercial Building Construction,Commercial (C-2),13.836583,121.200224,445,367.0,2,1867.11,15,1,52.1,5.65,21
ZA-2023-0728,2023-04-10,2023-05-02,2023,4,2,Development Permit,Released,"Garduque, H.",San Jose,New Residential Subdivision,Commercial (C-1),13.894956,121.20018,671,228.0,1,3359.85,16,1,16.9,6.24,21
ZA-2023-0729,2023-04-12,2023-05-19,2023,4,2,Development Permit,Released,"Castillo, J.",Pinagtongulan,Mixed-Use Development,Industrial (I-1),13.864625,121.200357,1949,788.0,1,5287.96,27,1,77.9,6.09,21
ZA-2023-0730,2023-04-17,2023-04-26,2023,4,2,Locational Clearance,Released,"Cruz, M.",Munting Pulo,Mini-Grocery/Sari-Sari Store,Residential Low Density (R-1),13.82781,121.241824,279,206.0,1,1284.65,7,1,45.4,5.39,21
ZA-2023-0731,2023-04-17,2023-05-01,2023,4,2,Locational Clearance,Released,"Garduque, H.",Bulacnin,Medical Clinic,Institutional (Inst),13.85615,121.233756,316,207.0,2,1251.43,10,1,22.2,6.06,21
ZA-2023-0732,2023-04-17,2023-05-08,2023,4,2,Locational Clearance,Released,"Bautista, R.",Talisay,Apartment/Boarding House,Commercial (C-1),13.876814,121.224187,1225,950.0,1,4258.2,15,1,34.0,5.89,21
ZA-2023-0733,2023-04-24,2023-05-02,2023,4,2,Locational Clearance,Released,"Castillo, J.",Poblacion Barangay III,Warehouse/Storage Facility,Commercial (C-2),13.883824,121.243717,1792,770.0,1,5535.59,6,0,16.0,6.54,21
ZA-2023-0734,2023-04-24,2023-05-04,2023,4,2,Zoning Certificate,Released,"Bautista, R.",Lumbang,Building Permit Requirement,Residential Low Density (R-1),13.883483,121.176848,400,,1,1435.73,8,1,43.5,5.79,21
ZA-2023-0735,2023-04-24,2023-05-01,2023,4,2,Locational Clearance,Released,"Castillo, J.",Bolbok,Place of Worship,Residential Low Density (R-1),13.825572,121.217115,946,679.0,1,3658.08,5,1,60.4,6.04,21
ZA-2023-0736,2023-04-27,2023-05-18,2023,4,2,Locational Clearance,Released,"Bautista, R.",Poblacion Barangay I,Car Wash,Commercial (C-2),13.898082,121.239884,372,200.0,1,1664.74,15,1,48.4,5.48,21
ZA-2023-0737,2023-04-27,2023-05-29,2023,4,2,Locational Clearance,Released,"Cruz, M.",Pinagkawitan,Mini-Grocery/Sari-Sari Store,Institutional (Inst),13.897555,121.225457,446,139.0,1,1325.13,22,1,43.7,6.14,21
ZA-2023-0738,2023-04-28,2023-05-31,2023,4,2,Locational Clearance,Released,"Bautista, R.",Plaridel,Gasoline Station,Commercial (C-1),13.840723,121.226694,1064,337.0,4,3804.66,23,0,27.1,5.85,21
ZA-2023-0739,2023-05-01,2023-05-02,2023,5,2,Zoning Certificate,Released,"Bautista, R.",Tambo,Boundary Dispute Resolution,Agricultural (A),13.841654,121.172334,2857,,2,10105.54,1,1,96.7,6.47,22
ZA-2023-0740,2023-05-04,2023-06-13,2023,5,2,Development Permit,Released,"Tipan, S.",Sico,Reclamation Project,Industrial (I-1),13.830475,121.225698,4314,3227.0,2,15706.21,28,1,115.8,5.58,22
ZA-2023-0741,2023-05-08,2023-05-23,2023,5,2,Zoning Certificate,Released,"Tipan, S.",Lumbang,Property Sale/Transfer,Residential Medium Density (R-2),13.884246,121.204544,467,,1,1592.34,11,1,117.1,6.44,22
ZA-2023-0742,2023-05-09,2023-05-22,2023,5,2,Zoning Certificate,Released,"Tipan, S.",Lodlod,Business Permit Application,Commercial (C-1),13.885726,121.214359,487,,5,1533.58,9,0,118.0,5.6,22
ZA-2023-0743,2023-05-16,2023-05-29,2023,5,2,Locational Clearance,Released,"Castillo, J.",Lodlod,Gasoline Station,Agricultural (A),13.863872,121.185785,17780,14189.0,1,53796.91,9,0,102.7,5.71,22
ZA-2023-0744,2023-05-18,2023-06-05,2023,5,2,Locational Clearance,Released,"Bautista, R.",Kayumanggi,Subdivision Development,Commercial (C-1),13.838672,121.20627,356,141.0,1,1670.75,12,1,143.9,6.03,22
ZA-2023-0745,2023-05-22,2023-06-06,2023,5,2,Locational Clearance,Released,"Tipan, S.",San Jose,Poultry/Livestock Farm,Institutional (Inst),13.854963,121.201751,1008,676.0,2,2485.48,11,1,127.7,6.47,22
ZA-2023-0746,2023-05-23,2023-06-06,2023,5,2,Locational Clearance,Released,"Garduque, H.",Lodlod,Poultry/Livestock Farm,Residential Low Density (R-1),13.861194,121.183654,278,121.0,1,1382.0,10,1,133.7,6.13,22
ZA-2023-0747,2023-05-23,2023-05-29,2023,5,2,Locational Clearance,Released,"Tipan, S.",Halang,Commercial Building Construction,Industrial (I-1),13.827216,121.218481,2893,2561.0,2,9261.42,4,1,133.8,6.21,22
ZA-2023-0748,2023-05-31,2023-07-07,2023,5,2,Locational Clearance,Released,"Cruz, M.",Pinagtongulan,Food Establishment,Residential Low Density (R-1),13.859923,121.244523,707,403.0,1,2006.5,27,0,136.3,6.71,22
ZA-2023-0749,2023-05-31,2023-06-07,2023,5,2,Zoning Certificate,Released,"Tipan, S.",Poblacion Barangay II,Business Permit Application,Agricultural (A),13.860778,121.200397,2073,,1,6578.13,5,1,125.5,5.99,22
ZA-2023-0750,2023-06-08,2023-06-14,2023,6,2,Locational Clearance,Released,"Garduque, H.",Sico,Car Wash,Residential Medium Density (R-2),13.865655,121.230856,355,135.0,1,1070.95,4,0,188.5,5.66,21
ZA-2023-0751,2023-06-14,2023-07-18,2023,6,2,Development Permit,Released,"Cruz, M.",Poblacion Barangay I,New Residential Subdivision,Residential Medium Density (R-2),13.82935,121.248869,326,100.0,1,2215.43,24,1,173.6,5.88,21
ZA-2023-0752,2023-06-15,2023-06-19,2023,6,2,Zoning Certificate,Released,"Cruz, M.",Pinagkawitan,Property Sale/Transfer,Industrial (I-1),13.89692,121.18974,3609,,1,10688.22,2,0,179.0,5.99,21
ZA-2023-0753,2023-06-16,2023-07-27,2023,6,2,Locational Clearance,Released,"Bautista, R.",Poblacion Barangay II,Commercial Building Construction,Residential Low Density (R-1),13.853297,121.184373,284,131.0,1,1131.39,29,1,194.3,6.54,21
ZA-2023-0754,2023-06-20,2023-07-05,2023,6,2,Zoning Certificate,Released,"Bautista, R.",Lumbang,Bank/Loan Requirement,Residential Low Density (R-1),13.855324,121.245599,685,,1,1973.24,11,1,190.7,5.72,21
ZA-2023-0755,2023-06-20,2023-08-02,2023,6,2,Development Permit,Released,"Garduque, H.",Pinagtongulan,Mixed-Use Development,Residential Medium Density (R-2),13.841631,121.234283,622,310.0,1,2954.35,31,0,198.0,5.19,21
ZA-2023-0756,2023-06-22,2023-07-24,2023,6,2,Development Permit,Released,"Tipan, S.",Munting Pulo,Memorial Park Development,Residential Medium Density (R-2),13.876393,121.176816,344,195.0,1,2139.76,22,0,204.7,6.39,21
ZA-2023-0757,2023-06-27,2023-07-13,2023,6,2,Locational Clearance,Released,"Bautista, R.",Lodlod,Commercial Building Construction,Commercial (C-1),13.827319,121.21111,529,455.0,3,1881.05,12,1,175.2,5.84,21
ZA-2023-0758,2023-06-29,2023-07-10,2023,6,2,Zoning Certificate,Released,"Garduque, H.",Talisay,Estate Settlement,Residential Low Density (R-1),13.834867,121.248239,421,,1,1329.76,7,0,185.2,6.04,21
ZA-2023-0759,2023-06-29,2023-07-10,2023,6,2,Locational Clearance,Released,"Cruz, M.",Iligan,School/Learning Center,Residential Medium Density (R-2),13.897778,121.182269,381,211.0,1,1478.39,7,1,196.6,6.05,21
ZA-2023-0760,2023-07-04,2023-07-17,2023,7,3,Locational Clearance,Released,"Cruz, M.",Lumbang,Apartment/Boarding House,Residential Medium Density (R-2),13.845545,121.190176,319,220.0,1,1008.94,9,1,227.9,5.96,23
ZA-2023-0761,2023-07-06,2023-07-13,2023,7,3,Locational Clearance,Released,"Tipan, S.",Latag,Gasoline Station,Residential Low Density (R-1),13.8218,121.205529,162,64.0,1,1014.83,5,1,220.3,6.32,23
ZA-2023-0762,2023-07-10,2023-07-28,2023,7,3,Locational Clearance,Released,"Bautista, R.",Lumbang,Food Establishment,Commercial (C-2),13.863307,121.195912,1469,457.0,2,5441.26,14,0,225.7,5.98,23
ZA-2023-0763,2023-07-11,2023-08-07,2023,7,3,Locational Clearance,Released,"Cruz, M.",Halang,Food Establishment,Residential Low Density (R-1),13.861091,121.234244,1179,923.0,1,2737.64,19,1,189.3,5.53,23
ZA-2023-0764,2023-07-12,2023-08-15,2023,7,3,Development Permit,Released,"Bautista, R.",Kayumanggi,Memorial Park Development,Commercial (C-1),13.825367,121.217496,560,307.0,1,2911.7,24,1,219.2,6.15,23
ZA-2023-0765,2023-07-19,2023-09-08,2023,7,3,Development Permit,Released,"Cruz, M.",Calumpang,Mixed-Use Development,Residential Medium Density (R-2),13.891993,121.205853,739,437.0,1,3031.98,37,0,199.3,5.55,23
ZA-2023-0766,2023-07-25,2023-08-25,2023,7,3,Development Permit,Released,"Tipan, S.",Kayumanggi,Reclamation Project,Residential Low Density (R-1),13.874209,121.183826,231,107.0,1,2138.15,23,1,202.4,5.95,23
ZA-2023-0767,2023-07-26,2023-08-29,2023,7,3,Development Permit,Released,"Garduque, H.",Calumpang,Commercial Complex Development,Agricultural (A),13.857626,121.239886,8405,6985.0,1,19377.13,24,1,211.2,6.48,23
ZA-2023-0768,2023-07-28,2023-09-21,2023,7,3,Development Permit,Released,"Bautista, R.",Poblacion Barangay III,Mixed-Use Development,Commercial (C-2),13.879225,121.213427,1577,482.0,4,6328.69,39,0,178.1,6.12,23
ZA-2023-0769,2023-07-28,2023-08-08,2023,7,3,Zoning Certificate,Released,"Tipan, S.",Plaridel,Building Permit Requirement,Commercial (C-2),13.888899,121.182375,2577,,1,8568.11,7,1,176.7,5.65,23
ZA-2023-0770,2023-07-31,2023-08-24,2023,7,3,Locational Clearance,Released,"Castillo, J.",Lumbang,Place of Worship,Residential Low Density (R-1),13.892881,121.249453,285,195.0,1,1047.53,18,1,206.3,5.89,23
ZA-2023-0771,2023-08-03,2023-08-11,2023,8,3,Locational Clearance,Released,"Castillo, J.",Pinagtongulan,Apartment/Boarding House,Residential Low Density (R-1),13.842162,121.238987,495,400.0,1,1268.6,6,1,209.6,5.66,22
ZA-2023-0772,2023-08-17,2023-09-11,2023,8,3,Locational Clearance,Released,"Bautista, R.",Calumpang,Commercial Building Construction,Industrial (I-1),13.884718,121.234029,1721,552.0,2,3371.7,17,1,228.7,5.73,22
ZA-2023-0773,2023-08-18,2023-08-29,2023,8,3,Zoning Certificate,Released,"Bautista, R.",Lodlod,Bank/Loan Requirement,Residential Medium Density (R-2),13.841203,121.212895,884,,1,2409.51,7,1,163.9,5.47,22
ZA-2023-0774,2023-08-21,2023-09-01,2023,8,3,Locational Clearance,Released,"Castillo, J.",Kayumanggi,Residential House Construction,Commercial (C-1),13.838222,121.216709,561,240.0,2,2306.83,9,1,182.4,5.37,22
ZA-2023-0775,2023-08-22,2023-09-08,2023,8,3,Locational Clearance,Released,"Bautista, R.",Tulo,Apartment/Boarding House,Residential Medium Density (R-2),13.852967,121.172849,242,95.0,1,1128.5,13,1,239.7,5.97,22
ZA-2023-0776,2023-08-23,2023-09-14,2023,8,3,Locational Clearance,Released,"Cruz, M.",Poblacion Barangay I,Warehouse/Storage Facility,Institutional (Inst),13.895774,121.180875,1192,485.0,2,3792.42,16,0,172.6,6.0,22
ZA-2023-0777,2023-08-23,2023-09-29,2023,8,3,Development Permit,Released,"Bautista, R.",Plaridel,Memorial Park Development,Commercial (C-1),13.831507,121.170739,452,175.0,1,2383.32,27,1,187.7,6.14,22
ZA-2023-0778,2023-08-25,2023-09-25,2023,8,3,Locational Clearance,Released,"Garduque, H.",Parang,Gasoline Station,Residential Medium Density (R-2),13.837836,121.185045,218,142.0,1,959.36,21,1,223.1,5.74,22
ZA-2023-0779,2023-08-25,2023-09-15,2023,8,3,Locational Clearance,Released,"Bautista, R.",Tulo,Warehouse/Storage Facility,Industrial (I-1),13.865872,121.244232,10103,8868.0,1,26466.71,15,1,187.3,6.29,22
ZA-2023-0780,2023-09-01,2023-10-04,2023,9,3,Development Permit,Released,"Bautista, R.",Sico,Eco-Tourism Site,Residential Medium Density (R-2),13.825424,121.227886,332,200.0,1,2004.06,23,1,150.7,6.27,21
ZA-2023-0781,2023-09-04,2023-10-13,2023,9,3,Locational Clearance,Released,"Castillo, J.",Lodlod,Medical Clinic,Residential Low Density (R-1),13.87532,121.240668,326,272.0,1,1346.43,29,1,130.2,5.99,21
ZA-2023-0782,2023-09-06,2023-10-02,2023,9,3,Locational Clearance,Released,"Garduque, H.",Parang,Mini-Grocery/Sari-Sari Store,Agricultural (A),13.852305,121.18718,3069,1636.0,1,9627.93,18,1,139.8,5.73,21
ZA-2023-0783,2023-09-07,2023-09-19,2023,9,3,Locational Clearance,Released,"Tipan, S.",Lumbang,Commercial Building Construction,Residential Medium Density (R-2),13.898566,121.201287,649,293.0,1,2285.17,8,0,185.4,6.46,21
ZA-2023-0784,2023-09-14,2023-09-20,2023,9,3,Locational Clearance,Released,"Bautista, R.",Poblacion Barangay III,Medical Clinic,Industrial (I-1),13.831964,121.178307,1339,445.0,1,4498.06,4,1,141.3,6.13,21
ZA-2023-0785,2023-09-22,2023-10-30,2023,9,3,Development Permit,Released,"Garduque, H.",Tulo,Commercial Complex Development,Residential Medium Density (R-2),13.846205,121.186791,346,303.0,1,2113.54,26,0,154.0,6.0,21
ZA-2023-0786,2023-09-27,2023-11-10,2023,9,3,Locational Clearance,Released,"Cruz, M.",Pinagkawitan,Gasoline Station,Residential Medium Density (R-2),13.883357,121.180174,566,475.0,1,1905.94,32,0,142.5,5.89,21
ZA-2023-0787,2023-10-04,2023-10-13,2023,10,4,Locational Clearance,Released,"Garduque, H.",Poblacion Barangay I,Residential House Construction,Residential Low Density (R-1),13.83011,121.247895,321,203.0,1,1605.74,7,0,141.0,5.78,23
ZA-2023-0788,2023-10-05,2023-10-19,2023,10,4,Locational Clearance,Released,"Castillo, J.",Pinagkawitan,Place of Worship,Residential Low Density (R-1),13.865315,121.207741,314,256.0,1,1117.2,10,1,156.3,5.99,23
ZA-2023-0789,2023-10-05,2023-10-18,2023,10,4,Locational Clearance,Released,"Bautista, R.",Marawoy,Mini-Grocery/Sari-Sari Store,Residential Medium Density (R-2),13.877331,121.204983,560,469.0,1,2220.01,9,1,114.5,5.92,23
ZA-2023-0790,2023-10-10,2023-10-26,2023,10,4,Locational Clearance,Released,"Castillo, J.",Santo Niño,Medical Clinic,Residential Medium Density (R-2),13.858463,121.249361,287,168.0,1,1120.06,12,1,143.2,6.14,23
ZA-2023-0791,2023-10-16,2023-10-20,2023,10,4,Zoning Certificate,Released,"Tipan, S.",Bulacnin,Business Permit Application,Institutional (Inst),13.836246,121.202156,1016,,1,2779.34,4,1,123.6,6.29,23
ZA-2023-0792,2023-10-17,2023-11-14,2023,10,4,Locational Clearance,Released,"Castillo, J.",Tambo,Mini-Grocery/Sari-Sari Store,Agricultural (A),13.847381,121.17671,10721,6987.0,1,33052.08,20,1,145.1,5.6,23
ZA-2023-0793,2023-10-17,2023-10-24,2023,10,4,Locational Clearance,Released,"Castillo, J.",Pinagkawitan,Poultry/Livestock Farm,Industrial (I-1),13.877633,121.210923,1791,819.0,1,5820.43,5,1,170.0,6.03,23
ZA-2023-0794,2023-10-18,2023-11-07,2023,10,4,Locational Clearance,Released,"Tipan, S.",Latag,Subdivision Development,Commercial (C-1),13.878596,121.244649,861,383.0,2,2328.95,14,1,118.7,6.58,23
ZA-2023-0795,2023-10-18,2023-11-03,2023,10,4,Locational Clearance,Released,"Cruz, M.",Bulacnin,Place of Worship,Commercial (C-1),13.837142,121.175159,388,277.0,2,1278.57,12,1,158.7,6.35,23
ZA-2023-0796,2023-10-20,2023-12-06,2023,10,4,Development Permit,Released,"Castillo, J.",Bulacnin,Resort/Tourism Facility,Residential Low Density (R-1),13.875618,121.20344,967,790.0,1,3406.86,33,1,159.1,6.26,23
ZA-2023-0797,2023-10-24,2023-11-08,2023,10,4,Locational Clearance,Released,"Cruz, M.",Talisay,Gasoline Station,Residential Low Density (R-1),13.893972,121.179,683,260.0,1,1687.94,11,1,125.8,5.8,23
ZA-2023-0798,2023-10-25,2023-11-30,2023,10,4,Development Permit,Released,"Cruz, M.",Bulacnin,Eco-Tourism Site,Residential Low Density (R-1),13.845572,121.234835,263,171.0,1,1976.03,26,1,146.7,6.28,23
ZA-2023-0799,2023-10-25,2024-01-03,2023,10,4,Development Permit,Released,"Cruz, M.",Pinagtongulan,Commercial Complex Development,Residential Low Density (R-1),13.898438,121.209508,288,104.0,1,2126.93,50,1,141.8,5.47,23
ZA-2023-0800,2023-10-26,2023-11-02,2023,10,4,Zoning Certificate,Released,"Bautista, R.",Bulacnin,Property Sale/Transfer,Commercial (C-2),13.868538,121.220143,1460,,2,4537.88,5,0,150.2,6.43,23
ZA-2023-0801,2023-10-26,2023-12-12,2023,10,4,Development Permit,Released,"Cruz, M.",Lodlod,Reclamation Project,Residential Low Density (R-1),13.837251,121.176704,570,421.0,1,3253.96,33,0,163.7,5.18,23
ZA-2023-0802,2023-10-31,2024-01-11,2023,10,4,Development Permit,Released,"Castillo, J.",Pinagkawitan,Resort/Tourism Facility,Industrial (I-1),13.869217,121.236243,2679,1721.0,2,7437.56,52,1,134.7,5.66,23
ZA-2023-0803,2023-11-01,2023-11-21,2023,11,4,Locational Clearance,Released,"Tipan, S.",Pinagtongulan,Place of Worship,Agricultural (A),13.838194,121.183706,2455,918.0,2,6847.32,14,1,90.7,6.48,21
ZA-2023-0804,2023-11-02,2023-11-22,2023,11,4,Locational Clearance,Released,"Bautista, R.",Poblacion Barangay I,Food Establishment,Commercial (C-1),13.856989,121.201205,348,291.0,2,1213.63,14,1,86.5,5.88,21
ZA-2023-0805,2023-11-02,2023-11-06,2023,11,4,Zoning Certificate,Released,"Castillo, J.",Poblacion Barangay I,Bank/Loan Requirement,Agricultural (A),13.820426,121.215186,6480,,2,15844.02,2,0,55.9,5.65,21
ZA-2023-0806,2023-11-08,2024-01-01,2023,11,4,Development Permit,Released,"Cruz, M.",Pinagkawitan,New Residential Subdivision,Commercial (C-1),13.86156,121.206043,799,532.0,1,2994.98,38,1,75.4,5.92,21
ZA-2023-0807,2023-11-09,2023-12-19,2023,11,4,Locational Clearance,Released,"Garduque, H.",Sico,Car Wash,Agricultural (A),13.829316,121.217718,8870,6579.0,1,14928.68,28,1,69.2,5.94,21
ZA-2023-0808,2023-11-09,2023-11-10,2023,11,4,Zoning Certificate,Released,"Tipan, S.",Latag,Boundary Dispute Resolution,Industrial (I-1),13.871502,121.196625,6653,,3,12330.37,1,1,86.0,6.38,21
ZA-2023-0809,2023-11-10,2023-12-26,2023,11,4,Locational Clearance,Released,"Castillo, J.",Marawoy,Commercial Building Construction,Residential Medium Density (R-2),13.895409,121.235439,735,226.0,1,2371.6,32,0,52.3,6.16,21
ZA-2023-0810,2023-11-13,2023-11-21,2023,11,4,Locational Clearance,Released,"Castillo, J.",Iligan,Warehouse/Storage Facility,Agricultural (A),13.83323,121.248217,3435,2013.0,1,8986.99,6,1,75.8,6.26,21
ZA-2023-0811,2023-11-14,2023-12-21,2023,11,4,Locational Clearance,Released,"Tipan, S.",Tambo,Mini-Grocery/Sari-Sari Store,Commercial (C-1),13.866258,121.20985,388,263.0,2,1626.22,27,1,50.1,6.19,21
ZA-2023-0812,2023-11-15,2023-11-30,2023,11,4,Locational Clearance,Released,"Castillo, J.",Poblacion Barangay III,Place of Worship,Residential Medium Density (R-2),13.828302,121.235034,347,115.0,1,1029.58,11,1,76.5,5.91,21
ZA-2023-0813,2023-11-15,2023-11-21,2023,11,4,Zoning Certificate,Released,"Tipan, S.",Tambo,Property Sale/Transfer,Commercial (C-1),13.861411,121.200557,676,,3,1396.07,4,1,60.3,6.05,21
ZA-2023-0814,2023-11-15,2023-12-15,2023,11,4,Development Permit,Released,"Castillo, J.",Parang,Reclamation Project,Institutional (Inst),13.877565,121.178596,951,493.0,3,3432.08,22,1,82.1,6.21,21
ZA-2023-0815,2023-11-20,2023-12-04,2023,11,4,Locational Clearance,Released,"Garduque, H.",Mabini,Commercial Building Construction,Residential Low Density (R-1),13.85649,121.172402,391,192.0,1,1837.68,10,0,95.1,5.42,21
ZA-2023-0816,2023-11-21,2023-12-14,2023,11,4,Locational Clearance,Released,"Garduque, H.",Poblacion Barangay I,Mini-Grocery/Sari-Sari Store,Commercial (C-2),13.845201,121.216044,1107,876.0,1,3614.82,17,1,64.3,5.79,21
ZA-2023-0817,2023-11-22,2024-01-17,2023,11,4,Development Permit,Released,"Castillo, J.",Poblacion Barangay I,Mixed-Use Development,Institutional (Inst),13.840272,121.210402,605,324.0,3,3105.14,40,1,79.6,6.14,21
ZA-2023-0818,2023-11-23,2023-12-07,2023,11,4,Development Permit,Released,"Garduque, H.",Parang,Commercial Complex Development,Commercial (C-2),13.881063,121.227809,1388,725.0,3,5108.7,10,1,65.9,5.67,21
ZA-2023-0819,2023-11-23,2023-12-07,2023,11,4,Locational Clearance,Released,"Tipan, S.",Poblacion Barangay I,Car Wash,Commercial (C-1),13.851923,121.248393,178,134.0,4,1088.28,10,1,83.2,5.6,21
ZA-2023-0820,2023-11-24,2024-01-08,2023,11,4,Development Permit,Released,"Tipan, S.",Tulo,Reclamation Project,Open Space (OS),13.889768,121.193115,340,202.0,3,2302.8,31,1,92.8,5.43,21
ZA-2023-0821,2023-11-27,2024-02-02,2023,11,4,Development Permit,Released,"Tipan, S.",Poblacion Barangay II,Resort/Tourism Facility,Commercial (C-1),13.831577,121.234898,358,261.0,3,2700.12,49,1,85.9,5.72,21
ZA-2023-0822,2023-11-28,2023-12-21,2023,11,4,Locational Clearance,Released,"Castillo, J.",Pinagkawitan,Mini-Grocery/Sari-Sari Store,Institutional (Inst),13.858052,121.218225,503,314.0,2,2243.35,17,1,106.3,5.87,21
ZA-2023-0823,2023-11-28,2024-01-30,2023,11,4,Development Permit,Released,"Bautista, R.",Mabini,New Residential Subdivision,Commercial (C-1),13.876784,121.246047,438,384.0,5,2345.18,45,1,87.2,5.75,21
ZA-2023-0824,2023-11-29,2023-12-18,2023,11,4,Locational Clearance,Released,"Cruz, M.",Santo Niño,Gasoline Station,Industrial (I-1),13.845832,121.208502,1247,955.0,2,3793.75,13,1,54.3,6.51,21
ZA-2023-0825,2023-11-29,2024-01-16,2023,11,4,Development Permit,Released,"Garduque, H.",Pinagkawitan,Reclamation Project,Residential Low Density (R-1),13.852736,121.213534,1176,643.0,1,3589.54,34,1,71.9,6.94,21
ZA-2023-0826,2023-12-01,2023-12-11,2023,12,4,Locational Clearance,Released,"Bautista, R.",Lodlod,Gasoline Station,Commercial (C-1),13.868396,121.222759,490,197.0,1,1626.8,6,0,52.1,5.94,20
ZA-2023-0827,2023-12-07,2023-12-19,2023,12,4,Zoning Certificate,Released,"Tipan, S.",Santol,Business Permit Application,Commercial (C-2),13.885637,121.238316,1817,,1,6026.11,8,0,31.9,5.77,20
ZA-2023-0828,2023-12-11,2024-01-10,2023,12,4,Development Permit,Released,"Castillo, J.",Halang,Memorial Park Development,Commercial (C-1),13.841913,121.18599,299,243.0,2,2293.12,22,1,50.5,5.81,20
ZA-2023-0829,2023-12-12,2023-12-28,2023,12,4,Locational Clearance,Released,"Bautista, R.",Sico,Food Establishment,Residential Low Density (R-1),13.874091,121.226168,465,259.0,1,2015.71,12,1,54.5,6.28,20
ZA-2023-0830,2023-12-12,2024-01-02,2023,12,4,Locational Clearance,Released,"Garduque, H.",Halang,Medical Clinic,Institutional (Inst),13.874284,121.215645,613,218.0,2,2460.96,15,0,38.8,6.19,20
ZA-2023-0831,2023-12-25,2024-01-02,2023,12,4,Zoning Certificate,Released,"Castillo, J.",Sampaguita,Building Permit Requirement,Commercial (C-1),13.866641,121.242713,368,,1,882.31,6,0,27.8,5.9,20
ZA-2023-0832,2023-12-29,2024-01-25,2023,12,4,Locational Clearance,Released,"Garduque, H.",Plaridel,Place of Worship,Residential Low Density (R-1),13.827442,121.217141,477,237.0,1,1361.65,19,1,41.2,5.48,20
ZA-2024-0833,2024-01-02,2024-02-13,2024,1,1,Development Permit,Released,"Garduque, H.",Pinagkawitan,Commercial Complex Development,Open Space (OS),13.878945,121.208075,555,466.0,1,3205.37,30,1,28.6,3.71,22
ZA-2024-0834,2024-01-02,2024-02-14,2024,1,1,Locational Clearance,Released,"Castillo, J.",Pinagtongulan,Car Wash,Residential Medium Density (R-2),13.875891,121.226315,418,217.0,1,1585.26,31,1,17.4,3.46,22
ZA-2024-0835,2024-01-03,2024-01-10,2024,1,1,Locational Clearance,Released,"Garduque, H.",Parang,Medical Clinic,Residential Medium Density (R-2),13.870683,121.189883,489,290.0,1,1978.77,5,1,14.6,3.51,22
ZA-2024-0836,2024-01-05,2024-01-17,2024,1,1,Locational Clearance,Released,"Cruz, M.",Munting Pulo,School/Learning Center,Residential Low Density (R-1),13.8563,121.210554,340,169.0,1,1143.35,8,1,10.3,3.51,22
ZA-2024-0837,2024-01-10,2024-02-23,2024,1,1,Development Permit,Released,"Castillo, J.",Lodlod,Resort/Tourism Facility,Commercial (C-2),13.843134,121.194781,1948,1532.0,1,6097.54,32,1,16.6,3.83,22
ZA-2024-0838,2024-01-10,2024-02-09,2024,1,1,Development Permit,Released,"Tipan, S.",Halang,Mixed-Use Development,Commercial (C-1),13.821897,121.176383,566,299.0,1,2564.63,22,1,36.7,3.39,22
ZA-2024-0839,2024-01-11,2024-02-05,2024,1,1,Locational Clearance,Released,"Garduque, H.",Sico,Gasoline Station,Commercial (C-1),13.83772,121.210962,465,341.0,5,1770.59,17,1,40.1,3.73,22
ZA-2024-0840,2024-01-16,2024-01-26,2024,1,1,Zoning Certificate,Released,"Castillo, J.",Iligan,Building Permit Requirement,Residential Medium Density (R-2),13.884113,121.245474,1535,,1,5439.83,8,0,19.3,3.12,22
ZA-2024-0841,2024-01-16,2024-02-01,2024,1,1,Locational Clearance,Released,"Castillo, J.",Iligan,Medical Clinic,Commercial (C-2),13.840193,121.228542,911,544.0,1,1965.87,12,1,36.2,3.06,22
ZA-2024-0842,2024-01-22,2024-01-25,2024,1,1,Zoning Certificate,Released,"Castillo, J.",Tulo,Business Permit Application,Agricultural (A),13.864421,121.177995,2668,,1,8593.64,3,1,0.0,3.05,22
ZA-2024-0843,2024-01-22,2024-01-31,2024,1,1,Locational Clearance,Released,"Cruz, M.",Marawoy,Poultry/Livestock Farm,Residential Medium Density (R-2),13.854298,121.184587,888,612.0,1,2208.29,7,1,28.2,3.01,22
ZA-2024-0844,2024-01-25,2024-02-22,2024,1,1,Locational Clearance,Released,"Cruz, M.",Poblacion Barangay I,Subdivision Development,Commercial (C-2),13.850919,121.186901,703,552.0,2,1753.23,20,1,29.5,3.26,22
ZA-2024-0845,2024-01-29,2024-05-01,2024,1,1,Development Permit,Released,"Bautista, R.",Poblacion Barangay II,New Residential Subdivision,Residential Low Density (R-1),13.880939,121.174664,507,247.0,1,2433.2,67,0,11.3,3.31,22
ZA-2024-0846,2024-02-01,2024-02-15,2024,2,1,Locational Clearance,Released,"Castillo, J.",Poblacion Barangay III,Gasoline Station,Industrial (I-1),13.826259,121.23305,4678,3807.0,1,16360.07,10,1,10.1,3.11,20
ZA-2024-0847,2024-02-02,2024-02-22,2024,2,1,Locational Clearance,Released,"Bautista, R.",San Jose,School/Learning Center,Commercial (C-1),13.83552,121.192788,577,469.0,3,1387.52,14,1,51.5,4.18,20
ZA-2024-0848,2024-02-07,2024-02-19,2024,2,1,Zoning Certificate,Released,"Cruz, M.",Lodlod,Building Permit Requirement,Commercial (C-1),13.835342,121.174005,645,,5,1395.99,8,0,30.9,3.44,20
ZA-2024-0849,2024-02-08,2024-02-22,2024,2,1,Locational Clearance,Released,"Garduque, H.",Poblacion Barangay I,Commercial Building Construction,Agricultural (A),13.866246,121.200075,2604,1421.0,1,9441.05,10,1,32.5,3.52,20
ZA-2024-0850,2024-02-12,2024-03-22,2024,2,1,Development Permit,Released,"Cruz, M.",Bulacnin,Resort/Tourism Facility,Commercial (C-2),13.899889,121.188833,1140,966.0,1,4327.05,29,0,0.0,2.97,20
ZA-2024-0851,2024-02-16,2024-04-02,2024,2,1,Development Permit,Released,"Bautista, R.",San Jose,Reclamation Project,Residential Low Density (R-1),13.874954,121.19352,1009,308.0,1,4275.22,32,1,18.3,2.66,20
ZA-2024-0852,2024-02-16,2024-02-23,2024,2,1,Locational Clearance,Released,"Castillo, J.",Plaridel,Gasoline Station,Institutional (Inst),13.860672,121.18259,645,258.0,2,2600.99,5,1,14.6,3.55,20
ZA-2024-0853,2024-02-19,2024-02-26,2024,2,1,Zoning Certificate,Released,"Bautista, R.",Bolbok,Boundary Dispute Resolution,Industrial (I-1),13.841152,121.21221,4408,,1,9925.19,5,1,7.2,3.44,20
ZA-2024-0854,2024-02-22,2024-02-28,2024,2,1,Locational Clearance,Released,"Cruz, M.",Santol,Mini-Grocery/Sari-Sari Store,Residential Low Density (R-1),13.842832,121.237537,501,315.0,1,2214.03,4,0,44.5,3.57,20
ZA-2024-0855,2024-02-28,2024-04-25,2024,2,1,Development Permit,Released,"Garduque, H.",Lodlod,Mixed-Use Development,Commercial (C-1),13.843708,121.228045,434,344.0,2,2521.17,41,1,8.2,2.95,20
ZA-2024-0856,2024-03-01,2024-03-14,2024,3,1,Locational Clearance,Released,"Garduque, H.",Pinagkawitan,Apartment/Boarding House,Commercial (C-1),13.897646,121.227285,645,234.0,1,1646.26,9,1,7.8,2.85,22
ZA-2024-0857,2024-03-01,2024-03-12,2024,3,1,Locational Clearance,Released,"Bautista, R.",Tulo,Warehouse/Storage Facility,Industrial (I-1),13.8405,121.200416,1676,954.0,2,6026.25,7,0,33.4,3.31,22
ZA-2024-0858,2024-03-04,2024-03-20,2024,3,1,Zoning Certificate,Released,"Cruz, M.",Sico,Bank/Loan Requirement,Residential Medium Density (R-2),13.858961,121.235055,749,,1,2797.33,12,1,11.3,3.21,22
ZA-2024-0859,2024-03-06,2024-04-17,2024,3,1,Locational Clearance,Released,"Garduque, H.",Santol,Commercial Building Construction,Commercial (C-1),13.893455,121.235214,770,397.0,1,3009.64,30,1,22.7,3.03,22
ZA-2024-0860,2024-03-07,2024-05-09,2024,3,1,Development Permit,Released,"Bautista, R.",Parang,Mixed-Use Development,Industrial (I-1),13.8699,121.170451,2550,937.0,1,10087.22,45,0,5.3,3.21,22
ZA-2024-0861,2024-03-08,2024-03-15,2024,3,1,Zoning Certificate,Released,"Garduque, H.",Lumbang,Bank/Loan Requirement,Institutional (Inst),13.857142,121.209625,158,,1,595.38,5,1,22.4,3.37,22
ZA-2024-0862,2024-03-08,2024-06-03,2024,3,1,Development Permit,Released,"Cruz, M.",Lumbang,Resort/Tourism Facility,Commercial (C-1),13.850237,121.207094,471,202.0,1,2854.01,61,0,29.8,3.26,22
ZA-2024-0863,2024-03-11,2024-03-28,2024,3,1,Locational Clearance,Released,"Cruz, M.",Pinagtongulan,Warehouse/Storage Facility,Commercial (C-2),13.875857,121.219902,804,380.0,3,2459.77,13,1,9.7,3.16,22
ZA-2024-0864,2024-03-13,2024-03-29,2024,3,1,Development Permit,Released,"Tipan, S.",Munting Pulo,Eco-Tourism Site,Residential Low Density (R-1),13.895129,121.22374,249,182.0,1,1941.98,12,1,38.1,3.18,22
ZA-2024-0865,2024-03-13,2024-03-28,2024,3,1,Locational Clearance,Released,"Bautista, R.",Sico,Residential House Construction,Residential Low Density (R-1),13.855268,121.220739,332,277.0,1,1628.93,11,1,36.8,2.82,22
ZA-2024-0866,2024-03-15,2024-03-29,2024,3,1,Locational Clearance,Released,"Garduque, H.",Latag,Medical Clinic,Commercial (C-1),13.83165,121.172675,593,301.0,1,2489.04,10,1,0.0,3.38,22
ZA-2024-0867,2024-03-19,2024-04-01,2024,3,1,Zoning Certificate,Released,"Bautista, R.",Pinagtongulan,Estate Settlement,Agricultural (A),13.828554,121.21038,4798,,3,16014.28,9,0,48.2,3.42,22
ZA-2024-0868,2024-03-20,2024-04-09,2024,3,1,Locational Clearance,Released,"Tipan, S.",Poblacion Barangay III,Place of Worship,Industrial (I-1),13.847222,121.219667,6904,5521.0,2,16298.43,14,1,21.0,3.2,22
ZA-2024-0869,2024-03-21,2024-03-27,2024,3,1,Zoning Certificate,Released,"Castillo, J.",Poblacion Barangay I,Boundary Dispute Resolution,Commercial (C-1),13.824107,121.200412,809,,2,2244.2,4,1,45.9,3.58,22
ZA-2024-0870,2024-03-22,2024-03-27,2024,3,1,Zoning Certificate,Released,"Cruz, M.",Lodlod,Boundary Dispute Resolution,Residential Low Density (R-1),13.830715,121.245503,309,,1,1007.99,3,1,14.6,3.05,22
ZA-2024-0871,2024-03-27,2024-06-06,2024,3,1,Development Permit,Released,"Garduque, H.",Plaridel,New Residential Subdivision,Commercial (C-1),13.879119,121.201751,629,342.0,1,2944.23,51,1,19.2,2.98,22
ZA-2024-0872,2024-03-27,2024-04-04,2024,3,1,Locational Clearance,Released,"Tipan, S.",Pinagkawitan,Warehouse/Storage Facility,Industrial (I-1),13.8818,121.183676,1481,887.0,1,5443.68,6,1,16.9,3.24,22
ZA-2024-0873,2024-03-28,2024-05-13,2024,3,1,Development Permit,Released,"Castillo, J.",Pinagkawitan,Eco-Tourism Site,Agricultural (A),13.875977,121.189702,3936,3009.0,2,8294.89,32,1,48.5,3.32,22
ZA-2024-0874,2024-03-28,2024-05-08,2024,3,1,Development Permit,Released,"Tipan, S.",Santo Niño,Industrial Plant Expansion,Institutional (Inst),13.879328,121.200915,536,393.0,1,2787.35,29,1,7.9,3.49,22
ZA-2024-0875,2024-03-28,2024-04-12,2024,3,1,Locational Clearance,Released,"Tipan, S.",Santo Niño,Poultry/Livestock Farm,Commercial (C-1),13.828458,121.223185,211,174.0,1,953.26,11,1,20.4,2.93,22
ZA-2024-0876,2024-03-28,2024-05-13,2024,3,1,Development Permit,Released,"Castillo, J.",Kayumanggi,Commercial Complex Development,Commercial (C-2),13.860084,121.195733,850,733.0,1,3538.98,32,1,22.9,3.1,22
ZA-2024-0877,2024-04-16,2024-05-03,2024,4,2,Locational Clearance,Released,"Cruz, M.",Munting Pulo,Place of Worship,Commercial (C-1),13.842986,121.182952,306,215.0,2,1056.86,13,1,57.4,2.96,21
ZA-2024-0878,2024-04-16,2024-06-13,2024,4,2,Development Permit,Released,"Cruz, M.",Kayumanggi,Reclamation Project,Residential Low Density (R-1),13.885381,121.214819,342,209.0,1,2608.97,42,1,36.4,2.94,21
ZA-2024-0879,2024-04-17,2024-04-30,2024,4,2,Zoning Certificate,Released,"Castillo, J.",Iligan,Bank/Loan Requirement,Residential Low Density (R-1),13.875846,121.201036,316,,1,1039.18,9,1,20.5,3.1,21
ZA-2024-0880,2024-04-22,2024-04-26,2024,4,2,Locational Clearance,Released,"Garduque, H.",Pinagkawitan,Gasoline Station,Industrial (I-1),13.845042,121.235589,1702,1103.0,1,3500.87,4,1,36.3,2.64,21
ZA-2024-0881,2024-04-23,2024-05-02,2024,4,2,Locational Clearance,Released,"Tipan, S.",Lumbang,Residential House Construction,Commercial (C-1),13.855092,121.201468,1370,646.0,1,3921.28,7,0,12.3,3.13,21
ZA-2024-0882,2024-04-23,2024-06-24,2024,4,2,Development Permit,Released,"Garduque, H.",Pinagtongulan,Resort/Tourism Facility,Commercial (C-1),13.882459,121.1872,875,552.0,2,3645.0,44,0,22.4,3.47,21
ZA-2024-0883,2024-04-24,2024-04-30,2024,4,2,Locational Clearance,Released,"Garduque, H.",Poblacion Barangay III,Residential House Construction,Residential Low Density (R-1),13.888773,121.19062,679,345.0,1,2716.48,4,1,24.8,3.17,21
ZA-2024-0884,2024-04-25,2024-05-07,2024,4,2,Locational Clearance,Released,"Castillo, J.",Tambo,Poultry/Livestock Farm,Commercial (C-1),13.881607,121.206986,227,136.0,1,865.5,8,1,21.9,3.5,21
ZA-2024-0885,2024-04-26,2024-05-09,2024,4,2,Locational Clearance,Released,"Cruz, M.",Bulacnin,School/Learning Center,Residential Low Density (R-1),13.879853,121.207572,774,296.0,1,2958.25,9,1,27.1,3.41,21
ZA-2024-0886,2024-04-26,2024-05-24,2024,4,2,Locational Clearance,Released,"Tipan, S.",Bulacnin,Commercial Building Construction,Agricultural (A),13.888151,121.224722,7985,5292.0,5,15054.02,20,1,13.9,3.47,21
ZA-2024-0887,2024-04-29,2024-05-14,2024,4,2,Locational Clearance,Released,"Cruz, M.",Santo Niño,Car Wash,Commercial (C-1),13.881477,121.187732,282,219.0,3,1023.06,11,1,43.2,2.93,21
ZA-2024-0888,2024-04-30,2024-05-20,2024,4,2,Locational Clearance,Released,"Bautista, R.",Bulacnin,Commercial Building Construction,Commercial (C-1),13.897668,121.245798,328,294.0,1,1580.78,14,1,15.0,3.13,21
ZA-2024-0889,2024-05-01,2024-05-17,2024,5,2,Zoning Certificate,Released,"Castillo, J.",Tambo,Boundary Dispute Resolution,Commercial (C-2),13.881282,121.197104,1253,,1,2516.67,12,1,130.0,3.11,22
ZA-2024-0890,2024-05-01,2024-05-20,2024,5,2,Development Permit,Released,"Cruz, M.",Plaridel,Mixed-Use Development,Residential Low Density (R-1),13.84922,121.201423,266,206.0,1,2010.64,13,1,125.6,3.25,22
ZA-2024-0891,2024-05-02,2024-05-22,2024,5,2,Locational Clearance,Released,"Cruz, M.",Poblacion Barangay II,Place of Worship,Residential Low Density (R-1),13.821601,121.190228,1066,377.0,1,4203.69,14,1,114.8,3.2,22
ZA-2024-0892,2024-05-03,2024-05-09,2024,5,2,Locational Clearance,Released,"Bautista, R.",Talisay,Place of Worship,Commercial (C-2),13.853179,121.244428,1143,736.0,1,4152.57,4,1,110.5,3.38,22
ZA-2024-0893,2024-05-03,2024-05-15,2024,5,2,Locational Clearance,Released,"Garduque, H.",Poblacion Barangay III,Food Establishment,Commercial (C-1),13.870017,121.248911,598,380.0,2,1990.69,8,1,105.0,3.23,22
ZA-2024-0894,2024-05-06,2024-07-04,2024,5,2,Development Permit,Released,"Cruz, M.",Talisay,Industrial Plant Expansion,Residential Medium Density (R-2),13.867682,121.206831,378,290.0,1,2242.94,43,1,98.9,2.81,22
ZA-2024-0895,2024-05-06,2024-05-30,2024,5,2,Locational Clearance,Released,"Tipan, S.",Halang,Residential House Construction,Residential Low Density (R-1),13.883331,121.208056,951,672.0,1,3116.13,18,1,143.1,3.26,22
ZA-2024-0896,2024-05-07,2024-06-14,2024,5,2,Locational Clearance,Released,"Tipan, S.",Talisay,Car Wash,Agricultural (A),13.829508,121.171196,2734,2289.0,1,6426.18,28,0,115.6,3.33,22
ZA-2024-0897,2024-05-07,2024-07-03,2024,5,2,Development Permit,Released,"Bautista, R.",Bolbok,Resort/Tourism Facility,Commercial (C-1),13.876819,121.179232,741,604.0,1,2712.03,41,1,136.6,3.11,22
ZA-2024-0898,2024-05-09,2024-05-15,2024,5,2,Locational Clearance,Released,"Castillo, J.",Sico,Residential House Construction,Commercial (C-1),13.824459,121.215917,902,543.0,2,2468.82,4,0,119.1,3.54,22
ZA-2024-0899,2024-05-09,2024-06-11,2024,5,2,Development Permit,Released,"Garduque, H.",Bolbok,Industrial Plant Expansion,Commercial (C-1),13.861728,121.244662,522,261.0,1,2635.81,23,0,129.1,3.49,22
ZA-2024-0900,2024-05-13,2024-06-13,2024,5,2,Development Permit,Released,"Garduque, H.",Talisay,New Residential Subdivision,Agricultural (A),13.867928,121.177114,3535,2157.0,1,11236.81,23,0,117.6,3.03,22
ZA-2024-0901,2024-05-14,2024-06-05,2024,5,2,Zoning Certificate,Released,"Tipan, S.",Marawoy,Building Permit Requirement,Commercial (C-1),13.849236,121.244892,610,,4,1283.35,16,1,122.3,3.08,22
ZA-2024-0902,2024-05-15,2024-06-03,2024,5,2,Locational Clearance,Released,"Cruz, M.",San Jose,Food Establishment,Commercial (C-1),13.826742,121.234949,523,215.0,2,1502.34,13,1,134.6,3.48,22
ZA-2024-0903,2024-05-16,2024-06-21,2024,5,2,Development Permit,Released,"Castillo, J.",Talisay,Reclamation Project,Industrial (I-1),13.821849,121.199841,3451,2443.0,5,8612.24,26,1,122.9,2.86,22
ZA-2024-0904,2024-05-21,2024-06-14,2024,5,2,Locational Clearance,Released,"Garduque, H.",Sampaguita,Apartment/Boarding House,Open Space (OS),13.822434,121.196252,447,361.0,2,1518.77,18,1,105.0,3.86,22
ZA-2024-0905,2024-05-24,2024-07-02,2024,5,2,Development Permit,Released,"Bautista, R.",Sico,Memorial Park Development,Agricultural (A),13.862553,121.177348,1793,1474.0,2,5163.09,27,1,110.2,3.1,22
ZA-2024-0906,2024-05-28,2024-06-11,2024,5,2,Locational Clearance,Released,"Bautista, R.",Mataas na Lupa,Subdivision Development,Agricultural (A),13.824312,121.170974,16341,13476.0,1,34891.87,10,0,101.0,3.49,22
ZA-2024-0907,2024-05-28,2024-06-05,2024,5,2,Locational Clearance,Released,"Castillo, J.",Sico,Poultry/Livestock Farm,Industrial (I-1),13.860994,121.223817,1987,918.0,1,3579.59,6,1,98.8,3.01,22
ZA-2024-0908,2024-05-30,2024-06-10,2024,5,2,Locational Clearance,Released,"Tipan, S.",Latag,Food Establishment,Commercial (C-1),13.838722,121.217047,392,292.0,2,1498.52,7,1,110.9,4.01,22
ZA-2024-0909,2024-05-30,2024-10-07,2024,5,2,Development Permit,Released,"Cruz, M.",Tulo,Commercial Complex Development,Residential Low Density (R-1),13.87997,121.180871,386,247.0,1,2601.43,92,0,100.2,3.13,22
ZA-2024-0910,2024-06-03,2024-06-19,2024,6,2,Locational Clearance,Released,"Cruz, M.",Pinagkawitan,Mini-Grocery/Sari-Sari Store,Commercial (C-2),13.868266,121.19496,1834,1596.0,1,4391.68,12,1,156.6,3.39,21
ZA-2024-0911,2024-06-04,2024-07-05,2024,6,2,Locational Clearance,Released,"Bautista, R.",Tulo,Commercial Building Construction,Agricultural (A),13.829969,121.238612,4339,2148.0,1,7408.9,23,0,164.9,3.05,21
ZA-2024-0912,2024-06-05,2024-06-13,2024,6,2,Locational Clearance,Released,"Cruz, M.",Mabini,Residential House Construction,Commercial (C-1),13.889256,121.172569,234,95.0,3,1149.98,6,1,203.8,3.41,21
ZA-2024-0913,2024-06-06,2024-06-26,2024,6,2,Locational Clearance,Released,"Cruz, M.",Mabini,Gasoline Station,Residential Low Density (R-1),13.860257,121.171126,616,454.0,1,1817.19,14,1,180.9,3.06,21
ZA-2024-0914,2024-06-12,2024-07-04,2024,6,2,Locational Clearance,Released,"Bautista, R.",Iligan,Warehouse/Storage Facility,Residential Low Density (R-1),13.873779,121.170427,349,296.0,1,1103.39,16,1,189.5,3.42,21
ZA-2024-0915,2024-06-18,2024-06-24,2024,6,2,Zoning Certificate,Released,"Cruz, M.",Halang,Bank/Loan Requirement,Commercial (C-1),13.827978,121.243756,721,,1,1840.76,4,1,179.2,3.05,21
ZA-2024-0916,2024-06-20,2024-07-11,2024,6,2,Locational Clearance,Released,"Garduque, H.",Mabini,Car Wash,Commercial (C-2),13.880572,121.248817,2023,1359.0,1,4794.33,15,1,182.4,3.61,21
ZA-2024-0917,2024-06-21,2024-07-05,2024,6,2,Zoning Certificate,Released,"Castillo, J.",Bulacnin,Bank/Loan Requirement,Commercial (C-1),13.85581,121.232015,448,,1,1577.24,10,1,155.4,3.29,21
ZA-2024-0918,2024-06-21,2024-07-12,2024,6,2,Locational Clearance,Released,"Garduque, H.",Parang,Mini-Grocery/Sari-Sari Store,Residential Low Density (R-1),13.880172,121.210286,239,93.0,1,1195.34,15,1,192.6,3.55,21
ZA-2024-0919,2024-06-21,2024-06-26,2024,6,2,Zoning Certificate,Released,"Tipan, S.",Santo Niño,Estate Settlement,Commercial (C-1),13.89828,121.217075,320,,2,979.96,3,1,214.6,3.42,21
ZA-2024-0920,2024-06-28,2024-08-13,2024,6,2,Development Permit,Released,"Tipan, S.",San Jose,Commercial Complex Development,Commercial (C-2),13.880584,121.18816,893,596.0,2,3005.45,32,1,176.6,3.06,21
ZA-2024-0921,2024-07-05,2024-08-14,2024,7,3,Development Permit,Released,"Bautista, R.",Halang,Eco-Tourism Site,Commercial (C-2),13.877665,121.189297,1656,1319.0,2,6336.24,28,1,212.8,3.21,23
ZA-2024-0922,2024-07-09,2024-07-18,2024,7,3,Locational Clearance,Released,"Cruz, M.",Lodlod,Warehouse/Storage Facility,Residential Low Density (R-1),13.845569,121.18341,927,402.0,1,2368.93,7,1,208.9,3.77,23
ZA-2024-0923,2024-07-09,2024-07-19,2024,7,3,Locational Clearance,Released,"Bautista, R.",San Jose,Food Establishment,Residential Low Density (R-1),13.83995,121.241253,555,198.0,1,1835.64,8,1,204.6,3.26,23
ZA-2024-0924,2024-07-11,2024-08-13,2024,7,3,Locational Clearance,Released,"Tipan, S.",Mataas na Lupa,Subdivision Development,Residential Medium Density (R-2),13.89948,121.188587,486,393.0,1,2051.08,23,1,199.4,3.86,23
ZA-2024-0925,2024-07-12,2024-07-24,2024,7,3,Locational Clearance,Released,"Cruz, M.",Poblacion Barangay II,Warehouse/Storage Facility,Residential Medium Density (R-2),13.857544,121.24397,580,371.0,1,1489.4,8,1,234.7,2.8,23
ZA-2024-0926,2024-07-18,2024-09-16,2024,7,3,Development Permit,Released,"Bautista, R.",Marawoy,Commercial Complex Development,Industrial (I-1),13.891095,121.189218,4184,2559.0,2,11130.03,42,1,208.3,3.18,23
ZA-2024-0927,2024-07-19,2024-08-22,2024,7,3,Locational Clearance,Released,"Tipan, S.",Poblacion Barangay I,Warehouse/Storage Facility,Commercial (C-1),13.886713,121.214282,408,178.0,1,1390.02,24,0,202.2,3.9,23
ZA-2024-0928,2024-07-23,2024-09-03,2024,7,3,Development Permit,Released,"Cruz, M.",Talisay,Mixed-Use Development,Commercial (C-1),13.859852,121.206611,719,270.0,3,3361.53,30,1,192.9,3.22,23
ZA-2024-0929,2024-07-26,2024-08-14,2024,7,3,Locational Clearance,Released,"Cruz, M.",Calumpang,Place of Worship,Commercial (C-1),13.854195,121.220131,219,90.0,3,878.57,13,0,223.7,3.55,23
ZA-2024-0930,2024-07-30,2024-09-03,2024,7,3,Development Permit,Released,"Garduque, H.",Halang,Eco-Tourism Site,Residential Medium Density (R-2),13.887931,121.239976,153,80.0,1,1823.76,25,1,207.0,3.15,23
ZA-2024-0931,2024-07-30,2024-08-27,2024,7,3,Locational Clearance,Released,"Tipan, S.",San Jose,Car Wash,Commercial (C-1),13.894342,121.227395,240,75.0,1,1169.59,20,1,199.2,3.39,23
ZA-2024-0932,2024-07-31,2024-08-07,2024,7,3,Locational Clearance,Released,"Castillo, J.",Iligan,Car Wash,Residential Low Density (R-1),13.83277,121.186415,525,212.0,1,2082.43,5,1,201.9,3.34,23
ZA-2024-0933,2024-08-02,2024-09-12,2024,8,3,Development Permit,Released,"Cruz, M.",Mabini,Mixed-Use Development,Residential Medium Density (R-2),13.865631,121.242508,513,454.0,1,2862.46,29,1,203.2,3.58,22
ZA-2024-0934,2024-08-06,2024-08-12,2024,8,3,Locational Clearance,Released,"Cruz, M.",Marawoy,Gasoline Station,Commercial (C-2),13.897203,121.190832,1305,463.0,3,4231.15,4,1,195.5,3.09,22
ZA-2024-0935,2024-08-07,2024-08-20,2024,8,3,Zoning Certificate,Released,"Castillo, J.",Santo Niño,Business Permit Application,Institutional (Inst),13.861007,121.196448,791,,2,2453.88,9,1,193.8,3.54,22
ZA-2024-0936,2024-08-12,2024-09-12,2024,8,3,Locational Clearance,Released,"Castillo, J.",Tulo,Gasoline Station,Agricultural (A),13.841966,121.213688,6096,4656.0,1,16336.01,23,0,193.1,2.75,22
ZA-2024-0937,2024-08-15,2024-08-26,2024,8,3,Locational Clearance,Released,"Castillo, J.",Tambo,Food Establishment,Commercial (C-2),13.898733,121.171592,694,611.0,3,2742.56,7,0,179.2,3.45,22
ZA-2024-0938,2024-08-16,2024-08-29,2024,8,3,Locational Clearance,Released,"Bautista, R.",Munting Pulo,School/Learning Center,Commercial (C-2),13.860112,121.239871,1052,906.0,2,2932.29,9,1,198.7,3.03,22
ZA-2024-0939,2024-08-19,2024-09-18,2024,8,3,Locational Clearance,Released,"Garduque, H.",Kayumanggi,Subdivision Development,Residential Low Density (R-1),13.857687,121.201836,875,757.0,1,2141.9,22,1,187.8,2.64,22
ZA-2024-0940,2024-08-21,2024-08-27,2024,8,3,Locational Clearance,Released,"Garduque, H.",Tambo,Mini-Grocery/Sari-Sari Store,Agricultural (A),13.858419,121.219899,2454,2178.0,1,8464.39,4,0,188.3,3.52,22
ZA-2024-0941,2024-08-23,2024-08-30,2024,8,3,Locational Clearance,Released,"Garduque, H.",Sampaguita,Residential House Construction,Residential Low Density (R-1),13.82872,121.17865,188,99.0,1,1053.22,5,1,181.7,3.15,22
ZA-2024-0942,2024-08-26,2024-09-16,2024,8,3,Locational Clearance,Released,"Garduque, H.",Iligan,Commercial Building Construction,Residential Medium Density (R-2),13.874175,121.208723,297,182.0,1,1326.99,15,0,188.6,3.16,22
ZA-2024-0943,2024-08-27,2024-09-13,2024,8,3,Locational Clearance,Released,"Cruz, M.",Talisay,Place of Worship,Residential Medium Density (R-2),13.892643,121.188855,445,400.0,1,1995.48,13,1,190.9,3.38,22
ZA-2024-0944,2024-08-27,2024-11-25,2024,8,3,Development Permit,Released,"Tipan, S.",Parang,Eco-Tourism Site,Residential Medium Density (R-2),13.835265,121.214227,567,333.0,1,2753.42,64,0,187.6,2.76,22
ZA-2024-0945,2024-08-29,2024-09-05,2024,8,3,Locational Clearance,Released,"Garduque, H.",Poblacion Barangay II,Subdivision Development,Commercial (C-1),13.82712,121.225519,480,395.0,2,1478.48,5,1,202.0,3.04,22
ZA-2024-0946,2024-09-02,2024-09-04,2024,9,3,Zoning Certificate,Released,"Cruz, M.",Bulacnin,Property Sale/Transfer,Commercial (C-1),13.830124,121.215252,383,,1,1156.83,2,0,166.5,2.97,21
ZA-2024-0947,2024-09-05,2024-11-07,2024,9,3,Development Permit,Released,"Cruz, M.",Calumpang,Industrial Plant Expansion,Institutional (Inst),13.859008,121.216266,459,272.0,5,3091.51,45,1,150.0,3.3,21
ZA-2024-0948,2024-09-10,2024-11-21,2024,9,3,Development Permit,Released,"Garduque, H.",Calumpang,Commercial Complex Development,Residential Medium Density (R-2),13.828029,121.220702,434,149.0,1,2561.09,52,0,152.9,3.54,21
ZA-2024-0949,2024-09-11,2024-11-29,2024,9,3,Development Permit,Released,"Cruz, M.",Calumpang,Memorial Park Development,Institutional (Inst),13.857183,121.249801,1097,569.0,1,3899.24,57,1,140.1,3.19,21
ZA-2024-0950,2024-09-12,2024-10-29,2024,9,3,Development Permit,Released,"Cruz, M.",Plaridel,Eco-Tourism Site,Residential Medium Density (R-2),13.840337,121.238967,973,745.0,1,4387.5,33,1,158.9,3.23,21
ZA-2024-0951,2024-09-13,2024-10-11,2024,9,3,Locational Clearance,Released,"Bautista, R.",Talisay,Gasoline Station,Institutional (Inst),13.87964,121.210427,520,358.0,1,2002.85,20,1,160.6,3.86,21
ZA-2024-0952,2024-09-16,2024-10-30,2024,9,3,Development Permit,Released,"Castillo, J.",Talisay,Memorial Park Development,Residential Medium Density (R-2),13.897838,121.182249,258,121.0,1,2211.72,32,1,169.2,2.73,21
ZA-2024-0953,2024-09-17,2024-11-07,2024,9,3,Development Permit,Released,"Cruz, M.",San Jose,Memorial Park Development,Commercial (C-1),13.843093,121.245039,287,223.0,1,2208.75,37,1,168.1,3.47,21
ZA-2024-0954,2024-09-18,2024-09-30,2024,9,3,Locational Clearance,Released,"Bautista, R.",Talisay,Gasoline Station,Residential Low Density (R-1),13.868082,121.19619,456,290.0,1,1304.88,8,1,168.2,3.33,21
ZA-2024-0955,2024-09-18,2024-10-01,2024,9,3,Locational Clearance,Released,"Castillo, J.",Bolbok,Place of Worship,Agricultural (A),13.826634,121.221342,8541,3093.0,2,28858.37,9,1,173.4,3.18,21
ZA-2024-0956,2024-09-18,2024-10-18,2024,9,3,Development Permit,Released,"Bautista, R.",Mataas na Lupa,Industrial Plant Expansion,Commercial (C-1),13.875499,121.230765,246,148.0,3,1985.21,22,1,173.7,2.9,21
ZA-2024-0957,2024-09-19,2024-09-30,2024,9,3,Locational Clearance,Released,"Castillo, J.",Bulacnin,Food Establishment,Commercial (C-1),13.896199,121.236798,1105,647.0,5,3473.65,7,1,135.5,3.12,21
ZA-2024-0958,2024-09-19,2024-09-26,2024,9,3,Zoning Certificate,Released,"Tipan, S.",Sico,Building Permit Requirement,Agricultural (A),13.86202,121.247922,4491,,1,10990.24,5,1,143.6,2.63,21
ZA-2024-0959,2024-09-19,2024-10-25,2024,9,3,Development Permit,Released,"Castillo, J.",Santol,Reclamation Project,Residential Low Density (R-1),13.884474,121.180577,885,544.0,1,3964.3,26,0,152.2,3.72,21
ZA-2024-0960,2024-09-26,2024-11-08,2024,9,3,Development Permit,Released,"Tipan, S.",Kayumanggi,Eco-Tourism Site,Residential Low Density (R-1),13.875574,121.231559,448,265.0,1,2598.7,31,1,162.6,3.38,21
ZA-2024-0961,2024-09-27,2024-10-09,2024,9,3,Locational Clearance,Released,"Tipan, S.",Poblacion Barangay I,Poultry/Livestock Farm,Institutional (Inst),13.868973,121.183324,280,86.0,2,1138.44,8,1,196.9,3.43,21
ZA-2024-0962,2024-09-30,2024-10-29,2024,9,3,Locational Clearance,Released,"Bautista, R.",Parang,Residential House Construction,Commercial (C-1),13.861031,121.227043,320,249.0,4,1267.25,21,1,150.9,3.09,21
ZA-2024-0963,2024-10-10,2024-12-06,2024,10,4,Development Permit,Released,"Castillo, J.",San Jose,New Residential Subdivision,Institutional (Inst),13.869622,121.213536,189,107.0,4,2024.45,41,1,143.2,3.51,23
ZA-2024-0964,2024-10-10,2024-10-21,2024,10,4,Zoning Certificate,Released,"Bautista, R.",Sampaguita,Business Permit Application,Residential Medium Density (R-2),13.853021,121.23114,1322,,1,2997.74,7,1,119.2,3.24,23
ZA-2024-0965,2024-10-14,2024-12-13,2024,10,4,Development Permit,Released,"Tipan, S.",Poblacion Barangay II,Mixed-Use Development,Residential Low Density (R-1),13.854227,121.196451,747,651.0,1,3775.59,44,1,132.0,2.94,23
ZA-2024-0966,2024-10-14,2024-11-27,2024,10,4,Development Permit,Released,"Cruz, M.",Poblacion Barangay II,Resort/Tourism Facility,Commercial (C-2),13.89243,121.202758,746,498.0,1,3648.9,32,0,117.6,3.05,23
ZA-2024-0967,2024-10-14,2024-10-22,2024,10,4,Locational Clearance,Released,"Castillo, J.",San Jose,Residential House Construction,Commercial (C-1),13.860791,121.178386,180,116.0,1,805.17,6,1,123.6,3.44,23
ZA-2024-0968,2024-10-15,2024-11-05,2024,10,4,Locational Clearance,Released,"Bautista, R.",Lodlod,Place of Worship,Residential Medium Density (R-2),13.870401,121.237634,731,410.0,1,1964.77,15,1,115.4,2.79,23
ZA-2024-0969,2024-10-16,2024-10-31,2024,10,4,Locational Clearance,Released,"Garduque, H.",Bulacnin,Car Wash,Commercial (C-1),13.864307,121.212382,531,290.0,5,1974.14,11,1,122.1,3.13,23
ZA-2024-0970,2024-10-18,2024-12-05,2024,10,4,Development Permit,Released,"Tipan, S.",Tulo,Industrial Plant Expansion,Residential Low Density (R-1),13.852732,121.190322,511,196.0,1,2937.34,34,1,136.4,3.43,23
ZA-2024-0971,2024-10-18,2024-11-01,2024,10,4,Zoning Certificate,Released,"Garduque, H.",Kayumanggi,Property Sale/Transfer,Commercial (C-1),13.835496,121.186671,1475,,1,3890.02,10,1,139.8,3.28,23
ZA-2024-0972,2024-10-22,2024-10-28,2024,10,4,Zoning Certificate,Released,"Bautista, R.",Lumbang,Building Permit Requirement,Commercial (C-1),13.879866,121.239501,254,,1,1077.61,4,0,154.4,3.27,23
ZA-2024-0973,2024-10-25,2024-11-05,2024,10,4,Locational Clearance,Released,"Castillo, J.",Munting Pulo,Food Establishment,Residential Low Density (R-1),13.889944,121.180762,406,217.0,1,1318.69,7,0,123.0,2.88,23
ZA-2024-0974,2024-10-28,2024-11-20,2024,10,4,Development Permit,Released,"Garduque, H.",Calumpang,Eco-Tourism Site,Residential Low Density (R-1),13.887053,121.212016,745,627.0,1,3526.85,17,1,131.9,2.76,23
ZA-2024-0975,2024-10-28,2024-11-18,2024,10,4,Locational Clearance,Released,"Tipan, S.",Iligan,Apartment/Boarding House,Residential Medium Density (R-2),13.896755,121.205516,1113,481.0,1,2655.63,15,1,142.2,3.45,23
ZA-2024-0976,2024-10-28,2024-11-19,2024,10,4,Development Permit,Released,"Castillo, J.",Santo Niño,Memorial Park Development,Agricultural (A),13.837157,121.175933,6613,5532.0,1,12350.77,16,0,133.5,3.55,23
ZA-2024-0977,2024-10-28,2024-12-09,2024,10,4,Development Permit,Released,"Garduque, H.",Bolbok,Eco-Tourism Site,Industrial (I-1),13.865185,121.20764,4075,2279.0,2,7619.57,30,1,161.8,2.8,23
ZA-2024-0978,2024-10-28,2024-11-06,2024,10,4,Locational Clearance,Released,"Bautista, R.",Iligan,Place of Worship,Residential Medium Density (R-2),13.836367,121.184521,741,266.0,1,2952.14,7,1,134.3,3.48,23
ZA-2024-0979,2024-10-31,2024-12-03,2024,10,4,Development Permit,Released,"Tipan, S.",Sico,Eco-Tourism Site,Commercial (C-1),13.878532,121.205156,365,214.0,1,2663.66,23,1,124.0,2.65,23
ZA-2024-0980,2024-11-01,2024-12-03,2024,11,4,Development Permit,Released,"Castillo, J.",Poblacion Barangay I,Resort/Tourism Facility,Industrial (I-1),13.890619,121.234758,4479,1527.0,1,14392.9,22,1,74.6,3.35,21
ZA-2024-0981,2024-11-05,,2024,11,4,Development Permit,For Release,"Bautista, R.",Poblacion Barangay I,Reclamation Project,Residential Low Density (R-1),13.898564,121.1777,331,136.0,1,2447.88,55,1,101.5,3.57,21
ZA-2024-0982,2024-11-07,2024-11-29,2024,11,4,Locational Clearance,Released,"Bautista, R.",Sampaguita,Commercial Building Construction,Open Space (OS),13.895214,121.230966,1367,505.0,2,5177.67,16,1,61.7,3.01,21
ZA-2024-0983,2024-11-14,2024-12-10,2024,11,4,Locational Clearance,Released,"Garduque, H.",Sico,Gasoline Station,Residential Medium Density (R-2),13.85157,121.199798,284,172.0,1,1026.32,18,1,55.6,3.15,21
ZA-2024-0984,2024-11-19,2024-12-23,2024,11,4,Locational Clearance,Released,"Tipan, S.",Latag,Gasoline Station,Residential Medium Density (R-2),13.849136,121.186795,245,199.0,1,1306.77,24,1,73.9,3.66,21
ZA-2024-0985,2024-11-22,2024-12-27,2024,11,4,Development Permit,Released,"Garduque, H.",Calumpang,Eco-Tourism Site,Residential Medium Density (R-2),13.862131,121.206124,355,142.0,1,2131.86,25,1,90.0,3.26,21
ZA-2024-0986,2024-11-22,2024-12-23,2024,11,4,Locational Clearance,Released,"Tipan, S.",Poblacion Barangay II,Poultry/Livestock Farm,Commercial (C-2),13.864621,121.222107,1035,320.0,1,3693.47,21,1,81.3,2.9,21
ZA-2024-0987,2024-11-25,2024-12-27,2024,11,4,Development Permit,Released,"Castillo, J.",Tambo,Eco-Tourism Site,Residential Medium Density (R-2),13.852629,121.226403,656,330.0,1,2532.6,24,1,85.3,3.01,21
ZA-2024-0988,2024-11-26,,2024,11,4,Locational Clearance,For Release,"Castillo, J.",Bulacnin,Mini-Grocery/Sari-Sari Store,Industrial (I-1),13.857797,121.225865,5422,2777.0,1,15723.35,29,1,54.4,3.11,21
ZA-2024-0989,2024-11-26,2024-11-29,2024,11,4,Zoning Certificate,Released,"Cruz, M.",Poblacion Barangay I,Bank/Loan Requirement,Agricultural (A),13.896724,121.210192,9218,,1,15455.01,3,1,78.6,3.34,21
ZA-2024-0990,2024-11-26,,2024,11,4,Development Permit,Technical Review,"Cruz, M.",Bolbok,Eco-Tourism Site,Residential Medium Density (R-2),13.847555,121.232932,397,172.0,1,2131.87,36,1,90.5,3.04,21
ZA-2024-0991,2024-11-26,2024-12-11,2024,11,4,Locational Clearance,Released,"Castillo, J.",Mabini,Medical Clinic,Commercial (C-1),13.881092,121.177756,456,230.0,1,1339.67,11,1,90.2,3.07,21
ZA-2024-0992,2024-11-27,2024-12-23,2024,11,4,Development Permit,Released,"Tipan, S.",Halang,Commercial Complex Development,Industrial (I-1),13.880601,121.179438,1918,1469.0,2,6738.55,18,1,82.8,3.45,21
ZA-2024-0993,2024-11-27,2024-12-16,2024,11,4,Locational Clearance,Released,"Tipan, S.",Marawoy,Medical Clinic,Residential Low Density (R-1),13.859523,121.174417,789,568.0,1,2195.14,13,1,75.9,3.78,21
ZA-2024-0994,2024-12-03,2024-12-19,2024,12,4,Zoning Certificate,Released,"Garduque, H.",Iligan,Business Permit Application,Commercial (C-1),13.849071,121.190434,513,,3,1678.01,12,1,47.9,3.2,20
ZA-2024-0995,2024-12-03,2024-12-20,2024,12,4,Locational Clearance,Released,"Tipan, S.",Iligan,Medical Clinic,Residential Low Density (R-1),13.857709,121.23949,790,546.0,1,1950.52,13,0,29.5,3.08,20
ZA-2024-0996,2024-12-04,,2024,12,4,Locational Clearance,For Release,"Castillo, J.",Lodlod,Car Wash,Residential Low Density (R-1),13.860078,121.199997,563,469.0,1,1494.68,21,1,58.5,3.36,20
ZA-2024-0997,2024-12-11,,2024,12,4,Development Permit,Received,"Castillo, J.",Pinagtongulan,Commercial Complex Development,Residential Low Density (R-1),13.868489,121.245963,616,447.0,1,2432.9,16,1,28.7,3.11,20
ZA-2024-0998,2024-12-23,,2024,12,4,Development Permit,Under Sangguniang Bayan,"Tipan, S.",Mabini,Mixed-Use Development,Commercial (C-1),13.862008,121.19949,319,281.0,2,2110.03,33,0,42.6,3.01,20
ZA-2024-0999,2024-12-23,,2024,12,4,Locational Clearance,For Release,"Castillo, J.",Kayumanggi,Car Wash,Residential Medium Density (R-2),13.863501,121.178019,219,185.0,1,1089.67,17,1,37.3,3.39,20
ZA-2024-1000,2024-12-31,,2024,12,4,Development Permit,Technical Review,"Bautista, R.",Tambo,Memorial Park Development,Residential Low Density (R-1),13.824439,121.192763,447,295.0,1,2544.89,24,1,33.5,3.51,20
